date,component,value
2025-12-25,Bab el-Mandeb Strait,43
2025-12-25,Balabac Strait,8
2025-12-25,Bering Strait,1
2025-12-25,Bohai Strait,134
2025-12-25,Bosporus Strait,59
2025-12-25,Cape of Good Hope,77
2025-12-25,Dover Strait,150
2025-12-25,Gibraltar Strait,153
2025-12-25,Kerch Strait,10
2025-12-25,Korea Strait,142
2025-12-25,Lombok Strait,38
2025-12-25,Luzon Strait,48
2025-12-25,Magellan Strait,5
2025-12-25,Makassar Strait,40
2025-12-25,Malacca Strait,254
2025-12-25,Mindoro Strait,29
2025-12-25,Mona Passage,10
2025-12-25,Ombai Strait,7
2025-12-25,Oresund Strait,57
2025-12-25,Panama Canal,29
2025-12-25,Strait of Hormuz,62
2025-12-25,Suez Canal,46
2025-12-25,Sunda Strait,38
2025-12-25,Taiwan Strait,203
2025-12-25,Torres Strait,11
2025-12-25,Tsugaru Strait,32
2025-12-25,Windward Passage,10
2025-12-25,Yucatan Channel,47
2025-12-26,Bab el-Mandeb Strait,29
2025-12-26,Balabac Strait,8
2025-12-26,Bering Strait,0
2025-12-26,Bohai Strait,169
2025-12-26,Bosporus Strait,84
2025-12-26,Cape of Good Hope,99
2025-12-26,Dover Strait,194
2025-12-26,Gibraltar Strait,148
2025-12-26,Kerch Strait,15
2025-12-26,Korea Strait,173
2025-12-26,Lombok Strait,37
2025-12-26,Luzon Strait,47
2025-12-26,Magellan Strait,3
2025-12-26,Makassar Strait,57
2025-12-26,Malacca Strait,269
2025-12-26,Mindoro Strait,35
2025-12-26,Mona Passage,8
2025-12-26,Ombai Strait,7
2025-12-26,Oresund Strait,40
2025-12-26,Panama Canal,31
2025-12-26,Strait of Hormuz,62
2025-12-26,Suez Canal,36
2025-12-26,Sunda Strait,35
2025-12-26,Taiwan Strait,216
2025-12-26,Torres Strait,6
2025-12-26,Tsugaru Strait,19
2025-12-26,Windward Passage,13
2025-12-26,Yucatan Channel,49
2025-12-27,Bab el-Mandeb Strait,37
2025-12-27,Balabac Strait,4
2025-12-27,Bering Strait,0
2025-12-27,Bohai Strait,192
2025-12-27,Bosporus Strait,78
2025-12-27,Cape of Good Hope,78
2025-12-27,Dover Strait,164
2025-12-27,Gibraltar Strait,123
2025-12-27,Kerch Strait,7
2025-12-27,Korea Strait,232
2025-12-27,Lombok Strait,35
2025-12-27,Luzon Strait,61
2025-12-27,Magellan Strait,5
2025-12-27,Makassar Strait,52
2025-12-27,Malacca Strait,247
2025-12-27,Mindoro Strait,31
2025-12-27,Mona Passage,16
2025-12-27,Ombai Strait,11
2025-12-27,Oresund Strait,32
2025-12-27,Panama Canal,30
2025-12-27,Strait of Hormuz,76
2025-12-27,Suez Canal,33
2025-12-27,Sunda Strait,40
2025-12-27,Taiwan Strait,198
2025-12-27,Torres Strait,8
2025-12-27,Tsugaru Strait,27
2025-12-27,Windward Passage,16
2025-12-27,Yucatan Channel,39
2025-12-28,Bab el-Mandeb Strait,43
2025-12-28,Balabac Strait,7
2025-12-28,Bering Strait,0
2025-12-28,Bohai Strait,179
2025-12-28,Bosporus Strait,36
2025-12-28,Cape of Good Hope,81
2025-12-28,Dover Strait,182
2025-12-28,Gibraltar Strait,153
2025-12-28,Kerch Strait,10
2025-12-28,Korea Strait,186
2025-12-28,Lombok Strait,29
2025-12-28,Luzon Strait,63
2025-12-28,Magellan Strait,3
2025-12-28,Makassar Strait,48
2025-12-28,Malacca Strait,232
2025-12-28,Mindoro Strait,35
2025-12-28,Mona Passage,9
2025-12-28,Ombai Strait,9
2025-12-28,Oresund Strait,34
2025-12-28,Panama Canal,26
2025-12-28,Strait of Hormuz,48
2025-12-28,Suez Canal,33
2025-12-28,Sunda Strait,36
2025-12-28,Taiwan Strait,227
2025-12-28,Torres Strait,8
2025-12-28,Tsugaru Strait,50
2025-12-28,Windward Passage,12
2025-12-28,Yucatan Channel,47
2025-12-29,Bab el-Mandeb Strait,42
2025-12-29,Balabac Strait,6
2025-12-29,Bering Strait,0
2025-12-29,Bohai Strait,218
2025-12-29,Bosporus Strait,91
2025-12-29,Cape of Good Hope,84
2025-12-29,Dover Strait,152
2025-12-29,Gibraltar Strait,138
2025-12-29,Kerch Strait,8
2025-12-29,Korea Strait,189
2025-12-29,Lombok Strait,44
2025-12-29,Luzon Strait,74
2025-12-29,Magellan Strait,7
2025-12-29,Makassar Strait,42
2025-12-29,Malacca Strait,222
2025-12-29,Mindoro Strait,42
2025-12-29,Mona Passage,7
2025-12-29,Ombai Strait,14
2025-12-29,Oresund Strait,23
2025-12-29,Panama Canal,28
2025-12-29,Strait of Hormuz,61
2025-12-29,Suez Canal,32
2025-12-29,Sunda Strait,32
2025-12-29,Taiwan Strait,236
2025-12-29,Torres Strait,4
2025-12-29,Tsugaru Strait,40
2025-12-29,Windward Passage,12
2025-12-29,Yucatan Channel,43
2025-12-30,Bab el-Mandeb Strait,34
2025-12-30,Balabac Strait,11
2025-12-30,Bering Strait,0
2025-12-30,Bohai Strait,174
2025-12-30,Bosporus Strait,53
2025-12-30,Cape of Good Hope,108
2025-12-30,Dover Strait,160
2025-12-30,Gibraltar Strait,139
2025-12-30,Kerch Strait,7
2025-12-30,Korea Strait,151
2025-12-30,Lombok Strait,46
2025-12-30,Luzon Strait,69
2025-12-30,Magellan Strait,7
2025-12-30,Makassar Strait,54
2025-12-30,Malacca Strait,262
2025-12-30,Mindoro Strait,34
2025-12-30,Mona Passage,14
2025-12-30,Ombai Strait,15
2025-12-30,Oresund Strait,34
2025-12-30,Panama Canal,32
2025-12-30,Strait of Hormuz,80
2025-12-30,Suez Canal,39
2025-12-30,Sunda Strait,24
2025-12-30,Taiwan Strait,216
2025-12-30,Torres Strait,8
2025-12-30,Tsugaru Strait,26
2025-12-30,Windward Passage,17
2025-12-30,Yucatan Channel,47
2025-12-31,Bab el-Mandeb Strait,34
2025-12-31,Balabac Strait,11
2025-12-31,Bering Strait,0
2025-12-31,Bohai Strait,181
2025-12-31,Bosporus Strait,91
2025-12-31,Cape of Good Hope,89
2025-12-31,Dover Strait,171
2025-12-31,Gibraltar Strait,141
2025-12-31,Kerch Strait,5
2025-12-31,Korea Strait,190
2025-12-31,Lombok Strait,25
2025-12-31,Luzon Strait,70
2025-12-31,Magellan Strait,2
2025-12-31,Makassar Strait,53
2025-12-31,Malacca Strait,236
2025-12-31,Mindoro Strait,44
2025-12-31,Mona Passage,6
2025-12-31,Ombai Strait,16
2025-12-31,Oresund Strait,53
2025-12-31,Panama Canal,29
2025-12-31,Strait of Hormuz,85
2025-12-31,Suez Canal,38
2025-12-31,Sunda Strait,39
2025-12-31,Taiwan Strait,198
2025-12-31,Torres Strait,15
2025-12-31,Tsugaru Strait,21
2025-12-31,Windward Passage,20
2025-12-31,Yucatan Channel,34
2026-01-01,Bab el-Mandeb Strait,29
2026-01-01,Balabac Strait,8
2026-01-01,Bering Strait,0
2026-01-01,Bohai Strait,188
2026-01-01,Bosporus Strait,78
2026-01-01,Cape of Good Hope,80
2026-01-01,Dover Strait,158
2026-01-01,Gibraltar Strait,157
2026-01-01,Kerch Strait,14
2026-01-01,Korea Strait,164
2026-01-01,Lombok Strait,39
2026-01-01,Luzon Strait,74
2026-01-01,Magellan Strait,2
2026-01-01,Makassar Strait,41
2026-01-01,Malacca Strait,240
2026-01-01,Mindoro Strait,33
2026-01-01,Mona Passage,9
2026-01-01,Ombai Strait,6
2026-01-01,Oresund Strait,47
2026-01-01,Panama Canal,26
2026-01-01,Strait of Hormuz,78
2026-01-01,Suez Canal,27
2026-01-01,Sunda Strait,37
2026-01-01,Taiwan Strait,211
2026-01-01,Torres Strait,8
2026-01-01,Tsugaru Strait,25
2026-01-01,Windward Passage,19
2026-01-01,Yucatan Channel,52
2026-01-02,Bab el-Mandeb Strait,26
2026-01-02,Balabac Strait,7
2026-01-02,Bering Strait,0
2026-01-02,Bohai Strait,145
2026-01-02,Bosporus Strait,101
2026-01-02,Cape of Good Hope,89
2026-01-02,Dover Strait,116
2026-01-02,Gibraltar Strait,138
2026-01-02,Kerch Strait,4
2026-01-02,Korea Strait,157
2026-01-02,Lombok Strait,44
2026-01-02,Luzon Strait,53
2026-01-02,Magellan Strait,2
2026-01-02,Makassar Strait,53
2026-01-02,Malacca Strait,230
2026-01-02,Mindoro Strait,28
2026-01-02,Mona Passage,9
2026-01-02,Ombai Strait,15
2026-01-02,Oresund Strait,30
2026-01-02,Panama Canal,27
2026-01-02,Strait of Hormuz,58
2026-01-02,Suez Canal,28
2026-01-02,Sunda Strait,41
2026-01-02,Taiwan Strait,210
2026-01-02,Torres Strait,11
2026-01-02,Tsugaru Strait,46
2026-01-02,Windward Passage,10
2026-01-02,Yucatan Channel,48
2026-01-03,Bab el-Mandeb Strait,35
2026-01-03,Balabac Strait,8
2026-01-03,Bering Strait,0
2026-01-03,Bohai Strait,160
2026-01-03,Bosporus Strait,19
2026-01-03,Cape of Good Hope,77
2026-01-03,Dover Strait,152
2026-01-03,Gibraltar Strait,96
2026-01-03,Kerch Strait,8
2026-01-03,Korea Strait,179
2026-01-03,Lombok Strait,34
2026-01-03,Luzon Strait,69
2026-01-03,Magellan Strait,4
2026-01-03,Makassar Strait,49
2026-01-03,Malacca Strait,237
2026-01-03,Mindoro Strait,44
2026-01-03,Mona Passage,10
2026-01-03,Ombai Strait,12
2026-01-03,Oresund Strait,26
2026-01-03,Panama Canal,30
2026-01-03,Strait of Hormuz,52
2026-01-03,Suez Canal,38
2026-01-03,Sunda Strait,32
2026-01-03,Taiwan Strait,256
2026-01-03,Torres Strait,8
2026-01-03,Tsugaru Strait,24
2026-01-03,Windward Passage,9
2026-01-03,Yucatan Channel,56
2026-01-04,Bab el-Mandeb Strait,31
2026-01-04,Balabac Strait,13
2026-01-04,Bering Strait,0
2026-01-04,Bohai Strait,178
2026-01-04,Bosporus Strait,5
2026-01-04,Cape of Good Hope,80
2026-01-04,Dover Strait,176
2026-01-04,Gibraltar Strait,142
2026-01-04,Kerch Strait,10
2026-01-04,Korea Strait,198
2026-01-04,Lombok Strait,37
2026-01-04,Luzon Strait,72
2026-01-04,Magellan Strait,3
2026-01-04,Makassar Strait,38
2026-01-04,Malacca Strait,259
2026-01-04,Mindoro Strait,30
2026-01-04,Mona Passage,11
2026-01-04,Ombai Strait,10
2026-01-04,Oresund Strait,41
2026-01-04,Panama Canal,26
2026-01-04,Strait of Hormuz,61
2026-01-04,Suez Canal,43
2026-01-04,Sunda Strait,42
2026-01-04,Taiwan Strait,234
2026-01-04,Torres Strait,12
2026-01-04,Tsugaru Strait,22
2026-01-04,Windward Passage,14
2026-01-04,Yucatan Channel,47
2026-01-05,Bab el-Mandeb Strait,29
2026-01-05,Balabac Strait,14
2026-01-05,Bering Strait,0
2026-01-05,Bohai Strait,222
2026-01-05,Bosporus Strait,108
2026-01-05,Cape of Good Hope,125
2026-01-05,Dover Strait,179
2026-01-05,Gibraltar Strait,133
2026-01-05,Kerch Strait,30
2026-01-05,Korea Strait,279
2026-01-05,Lombok Strait,57
2026-01-05,Luzon Strait,103
2026-01-05,Magellan Strait,7
2026-01-05,Makassar Strait,53
2026-01-05,Malacca Strait,325
2026-01-05,Mindoro Strait,56
2026-01-05,Mona Passage,14
2026-01-05,Ombai Strait,15
2026-01-05,Oresund Strait,55
2026-01-05,Panama Canal,36
2026-01-05,Strait of Hormuz,66
2026-01-05,Suez Canal,61
2026-01-05,Sunda Strait,35
2026-01-05,Taiwan Strait,345
2026-01-05,Torres Strait,13
2026-01-05,Tsugaru Strait,37
2026-01-05,Windward Passage,14
2026-01-05,Yucatan Channel,48
2026-01-06,Bab el-Mandeb Strait,27
2026-01-06,Balabac Strait,10
2026-01-06,Bering Strait,0
2026-01-06,Bohai Strait,183
2026-01-06,Bosporus Strait,99
2026-01-06,Cape of Good Hope,73
2026-01-06,Dover Strait,176
2026-01-06,Gibraltar Strait,116
2026-01-06,Kerch Strait,19
2026-01-06,Korea Strait,190
2026-01-06,Lombok Strait,34
2026-01-06,Luzon Strait,57
2026-01-06,Magellan Strait,4
2026-01-06,Makassar Strait,58
2026-01-06,Malacca Strait,269
2026-01-06,Mindoro Strait,26
2026-01-06,Mona Passage,15
2026-01-06,Ombai Strait,6
2026-01-06,Oresund Strait,48
2026-01-06,Panama Canal,27
2026-01-06,Strait of Hormuz,70
2026-01-06,Suez Canal,41
2026-01-06,Sunda Strait,29
2026-01-06,Taiwan Strait,241
2026-01-06,Torres Strait,10
2026-01-06,Tsugaru Strait,51
2026-01-06,Windward Passage,15
2026-01-06,Yucatan Channel,52
2026-01-07,Bab el-Mandeb Strait,41
2026-01-07,Balabac Strait,12
2026-01-07,Bering Strait,0
2026-01-07,Bohai Strait,177
2026-01-07,Bosporus Strait,117
2026-01-07,Cape of Good Hope,54
2026-01-07,Dover Strait,141
2026-01-07,Gibraltar Strait,115
2026-01-07,Kerch Strait,16
2026-01-07,Korea Strait,190
2026-01-07,Lombok Strait,45
2026-01-07,Luzon Strait,60
2026-01-07,Magellan Strait,1
2026-01-07,Makassar Strait,44
2026-01-07,Malacca Strait,251
2026-01-07,Mindoro Strait,45
2026-01-07,Mona Passage,10
2026-01-07,Ombai Strait,11
2026-01-07,Oresund Strait,44
2026-01-07,Panama Canal,32
2026-01-07,Strait of Hormuz,88
2026-01-07,Suez Canal,29
2026-01-07,Sunda Strait,52
2026-01-07,Taiwan Strait,195
2026-01-07,Torres Strait,9
2026-01-07,Tsugaru Strait,40
2026-01-07,Windward Passage,15
2026-01-07,Yucatan Channel,44
2026-01-08,Bab el-Mandeb Strait,31
2026-01-08,Balabac Strait,6
2026-01-08,Bering Strait,0
2026-01-08,Bohai Strait,162
2026-01-08,Bosporus Strait,75
2026-01-08,Cape of Good Hope,100
2026-01-08,Dover Strait,156
2026-01-08,Gibraltar Strait,121
2026-01-08,Kerch Strait,13
2026-01-08,Korea Strait,181
2026-01-08,Lombok Strait,33
2026-01-08,Luzon Strait,55
2026-01-08,Magellan Strait,3
2026-01-08,Makassar Strait,57
2026-01-08,Malacca Strait,218
2026-01-08,Mindoro Strait,37
2026-01-08,Mona Passage,11
2026-01-08,Ombai Strait,11
2026-01-08,Oresund Strait,44
2026-01-08,Panama Canal,34
2026-01-08,Strait of Hormuz,75
2026-01-08,Suez Canal,43
2026-01-08,Sunda Strait,44
2026-01-08,Taiwan Strait,185
2026-01-08,Torres Strait,5
2026-01-08,Tsugaru Strait,24
2026-01-08,Windward Passage,16
2026-01-08,Yucatan Channel,51
2026-01-09,Bab el-Mandeb Strait,36
2026-01-09,Balabac Strait,9
2026-01-09,Bering Strait,0
2026-01-09,Bohai Strait,170
2026-01-09,Bosporus Strait,81
2026-01-09,Cape of Good Hope,98
2026-01-09,Dover Strait,174
2026-01-09,Gibraltar Strait,107
2026-01-09,Kerch Strait,4
2026-01-09,Korea Strait,185
2026-01-09,Lombok Strait,38
2026-01-09,Luzon Strait,79
2026-01-09,Magellan Strait,6
2026-01-09,Makassar Strait,48
2026-01-09,Malacca Strait,228
2026-01-09,Mindoro Strait,36
2026-01-09,Mona Passage,8
2026-01-09,Ombai Strait,7
2026-01-09,Oresund Strait,50
2026-01-09,Panama Canal,32
2026-01-09,Strait of Hormuz,89
2026-01-09,Suez Canal,39
2026-01-09,Sunda Strait,37
2026-01-09,Taiwan Strait,235
2026-01-09,Torres Strait,3
2026-01-09,Tsugaru Strait,28
2026-01-09,Windward Passage,14
2026-01-09,Yucatan Channel,42
2026-01-10,Bab el-Mandeb Strait,35
2026-01-10,Balabac Strait,11
2026-01-10,Bering Strait,0
2026-01-10,Bohai Strait,105
2026-01-10,Bosporus Strait,43
2026-01-10,Cape of Good Hope,90
2026-01-10,Dover Strait,136
2026-01-10,Gibraltar Strait,122
2026-01-10,Kerch Strait,7
2026-01-10,Korea Strait,109
2026-01-10,Lombok Strait,36
2026-01-10,Luzon Strait,67
2026-01-10,Magellan Strait,4
2026-01-10,Makassar Strait,44
2026-01-10,Malacca Strait,224
2026-01-10,Mindoro Strait,42
2026-01-10,Mona Passage,13
2026-01-10,Ombai Strait,6
2026-01-10,Oresund Strait,45
2026-01-10,Panama Canal,32
2026-01-10,Strait of Hormuz,83
2026-01-10,Suez Canal,35
2026-01-10,Sunda Strait,29
2026-01-10,Taiwan Strait,224
2026-01-10,Torres Strait,1
2026-01-10,Tsugaru Strait,23
2026-01-10,Windward Passage,17
2026-01-10,Yucatan Channel,46
2026-01-11,Bab el-Mandeb Strait,38
2026-01-11,Balabac Strait,13
2026-01-11,Bering Strait,0
2026-01-11,Bohai Strait,161
2026-01-11,Bosporus Strait,100
2026-01-11,Cape of Good Hope,93
2026-01-11,Dover Strait,175
2026-01-11,Gibraltar Strait,121
2026-01-11,Kerch Strait,10
2026-01-11,Korea Strait,168
2026-01-11,Lombok Strait,40
2026-01-11,Luzon Strait,62
2026-01-11,Magellan Strait,4
2026-01-11,Makassar Strait,48
2026-01-11,Malacca Strait,249
2026-01-11,Mindoro Strait,40
2026-01-11,Mona Passage,7
2026-01-11,Ombai Strait,10
2026-01-11,Oresund Strait,44
2026-01-11,Panama Canal,33
2026-01-11,Strait of Hormuz,83
2026-01-11,Suez Canal,35
2026-01-11,Sunda Strait,37
2026-01-11,Taiwan Strait,233
2026-01-11,Torres Strait,15
2026-01-11,Tsugaru Strait,12
2026-01-11,Windward Passage,18
2026-01-11,Yucatan Channel,58
2026-01-12,Bab el-Mandeb Strait,39
2026-01-12,Balabac Strait,14
2026-01-12,Bering Strait,0
2026-01-12,Bohai Strait,159
2026-01-12,Bosporus Strait,66
2026-01-12,Cape of Good Hope,99
2026-01-12,Dover Strait,197
2026-01-12,Gibraltar Strait,117
2026-01-12,Kerch Strait,10
2026-01-12,Korea Strait,211
2026-01-12,Lombok Strait,41
2026-01-12,Luzon Strait,80
2026-01-12,Magellan Strait,3
2026-01-12,Makassar Strait,58
2026-01-12,Malacca Strait,254
2026-01-12,Mindoro Strait,33
2026-01-12,Mona Passage,14
2026-01-12,Ombai Strait,9
2026-01-12,Oresund Strait,50
2026-01-12,Panama Canal,31
2026-01-12,Strait of Hormuz,67
2026-01-12,Suez Canal,36
2026-01-12,Sunda Strait,29
2026-01-12,Taiwan Strait,214
2026-01-12,Torres Strait,9
2026-01-12,Tsugaru Strait,18
2026-01-12,Windward Passage,18
2026-01-12,Yucatan Channel,41
2026-01-13,Bab el-Mandeb Strait,31
2026-01-13,Balabac Strait,9
2026-01-13,Bering Strait,1
2026-01-13,Bohai Strait,198
2026-01-13,Bosporus Strait,88
2026-01-13,Cape of Good Hope,89
2026-01-13,Dover Strait,159
2026-01-13,Gibraltar Strait,99
2026-01-13,Kerch Strait,9
2026-01-13,Korea Strait,183
2026-01-13,Lombok Strait,25
2026-01-13,Luzon Strait,75
2026-01-13,Magellan Strait,6
2026-01-13,Makassar Strait,59
2026-01-13,Malacca Strait,265
2026-01-13,Mindoro Strait,37
2026-01-13,Mona Passage,7
2026-01-13,Ombai Strait,8
2026-01-13,Oresund Strait,44
2026-01-13,Panama Canal,34
2026-01-13,Strait of Hormuz,72
2026-01-13,Suez Canal,34
2026-01-13,Sunda Strait,38
2026-01-13,Taiwan Strait,228
2026-01-13,Torres Strait,7
2026-01-13,Tsugaru Strait,18
2026-01-13,Windward Passage,12
2026-01-13,Yucatan Channel,51
2026-01-14,Bab el-Mandeb Strait,23
2026-01-14,Balabac Strait,13
2026-01-14,Bering Strait,0
2026-01-14,Bohai Strait,179
2026-01-14,Bosporus Strait,96
2026-01-14,Cape of Good Hope,84
2026-01-14,Dover Strait,151
2026-01-14,Gibraltar Strait,120
2026-01-14,Kerch Strait,19
2026-01-14,Korea Strait,204
2026-01-14,Lombok Strait,40
2026-01-14,Luzon Strait,67
2026-01-14,Magellan Strait,6
2026-01-14,Makassar Strait,45
2026-01-14,Malacca Strait,231
2026-01-14,Mindoro Strait,36
2026-01-14,Mona Passage,12
2026-01-14,Ombai Strait,8
2026-01-14,Oresund Strait,50
2026-01-14,Panama Canal,32
2026-01-14,Strait of Hormuz,73
2026-01-14,Suez Canal,27
2026-01-14,Sunda Strait,41
2026-01-14,Taiwan Strait,241
2026-01-14,Torres Strait,12
2026-01-14,Tsugaru Strait,16
2026-01-14,Windward Passage,16
2026-01-14,Yucatan Channel,51
2026-01-15,Bab el-Mandeb Strait,39
2026-01-15,Balabac Strait,4
2026-01-15,Bering Strait,0
2026-01-15,Bohai Strait,183
2026-01-15,Bosporus Strait,75
2026-01-15,Cape of Good Hope,97
2026-01-15,Dover Strait,175
2026-01-15,Gibraltar Strait,164
2026-01-15,Kerch Strait,13
2026-01-15,Korea Strait,204
2026-01-15,Lombok Strait,46
2026-01-15,Luzon Strait,77
2026-01-15,Magellan Strait,2
2026-01-15,Makassar Strait,57
2026-01-15,Malacca Strait,236
2026-01-15,Mindoro Strait,35
2026-01-15,Mona Passage,12
2026-01-15,Ombai Strait,10
2026-01-15,Oresund Strait,49
2026-01-15,Panama Canal,36
2026-01-15,Strait of Hormuz,78
2026-01-15,Suez Canal,37
2026-01-15,Sunda Strait,21
2026-01-15,Taiwan Strait,267
2026-01-15,Torres Strait,11
2026-01-15,Tsugaru Strait,60
2026-01-15,Windward Passage,8
2026-01-15,Yucatan Channel,38
2026-01-16,Bab el-Mandeb Strait,37
2026-01-16,Balabac Strait,11
2026-01-16,Bering Strait,0
2026-01-16,Bohai Strait,151
2026-01-16,Bosporus Strait,107
2026-01-16,Cape of Good Hope,85
2026-01-16,Dover Strait,176
2026-01-16,Gibraltar Strait,166
2026-01-16,Kerch Strait,14
2026-01-16,Korea Strait,226
2026-01-16,Lombok Strait,32
2026-01-16,Luzon Strait,73
2026-01-16,Magellan Strait,3
2026-01-16,Makassar Strait,47
2026-01-16,Malacca Strait,253
2026-01-16,Mindoro Strait,58
2026-01-16,Mona Passage,6
2026-01-16,Ombai Strait,12
2026-01-16,Oresund Strait,46
2026-01-16,Panama Canal,35
2026-01-16,Strait of Hormuz,67
2026-01-16,Suez Canal,51
2026-01-16,Sunda Strait,41
2026-01-16,Taiwan Strait,275
2026-01-16,Torres Strait,5
2026-01-16,Tsugaru Strait,47
2026-01-16,Windward Passage,16
2026-01-16,Yucatan Channel,51
2026-01-17,Bab el-Mandeb Strait,27
2026-01-17,Balabac Strait,7
2026-01-17,Bering Strait,0
2026-01-17,Bohai Strait,185
2026-01-17,Bosporus Strait,88
2026-01-17,Cape of Good Hope,88
2026-01-17,Dover Strait,171
2026-01-17,Gibraltar Strait,142
2026-01-17,Kerch Strait,4
2026-01-17,Korea Strait,169
2026-01-17,Lombok Strait,49
2026-01-17,Luzon Strait,63
2026-01-17,Magellan Strait,2
2026-01-17,Makassar Strait,54
2026-01-17,Malacca Strait,246
2026-01-17,Mindoro Strait,50
2026-01-17,Mona Passage,18
2026-01-17,Ombai Strait,10
2026-01-17,Oresund Strait,64
2026-01-17,Panama Canal,33
2026-01-17,Strait of Hormuz,48
2026-01-17,Suez Canal,49
2026-01-17,Sunda Strait,40
2026-01-17,Taiwan Strait,250
2026-01-17,Torres Strait,3
2026-01-17,Tsugaru Strait,45
2026-01-17,Windward Passage,15
2026-01-17,Yucatan Channel,61
2026-01-18,Bab el-Mandeb Strait,34
2026-01-18,Balabac Strait,12
2026-01-18,Bering Strait,0
2026-01-18,Bohai Strait,123
2026-01-18,Bosporus Strait,60
2026-01-18,Cape of Good Hope,85
2026-01-18,Dover Strait,148
2026-01-18,Gibraltar Strait,141
2026-01-18,Kerch Strait,8
2026-01-18,Korea Strait,184
2026-01-18,Lombok Strait,43
2026-01-18,Luzon Strait,68
2026-01-18,Magellan Strait,1
2026-01-18,Makassar Strait,60
2026-01-18,Malacca Strait,222
2026-01-18,Mindoro Strait,46
2026-01-18,Mona Passage,10
2026-01-18,Ombai Strait,10
2026-01-18,Oresund Strait,47
2026-01-18,Panama Canal,34
2026-01-18,Strait of Hormuz,62
2026-01-18,Suez Canal,45
2026-01-18,Sunda Strait,44
2026-01-18,Taiwan Strait,250
2026-01-18,Torres Strait,11
2026-01-18,Tsugaru Strait,69
2026-01-18,Windward Passage,13
2026-01-18,Yucatan Channel,55
2026-01-19,Bab el-Mandeb Strait,33
2026-01-19,Balabac Strait,9
2026-01-19,Bering Strait,0
2026-01-19,Bohai Strait,162
2026-01-19,Bosporus Strait,29
2026-01-19,Cape of Good Hope,76
2026-01-19,Dover Strait,153
2026-01-19,Gibraltar Strait,127
2026-01-19,Kerch Strait,6
2026-01-19,Korea Strait,183
2026-01-19,Lombok Strait,38
2026-01-19,Luzon Strait,71
2026-01-19,Magellan Strait,2
2026-01-19,Makassar Strait,65
2026-01-19,Malacca Strait,242
2026-01-19,Mindoro Strait,35
2026-01-19,Mona Passage,10
2026-01-19,Ombai Strait,9
2026-01-19,Oresund Strait,45
2026-01-19,Panama Canal,32
2026-01-19,Strait of Hormuz,68
2026-01-19,Suez Canal,40
2026-01-19,Sunda Strait,25
2026-01-19,Taiwan Strait,232
2026-01-19,Torres Strait,6
2026-01-19,Tsugaru Strait,39
2026-01-19,Windward Passage,16
2026-01-19,Yucatan Channel,41
2026-01-20,Bab el-Mandeb Strait,36
2026-01-20,Balabac Strait,7
2026-01-20,Bering Strait,0
2026-01-20,Bohai Strait,152
2026-01-20,Bosporus Strait,114
2026-01-20,Cape of Good Hope,94
2026-01-20,Dover Strait,146
2026-01-20,Gibraltar Strait,131
2026-01-20,Kerch Strait,13
2026-01-20,Korea Strait,149
2026-01-20,Lombok Strait,40
2026-01-20,Luzon Strait,63
2026-01-20,Magellan Strait,4
2026-01-20,Makassar Strait,53
2026-01-20,Malacca Strait,243
2026-01-20,Mindoro Strait,31
2026-01-20,Mona Passage,14
2026-01-20,Ombai Strait,9
2026-01-20,Oresund Strait,52
2026-01-20,Panama Canal,31
2026-01-20,Strait of Hormuz,71
2026-01-20,Suez Canal,40
2026-01-20,Sunda Strait,30
2026-01-20,Taiwan Strait,194
2026-01-20,Torres Strait,9
2026-01-20,Tsugaru Strait,14
2026-01-20,Windward Passage,17
2026-01-20,Yucatan Channel,50
2026-01-21,Bab el-Mandeb Strait,30
2026-01-21,Balabac Strait,6
2026-01-21,Bering Strait,0
2026-01-21,Bohai Strait,175
2026-01-21,Bosporus Strait,88
2026-01-21,Cape of Good Hope,92
2026-01-21,Dover Strait,177
2026-01-21,Gibraltar Strait,139
2026-01-21,Kerch Strait,14
2026-01-21,Korea Strait,144
2026-01-21,Lombok Strait,37
2026-01-21,Luzon Strait,51
2026-01-21,Magellan Strait,2
2026-01-21,Makassar Strait,50
2026-01-21,Malacca Strait,247
2026-01-21,Mindoro Strait,41
2026-01-21,Mona Passage,5
2026-01-21,Ombai Strait,10
2026-01-21,Oresund Strait,37
2026-01-21,Panama Canal,32
2026-01-21,Strait of Hormuz,69
2026-01-21,Suez Canal,26
2026-01-21,Sunda Strait,42
2026-01-21,Taiwan Strait,223
2026-01-21,Torres Strait,18
2026-01-21,Tsugaru Strait,25
2026-01-21,Windward Passage,19
2026-01-21,Yucatan Channel,56
2026-01-22,Bab el-Mandeb Strait,30
2026-01-22,Balabac Strait,9
2026-01-22,Bering Strait,0
2026-01-22,Bohai Strait,180
2026-01-22,Bosporus Strait,102
2026-01-22,Cape of Good Hope,93
2026-01-22,Dover Strait,183
2026-01-22,Gibraltar Strait,140
2026-01-22,Kerch Strait,25
2026-01-22,Korea Strait,166
2026-01-22,Lombok Strait,37
2026-01-22,Luzon Strait,67
2026-01-22,Magellan Strait,3
2026-01-22,Makassar Strait,40
2026-01-22,Malacca Strait,273
2026-01-22,Mindoro Strait,53
2026-01-22,Mona Passage,16
2026-01-22,Ombai Strait,8
2026-01-22,Oresund Strait,39
2026-01-22,Panama Canal,27
2026-01-22,Strait of Hormuz,73
2026-01-22,Suez Canal,44
2026-01-22,Sunda Strait,39
2026-01-22,Taiwan Strait,241
2026-01-22,Torres Strait,5
2026-01-22,Tsugaru Strait,32
2026-01-22,Windward Passage,14
2026-01-22,Yucatan Channel,43
2026-01-23,Bab el-Mandeb Strait,33
2026-01-23,Balabac Strait,2
2026-01-23,Bering Strait,0
2026-01-23,Bohai Strait,193
2026-01-23,Bosporus Strait,99
2026-01-23,Cape of Good Hope,83
2026-01-23,Dover Strait,186
2026-01-23,Gibraltar Strait,100
2026-01-23,Kerch Strait,14
2026-01-23,Korea Strait,213
2026-01-23,Lombok Strait,39
2026-01-23,Luzon Strait,64
2026-01-23,Magellan Strait,4
2026-01-23,Makassar Strait,42
2026-01-23,Malacca Strait,260
2026-01-23,Mindoro Strait,46
2026-01-23,Mona Passage,13
2026-01-23,Ombai Strait,9
2026-01-23,Oresund Strait,48
2026-01-23,Panama Canal,28
2026-01-23,Strait of Hormuz,68
2026-01-23,Suez Canal,37
2026-01-23,Sunda Strait,27
2026-01-23,Taiwan Strait,225
2026-01-23,Torres Strait,4
2026-01-23,Tsugaru Strait,36
2026-01-23,Windward Passage,17
2026-01-23,Yucatan Channel,48
2026-01-24,Bab el-Mandeb Strait,35
2026-01-24,Balabac Strait,7
2026-01-24,Bering Strait,0
2026-01-24,Bohai Strait,195
2026-01-24,Bosporus Strait,91
2026-01-24,Cape of Good Hope,74
2026-01-24,Dover Strait,150
2026-01-24,Gibraltar Strait,95
2026-01-24,Kerch Strait,18
2026-01-24,Korea Strait,171
2026-01-24,Lombok Strait,44
2026-01-24,Luzon Strait,64
2026-01-24,Magellan Strait,3
2026-01-24,Makassar Strait,47
2026-01-24,Malacca Strait,241
2026-01-24,Mindoro Strait,33
2026-01-24,Mona Passage,15
2026-01-24,Ombai Strait,7
2026-01-24,Oresund Strait,53
2026-01-24,Panama Canal,28
2026-01-24,Strait of Hormuz,56
2026-01-24,Suez Canal,37
2026-01-24,Sunda Strait,35
2026-01-24,Taiwan Strait,230
2026-01-24,Torres Strait,10
2026-01-24,Tsugaru Strait,33
2026-01-24,Windward Passage,13
2026-01-24,Yucatan Channel,46
2026-01-25,Bab el-Mandeb Strait,40
2026-01-25,Balabac Strait,11
2026-01-25,Bering Strait,0
2026-01-25,Bohai Strait,179
2026-01-25,Bosporus Strait,82
2026-01-25,Cape of Good Hope,90
2026-01-25,Dover Strait,132
2026-01-25,Gibraltar Strait,72
2026-01-25,Kerch Strait,13
2026-01-25,Korea Strait,229
2026-01-25,Lombok Strait,38
2026-01-25,Luzon Strait,67
2026-01-25,Magellan Strait,8
2026-01-25,Makassar Strait,55
2026-01-25,Malacca Strait,225
2026-01-25,Mindoro Strait,31
2026-01-25,Mona Passage,13
2026-01-25,Ombai Strait,11
2026-01-25,Oresund Strait,49
2026-01-25,Panama Canal,33
2026-01-25,Strait of Hormuz,78
2026-01-25,Suez Canal,44
2026-01-25,Sunda Strait,34
2026-01-25,Taiwan Strait,252
2026-01-25,Torres Strait,5
2026-01-25,Tsugaru Strait,28
2026-01-25,Windward Passage,12
2026-01-25,Yucatan Channel,49
2026-01-26,Bab el-Mandeb Strait,42
2026-01-26,Balabac Strait,7
2026-01-26,Bering Strait,0
2026-01-26,Bohai Strait,185
2026-01-26,Bosporus Strait,97
2026-01-26,Cape of Good Hope,108
2026-01-26,Dover Strait,133
2026-01-26,Gibraltar Strait,77
2026-01-26,Kerch Strait,8
2026-01-26,Korea Strait,199
2026-01-26,Lombok Strait,31
2026-01-26,Luzon Strait,67
2026-01-26,Magellan Strait,3
2026-01-26,Makassar Strait,50
2026-01-26,Malacca Strait,243
2026-01-26,Mindoro Strait,40
2026-01-26,Mona Passage,7
2026-01-26,Ombai Strait,7
2026-01-26,Oresund Strait,41
2026-01-26,Panama Canal,31
2026-01-26,Strait of Hormuz,57
2026-01-26,Suez Canal,43
2026-01-26,Sunda Strait,35
2026-01-26,Taiwan Strait,243
2026-01-26,Torres Strait,9
2026-01-26,Tsugaru Strait,57
2026-01-26,Windward Passage,17
2026-01-26,Yucatan Channel,46
2026-01-27,Bab el-Mandeb Strait,32
2026-01-27,Balabac Strait,10
2026-01-27,Bering Strait,1
2026-01-27,Bohai Strait,170
2026-01-27,Bosporus Strait,105
2026-01-27,Cape of Good Hope,98
2026-01-27,Dover Strait,122
2026-01-27,Gibraltar Strait,104
2026-01-27,Kerch Strait,15
2026-01-27,Korea Strait,171
2026-01-27,Lombok Strait,41
2026-01-27,Luzon Strait,65
2026-01-27,Magellan Strait,2
2026-01-27,Makassar Strait,43
2026-01-27,Malacca Strait,231
2026-01-27,Mindoro Strait,36
2026-01-27,Mona Passage,12
2026-01-27,Ombai Strait,12
2026-01-27,Oresund Strait,31
2026-01-27,Panama Canal,32
2026-01-27,Strait of Hormuz,72
2026-01-27,Suez Canal,50
2026-01-27,Sunda Strait,38
2026-01-27,Taiwan Strait,230
2026-01-27,Torres Strait,11
2026-01-27,Tsugaru Strait,54
2026-01-27,Windward Passage,18
2026-01-27,Yucatan Channel,26
2026-01-28,Bab el-Mandeb Strait,36
2026-01-28,Balabac Strait,13
2026-01-28,Bering Strait,0
2026-01-28,Bohai Strait,173
2026-01-28,Bosporus Strait,85
2026-01-28,Cape of Good Hope,87
2026-01-28,Dover Strait,175
2026-01-28,Gibraltar Strait,62
2026-01-28,Kerch Strait,10
2026-01-28,Korea Strait,197
2026-01-28,Lombok Strait,32
2026-01-28,Luzon Strait,65
2026-01-28,Magellan Strait,3
2026-01-28,Makassar Strait,39
2026-01-28,Malacca Strait,230
2026-01-28,Mindoro Strait,41
2026-01-28,Mona Passage,11
2026-01-28,Ombai Strait,11
2026-01-28,Oresund Strait,33
2026-01-28,Panama Canal,22
2026-01-28,Strait of Hormuz,78
2026-01-28,Suez Canal,37
2026-01-28,Sunda Strait,34
2026-01-28,Taiwan Strait,218
2026-01-28,Torres Strait,10
2026-01-28,Tsugaru Strait,34
2026-01-28,Windward Passage,15
2026-01-28,Yucatan Channel,37
2026-01-29,Bab el-Mandeb Strait,31
2026-01-29,Balabac Strait,13
2026-01-29,Bering Strait,0
2026-01-29,Bohai Strait,179
2026-01-29,Bosporus Strait,69
2026-01-29,Cape of Good Hope,94
2026-01-29,Dover Strait,186
2026-01-29,Gibraltar Strait,119
2026-01-29,Kerch Strait,11
2026-01-29,Korea Strait,181
2026-01-29,Lombok Strait,41
2026-01-29,Luzon Strait,79
2026-01-29,Magellan Strait,2
2026-01-29,Makassar Strait,48
2026-01-29,Malacca Strait,256
2026-01-29,Mindoro Strait,51
2026-01-29,Mona Passage,12
2026-01-29,Ombai Strait,2
2026-01-29,Oresund Strait,33
2026-01-29,Panama Canal,32
2026-01-29,Strait of Hormuz,88
2026-01-29,Suez Canal,46
2026-01-29,Sunda Strait,38
2026-01-29,Taiwan Strait,255
2026-01-29,Torres Strait,10
2026-01-29,Tsugaru Strait,48
2026-01-29,Windward Passage,7
2026-01-29,Yucatan Channel,48
2026-01-30,Bab el-Mandeb Strait,34
2026-01-30,Balabac Strait,5
2026-01-30,Bering Strait,0
2026-01-30,Bohai Strait,170
2026-01-30,Bosporus Strait,61
2026-01-30,Cape of Good Hope,101
2026-01-30,Dover Strait,203
2026-01-30,Gibraltar Strait,199
2026-01-30,Kerch Strait,13
2026-01-30,Korea Strait,200
2026-01-30,Lombok Strait,34
2026-01-30,Luzon Strait,76
2026-01-30,Magellan Strait,4
2026-01-30,Makassar Strait,37
2026-01-30,Malacca Strait,228
2026-01-30,Mindoro Strait,37
2026-01-30,Mona Passage,11
2026-01-30,Ombai Strait,14
2026-01-30,Oresund Strait,35
2026-01-30,Panama Canal,32
2026-01-30,Strait of Hormuz,84
2026-01-30,Suez Canal,41
2026-01-30,Sunda Strait,22
2026-01-30,Taiwan Strait,237
2026-01-30,Torres Strait,7
2026-01-30,Tsugaru Strait,39
2026-01-30,Windward Passage,13
2026-01-30,Yucatan Channel,54
2026-01-31,Bab el-Mandeb Strait,31
2026-01-31,Balabac Strait,10
2026-01-31,Bering Strait,0
2026-01-31,Bohai Strait,180
2026-01-31,Bosporus Strait,88
2026-01-31,Cape of Good Hope,69
2026-01-31,Dover Strait,148
2026-01-31,Gibraltar Strait,146
2026-01-31,Kerch Strait,8
2026-01-31,Korea Strait,198
2026-01-31,Lombok Strait,40
2026-01-31,Luzon Strait,66
2026-01-31,Magellan Strait,3
2026-01-31,Makassar Strait,57
2026-01-31,Malacca Strait,239
2026-01-31,Mindoro Strait,33
2026-01-31,Mona Passage,8
2026-01-31,Ombai Strait,6
2026-01-31,Oresund Strait,34
2026-01-31,Panama Canal,27
2026-01-31,Strait of Hormuz,90
2026-01-31,Suez Canal,42
2026-01-31,Sunda Strait,32
2026-01-31,Taiwan Strait,218
2026-01-31,Torres Strait,10
2026-01-31,Tsugaru Strait,41
2026-01-31,Windward Passage,14
2026-01-31,Yucatan Channel,49
2026-02-01,Bab el-Mandeb Strait,37
2026-02-01,Balabac Strait,9
2026-02-01,Bering Strait,0
2026-02-01,Bohai Strait,180
2026-02-01,Bosporus Strait,62
2026-02-01,Cape of Good Hope,75
2026-02-01,Dover Strait,122
2026-02-01,Gibraltar Strait,134
2026-02-01,Kerch Strait,22
2026-02-01,Korea Strait,205
2026-02-01,Lombok Strait,40
2026-02-01,Luzon Strait,62
2026-02-01,Magellan Strait,2
2026-02-01,Makassar Strait,46
2026-02-01,Malacca Strait,278
2026-02-01,Mindoro Strait,31
2026-02-01,Mona Passage,6
2026-02-01,Ombai Strait,12
2026-02-01,Oresund Strait,42
2026-02-01,Panama Canal,31
2026-02-01,Strait of Hormuz,68
2026-02-01,Suez Canal,39
2026-02-01,Sunda Strait,38
2026-02-01,Taiwan Strait,232
2026-02-01,Torres Strait,7
2026-02-01,Tsugaru Strait,49
2026-02-01,Windward Passage,20
2026-02-01,Yucatan Channel,41
2026-02-02,Bab el-Mandeb Strait,22
2026-02-02,Balabac Strait,13
2026-02-02,Bering Strait,0
2026-02-02,Bohai Strait,164
2026-02-02,Bosporus Strait,28
2026-02-02,Cape of Good Hope,68
2026-02-02,Dover Strait,136
2026-02-02,Gibraltar Strait,144
2026-02-02,Kerch Strait,16
2026-02-02,Korea Strait,195
2026-02-02,Lombok Strait,40
2026-02-02,Luzon Strait,63
2026-02-02,Magellan Strait,5
2026-02-02,Makassar Strait,52
2026-02-02,Malacca Strait,254
2026-02-02,Mindoro Strait,26
2026-02-02,Mona Passage,12
2026-02-02,Ombai Strait,11
2026-02-02,Oresund Strait,50
2026-02-02,Panama Canal,28
2026-02-02,Strait of Hormuz,77
2026-02-02,Suez Canal,38
2026-02-02,Sunda Strait,41
2026-02-02,Taiwan Strait,200
2026-02-02,Torres Strait,8
2026-02-02,Tsugaru Strait,70
2026-02-02,Windward Passage,11
2026-02-02,Yucatan Channel,50
2026-02-03,Bab el-Mandeb Strait,33
2026-02-03,Balabac Strait,11
2026-02-03,Bering Strait,0
2026-02-03,Bohai Strait,185
2026-02-03,Bosporus Strait,94
2026-02-03,Cape of Good Hope,81
2026-02-03,Dover Strait,236
2026-02-03,Gibraltar Strait,113
2026-02-03,Kerch Strait,23
2026-02-03,Korea Strait,205
2026-02-03,Lombok Strait,47
2026-02-03,Luzon Strait,60
2026-02-03,Magellan Strait,3
2026-02-03,Makassar Strait,44
2026-02-03,Malacca Strait,229
2026-02-03,Mindoro Strait,41
2026-02-03,Mona Passage,10
2026-02-03,Ombai Strait,8
2026-02-03,Oresund Strait,35
2026-02-03,Panama Canal,28
2026-02-03,Strait of Hormuz,83
2026-02-03,Suez Canal,31
2026-02-03,Sunda Strait,36
2026-02-03,Taiwan Strait,237
2026-02-03,Torres Strait,10
2026-02-03,Tsugaru Strait,40
2026-02-03,Windward Passage,13
2026-02-03,Yucatan Channel,44
2026-02-04,Bab el-Mandeb Strait,44
2026-02-04,Balabac Strait,14
2026-02-04,Bering Strait,0
2026-02-04,Bohai Strait,182
2026-02-04,Bosporus Strait,103
2026-02-04,Cape of Good Hope,96
2026-02-04,Dover Strait,200
2026-02-04,Gibraltar Strait,118
2026-02-04,Kerch Strait,12
2026-02-04,Korea Strait,208
2026-02-04,Lombok Strait,39
2026-02-04,Luzon Strait,64
2026-02-04,Magellan Strait,1
2026-02-04,Makassar Strait,49
2026-02-04,Malacca Strait,239
2026-02-04,Mindoro Strait,49
2026-02-04,Mona Passage,9
2026-02-04,Ombai Strait,11
2026-02-04,Oresund Strait,38
2026-02-04,Panama Canal,26
2026-02-04,Strait of Hormuz,51
2026-02-04,Suez Canal,36
2026-02-04,Sunda Strait,41
2026-02-04,Taiwan Strait,284
2026-02-04,Torres Strait,8
2026-02-04,Tsugaru Strait,61
2026-02-04,Windward Passage,8
2026-02-04,Yucatan Channel,65
2026-02-05,Bab el-Mandeb Strait,30
2026-02-05,Balabac Strait,6
2026-02-05,Bering Strait,0
2026-02-05,Bohai Strait,83
2026-02-05,Bosporus Strait,95
2026-02-05,Cape of Good Hope,78
2026-02-05,Dover Strait,132
2026-02-05,Gibraltar Strait,129
2026-02-05,Kerch Strait,9
2026-02-05,Korea Strait,224
2026-02-05,Lombok Strait,30
2026-02-05,Luzon Strait,70
2026-02-05,Magellan Strait,3
2026-02-05,Makassar Strait,52
2026-02-05,Malacca Strait,257
2026-02-05,Mindoro Strait,46
2026-02-05,Mona Passage,9
2026-02-05,Ombai Strait,12
2026-02-05,Oresund Strait,29
2026-02-05,Panama Canal,30
2026-02-05,Strait of Hormuz,76
2026-02-05,Suez Canal,36
2026-02-05,Sunda Strait,43
2026-02-05,Taiwan Strait,238
2026-02-05,Torres Strait,10
2026-02-05,Tsugaru Strait,32
2026-02-05,Windward Passage,11
2026-02-05,Yucatan Channel,52
2026-02-06,Bab el-Mandeb Strait,32
2026-02-06,Balabac Strait,13
2026-02-06,Bering Strait,0
2026-02-06,Bohai Strait,191
2026-02-06,Bosporus Strait,93
2026-02-06,Cape of Good Hope,80
2026-02-06,Dover Strait,204
2026-02-06,Gibraltar Strait,156
2026-02-06,Kerch Strait,14
2026-02-06,Korea Strait,165
2026-02-06,Lombok Strait,39
2026-02-06,Luzon Strait,67
2026-02-06,Magellan Strait,3
2026-02-06,Makassar Strait,43
2026-02-06,Malacca Strait,213
2026-02-06,Mindoro Strait,20
2026-02-06,Mona Passage,8
2026-02-06,Ombai Strait,9
2026-02-06,Oresund Strait,38
2026-02-06,Panama Canal,31
2026-02-06,Strait of Hormuz,74
2026-02-06,Suez Canal,44
2026-02-06,Sunda Strait,34
2026-02-06,Taiwan Strait,224
2026-02-06,Torres Strait,7
2026-02-06,Tsugaru Strait,19
2026-02-06,Windward Passage,14
2026-02-06,Yucatan Channel,53
2026-02-07,Bab el-Mandeb Strait,30
2026-02-07,Balabac Strait,9
2026-02-07,Bering Strait,0
2026-02-07,Bohai Strait,164
2026-02-07,Bosporus Strait,69
2026-02-07,Cape of Good Hope,67
2026-02-07,Dover Strait,172
2026-02-07,Gibraltar Strait,105
2026-02-07,Kerch Strait,6
2026-02-07,Korea Strait,148
2026-02-07,Lombok Strait,34
2026-02-07,Luzon Strait,54
2026-02-07,Magellan Strait,1
2026-02-07,Makassar Strait,31
2026-02-07,Malacca Strait,261
2026-02-07,Mindoro Strait,44
2026-02-07,Mona Passage,9
2026-02-07,Ombai Strait,7
2026-02-07,Oresund Strait,52
2026-02-07,Panama Canal,32
2026-02-07,Strait of Hormuz,71
2026-02-07,Suez Canal,48
2026-02-07,Sunda Strait,29
2026-02-07,Taiwan Strait,158
2026-02-07,Torres Strait,9
2026-02-07,Tsugaru Strait,42
2026-02-07,Windward Passage,12
2026-02-07,Yucatan Channel,48
2026-02-08,Bab el-Mandeb Strait,43
2026-02-08,Balabac Strait,5
2026-02-08,Bering Strait,0
2026-02-08,Bohai Strait,161
2026-02-08,Bosporus Strait,61
2026-02-08,Cape of Good Hope,80
2026-02-08,Dover Strait,127
2026-02-08,Gibraltar Strait,153
2026-02-08,Kerch Strait,13
2026-02-08,Korea Strait,145
2026-02-08,Lombok Strait,35
2026-02-08,Luzon Strait,43
2026-02-08,Magellan Strait,4
2026-02-08,Makassar Strait,42
2026-02-08,Malacca Strait,239
2026-02-08,Mindoro Strait,35
2026-02-08,Mona Passage,11
2026-02-08,Ombai Strait,7
2026-02-08,Oresund Strait,36
2026-02-08,Panama Canal,32
2026-02-08,Strait of Hormuz,71
2026-02-08,Suez Canal,49
2026-02-08,Sunda Strait,32
2026-02-08,Taiwan Strait,167
2026-02-08,Torres Strait,11
2026-02-08,Tsugaru Strait,33
2026-02-08,Windward Passage,11
2026-02-08,Yucatan Channel,65
2026-02-09,Bab el-Mandeb Strait,32
2026-02-09,Balabac Strait,10
2026-02-09,Bering Strait,0
2026-02-09,Bohai Strait,184
2026-02-09,Bosporus Strait,87
2026-02-09,Cape of Good Hope,85
2026-02-09,Dover Strait,135
2026-02-09,Gibraltar Strait,157
2026-02-09,Kerch Strait,25
2026-02-09,Korea Strait,237
2026-02-09,Lombok Strait,24
2026-02-09,Luzon Strait,57
2026-02-09,Magellan Strait,6
2026-02-09,Makassar Strait,33
2026-02-09,Malacca Strait,238
2026-02-09,Mindoro Strait,20
2026-02-09,Mona Passage,11
2026-02-09,Ombai Strait,7
2026-02-09,Oresund Strait,27
2026-02-09,Panama Canal,29
2026-02-09,Strait of Hormuz,62
2026-02-09,Suez Canal,44
2026-02-09,Sunda Strait,35
2026-02-09,Taiwan Strait,236
2026-02-09,Torres Strait,11
2026-02-09,Tsugaru Strait,44
2026-02-09,Windward Passage,26
2026-02-09,Yucatan Channel,54
2026-02-10,Bab el-Mandeb Strait,32
2026-02-10,Balabac Strait,10
2026-02-10,Bering Strait,0
2026-02-10,Bohai Strait,203
2026-02-10,Bosporus Strait,80
2026-02-10,Cape of Good Hope,98
2026-02-10,Dover Strait,160
2026-02-10,Gibraltar Strait,181
2026-02-10,Kerch Strait,12
2026-02-10,Korea Strait,188
2026-02-10,Lombok Strait,22
2026-02-10,Luzon Strait,91
2026-02-10,Magellan Strait,3
2026-02-10,Makassar Strait,36
2026-02-10,Malacca Strait,262
2026-02-10,Mindoro Strait,28
2026-02-10,Mona Passage,10
2026-02-10,Ombai Strait,6
2026-02-10,Oresund Strait,43
2026-02-10,Panama Canal,31
2026-02-10,Strait of Hormuz,80
2026-02-10,Suez Canal,39
2026-02-10,Sunda Strait,42
2026-02-10,Taiwan Strait,287
2026-02-10,Torres Strait,10
2026-02-10,Tsugaru Strait,72
2026-02-10,Windward Passage,14
2026-02-10,Yucatan Channel,46
2026-02-11,Bab el-Mandeb Strait,40
2026-02-11,Balabac Strait,10
2026-02-11,Bering Strait,0
2026-02-11,Bohai Strait,150
2026-02-11,Bosporus Strait,95
2026-02-11,Cape of Good Hope,83
2026-02-11,Dover Strait,186
2026-02-11,Gibraltar Strait,163
2026-02-11,Kerch Strait,13
2026-02-11,Korea Strait,191
2026-02-11,Lombok Strait,31
2026-02-11,Luzon Strait,75
2026-02-11,Magellan Strait,1
2026-02-11,Makassar Strait,40
2026-02-11,Malacca Strait,221
2026-02-11,Mindoro Strait,33
2026-02-11,Mona Passage,3
2026-02-11,Ombai Strait,11
2026-02-11,Oresund Strait,58
2026-02-11,Panama Canal,32
2026-02-11,Strait of Hormuz,92
2026-02-11,Suez Canal,45
2026-02-11,Sunda Strait,36
2026-02-11,Taiwan Strait,231
2026-02-11,Torres Strait,7
2026-02-11,Tsugaru Strait,43
2026-02-11,Windward Passage,18
2026-02-11,Yucatan Channel,54
2026-02-12,Bab el-Mandeb Strait,34
2026-02-12,Balabac Strait,12
2026-02-12,Bering Strait,1
2026-02-12,Bohai Strait,184
2026-02-12,Bosporus Strait,97
2026-02-12,Cape of Good Hope,83
2026-02-12,Dover Strait,164
2026-02-12,Gibraltar Strait,135
2026-02-12,Kerch Strait,14
2026-02-12,Korea Strait,214
2026-02-12,Lombok Strait,31
2026-02-12,Luzon Strait,77
2026-02-12,Magellan Strait,1
2026-02-12,Makassar Strait,35
2026-02-12,Malacca Strait,229
2026-02-12,Mindoro Strait,41
2026-02-12,Mona Passage,14
2026-02-12,Ombai Strait,12
2026-02-12,Oresund Strait,32
2026-02-12,Panama Canal,35
2026-02-12,Strait of Hormuz,79
2026-02-12,Suez Canal,47
2026-02-12,Sunda Strait,28
2026-02-12,Taiwan Strait,240
2026-02-12,Torres Strait,11
2026-02-12,Tsugaru Strait,33
2026-02-12,Windward Passage,18
2026-02-12,Yucatan Channel,53
2026-02-13,Bab el-Mandeb Strait,42
2026-02-13,Balabac Strait,10
2026-02-13,Bering Strait,0
2026-02-13,Bohai Strait,171
2026-02-13,Bosporus Strait,98
2026-02-13,Cape of Good Hope,78
2026-02-13,Dover Strait,132
2026-02-13,Gibraltar Strait,105
2026-02-13,Kerch Strait,1
2026-02-13,Korea Strait,207
2026-02-13,Lombok Strait,34
2026-02-13,Luzon Strait,68
2026-02-13,Magellan Strait,5
2026-02-13,Makassar Strait,30
2026-02-13,Malacca Strait,229
2026-02-13,Mindoro Strait,33
2026-02-13,Mona Passage,8
2026-02-13,Ombai Strait,7
2026-02-13,Oresund Strait,43
2026-02-13,Panama Canal,34
2026-02-13,Strait of Hormuz,121
2026-02-13,Suez Canal,41
2026-02-13,Sunda Strait,33
2026-02-13,Taiwan Strait,260
2026-02-13,Torres Strait,12
2026-02-13,Tsugaru Strait,63
2026-02-13,Windward Passage,24
2026-02-13,Yucatan Channel,46
2026-02-14,Bab el-Mandeb Strait,31
2026-02-14,Balabac Strait,11
2026-02-14,Bering Strait,0
2026-02-14,Bohai Strait,192
2026-02-14,Bosporus Strait,88
2026-02-14,Cape of Good Hope,82
2026-02-14,Dover Strait,156
2026-02-14,Gibraltar Strait,96
2026-02-14,Kerch Strait,7
2026-02-14,Korea Strait,198
2026-02-14,Lombok Strait,33
2026-02-14,Luzon Strait,71
2026-02-14,Magellan Strait,4
2026-02-14,Makassar Strait,50
2026-02-14,Malacca Strait,237
2026-02-14,Mindoro Strait,20
2026-02-14,Mona Passage,11
2026-02-14,Ombai Strait,8
2026-02-14,Oresund Strait,43
2026-02-14,Panama Canal,31
2026-02-14,Strait of Hormuz,123
2026-02-14,Suez Canal,44
2026-02-14,Sunda Strait,44
2026-02-14,Taiwan Strait,260
2026-02-14,Torres Strait,9
2026-02-14,Tsugaru Strait,58
2026-02-14,Windward Passage,13
2026-02-14,Yucatan Channel,42
2026-02-15,Bab el-Mandeb Strait,34
2026-02-15,Balabac Strait,12
2026-02-15,Bering Strait,0
2026-02-15,Bohai Strait,164
2026-02-15,Bosporus Strait,78
2026-02-15,Cape of Good Hope,92
2026-02-15,Dover Strait,142
2026-02-15,Gibraltar Strait,137
2026-02-15,Kerch Strait,14
2026-02-15,Korea Strait,198
2026-02-15,Lombok Strait,32
2026-02-15,Luzon Strait,73
2026-02-15,Magellan Strait,3
2026-02-15,Makassar Strait,38
2026-02-15,Malacca Strait,222
2026-02-15,Mindoro Strait,37
2026-02-15,Mona Passage,14
2026-02-15,Ombai Strait,8
2026-02-15,Oresund Strait,42
2026-02-15,Panama Canal,34
2026-02-15,Strait of Hormuz,87
2026-02-15,Suez Canal,38
2026-02-15,Sunda Strait,34
2026-02-15,Taiwan Strait,241
2026-02-15,Torres Strait,11
2026-02-15,Tsugaru Strait,46
2026-02-15,Windward Passage,17
2026-02-15,Yucatan Channel,64
2026-02-16,Bab el-Mandeb Strait,30
2026-02-16,Balabac Strait,11
2026-02-16,Bering Strait,0
2026-02-16,Bohai Strait,143
2026-02-16,Bosporus Strait,50
2026-02-16,Cape of Good Hope,103
2026-02-16,Dover Strait,175
2026-02-16,Gibraltar Strait,168
2026-02-16,Kerch Strait,7
2026-02-16,Korea Strait,159
2026-02-16,Lombok Strait,40
2026-02-16,Luzon Strait,60
2026-02-16,Magellan Strait,2
2026-02-16,Makassar Strait,44
2026-02-16,Malacca Strait,221
2026-02-16,Mindoro Strait,36
2026-02-16,Mona Passage,8
2026-02-16,Ombai Strait,10
2026-02-16,Oresund Strait,29
2026-02-16,Panama Canal,33
2026-02-16,Strait of Hormuz,62
2026-02-16,Suez Canal,51
2026-02-16,Sunda Strait,35
2026-02-16,Taiwan Strait,180
2026-02-16,Torres Strait,4
2026-02-16,Tsugaru Strait,43
2026-02-16,Windward Passage,18
2026-02-16,Yucatan Channel,50
2026-02-17,Bab el-Mandeb Strait,50
2026-02-17,Balabac Strait,7
2026-02-17,Bering Strait,0
2026-02-17,Bohai Strait,127
2026-02-17,Bosporus Strait,71
2026-02-17,Cape of Good Hope,82
2026-02-17,Dover Strait,162
2026-02-17,Gibraltar Strait,143
2026-02-17,Kerch Strait,11
2026-02-17,Korea Strait,170
2026-02-17,Lombok Strait,35
2026-02-17,Luzon Strait,82
2026-02-17,Magellan Strait,3
2026-02-17,Makassar Strait,43
2026-02-17,Malacca Strait,228
2026-02-17,Mindoro Strait,31
2026-02-17,Mona Passage,15
2026-02-17,Ombai Strait,8
2026-02-17,Oresund Strait,52
2026-02-17,Panama Canal,36
2026-02-17,Strait of Hormuz,84
2026-02-17,Suez Canal,42
2026-02-17,Sunda Strait,28
2026-02-17,Taiwan Strait,190
2026-02-17,Torres Strait,10
2026-02-17,Tsugaru Strait,40
2026-02-17,Windward Passage,16
2026-02-17,Yucatan Channel,47
2026-02-18,Bab el-Mandeb Strait,41
2026-02-18,Balabac Strait,11
2026-02-18,Bering Strait,0
2026-02-18,Bohai Strait,169
2026-02-18,Bosporus Strait,53
2026-02-18,Cape of Good Hope,76
2026-02-18,Dover Strait,203
2026-02-18,Gibraltar Strait,167
2026-02-18,Kerch Strait,13
2026-02-18,Korea Strait,178
2026-02-18,Lombok Strait,41
2026-02-18,Luzon Strait,62
2026-02-18,Magellan Strait,2
2026-02-18,Makassar Strait,60
2026-02-18,Malacca Strait,225
2026-02-18,Mindoro Strait,32
2026-02-18,Mona Passage,9
2026-02-18,Ombai Strait,10
2026-02-18,Oresund Strait,43
2026-02-18,Panama Canal,32
2026-02-18,Strait of Hormuz,98
2026-02-18,Suez Canal,41
2026-02-18,Sunda Strait,43
2026-02-18,Taiwan Strait,198
2026-02-18,Torres Strait,11
2026-02-18,Tsugaru Strait,24
2026-02-18,Windward Passage,18
2026-02-18,Yucatan Channel,43
2026-02-19,Bab el-Mandeb Strait,26
2026-02-19,Balabac Strait,7
2026-02-19,Bering Strait,0
2026-02-19,Bohai Strait,155
2026-02-19,Bosporus Strait,69
2026-02-19,Cape of Good Hope,103
2026-02-19,Dover Strait,193
2026-02-19,Gibraltar Strait,140
2026-02-19,Kerch Strait,16
2026-02-19,Korea Strait,201
2026-02-19,Lombok Strait,32
2026-02-19,Luzon Strait,63
2026-02-19,Magellan Strait,1
2026-02-19,Makassar Strait,41
2026-02-19,Malacca Strait,227
2026-02-19,Mindoro Strait,34
2026-02-19,Mona Passage,11
2026-02-19,Ombai Strait,11
2026-02-19,Oresund Strait,48
2026-02-19,Panama Canal,30
2026-02-19,Strait of Hormuz,135
2026-02-19,Suez Canal,36
2026-02-19,Sunda Strait,32
2026-02-19,Taiwan Strait,206
2026-02-19,Torres Strait,7
2026-02-19,Tsugaru Strait,40
2026-02-19,Windward Passage,11
2026-02-19,Yucatan Channel,55
2026-02-20,Bab el-Mandeb Strait,48
2026-02-20,Balabac Strait,10
2026-02-20,Bering Strait,0
2026-02-20,Bohai Strait,144
2026-02-20,Bosporus Strait,72
2026-02-20,Cape of Good Hope,98
2026-02-20,Dover Strait,142
2026-02-20,Gibraltar Strait,140
2026-02-20,Kerch Strait,11
2026-02-20,Korea Strait,191
2026-02-20,Lombok Strait,53
2026-02-20,Luzon Strait,69
2026-02-20,Magellan Strait,6
2026-02-20,Makassar Strait,49
2026-02-20,Malacca Strait,223
2026-02-20,Mindoro Strait,37
2026-02-20,Mona Passage,8
2026-02-20,Ombai Strait,9
2026-02-20,Oresund Strait,43
2026-02-20,Panama Canal,32
2026-02-20,Strait of Hormuz,111
2026-02-20,Suez Canal,34
2026-02-20,Sunda Strait,31
2026-02-20,Taiwan Strait,232
2026-02-20,Torres Strait,13
2026-02-20,Tsugaru Strait,60
2026-02-20,Windward Passage,18
2026-02-20,Yucatan Channel,46
2026-02-21,Bab el-Mandeb Strait,38
2026-02-21,Balabac Strait,12
2026-02-21,Bering Strait,0
2026-02-21,Bohai Strait,145
2026-02-21,Bosporus Strait,80
2026-02-21,Cape of Good Hope,94
2026-02-21,Dover Strait,179
2026-02-21,Gibraltar Strait,126
2026-02-21,Kerch Strait,15
2026-02-21,Korea Strait,202
2026-02-21,Lombok Strait,31
2026-02-21,Luzon Strait,66
2026-02-21,Magellan Strait,3
2026-02-21,Makassar Strait,45
2026-02-21,Malacca Strait,237
2026-02-21,Mindoro Strait,40
2026-02-21,Mona Passage,9
2026-02-21,Ombai Strait,13
2026-02-21,Oresund Strait,48
2026-02-21,Panama Canal,36
2026-02-21,Strait of Hormuz,108
2026-02-21,Suez Canal,42
2026-02-21,Sunda Strait,41
2026-02-21,Taiwan Strait,214
2026-02-21,Torres Strait,14
2026-02-21,Tsugaru Strait,53
2026-02-21,Windward Passage,14
2026-02-21,Yucatan Channel,38
2026-02-22,Bab el-Mandeb Strait,47
2026-02-22,Balabac Strait,10
2026-02-22,Bering Strait,0
2026-02-22,Bohai Strait,126
2026-02-22,Bosporus Strait,55
2026-02-22,Cape of Good Hope,114
2026-02-22,Dover Strait,190
2026-02-22,Gibraltar Strait,145
2026-02-22,Kerch Strait,14
2026-02-22,Korea Strait,177
2026-02-22,Lombok Strait,36
2026-02-22,Luzon Strait,67
2026-02-22,Magellan Strait,2
2026-02-22,Makassar Strait,46
2026-02-22,Malacca Strait,236
2026-02-22,Mindoro Strait,38
2026-02-22,Mona Passage,14
2026-02-22,Ombai Strait,12
2026-02-22,Oresund Strait,41
2026-02-22,Panama Canal,43
2026-02-22,Strait of Hormuz,152
2026-02-22,Suez Canal,36
2026-02-22,Sunda Strait,40
2026-02-22,Taiwan Strait,207
2026-02-22,Torres Strait,5
2026-02-22,Tsugaru Strait,40
2026-02-22,Windward Passage,18
2026-02-22,Yucatan Channel,58
2026-02-23,Bab el-Mandeb Strait,37
2026-02-23,Balabac Strait,12
2026-02-23,Bering Strait,0
2026-02-23,Bohai Strait,171
2026-02-23,Bosporus Strait,94
2026-02-23,Cape of Good Hope,104
2026-02-23,Dover Strait,177
2026-02-23,Gibraltar Strait,162
2026-02-23,Kerch Strait,19
2026-02-23,Korea Strait,180
2026-02-23,Lombok Strait,39
2026-02-23,Luzon Strait,69
2026-02-23,Magellan Strait,0
2026-02-23,Makassar Strait,56
2026-02-23,Malacca Strait,248
2026-02-23,Mindoro Strait,33
2026-02-23,Mona Passage,13
2026-02-23,Ombai Strait,4
2026-02-23,Oresund Strait,35
2026-02-23,Panama Canal,32
2026-02-23,Strait of Hormuz,115
2026-02-23,Suez Canal,44
2026-02-23,Sunda Strait,33
2026-02-23,Taiwan Strait,224
2026-02-23,Torres Strait,13
2026-02-23,Tsugaru Strait,27
2026-02-23,Windward Passage,18
2026-02-23,Yucatan Channel,35
2026-02-24,Bab el-Mandeb Strait,43
2026-02-24,Balabac Strait,3
2026-02-24,Bering Strait,0
2026-02-24,Bohai Strait,156
2026-02-24,Bosporus Strait,91
2026-02-24,Cape of Good Hope,101
2026-02-24,Dover Strait,200
2026-02-24,Gibraltar Strait,154
2026-02-24,Kerch Strait,15
2026-02-24,Korea Strait,151
2026-02-24,Lombok Strait,36
2026-02-24,Luzon Strait,53
2026-02-24,Magellan Strait,2
2026-02-24,Makassar Strait,47
2026-02-24,Malacca Strait,241
2026-02-24,Mindoro Strait,27
2026-02-24,Mona Passage,15
2026-02-24,Ombai Strait,8
2026-02-24,Oresund Strait,43
2026-02-24,Panama Canal,34
2026-02-24,Strait of Hormuz,64
2026-02-24,Suez Canal,36
2026-02-24,Sunda Strait,40
2026-02-24,Taiwan Strait,210
2026-02-24,Torres Strait,10
2026-02-24,Tsugaru Strait,64
2026-02-24,Windward Passage,14
2026-02-24,Yucatan Channel,44
2026-02-25,Bab el-Mandeb Strait,37
2026-02-25,Balabac Strait,14
2026-02-25,Bering Strait,0
2026-02-25,Bohai Strait,156
2026-02-25,Bosporus Strait,74
2026-02-25,Cape of Good Hope,70
2026-02-25,Dover Strait,184
2026-02-25,Gibraltar Strait,151
2026-02-25,Kerch Strait,15
2026-02-25,Korea Strait,190
2026-02-25,Lombok Strait,34
2026-02-25,Luzon Strait,87
2026-02-25,Magellan Strait,2
2026-02-25,Makassar Strait,44
2026-02-25,Malacca Strait,237
2026-02-25,Mindoro Strait,34
2026-02-25,Mona Passage,3
2026-02-25,Ombai Strait,11
2026-02-25,Oresund Strait,40
2026-02-25,Panama Canal,31
2026-02-25,Strait of Hormuz,129
2026-02-25,Suez Canal,45
2026-02-25,Sunda Strait,35
2026-02-25,Taiwan Strait,172
2026-02-25,Torres Strait,11
2026-02-25,Tsugaru Strait,60
2026-02-25,Windward Passage,19
2026-02-25,Yucatan Channel,43
2026-02-26,Bab el-Mandeb Strait,46
2026-02-26,Balabac Strait,5
2026-02-26,Bering Strait,1
2026-02-26,Bohai Strait,139
2026-02-26,Bosporus Strait,85
2026-02-26,Cape of Good Hope,87
2026-02-26,Dover Strait,199
2026-02-26,Gibraltar Strait,168
2026-02-26,Kerch Strait,13
2026-02-26,Korea Strait,235
2026-02-26,Lombok Strait,32
2026-02-26,Luzon Strait,57
2026-02-26,Magellan Strait,5
2026-02-26,Makassar Strait,38
2026-02-26,Malacca Strait,247
2026-02-26,Mindoro Strait,30
2026-02-26,Mona Passage,13
2026-02-26,Ombai Strait,14
2026-02-26,Oresund Strait,48
2026-02-26,Panama Canal,33
2026-02-26,Strait of Hormuz,107
2026-02-26,Suez Canal,46
2026-02-26,Sunda Strait,25
2026-02-26,Taiwan Strait,212
2026-02-26,Torres Strait,5
2026-02-26,Tsugaru Strait,65
2026-02-26,Windward Passage,12
2026-02-26,Yucatan Channel,44
2026-02-27,Bab el-Mandeb Strait,36
2026-02-27,Balabac Strait,10
2026-02-27,Bering Strait,0
2026-02-27,Bohai Strait,170
2026-02-27,Bosporus Strait,78
2026-02-27,Cape of Good Hope,109
2026-02-27,Dover Strait,192
2026-02-27,Gibraltar Strait,131
2026-02-27,Kerch Strait,11
2026-02-27,Korea Strait,184
2026-02-27,Lombok Strait,38
2026-02-27,Luzon Strait,63
2026-02-27,Magellan Strait,2
2026-02-27,Makassar Strait,33
2026-02-27,Malacca Strait,235
2026-02-27,Mindoro Strait,41
2026-02-27,Mona Passage,9
2026-02-27,Ombai Strait,12
2026-02-27,Oresund Strait,41
2026-02-27,Panama Canal,31
2026-02-27,Strait of Hormuz,65
2026-02-27,Suez Canal,47
2026-02-27,Sunda Strait,35
2026-02-27,Taiwan Strait,211
2026-02-27,Torres Strait,9
2026-02-27,Tsugaru Strait,42
2026-02-27,Windward Passage,22
2026-02-27,Yucatan Channel,58
2026-02-28,Bab el-Mandeb Strait,25
2026-02-28,Balabac Strait,7
2026-02-28,Bering Strait,0
2026-02-28,Bohai Strait,147
2026-02-28,Bosporus Strait,95
2026-02-28,Cape of Good Hope,67
2026-02-28,Dover Strait,199
2026-02-28,Gibraltar Strait,132
2026-02-28,Kerch Strait,15
2026-02-28,Korea Strait,195
2026-02-28,Lombok Strait,46
2026-02-28,Luzon Strait,74
2026-02-28,Magellan Strait,3
2026-02-28,Makassar Strait,37
2026-02-28,Malacca Strait,227
2026-02-28,Mindoro Strait,30
2026-02-28,Mona Passage,15
2026-02-28,Ombai Strait,17
2026-02-28,Oresund Strait,45
2026-02-28,Panama Canal,34
2026-02-28,Strait of Hormuz,57
2026-02-28,Suez Canal,37
2026-02-28,Sunda Strait,37
2026-02-28,Taiwan Strait,220
2026-02-28,Torres Strait,16
2026-02-28,Tsugaru Strait,42
2026-02-28,Windward Passage,15
2026-02-28,Yucatan Channel,51
2026-03-01,Bab el-Mandeb Strait,31
2026-03-01,Balabac Strait,11
2026-03-01,Bering Strait,0
2026-03-01,Bohai Strait,153
2026-03-01,Bosporus Strait,71
2026-03-01,Cape of Good Hope,79
2026-03-01,Dover Strait,188
2026-03-01,Gibraltar Strait,117
2026-03-01,Kerch Strait,11
2026-03-01,Korea Strait,194
2026-03-01,Lombok Strait,35
2026-03-01,Luzon Strait,62
2026-03-01,Magellan Strait,3
2026-03-01,Makassar Strait,48
2026-03-01,Malacca Strait,239
2026-03-01,Mindoro Strait,41
2026-03-01,Mona Passage,13
2026-03-01,Ombai Strait,8
2026-03-01,Oresund Strait,48
2026-03-01,Panama Canal,34
2026-03-01,Strait of Hormuz,24
2026-03-01,Suez Canal,36
2026-03-01,Sunda Strait,46
2026-03-01,Taiwan Strait,190
2026-03-01,Torres Strait,5
2026-03-01,Tsugaru Strait,38
2026-03-01,Windward Passage,16
2026-03-01,Yucatan Channel,59
2026-03-02,Bab el-Mandeb Strait,28
2026-03-02,Balabac Strait,12
2026-03-02,Bering Strait,0
2026-03-02,Bohai Strait,157
2026-03-02,Bosporus Strait,82
2026-03-02,Cape of Good Hope,77
2026-03-02,Dover Strait,165
2026-03-02,Gibraltar Strait,132
2026-03-02,Kerch Strait,29
2026-03-02,Korea Strait,128
2026-03-02,Lombok Strait,35
2026-03-02,Luzon Strait,67
2026-03-02,Magellan Strait,3
2026-03-02,Makassar Strait,46
2026-03-02,Malacca Strait,236
2026-03-02,Mindoro Strait,43
2026-03-02,Mona Passage,13
2026-03-02,Ombai Strait,12
2026-03-02,Oresund Strait,35
2026-03-02,Panama Canal,35
2026-03-02,Strait of Hormuz,6
2026-03-02,Suez Canal,40
2026-03-02,Sunda Strait,24
2026-03-02,Taiwan Strait,209
2026-03-02,Torres Strait,6
2026-03-02,Tsugaru Strait,53
2026-03-02,Windward Passage,21
2026-03-02,Yucatan Channel,41
2026-03-03,Bab el-Mandeb Strait,43
2026-03-03,Balabac Strait,3
2026-03-03,Bering Strait,0
2026-03-03,Bohai Strait,153
2026-03-03,Bosporus Strait,90
2026-03-03,Cape of Good Hope,105
2026-03-03,Dover Strait,184
2026-03-03,Gibraltar Strait,156
2026-03-03,Kerch Strait,21
2026-03-03,Korea Strait,195
2026-03-03,Lombok Strait,38
2026-03-03,Luzon Strait,73
2026-03-03,Magellan Strait,2
2026-03-03,Makassar Strait,58
2026-03-03,Malacca Strait,226
2026-03-03,Mindoro Strait,42
2026-03-03,Mona Passage,17
2026-03-03,Ombai Strait,6
2026-03-03,Oresund Strait,59
2026-03-03,Panama Canal,37
2026-03-03,Strait of Hormuz,5
2026-03-03,Suez Canal,55
2026-03-03,Sunda Strait,34
2026-03-03,Taiwan Strait,175
2026-03-03,Torres Strait,10
2026-03-03,Tsugaru Strait,39
2026-03-03,Windward Passage,20
2026-03-03,Yucatan Channel,45
2026-03-04,Bab el-Mandeb Strait,28
2026-03-04,Balabac Strait,16
2026-03-04,Bering Strait,0
2026-03-04,Bohai Strait,158
2026-03-04,Bosporus Strait,57
2026-03-04,Cape of Good Hope,117
2026-03-04,Dover Strait,193
2026-03-04,Gibraltar Strait,122
2026-03-04,Kerch Strait,13
2026-03-04,Korea Strait,239
2026-03-04,Lombok Strait,32
2026-03-04,Luzon Strait,57
2026-03-04,Magellan Strait,1
2026-03-04,Makassar Strait,34
2026-03-04,Malacca Strait,244
2026-03-04,Mindoro Strait,33
2026-03-04,Mona Passage,9
2026-03-04,Ombai Strait,14
2026-03-04,Oresund Strait,46
2026-03-04,Panama Canal,34
2026-03-04,Strait of Hormuz,2
2026-03-04,Suez Canal,42
2026-03-04,Sunda Strait,36
2026-03-04,Taiwan Strait,202
2026-03-04,Torres Strait,7
2026-03-04,Tsugaru Strait,30
2026-03-04,Windward Passage,14
2026-03-04,Yucatan Channel,48
2026-03-05,Bab el-Mandeb Strait,32
2026-03-05,Balabac Strait,6
2026-03-05,Bering Strait,0
2026-03-05,Bohai Strait,173
2026-03-05,Bosporus Strait,101
2026-03-05,Cape of Good Hope,116
2026-03-05,Dover Strait,184
2026-03-05,Gibraltar Strait,134
2026-03-05,Kerch Strait,20
2026-03-05,Korea Strait,257
2026-03-05,Lombok Strait,37
2026-03-05,Luzon Strait,67
2026-03-05,Magellan Strait,3
2026-03-05,Makassar Strait,56
2026-03-05,Malacca Strait,226
2026-03-05,Mindoro Strait,29
2026-03-05,Mona Passage,13
2026-03-05,Ombai Strait,4
2026-03-05,Oresund Strait,45
2026-03-05,Panama Canal,36
2026-03-05,Strait of Hormuz,4
2026-03-05,Suez Canal,38
2026-03-05,Sunda Strait,27
2026-03-05,Taiwan Strait,218
2026-03-05,Torres Strait,9
2026-03-05,Tsugaru Strait,50
2026-03-05,Windward Passage,14
2026-03-05,Yucatan Channel,49
2026-03-06,Bab el-Mandeb Strait,34
2026-03-06,Balabac Strait,12
2026-03-06,Bering Strait,0
2026-03-06,Bohai Strait,156
2026-03-06,Bosporus Strait,100
2026-03-06,Cape of Good Hope,79
2026-03-06,Dover Strait,180
2026-03-06,Gibraltar Strait,145
2026-03-06,Kerch Strait,17
2026-03-06,Korea Strait,184
2026-03-06,Lombok Strait,34
2026-03-06,Luzon Strait,68
2026-03-06,Magellan Strait,3
2026-03-06,Makassar Strait,41
2026-03-06,Malacca Strait,238
2026-03-06,Mindoro Strait,46
2026-03-06,Mona Passage,11
2026-03-06,Ombai Strait,13
2026-03-06,Oresund Strait,44
2026-03-06,Panama Canal,35
2026-03-06,Strait of Hormuz,2
2026-03-06,Suez Canal,38
2026-03-06,Sunda Strait,19
2026-03-06,Taiwan Strait,196
2026-03-06,Torres Strait,9
2026-03-06,Tsugaru Strait,46
2026-03-06,Windward Passage,16
2026-03-06,Yucatan Channel,48
2026-03-07,Bab el-Mandeb Strait,34
2026-03-07,Balabac Strait,8
2026-03-07,Bering Strait,0
2026-03-07,Bohai Strait,159
2026-03-07,Bosporus Strait,85
2026-03-07,Cape of Good Hope,73
2026-03-07,Dover Strait,172
2026-03-07,Gibraltar Strait,130
2026-03-07,Kerch Strait,18
2026-03-07,Korea Strait,185
2026-03-07,Lombok Strait,43
2026-03-07,Luzon Strait,59
2026-03-07,Magellan Strait,5
2026-03-07,Makassar Strait,34
2026-03-07,Malacca Strait,235
2026-03-07,Mindoro Strait,32
2026-03-07,Mona Passage,11
2026-03-07,Ombai Strait,5
2026-03-07,Oresund Strait,42
2026-03-07,Panama Canal,34
2026-03-07,Strait of Hormuz,4
2026-03-07,Suez Canal,51
2026-03-07,Sunda Strait,38
2026-03-07,Taiwan Strait,197
2026-03-07,Torres Strait,7
2026-03-07,Tsugaru Strait,36
2026-03-07,Windward Passage,13
2026-03-07,Yucatan Channel,51
2026-03-08,Bab el-Mandeb Strait,47
2026-03-08,Balabac Strait,13
2026-03-08,Bering Strait,0
2026-03-08,Bohai Strait,167
2026-03-08,Bosporus Strait,95
2026-03-08,Cape of Good Hope,82
2026-03-08,Dover Strait,171
2026-03-08,Gibraltar Strait,155
2026-03-08,Kerch Strait,17
2026-03-08,Korea Strait,205
2026-03-08,Lombok Strait,41
2026-03-08,Luzon Strait,88
2026-03-08,Magellan Strait,3
2026-03-08,Makassar Strait,44
2026-03-08,Malacca Strait,242
2026-03-08,Mindoro Strait,38
2026-03-08,Mona Passage,11
2026-03-08,Ombai Strait,6
2026-03-08,Oresund Strait,39
2026-03-08,Panama Canal,36
2026-03-08,Strait of Hormuz,2
2026-03-08,Suez Canal,35
2026-03-08,Sunda Strait,31
2026-03-08,Taiwan Strait,241
2026-03-08,Torres Strait,6
2026-03-08,Tsugaru Strait,52
2026-03-08,Windward Passage,25
2026-03-08,Yucatan Channel,56
2026-03-09,Bab el-Mandeb Strait,25
2026-03-09,Balabac Strait,11
2026-03-09,Bering Strait,0
2026-03-09,Bohai Strait,151
2026-03-09,Bosporus Strait,93
2026-03-09,Cape of Good Hope,105
2026-03-09,Dover Strait,168
2026-03-09,Gibraltar Strait,142
2026-03-09,Kerch Strait,29
2026-03-09,Korea Strait,203
2026-03-09,Lombok Strait,31
2026-03-09,Luzon Strait,73
2026-03-09,Magellan Strait,8
2026-03-09,Makassar Strait,49
2026-03-09,Malacca Strait,221
2026-03-09,Mindoro Strait,27
2026-03-09,Mona Passage,15
2026-03-09,Ombai Strait,9
2026-03-09,Oresund Strait,26
2026-03-09,Panama Canal,31
2026-03-09,Strait of Hormuz,1
2026-03-09,Suez Canal,42
2026-03-09,Sunda Strait,33
2026-03-09,Taiwan Strait,218
2026-03-09,Torres Strait,9
2026-03-09,Tsugaru Strait,55
2026-03-09,Windward Passage,14
2026-03-09,Yucatan Channel,43
2026-03-10,Bab el-Mandeb Strait,21
2026-03-10,Balabac Strait,4
2026-03-10,Bering Strait,0
2026-03-10,Bohai Strait,190
2026-03-10,Bosporus Strait,74
2026-03-10,Cape of Good Hope,92
2026-03-10,Dover Strait,179
2026-03-10,Gibraltar Strait,153
2026-03-10,Kerch Strait,14
2026-03-10,Korea Strait,200
2026-03-10,Lombok Strait,37
2026-03-10,Luzon Strait,55
2026-03-10,Magellan Strait,2
2026-03-10,Makassar Strait,46
2026-03-10,Malacca Strait,226
2026-03-10,Mindoro Strait,34
2026-03-10,Mona Passage,12
2026-03-10,Ombai Strait,8
2026-03-10,Oresund Strait,51
2026-03-10,Panama Canal,32
2026-03-10,Strait of Hormuz,2
2026-03-10,Suez Canal,37
2026-03-10,Sunda Strait,39
2026-03-10,Taiwan Strait,239
2026-03-10,Torres Strait,10
2026-03-10,Tsugaru Strait,41
2026-03-10,Windward Passage,21
2026-03-10,Yucatan Channel,43
2026-03-11,Bab el-Mandeb Strait,40
2026-03-11,Balabac Strait,10
2026-03-11,Bering Strait,0
2026-03-11,Bohai Strait,178
2026-03-11,Bosporus Strait,92
2026-03-11,Cape of Good Hope,98
2026-03-11,Dover Strait,185
2026-03-11,Gibraltar Strait,143
2026-03-11,Kerch Strait,17
2026-03-11,Korea Strait,192
2026-03-11,Lombok Strait,36
2026-03-11,Luzon Strait,63
2026-03-11,Magellan Strait,2
2026-03-11,Makassar Strait,52
2026-03-11,Malacca Strait,226
2026-03-11,Mindoro Strait,40
2026-03-11,Mona Passage,17
2026-03-11,Ombai Strait,7
2026-03-11,Oresund Strait,36
2026-03-11,Panama Canal,33
2026-03-11,Strait of Hormuz,3
2026-03-11,Suez Canal,51
2026-03-11,Sunda Strait,37
2026-03-11,Taiwan Strait,266
2026-03-11,Torres Strait,6
2026-03-11,Tsugaru Strait,47
2026-03-11,Windward Passage,18
2026-03-11,Yucatan Channel,54
2026-03-12,Bab el-Mandeb Strait,32
2026-03-12,Balabac Strait,10
2026-03-12,Bering Strait,0
2026-03-12,Bohai Strait,196
2026-03-12,Bosporus Strait,93
2026-03-12,Cape of Good Hope,83
2026-03-12,Dover Strait,141
2026-03-12,Gibraltar Strait,148
2026-03-12,Kerch Strait,10
2026-03-12,Korea Strait,193
2026-03-12,Lombok Strait,47
2026-03-12,Luzon Strait,51
2026-03-12,Magellan Strait,2
2026-03-12,Makassar Strait,42
2026-03-12,Malacca Strait,214
2026-03-12,Mindoro Strait,33
2026-03-12,Mona Passage,15
2026-03-12,Ombai Strait,8
2026-03-12,Oresund Strait,43
2026-03-12,Panama Canal,32
2026-03-12,Strait of Hormuz,1
2026-03-12,Suez Canal,38
2026-03-12,Sunda Strait,30
2026-03-12,Taiwan Strait,218
2026-03-12,Torres Strait,7
2026-03-12,Tsugaru Strait,45
2026-03-12,Windward Passage,18
2026-03-12,Yucatan Channel,48
2026-03-13,Bab el-Mandeb Strait,39
2026-03-13,Balabac Strait,12
2026-03-13,Bering Strait,0
2026-03-13,Bohai Strait,168
2026-03-13,Bosporus Strait,91
2026-03-13,Cape of Good Hope,91
2026-03-13,Dover Strait,191
2026-03-13,Gibraltar Strait,129
2026-03-13,Kerch Strait,19
2026-03-13,Korea Strait,210
2026-03-13,Lombok Strait,46
2026-03-13,Luzon Strait,41
2026-03-13,Magellan Strait,4
2026-03-13,Makassar Strait,35
2026-03-13,Malacca Strait,227
2026-03-13,Mindoro Strait,36
2026-03-13,Mona Passage,12
2026-03-13,Ombai Strait,11
2026-03-13,Oresund Strait,32
2026-03-13,Panama Canal,33
2026-03-13,Strait of Hormuz,0
2026-03-13,Suez Canal,40
2026-03-13,Sunda Strait,39
2026-03-13,Taiwan Strait,222
2026-03-13,Torres Strait,7
2026-03-13,Tsugaru Strait,42
2026-03-13,Windward Passage,23
2026-03-13,Yucatan Channel,54
2026-03-14,Bab el-Mandeb Strait,29
2026-03-14,Balabac Strait,7
2026-03-14,Bering Strait,0
2026-03-14,Bohai Strait,154
2026-03-14,Bosporus Strait,100
2026-03-14,Cape of Good Hope,84
2026-03-14,Dover Strait,182
2026-03-14,Gibraltar Strait,153
2026-03-14,Kerch Strait,31
2026-03-14,Korea Strait,239
2026-03-14,Lombok Strait,42
2026-03-14,Luzon Strait,67
2026-03-14,Magellan Strait,3
2026-03-14,Makassar Strait,51
2026-03-14,Malacca Strait,223
2026-03-14,Mindoro Strait,26
2026-03-14,Mona Passage,12
2026-03-14,Ombai Strait,14
2026-03-14,Oresund Strait,53
2026-03-14,Panama Canal,37
2026-03-14,Strait of Hormuz,0
2026-03-14,Suez Canal,25
2026-03-14,Sunda Strait,43
2026-03-14,Taiwan Strait,239
2026-03-14,Torres Strait,9
2026-03-14,Tsugaru Strait,63
2026-03-14,Windward Passage,20
2026-03-14,Yucatan Channel,52
2026-03-15,Bab el-Mandeb Strait,26
2026-03-15,Balabac Strait,10
2026-03-15,Bering Strait,0
2026-03-15,Bohai Strait,168
2026-03-15,Bosporus Strait,93
2026-03-15,Cape of Good Hope,91
2026-03-15,Dover Strait,198
2026-03-15,Gibraltar Strait,132
2026-03-15,Kerch Strait,11
2026-03-15,Korea Strait,200
2026-03-15,Lombok Strait,37
2026-03-15,Luzon Strait,73
2026-03-15,Magellan Strait,4
2026-03-15,Makassar Strait,44
2026-03-15,Malacca Strait,224
2026-03-15,Mindoro Strait,35
2026-03-15,Mona Passage,13
2026-03-15,Ombai Strait,9
2026-03-15,Oresund Strait,38
2026-03-15,Panama Canal,34
2026-03-15,Strait of Hormuz,7
2026-03-15,Suez Canal,48
2026-03-15,Sunda Strait,32
2026-03-15,Taiwan Strait,241
2026-03-15,Torres Strait,8
2026-03-15,Tsugaru Strait,60
2026-03-15,Windward Passage,19
2026-03-15,Yucatan Channel,62
2026-03-16,Bab el-Mandeb Strait,49
2026-03-16,Balabac Strait,9
2026-03-16,Bering Strait,0
2026-03-16,Bohai Strait,185
2026-03-16,Bosporus Strait,114
2026-03-16,Cape of Good Hope,83
2026-03-16,Dover Strait,202
2026-03-16,Gibraltar Strait,136
2026-03-16,Kerch Strait,17
2026-03-16,Korea Strait,213
2026-03-16,Lombok Strait,45
2026-03-16,Luzon Strait,71
2026-03-16,Magellan Strait,5
2026-03-16,Makassar Strait,31
2026-03-16,Malacca Strait,194
2026-03-16,Mindoro Strait,39
2026-03-16,Mona Passage,10
2026-03-16,Ombai Strait,10
2026-03-16,Oresund Strait,32
2026-03-16,Panama Canal,37
2026-03-16,Strait of Hormuz,5
2026-03-16,Suez Canal,33
2026-03-16,Sunda Strait,37
2026-03-16,Taiwan Strait,237
2026-03-16,Torres Strait,9
2026-03-16,Tsugaru Strait,54
2026-03-16,Windward Passage,18
2026-03-16,Yucatan Channel,51
2026-03-17,Bab el-Mandeb Strait,33
2026-03-17,Balabac Strait,8
2026-03-17,Bering Strait,0
2026-03-17,Bohai Strait,168
2026-03-17,Bosporus Strait,66
2026-03-17,Cape of Good Hope,98
2026-03-17,Dover Strait,202
2026-03-17,Gibraltar Strait,137
2026-03-17,Kerch Strait,10
2026-03-17,Korea Strait,199
2026-03-17,Lombok Strait,40
2026-03-17,Luzon Strait,68
2026-03-17,Magellan Strait,5
2026-03-17,Makassar Strait,53
2026-03-17,Malacca Strait,215
2026-03-17,Mindoro Strait,49
2026-03-17,Mona Passage,14
2026-03-17,Ombai Strait,11
2026-03-17,Oresund Strait,45
2026-03-17,Panama Canal,37
2026-03-17,Strait of Hormuz,4
2026-03-17,Suez Canal,42
2026-03-17,Sunda Strait,28
2026-03-17,Taiwan Strait,258
2026-03-17,Torres Strait,12
2026-03-17,Tsugaru Strait,64
2026-03-17,Windward Passage,15
2026-03-17,Yucatan Channel,45
2026-03-18,Bab el-Mandeb Strait,42
2026-03-18,Balabac Strait,10
2026-03-18,Bering Strait,1
2026-03-18,Bohai Strait,171
2026-03-18,Bosporus Strait,91
2026-03-18,Cape of Good Hope,106
2026-03-18,Dover Strait,210
2026-03-18,Gibraltar Strait,143
2026-03-18,Kerch Strait,16
2026-03-18,Korea Strait,184
2026-03-18,Lombok Strait,37
2026-03-18,Luzon Strait,65
2026-03-18,Magellan Strait,3
2026-03-18,Makassar Strait,37
2026-03-18,Malacca Strait,215
2026-03-18,Mindoro Strait,27
2026-03-18,Mona Passage,16
2026-03-18,Ombai Strait,4
2026-03-18,Oresund Strait,40
2026-03-18,Panama Canal,35
2026-03-18,Strait of Hormuz,1
2026-03-18,Suez Canal,43
2026-03-18,Sunda Strait,36
2026-03-18,Taiwan Strait,259
2026-03-18,Torres Strait,8
2026-03-18,Tsugaru Strait,56
2026-03-18,Windward Passage,13
2026-03-18,Yucatan Channel,49
2026-03-19,Bab el-Mandeb Strait,44
2026-03-19,Balabac Strait,9
2026-03-19,Bering Strait,0
2026-03-19,Bohai Strait,168
2026-03-19,Bosporus Strait,96
2026-03-19,Cape of Good Hope,90
2026-03-19,Dover Strait,181
2026-03-19,Gibraltar Strait,143
2026-03-19,Kerch Strait,24
2026-03-19,Korea Strait,174
2026-03-19,Lombok Strait,46
2026-03-19,Luzon Strait,61
2026-03-19,Magellan Strait,3
2026-03-19,Makassar Strait,45
2026-03-19,Malacca Strait,230
2026-03-19,Mindoro Strait,34
2026-03-19,Mona Passage,12
2026-03-19,Ombai Strait,10
2026-03-19,Oresund Strait,42
2026-03-19,Panama Canal,40
2026-03-19,Strait of Hormuz,2
2026-03-19,Suez Canal,43
2026-03-19,Sunda Strait,35
2026-03-19,Taiwan Strait,236
2026-03-19,Torres Strait,6
2026-03-19,Tsugaru Strait,49
2026-03-19,Windward Passage,15
2026-03-19,Yucatan Channel,38
2026-03-20,Bab el-Mandeb Strait,32
2026-03-20,Balabac Strait,4
2026-03-20,Bering Strait,0
2026-03-20,Bohai Strait,175
2026-03-20,Bosporus Strait,62
2026-03-20,Cape of Good Hope,89
2026-03-20,Dover Strait,203
2026-03-20,Gibraltar Strait,134
2026-03-20,Kerch Strait,19
2026-03-20,Korea Strait,222
2026-03-20,Lombok Strait,37
2026-03-20,Luzon Strait,64
2026-03-20,Magellan Strait,2
2026-03-20,Makassar Strait,55
2026-03-20,Malacca Strait,224
2026-03-20,Mindoro Strait,31
2026-03-20,Mona Passage,16
2026-03-20,Ombai Strait,10
2026-03-20,Oresund Strait,57
2026-03-20,Panama Canal,28
2026-03-20,Strait of Hormuz,5
2026-03-20,Suez Canal,32
2026-03-20,Sunda Strait,32
2026-03-20,Taiwan Strait,214
2026-03-20,Torres Strait,9
2026-03-20,Tsugaru Strait,28
2026-03-20,Windward Passage,17
2026-03-20,Yucatan Channel,48
2026-03-21,Bab el-Mandeb Strait,41
2026-03-21,Balabac Strait,6
2026-03-21,Bering Strait,0
2026-03-21,Bohai Strait,182
2026-03-21,Bosporus Strait,81
2026-03-21,Cape of Good Hope,89
2026-03-21,Dover Strait,199
2026-03-21,Gibraltar Strait,118
2026-03-21,Kerch Strait,15
2026-03-21,Korea Strait,199
2026-03-21,Lombok Strait,38
2026-03-21,Luzon Strait,63
2026-03-21,Magellan Strait,4
2026-03-21,Makassar Strait,52
2026-03-21,Malacca Strait,191
2026-03-21,Mindoro Strait,35
2026-03-21,Mona Passage,7
2026-03-21,Ombai Strait,13
2026-03-21,Oresund Strait,52
2026-03-21,Panama Canal,30
2026-03-21,Strait of Hormuz,2
2026-03-21,Suez Canal,38
2026-03-21,Sunda Strait,29
2026-03-21,Taiwan Strait,237
2026-03-21,Torres Strait,8
2026-03-21,Tsugaru Strait,46
2026-03-21,Windward Passage,20
2026-03-21,Yucatan Channel,63
2026-03-22,Bab el-Mandeb Strait,38
2026-03-22,Balabac Strait,11
2026-03-22,Bering Strait,0
2026-03-22,Bohai Strait,175
2026-03-22,Bosporus Strait,93
2026-03-22,Cape of Good Hope,86
2026-03-22,Dover Strait,203
2026-03-22,Gibraltar Strait,139
2026-03-22,Kerch Strait,10
2026-03-22,Korea Strait,201
2026-03-22,Lombok Strait,36
2026-03-22,Luzon Strait,61
2026-03-22,Magellan Strait,5
2026-03-22,Makassar Strait,46
2026-03-22,Malacca Strait,208
2026-03-22,Mindoro Strait,48
2026-03-22,Mona Passage,7
2026-03-22,Ombai Strait,14
2026-03-22,Oresund Strait,51
2026-03-22,Panama Canal,34
2026-03-22,Strait of Hormuz,4
2026-03-22,Suez Canal,47
2026-03-22,Sunda Strait,33
2026-03-22,Taiwan Strait,241
2026-03-22,Torres Strait,10
2026-03-22,Tsugaru Strait,68
2026-03-22,Windward Passage,15
2026-03-22,Yucatan Channel,50
2026-03-23,Bab el-Mandeb Strait,26
2026-03-23,Balabac Strait,10
2026-03-23,Bering Strait,0
2026-03-23,Bohai Strait,111
2026-03-23,Bosporus Strait,91
2026-03-23,Cape of Good Hope,85
2026-03-23,Dover Strait,157
2026-03-23,Gibraltar Strait,172
2026-03-23,Kerch Strait,5
2026-03-23,Korea Strait,199
2026-03-23,Lombok Strait,47
2026-03-23,Luzon Strait,49
2026-03-23,Magellan Strait,4
2026-03-23,Makassar Strait,34
2026-03-23,Malacca Strait,188
2026-03-23,Mindoro Strait,36
2026-03-23,Mona Passage,12
2026-03-23,Ombai Strait,4
2026-03-23,Oresund Strait,43
2026-03-23,Panama Canal,32
2026-03-23,Strait of Hormuz,6
2026-03-23,Suez Canal,40
2026-03-23,Sunda Strait,23
2026-03-23,Taiwan Strait,222
2026-03-23,Torres Strait,12
2026-03-23,Tsugaru Strait,51
2026-03-23,Windward Passage,24
2026-03-23,Yucatan Channel,58
2026-03-24,Bab el-Mandeb Strait,29
2026-03-24,Balabac Strait,14
2026-03-24,Bering Strait,0
2026-03-24,Bohai Strait,215
2026-03-24,Bosporus Strait,97
2026-03-24,Cape of Good Hope,87
2026-03-24,Dover Strait,192
2026-03-24,Gibraltar Strait,134
2026-03-24,Kerch Strait,17
2026-03-24,Korea Strait,207
2026-03-24,Lombok Strait,31
2026-03-24,Luzon Strait,50
2026-03-24,Magellan Strait,4
2026-03-24,Makassar Strait,45
2026-03-24,Malacca Strait,223
2026-03-24,Mindoro Strait,31
2026-03-24,Mona Passage,12
2026-03-24,Ombai Strait,6
2026-03-24,Oresund Strait,42
2026-03-24,Panama Canal,30
2026-03-24,Strait of Hormuz,4
2026-03-24,Suez Canal,41
2026-03-24,Sunda Strait,32
2026-03-24,Taiwan Strait,235
2026-03-24,Torres Strait,6
2026-03-24,Tsugaru Strait,53
2026-03-24,Windward Passage,26
2026-03-24,Yucatan Channel,43
2026-03-25,Bab el-Mandeb Strait,44
2026-03-25,Balabac Strait,5
2026-03-25,Bering Strait,1
2026-03-25,Bohai Strait,192
2026-03-25,Bosporus Strait,110
2026-03-25,Cape of Good Hope,92
2026-03-25,Dover Strait,161
2026-03-25,Gibraltar Strait,120
2026-03-25,Kerch Strait,15
2026-03-25,Korea Strait,206
2026-03-25,Lombok Strait,45
2026-03-25,Luzon Strait,58
2026-03-25,Magellan Strait,5
2026-03-25,Makassar Strait,43
2026-03-25,Malacca Strait,207
2026-03-25,Mindoro Strait,28
2026-03-25,Mona Passage,9
2026-03-25,Ombai Strait,12
2026-03-25,Oresund Strait,35
2026-03-25,Panama Canal,33
2026-03-25,Strait of Hormuz,4
2026-03-25,Suez Canal,51
2026-03-25,Sunda Strait,35
2026-03-25,Taiwan Strait,241
2026-03-25,Torres Strait,9
2026-03-25,Tsugaru Strait,56
2026-03-25,Windward Passage,11
2026-03-25,Yucatan Channel,74
2026-03-26,Bab el-Mandeb Strait,38
2026-03-26,Balabac Strait,10
2026-03-26,Bering Strait,0
2026-03-26,Bohai Strait,147
2026-03-26,Bosporus Strait,78
2026-03-26,Cape of Good Hope,103
2026-03-26,Dover Strait,137
2026-03-26,Gibraltar Strait,145
2026-03-26,Kerch Strait,20
2026-03-26,Korea Strait,213
2026-03-26,Lombok Strait,45
2026-03-26,Luzon Strait,52
2026-03-26,Magellan Strait,4
2026-03-26,Makassar Strait,54
2026-03-26,Malacca Strait,207
2026-03-26,Mindoro Strait,30
2026-03-26,Mona Passage,16
2026-03-26,Ombai Strait,9
2026-03-26,Oresund Strait,44
2026-03-26,Panama Canal,33
2026-03-26,Strait of Hormuz,7
2026-03-26,Suez Canal,41
2026-03-26,Sunda Strait,28
2026-03-26,Taiwan Strait,193
2026-03-26,Torres Strait,8
2026-03-26,Tsugaru Strait,50
2026-03-26,Windward Passage,13
2026-03-26,Yucatan Channel,51
2026-03-27,Bab el-Mandeb Strait,37
2026-03-27,Balabac Strait,6
2026-03-27,Bering Strait,0
2026-03-27,Bohai Strait,167
2026-03-27,Bosporus Strait,104
2026-03-27,Cape of Good Hope,86
2026-03-27,Dover Strait,186
2026-03-27,Gibraltar Strait,141
2026-03-27,Kerch Strait,11
2026-03-27,Korea Strait,223
2026-03-27,Lombok Strait,27
2026-03-27,Luzon Strait,66
2026-03-27,Magellan Strait,3
2026-03-27,Makassar Strait,52
2026-03-27,Malacca Strait,216
2026-03-27,Mindoro Strait,28
2026-03-27,Mona Passage,6
2026-03-27,Ombai Strait,4
2026-03-27,Oresund Strait,27
2026-03-27,Panama Canal,32
2026-03-27,Strait of Hormuz,5
2026-03-27,Suez Canal,42
2026-03-27,Sunda Strait,34
2026-03-27,Taiwan Strait,232
2026-03-27,Torres Strait,13
2026-03-27,Tsugaru Strait,47
2026-03-27,Windward Passage,14
2026-03-27,Yucatan Channel,40
2026-03-28,Bab el-Mandeb Strait,35
2026-03-28,Balabac Strait,8
2026-03-28,Bering Strait,1
2026-03-28,Bohai Strait,205
2026-03-28,Bosporus Strait,104
2026-03-28,Cape of Good Hope,87
2026-03-28,Dover Strait,197
2026-03-28,Gibraltar Strait,115
2026-03-28,Kerch Strait,20
2026-03-28,Korea Strait,207
2026-03-28,Lombok Strait,23
2026-03-28,Luzon Strait,58
2026-03-28,Magellan Strait,6
2026-03-28,Makassar Strait,51
2026-03-28,Malacca Strait,187
2026-03-28,Mindoro Strait,36
2026-03-28,Mona Passage,13
2026-03-28,Ombai Strait,14
2026-03-28,Oresund Strait,57
2026-03-28,Panama Canal,30
2026-03-28,Strait of Hormuz,9
2026-03-28,Suez Canal,45
2026-03-28,Sunda Strait,38
2026-03-28,Taiwan Strait,262
2026-03-28,Torres Strait,11
2026-03-28,Tsugaru Strait,56
2026-03-28,Windward Passage,13
2026-03-28,Yucatan Channel,57
2026-03-29,Bab el-Mandeb Strait,38
2026-03-29,Balabac Strait,11
2026-03-29,Bering Strait,0
2026-03-29,Bohai Strait,175
2026-03-29,Bosporus Strait,105
2026-03-29,Cape of Good Hope,90
2026-03-29,Dover Strait,176
2026-03-29,Gibraltar Strait,134
2026-03-29,Kerch Strait,12
2026-03-29,Korea Strait,190
2026-03-29,Lombok Strait,25
2026-03-29,Luzon Strait,59
2026-03-29,Magellan Strait,6
2026-03-29,Makassar Strait,34
2026-03-29,Malacca Strait,205
2026-03-29,Mindoro Strait,34
2026-03-29,Mona Passage,11
2026-03-29,Ombai Strait,11
2026-03-29,Oresund Strait,36
2026-03-29,Panama Canal,35
2026-03-29,Strait of Hormuz,7
2026-03-29,Suez Canal,37
2026-03-29,Sunda Strait,32
2026-03-29,Taiwan Strait,226
2026-03-29,Torres Strait,7
2026-03-29,Tsugaru Strait,44
2026-03-29,Windward Passage,15
2026-03-29,Yucatan Channel,70
2026-03-30,Bab el-Mandeb Strait,47
2026-03-30,Balabac Strait,7
2026-03-30,Bering Strait,2
2026-03-30,Bohai Strait,170
2026-03-30,Bosporus Strait,97
2026-03-30,Cape of Good Hope,80
2026-03-30,Dover Strait,156
2026-03-30,Gibraltar Strait,119
2026-03-30,Kerch Strait,18
2026-03-30,Korea Strait,206
2026-03-30,Lombok Strait,35
2026-03-30,Luzon Strait,55
2026-03-30,Magellan Strait,3
2026-03-30,Makassar Strait,26
2026-03-30,Malacca Strait,220
2026-03-30,Mindoro Strait,41
2026-03-30,Mona Passage,12
2026-03-30,Ombai Strait,4
2026-03-30,Oresund Strait,45
2026-03-30,Panama Canal,38
2026-03-30,Strait of Hormuz,10
2026-03-30,Suez Canal,36
2026-03-30,Sunda Strait,30
2026-03-30,Taiwan Strait,210
2026-03-30,Torres Strait,8
2026-03-30,Tsugaru Strait,53
2026-03-30,Windward Passage,16
2026-03-30,Yucatan Channel,52
2026-03-31,Bab el-Mandeb Strait,34
2026-03-31,Balabac Strait,18
2026-03-31,Bering Strait,0
2026-03-31,Bohai Strait,175
2026-03-31,Bosporus Strait,92
2026-03-31,Cape of Good Hope,99
2026-03-31,Dover Strait,182
2026-03-31,Gibraltar Strait,116
2026-03-31,Kerch Strait,12
2026-03-31,Korea Strait,200
2026-03-31,Lombok Strait,30
2026-03-31,Luzon Strait,80
2026-03-31,Magellan Strait,8
2026-03-31,Makassar Strait,41
2026-03-31,Malacca Strait,229
2026-03-31,Mindoro Strait,35
2026-03-31,Mona Passage,11
2026-03-31,Ombai Strait,12
2026-03-31,Oresund Strait,42
2026-03-31,Panama Canal,31
2026-03-31,Strait of Hormuz,11
2026-03-31,Suez Canal,43
2026-03-31,Sunda Strait,30
2026-03-31,Taiwan Strait,224
2026-03-31,Torres Strait,8
2026-03-31,Tsugaru Strait,56
2026-03-31,Windward Passage,18
2026-03-31,Yucatan Channel,52
2026-04-01,Bab el-Mandeb Strait,42
2026-04-01,Balabac Strait,4
2026-04-01,Bering Strait,0
2026-04-01,Bohai Strait,164
2026-04-01,Bosporus Strait,97
2026-04-01,Cape of Good Hope,85
2026-04-01,Dover Strait,196
2026-04-01,Gibraltar Strait,151
2026-04-01,Kerch Strait,12
2026-04-01,Korea Strait,177
2026-04-01,Lombok Strait,25
2026-04-01,Luzon Strait,67
2026-04-01,Magellan Strait,3
2026-04-01,Makassar Strait,44
2026-04-01,Malacca Strait,192
2026-04-01,Mindoro Strait,19
2026-04-01,Mona Passage,10
2026-04-01,Ombai Strait,7
2026-04-01,Oresund Strait,34
2026-04-01,Panama Canal,34
2026-04-01,Strait of Hormuz,11
2026-04-01,Suez Canal,51
2026-04-01,Sunda Strait,27
2026-04-01,Taiwan Strait,230
2026-04-01,Torres Strait,6
2026-04-01,Tsugaru Strait,54
2026-04-01,Windward Passage,16
2026-04-01,Yucatan Channel,50
2026-04-02,Bab el-Mandeb Strait,40
2026-04-02,Balabac Strait,7
2026-04-02,Bering Strait,0
2026-04-02,Bohai Strait,173
2026-04-02,Bosporus Strait,63
2026-04-02,Cape of Good Hope,89
2026-04-02,Dover Strait,170
2026-04-02,Gibraltar Strait,129
2026-04-02,Kerch Strait,18
2026-04-02,Korea Strait,211
2026-04-02,Lombok Strait,35
2026-04-02,Luzon Strait,55
2026-04-02,Magellan Strait,4
2026-04-02,Makassar Strait,41
2026-04-02,Malacca Strait,204
2026-04-02,Mindoro Strait,21
2026-04-02,Mona Passage,17
2026-04-02,Ombai Strait,6
2026-04-02,Oresund Strait,49
2026-04-02,Panama Canal,34
2026-04-02,Strait of Hormuz,6
2026-04-02,Suez Canal,48
2026-04-02,Sunda Strait,44
2026-04-02,Taiwan Strait,199
2026-04-02,Torres Strait,10
2026-04-02,Tsugaru Strait,48
2026-04-02,Windward Passage,9
2026-04-02,Yucatan Channel,60
2026-04-03,Bab el-Mandeb Strait,28
2026-04-03,Balabac Strait,11
2026-04-03,Bering Strait,0
2026-04-03,Bohai Strait,142
2026-04-03,Bosporus Strait,84
2026-04-03,Cape of Good Hope,102
2026-04-03,Dover Strait,186
2026-04-03,Gibraltar Strait,114
2026-04-03,Kerch Strait,20
2026-04-03,Korea Strait,205
2026-04-03,Lombok Strait,48
2026-04-03,Luzon Strait,65
2026-04-03,Magellan Strait,5
2026-04-03,Makassar Strait,39
2026-04-03,Malacca Strait,227
2026-04-03,Mindoro Strait,30
2026-04-03,Mona Passage,16
2026-04-03,Ombai Strait,8
2026-04-03,Oresund Strait,55
2026-04-03,Panama Canal,35
2026-04-03,Strait of Hormuz,9
2026-04-03,Suez Canal,35
2026-04-03,Sunda Strait,32
2026-04-03,Taiwan Strait,228
2026-04-03,Torres Strait,8
2026-04-03,Tsugaru Strait,49
2026-04-03,Windward Passage,24
2026-04-03,Yucatan Channel,55
2026-04-04,Bab el-Mandeb Strait,39
2026-04-04,Balabac Strait,10
2026-04-04,Bering Strait,0
2026-04-04,Bohai Strait,195
2026-04-04,Bosporus Strait,68
2026-04-04,Cape of Good Hope,113
2026-04-04,Dover Strait,208
2026-04-04,Gibraltar Strait,104
2026-04-04,Kerch Strait,8
2026-04-04,Korea Strait,162
2026-04-04,Lombok Strait,34
2026-04-04,Luzon Strait,70
2026-04-04,Magellan Strait,0
2026-04-04,Makassar Strait,37
2026-04-04,Malacca Strait,232
2026-04-04,Mindoro Strait,29
2026-04-04,Mona Passage,18
2026-04-04,Ombai Strait,9
2026-04-04,Oresund Strait,45
2026-04-04,Panama Canal,36
2026-04-04,Strait of Hormuz,13
2026-04-04,Suez Canal,52
2026-04-04,Sunda Strait,30
2026-04-04,Taiwan Strait,213
2026-04-04,Torres Strait,11
2026-04-04,Tsugaru Strait,46
2026-04-04,Windward Passage,12
2026-04-04,Yucatan Channel,56
2026-04-05,Bab el-Mandeb Strait,36
2026-04-05,Balabac Strait,6
2026-04-05,Bering Strait,0
2026-04-05,Bohai Strait,162
2026-04-05,Bosporus Strait,80
2026-04-05,Cape of Good Hope,66
2026-04-05,Dover Strait,165
2026-04-05,Gibraltar Strait,145
2026-04-05,Kerch Strait,6
2026-04-05,Korea Strait,212
2026-04-05,Lombok Strait,41
2026-04-05,Luzon Strait,40
2026-04-05,Magellan Strait,3
2026-04-05,Makassar Strait,30
2026-04-05,Malacca Strait,216
2026-04-05,Mindoro Strait,29
2026-04-05,Mona Passage,10
2026-04-05,Ombai Strait,16
2026-04-05,Oresund Strait,43
2026-04-05,Panama Canal,36
2026-04-05,Strait of Hormuz,11
2026-04-05,Suez Canal,48
2026-04-05,Sunda Strait,33
2026-04-05,Taiwan Strait,244
2026-04-05,Torres Strait,8
2026-04-05,Tsugaru Strait,52
2026-04-05,Windward Passage,21
2026-04-05,Yucatan Channel,54
2026-04-06,Bab el-Mandeb Strait,40
2026-04-06,Balabac Strait,10
2026-04-06,Bering Strait,0
2026-04-06,Bohai Strait,153
2026-04-06,Bosporus Strait,82
2026-04-06,Cape of Good Hope,64
2026-04-06,Dover Strait,146
2026-04-06,Gibraltar Strait,127
2026-04-06,Kerch Strait,8
2026-04-06,Korea Strait,191
2026-04-06,Lombok Strait,30
2026-04-06,Luzon Strait,52
2026-04-06,Magellan Strait,3
2026-04-06,Makassar Strait,44
2026-04-06,Malacca Strait,216
2026-04-06,Mindoro Strait,19
2026-04-06,Mona Passage,15
2026-04-06,Ombai Strait,7
2026-04-06,Oresund Strait,25
2026-04-06,Panama Canal,33
2026-04-06,Strait of Hormuz,9
2026-04-06,Suez Canal,37
2026-04-06,Sunda Strait,29
2026-04-06,Taiwan Strait,224
2026-04-06,Torres Strait,5
2026-04-06,Tsugaru Strait,55
2026-04-06,Windward Passage,19
2026-04-06,Yucatan Channel,50
2026-04-07,Bab el-Mandeb Strait,38
2026-04-07,Balabac Strait,11
2026-04-07,Bering Strait,0
2026-04-07,Bohai Strait,175
2026-04-07,Bosporus Strait,103
2026-04-07,Cape of Good Hope,76
2026-04-07,Dover Strait,148
2026-04-07,Gibraltar Strait,150
2026-04-07,Kerch Strait,8
2026-04-07,Korea Strait,213
2026-04-07,Lombok Strait,34
2026-04-07,Luzon Strait,65
2026-04-07,Magellan Strait,5
2026-04-07,Makassar Strait,36
2026-04-07,Malacca Strait,228
2026-04-07,Mindoro Strait,22
2026-04-07,Mona Passage,9
2026-04-07,Ombai Strait,12
2026-04-07,Oresund Strait,39
2026-04-07,Panama Canal,29
2026-04-07,Strait of Hormuz,7
2026-04-07,Suez Canal,39
2026-04-07,Sunda Strait,43
2026-04-07,Taiwan Strait,231
2026-04-07,Torres Strait,14
2026-04-07,Tsugaru Strait,40
2026-04-07,Windward Passage,19
2026-04-07,Yucatan Channel,43
2026-04-08,Bab el-Mandeb Strait,31
2026-04-08,Balabac Strait,8
2026-04-08,Bering Strait,0
2026-04-08,Bohai Strait,190
2026-04-08,Bosporus Strait,110
2026-04-08,Cape of Good Hope,116
2026-04-08,Dover Strait,186
2026-04-08,Gibraltar Strait,118
2026-04-08,Kerch Strait,6
2026-04-08,Korea Strait,203
2026-04-08,Lombok Strait,36
2026-04-08,Luzon Strait,63
2026-04-08,Magellan Strait,2
2026-04-08,Makassar Strait,37
2026-04-08,Malacca Strait,200
2026-04-08,Mindoro Strait,33
2026-04-08,Mona Passage,5
2026-04-08,Ombai Strait,7
2026-04-08,Oresund Strait,42
2026-04-08,Panama Canal,25
2026-04-08,Strait of Hormuz,6
2026-04-08,Suez Canal,40
2026-04-08,Sunda Strait,37
2026-04-08,Taiwan Strait,243
2026-04-08,Torres Strait,9
2026-04-08,Tsugaru Strait,57
2026-04-08,Windward Passage,7
2026-04-08,Yucatan Channel,44
2026-04-09,Bab el-Mandeb Strait,37
2026-04-09,Balabac Strait,7
2026-04-09,Bering Strait,0
2026-04-09,Bohai Strait,181
2026-04-09,Bosporus Strait,105
2026-04-09,Cape of Good Hope,105
2026-04-09,Dover Strait,158
2026-04-09,Gibraltar Strait,135
2026-04-09,Kerch Strait,4
2026-04-09,Korea Strait,151
2026-04-09,Lombok Strait,33
2026-04-09,Luzon Strait,76
2026-04-09,Magellan Strait,7
2026-04-09,Makassar Strait,29
2026-04-09,Malacca Strait,231
2026-04-09,Mindoro Strait,28
2026-04-09,Mona Passage,19
2026-04-09,Ombai Strait,16
2026-04-09,Oresund Strait,33
2026-04-09,Panama Canal,28
2026-04-09,Strait of Hormuz,8
2026-04-09,Suez Canal,34
2026-04-09,Sunda Strait,31
2026-04-09,Taiwan Strait,244
2026-04-09,Torres Strait,11
2026-04-09,Tsugaru Strait,51
2026-04-09,Windward Passage,16
2026-04-09,Yucatan Channel,54
2026-04-10,Bab el-Mandeb Strait,32
2026-04-10,Balabac Strait,10
2026-04-10,Bering Strait,0
2026-04-10,Bohai Strait,149
2026-04-10,Bosporus Strait,101
2026-04-10,Cape of Good Hope,101
2026-04-10,Dover Strait,127
2026-04-10,Gibraltar Strait,120
2026-04-10,Kerch Strait,9
2026-04-10,Korea Strait,202
2026-04-10,Lombok Strait,35
2026-04-10,Luzon Strait,73
2026-04-10,Magellan Strait,3
2026-04-10,Makassar Strait,36
2026-04-10,Malacca Strait,233
2026-04-10,Mindoro Strait,31
2026-04-10,Mona Passage,11
2026-04-10,Ombai Strait,8
2026-04-10,Oresund Strait,33
2026-04-10,Panama Canal,36
2026-04-10,Strait of Hormuz,5
2026-04-10,Suez Canal,45
2026-04-10,Sunda Strait,42
2026-04-10,Taiwan Strait,257
2026-04-10,Torres Strait,5
2026-04-10,Tsugaru Strait,33
2026-04-10,Windward Passage,13
2026-04-10,Yucatan Channel,52
2026-04-11,Bab el-Mandeb Strait,38
2026-04-11,Balabac Strait,11
2026-04-11,Bering Strait,0
2026-04-11,Bohai Strait,178
2026-04-11,Bosporus Strait,78
2026-04-11,Cape of Good Hope,93
2026-04-11,Dover Strait,171
2026-04-11,Gibraltar Strait,125
2026-04-11,Kerch Strait,13
2026-04-11,Korea Strait,205
2026-04-11,Lombok Strait,40
2026-04-11,Luzon Strait,51
2026-04-11,Magellan Strait,4
2026-04-11,Makassar Strait,32
2026-04-11,Malacca Strait,234
2026-04-11,Mindoro Strait,34
2026-04-11,Mona Passage,10
2026-04-11,Ombai Strait,7
2026-04-11,Oresund Strait,46
2026-04-11,Panama Canal,34
2026-04-11,Strait of Hormuz,9
2026-04-11,Suez Canal,47
2026-04-11,Sunda Strait,32
2026-04-11,Taiwan Strait,237
2026-04-11,Torres Strait,9
2026-04-11,Tsugaru Strait,29
2026-04-11,Windward Passage,17
2026-04-11,Yucatan Channel,67
2026-04-12,Bab el-Mandeb Strait,33
2026-04-12,Balabac Strait,12
2026-04-12,Bering Strait,0
2026-04-12,Bohai Strait,172
2026-04-12,Bosporus Strait,105
2026-04-12,Cape of Good Hope,96
2026-04-12,Dover Strait,195
2026-04-12,Gibraltar Strait,107
2026-04-12,Kerch Strait,11
2026-04-12,Korea Strait,224
2026-04-12,Lombok Strait,36
2026-04-12,Luzon Strait,71
2026-04-12,Magellan Strait,1
2026-04-12,Makassar Strait,40
2026-04-12,Malacca Strait,212
2026-04-12,Mindoro Strait,28
2026-04-12,Mona Passage,12
2026-04-12,Ombai Strait,12
2026-04-12,Oresund Strait,43
2026-04-12,Panama Canal,35
2026-04-12,Strait of Hormuz,15
2026-04-12,Suez Canal,43
2026-04-12,Sunda Strait,29
2026-04-12,Taiwan Strait,256
2026-04-12,Torres Strait,15
2026-04-12,Tsugaru Strait,40
2026-04-12,Windward Passage,17
2026-04-12,Yucatan Channel,54
2026-04-13,Bab el-Mandeb Strait,34
2026-04-13,Balabac Strait,13
2026-04-13,Bering Strait,0
2026-04-13,Bohai Strait,161
2026-04-13,Bosporus Strait,88
2026-04-13,Cape of Good Hope,104
2026-04-13,Dover Strait,150
2026-04-13,Gibraltar Strait,131
2026-04-13,Kerch Strait,5
2026-04-13,Korea Strait,186
2026-04-13,Lombok Strait,33
2026-04-13,Luzon Strait,61
2026-04-13,Magellan Strait,4
2026-04-13,Makassar Strait,40
2026-04-13,Malacca Strait,249
2026-04-13,Mindoro Strait,39
2026-04-13,Mona Passage,12
2026-04-13,Ombai Strait,7
2026-04-13,Oresund Strait,35
2026-04-13,Panama Canal,38
2026-04-13,Strait of Hormuz,9
2026-04-13,Suez Canal,42
2026-04-13,Sunda Strait,28
2026-04-13,Taiwan Strait,234
2026-04-13,Torres Strait,9
2026-04-13,Tsugaru Strait,64
2026-04-13,Windward Passage,18
2026-04-13,Yucatan Channel,63
2026-04-14,Bab el-Mandeb Strait,34
2026-04-14,Balabac Strait,4
2026-04-14,Bering Strait,0
2026-04-14,Bohai Strait,193
2026-04-14,Bosporus Strait,102
2026-04-14,Cape of Good Hope,106
2026-04-14,Dover Strait,154
2026-04-14,Gibraltar Strait,145
2026-04-14,Kerch Strait,4
2026-04-14,Korea Strait,205
2026-04-14,Lombok Strait,39
2026-04-14,Luzon Strait,56
2026-04-14,Magellan Strait,4
2026-04-14,Makassar Strait,36
2026-04-14,Malacca Strait,219
2026-04-14,Mindoro Strait,35
2026-04-14,Mona Passage,9
2026-04-14,Ombai Strait,8
2026-04-14,Oresund Strait,40
2026-04-14,Panama Canal,34
2026-04-14,Strait of Hormuz,9
2026-04-14,Suez Canal,35
2026-04-14,Sunda Strait,38
2026-04-14,Taiwan Strait,263
2026-04-14,Torres Strait,5
2026-04-14,Tsugaru Strait,43
2026-04-14,Windward Passage,21
2026-04-14,Yucatan Channel,42
2026-04-15,Bab el-Mandeb Strait,41
2026-04-15,Balabac Strait,16
2026-04-15,Bering Strait,0
2026-04-15,Bohai Strait,191
2026-04-15,Bosporus Strait,93
2026-04-15,Cape of Good Hope,90
2026-04-15,Dover Strait,167
2026-04-15,Gibraltar Strait,131
2026-04-15,Kerch Strait,9
2026-04-15,Korea Strait,210
2026-04-15,Lombok Strait,32
2026-04-15,Luzon Strait,72
2026-04-15,Magellan Strait,1
2026-04-15,Makassar Strait,46
2026-04-15,Malacca Strait,232
2026-04-15,Mindoro Strait,41
2026-04-15,Mona Passage,10
2026-04-15,Ombai Strait,7
2026-04-15,Oresund Strait,48
2026-04-15,Panama Canal,42
2026-04-15,Strait of Hormuz,13
2026-04-15,Suez Canal,43
2026-04-15,Sunda Strait,32
2026-04-15,Taiwan Strait,241
2026-04-15,Torres Strait,6
2026-04-15,Tsugaru Strait,57
2026-04-15,Windward Passage,12
2026-04-15,Yucatan Channel,59
2026-04-16,Bab el-Mandeb Strait,48
2026-04-16,Balabac Strait,6
2026-04-16,Bering Strait,0
2026-04-16,Bohai Strait,179
2026-04-16,Bosporus Strait,89
2026-04-16,Cape of Good Hope,95
2026-04-16,Dover Strait,186
2026-04-16,Gibraltar Strait,110
2026-04-16,Kerch Strait,20
2026-04-16,Korea Strait,203
2026-04-16,Lombok Strait,40
2026-04-16,Luzon Strait,66
2026-04-16,Magellan Strait,3
2026-04-16,Makassar Strait,44
2026-04-16,Malacca Strait,244
2026-04-16,Mindoro Strait,31
2026-04-16,Mona Passage,17
2026-04-16,Ombai Strait,10
2026-04-16,Oresund Strait,38
2026-04-16,Panama Canal,37
2026-04-16,Strait of Hormuz,11
2026-04-16,Suez Canal,37
2026-04-16,Sunda Strait,35
2026-04-16,Taiwan Strait,220
2026-04-16,Torres Strait,14
2026-04-16,Tsugaru Strait,45
2026-04-16,Windward Passage,14
2026-04-16,Yucatan Channel,67
2026-04-17,Bab el-Mandeb Strait,26
2026-04-17,Balabac Strait,9
2026-04-17,Bering Strait,0
2026-04-17,Bohai Strait,169
2026-04-17,Bosporus Strait,97
2026-04-17,Cape of Good Hope,95
2026-04-17,Dover Strait,179
2026-04-17,Gibraltar Strait,132
2026-04-17,Kerch Strait,8
2026-04-17,Korea Strait,211
2026-04-17,Lombok Strait,45
2026-04-17,Luzon Strait,48
2026-04-17,Magellan Strait,4
2026-04-17,Makassar Strait,48
2026-04-17,Malacca Strait,208
2026-04-17,Mindoro Strait,34
2026-04-17,Mona Passage,10
2026-04-17,Ombai Strait,6
2026-04-17,Oresund Strait,31
2026-04-17,Panama Canal,37
2026-04-17,Strait of Hormuz,18
2026-04-17,Suez Canal,34
2026-04-17,Sunda Strait,41
2026-04-17,Taiwan Strait,201
2026-04-17,Torres Strait,13
2026-04-17,Tsugaru Strait,62
2026-04-17,Windward Passage,19
2026-04-17,Yucatan Channel,72
2026-04-18,Bab el-Mandeb Strait,22
2026-04-18,Balabac Strait,6
2026-04-18,Bering Strait,0
2026-04-18,Bohai Strait,170
2026-04-18,Bosporus Strait,93
2026-04-18,Cape of Good Hope,91
2026-04-18,Dover Strait,193
2026-04-18,Gibraltar Strait,154
2026-04-18,Kerch Strait,9
2026-04-18,Korea Strait,190
2026-04-18,Lombok Strait,41
2026-04-18,Luzon Strait,60
2026-04-18,Magellan Strait,3
2026-04-18,Makassar Strait,37
2026-04-18,Malacca Strait,207
2026-04-18,Mindoro Strait,45
2026-04-18,Mona Passage,14
2026-04-18,Ombai Strait,6
2026-04-18,Oresund Strait,49
2026-04-18,Panama Canal,36
2026-04-18,Strait of Hormuz,22
2026-04-18,Suez Canal,34
2026-04-18,Sunda Strait,33
2026-04-18,Taiwan Strait,212
2026-04-18,Torres Strait,10
2026-04-18,Tsugaru Strait,53
2026-04-18,Windward Passage,11
2026-04-18,Yucatan Channel,63
2026-04-19,Bab el-Mandeb Strait,42
2026-04-19,Balabac Strait,13
2026-04-19,Bering Strait,0
2026-04-19,Bohai Strait,157
2026-04-19,Bosporus Strait,64
2026-04-19,Cape of Good Hope,86
2026-04-19,Dover Strait,176
2026-04-19,Gibraltar Strait,128
2026-04-19,Kerch Strait,7
2026-04-19,Korea Strait,192
2026-04-19,Lombok Strait,42
2026-04-19,Luzon Strait,50
2026-04-19,Magellan Strait,3
2026-04-19,Makassar Strait,33
2026-04-19,Malacca Strait,215
2026-04-19,Mindoro Strait,27
2026-04-19,Mona Passage,10
2026-04-19,Ombai Strait,9
2026-04-19,Oresund Strait,49
2026-04-19,Panama Canal,38
2026-04-19,Strait of Hormuz,7
2026-04-19,Suez Canal,43
2026-04-19,Sunda Strait,38
2026-04-19,Taiwan Strait,256
2026-04-19,Torres Strait,8
2026-04-19,Tsugaru Strait,68
2026-04-19,Windward Passage,19
2026-04-19,Yucatan Channel,56
2026-04-20,Bab el-Mandeb Strait,51
2026-04-20,Balabac Strait,10
2026-04-20,Bering Strait,0
2026-04-20,Bohai Strait,152
2026-04-20,Bosporus Strait,93
2026-04-20,Cape of Good Hope,66
2026-04-20,Dover Strait,164
2026-04-20,Gibraltar Strait,120
2026-04-20,Kerch Strait,9
2026-04-20,Korea Strait,181
2026-04-20,Lombok Strait,42
2026-04-20,Luzon Strait,58
2026-04-20,Magellan Strait,2
2026-04-20,Makassar Strait,40
2026-04-20,Malacca Strait,222
2026-04-20,Mindoro Strait,42
2026-04-20,Mona Passage,11
2026-04-20,Ombai Strait,11
2026-04-20,Oresund Strait,42
2026-04-20,Panama Canal,32
2026-04-20,Strait of Hormuz,8
2026-04-20,Suez Canal,47
2026-04-20,Sunda Strait,35
2026-04-20,Taiwan Strait,248
2026-04-20,Torres Strait,16
2026-04-20,Tsugaru Strait,51
2026-04-20,Windward Passage,18
2026-04-20,Yucatan Channel,53
2026-04-21,Bab el-Mandeb Strait,36
2026-04-21,Balabac Strait,12
2026-04-21,Bering Strait,0
2026-04-21,Bohai Strait,168
2026-04-21,Bosporus Strait,109
2026-04-21,Cape of Good Hope,82
2026-04-21,Dover Strait,162
2026-04-21,Gibraltar Strait,142
2026-04-21,Kerch Strait,6
2026-04-21,Korea Strait,209
2026-04-21,Lombok Strait,44
2026-04-21,Luzon Strait,56
2026-04-21,Magellan Strait,6
2026-04-21,Makassar Strait,42
2026-04-21,Malacca Strait,211
2026-04-21,Mindoro Strait,32
2026-04-21,Mona Passage,16
2026-04-21,Ombai Strait,13
2026-04-21,Oresund Strait,30
2026-04-21,Panama Canal,32
2026-04-21,Strait of Hormuz,4
2026-04-21,Suez Canal,47
2026-04-21,Sunda Strait,38
2026-04-21,Taiwan Strait,213
2026-04-21,Torres Strait,11
2026-04-21,Tsugaru Strait,40
2026-04-21,Windward Passage,12
2026-04-21,Yucatan Channel,49
2026-04-22,Bab el-Mandeb Strait,35
2026-04-22,Balabac Strait,13
2026-04-22,Bering Strait,1
2026-04-22,Bohai Strait,193
2026-04-22,Bosporus Strait,100
2026-04-22,Cape of Good Hope,75
2026-04-22,Dover Strait,146
2026-04-22,Gibraltar Strait,159
2026-04-22,Kerch Strait,10
2026-04-22,Korea Strait,179
2026-04-22,Lombok Strait,33
2026-04-22,Luzon Strait,77
2026-04-22,Magellan Strait,3
2026-04-22,Makassar Strait,43
2026-04-22,Malacca Strait,204
2026-04-22,Mindoro Strait,36
2026-04-22,Mona Passage,10
2026-04-22,Ombai Strait,11
2026-04-22,Oresund Strait,39
2026-04-22,Panama Canal,35
2026-04-22,Strait of Hormuz,7
2026-04-22,Suez Canal,50
2026-04-22,Sunda Strait,34
2026-04-22,Taiwan Strait,234
2026-04-22,Torres Strait,8
2026-04-22,Tsugaru Strait,49
2026-04-22,Windward Passage,14
2026-04-22,Yucatan Channel,60
2026-04-23,Bab el-Mandeb Strait,28
2026-04-23,Balabac Strait,16
2026-04-23,Bering Strait,0
2026-04-23,Bohai Strait,163
2026-04-23,Bosporus Strait,68
2026-04-23,Cape of Good Hope,121
2026-04-23,Dover Strait,167
2026-04-23,Gibraltar Strait,123
2026-04-23,Kerch Strait,6
2026-04-23,Korea Strait,183
2026-04-23,Lombok Strait,31
2026-04-23,Luzon Strait,67
2026-04-23,Magellan Strait,4
2026-04-23,Makassar Strait,45
2026-04-23,Malacca Strait,238
2026-04-23,Mindoro Strait,29
2026-04-23,Mona Passage,15
2026-04-23,Ombai Strait,9
2026-04-23,Oresund Strait,41
2026-04-23,Panama Canal,34
2026-04-23,Strait of Hormuz,3
2026-04-23,Suez Canal,46
2026-04-23,Sunda Strait,26
2026-04-23,Taiwan Strait,218
2026-04-23,Torres Strait,6
2026-04-23,Tsugaru Strait,57
2026-04-23,Windward Passage,13
2026-04-23,Yucatan Channel,47
2026-04-24,Bab el-Mandeb Strait,46
2026-04-24,Balabac Strait,11
2026-04-24,Bering Strait,0
2026-04-24,Bohai Strait,196
2026-04-24,Bosporus Strait,119
2026-04-24,Cape of Good Hope,132
2026-04-24,Dover Strait,200
2026-04-24,Gibraltar Strait,144
2026-04-24,Kerch Strait,7
2026-04-24,Korea Strait,244
2026-04-24,Lombok Strait,36
2026-04-24,Luzon Strait,43
2026-04-24,Magellan Strait,8
2026-04-24,Makassar Strait,47
2026-04-24,Malacca Strait,212
2026-04-24,Mindoro Strait,29
2026-04-24,Mona Passage,15
2026-04-24,Ombai Strait,6
2026-04-24,Oresund Strait,43
2026-04-24,Panama Canal,33
2026-04-24,Strait of Hormuz,8
2026-04-24,Suez Canal,32
2026-04-24,Sunda Strait,39
2026-04-24,Taiwan Strait,218
2026-04-24,Torres Strait,9
2026-04-24,Tsugaru Strait,33
2026-04-24,Windward Passage,14
2026-04-24,Yucatan Channel,54
2026-04-25,Bab el-Mandeb Strait,39
2026-04-25,Balabac Strait,7
2026-04-25,Bering Strait,1
2026-04-25,Bohai Strait,182
2026-04-25,Bosporus Strait,94
2026-04-25,Cape of Good Hope,130
2026-04-25,Dover Strait,225
2026-04-25,Gibraltar Strait,116
2026-04-25,Kerch Strait,12
2026-04-25,Korea Strait,236
2026-04-25,Lombok Strait,31
2026-04-25,Luzon Strait,62
2026-04-25,Magellan Strait,3
2026-04-25,Makassar Strait,40
2026-04-25,Malacca Strait,218
2026-04-25,Mindoro Strait,37
2026-04-25,Mona Passage,12
2026-04-25,Ombai Strait,6
2026-04-25,Oresund Strait,43
2026-04-25,Panama Canal,37
2026-04-25,Strait of Hormuz,6
2026-04-25,Suez Canal,43
2026-04-25,Sunda Strait,37
2026-04-25,Taiwan Strait,235
2026-04-25,Torres Strait,7
2026-04-25,Tsugaru Strait,58
2026-04-25,Windward Passage,16
2026-04-25,Yucatan Channel,65
2026-04-26,Bab el-Mandeb Strait,38
2026-04-26,Balabac Strait,10
2026-04-26,Bering Strait,0
2026-04-26,Bohai Strait,166
2026-04-26,Bosporus Strait,98
2026-04-26,Cape of Good Hope,82
2026-04-26,Dover Strait,166
2026-04-26,Gibraltar Strait,141
2026-04-26,Kerch Strait,13
2026-04-26,Korea Strait,193
2026-04-26,Lombok Strait,44
2026-04-26,Luzon Strait,51
2026-04-26,Magellan Strait,4
2026-04-26,Makassar Strait,31
2026-04-26,Malacca Strait,229
2026-04-26,Mindoro Strait,30
2026-04-26,Mona Passage,13
2026-04-26,Ombai Strait,9
2026-04-26,Oresund Strait,48
2026-04-26,Panama Canal,36
2026-04-26,Strait of Hormuz,3
2026-04-26,Suez Canal,43
2026-04-26,Sunda Strait,35
2026-04-26,Taiwan Strait,268
2026-04-26,Torres Strait,7
2026-04-26,Tsugaru Strait,60
2026-04-26,Windward Passage,17
2026-04-26,Yucatan Channel,57
2026-04-27,Bab el-Mandeb Strait,33
2026-04-27,Balabac Strait,6
2026-04-27,Bering Strait,0
2026-04-27,Bohai Strait,152
2026-04-27,Bosporus Strait,84
2026-04-27,Cape of Good Hope,66
2026-04-27,Dover Strait,146
2026-04-27,Gibraltar Strait,122
2026-04-27,Kerch Strait,4
2026-04-27,Korea Strait,225
2026-04-27,Lombok Strait,42
2026-04-27,Luzon Strait,70
2026-04-27,Magellan Strait,6
2026-04-27,Makassar Strait,36
2026-04-27,Malacca Strait,228
2026-04-27,Mindoro Strait,29
2026-04-27,Mona Passage,6
2026-04-27,Ombai Strait,13
2026-04-27,Oresund Strait,38
2026-04-27,Panama Canal,33
2026-04-27,Strait of Hormuz,0
2026-04-27,Suez Canal,34
2026-04-27,Sunda Strait,38
2026-04-27,Taiwan Strait,237
2026-04-27,Torres Strait,13
2026-04-27,Tsugaru Strait,42
2026-04-27,Windward Passage,16
2026-04-27,Yucatan Channel,59
2026-04-28,Bab el-Mandeb Strait,36
2026-04-28,Balabac Strait,8
2026-04-28,Bering Strait,0
2026-04-28,Bohai Strait,144
2026-04-28,Bosporus Strait,76
2026-04-28,Cape of Good Hope,70
2026-04-28,Dover Strait,151
2026-04-28,Gibraltar Strait,138
2026-04-28,Kerch Strait,3
2026-04-28,Korea Strait,187
2026-04-28,Lombok Strait,34
2026-04-28,Luzon Strait,86
2026-04-28,Magellan Strait,6
2026-04-28,Makassar Strait,57
2026-04-28,Malacca Strait,202
2026-04-28,Mindoro Strait,27
2026-04-28,Mona Passage,18
2026-04-28,Ombai Strait,9
2026-04-28,Oresund Strait,54
2026-04-28,Panama Canal,36
2026-04-28,Strait of Hormuz,5
2026-04-28,Suez Canal,38
2026-04-28,Sunda Strait,31
2026-04-28,Taiwan Strait,237
2026-04-28,Torres Strait,9
2026-04-28,Tsugaru Strait,45
2026-04-28,Windward Passage,21
2026-04-28,Yucatan Channel,55
2026-04-29,Bab el-Mandeb Strait,27
2026-04-29,Balabac Strait,9
2026-04-29,Bering Strait,0
2026-04-29,Bohai Strait,166
2026-04-29,Bosporus Strait,98
2026-04-29,Cape of Good Hope,75
2026-04-29,Dover Strait,176
2026-04-29,Gibraltar Strait,151
2026-04-29,Kerch Strait,4
2026-04-29,Korea Strait,201
2026-04-29,Lombok Strait,46
2026-04-29,Luzon Strait,81
2026-04-29,Magellan Strait,5
2026-04-29,Makassar Strait,49
2026-04-29,Malacca Strait,230
2026-04-29,Mindoro Strait,45
2026-04-29,Mona Passage,12
2026-04-29,Ombai Strait,10
2026-04-29,Oresund Strait,42
2026-04-29,Panama Canal,38
2026-04-29,Strait of Hormuz,5
2026-04-29,Suez Canal,45
2026-04-29,Sunda Strait,26
2026-04-29,Taiwan Strait,249
2026-04-29,Torres Strait,10
2026-04-29,Tsugaru Strait,49
2026-04-29,Windward Passage,15
2026-04-29,Yucatan Channel,66
2026-04-30,Bab el-Mandeb Strait,41
2026-04-30,Balabac Strait,8
2026-04-30,Bering Strait,0
2026-04-30,Bohai Strait,156
2026-04-30,Bosporus Strait,103
2026-04-30,Cape of Good Hope,108
2026-04-30,Dover Strait,149
2026-04-30,Gibraltar Strait,129
2026-04-30,Kerch Strait,4
2026-04-30,Korea Strait,209
2026-04-30,Lombok Strait,40
2026-04-30,Luzon Strait,60
2026-04-30,Magellan Strait,1
2026-04-30,Makassar Strait,51
2026-04-30,Malacca Strait,218
2026-04-30,Mindoro Strait,52
2026-04-30,Mona Passage,10
2026-04-30,Ombai Strait,10
2026-04-30,Oresund Strait,50
2026-04-30,Panama Canal,33
2026-04-30,Strait of Hormuz,7
2026-04-30,Suez Canal,49
2026-04-30,Sunda Strait,38
2026-04-30,Taiwan Strait,207
2026-04-30,Torres Strait,7
2026-04-30,Tsugaru Strait,34
2026-04-30,Windward Passage,12
2026-04-30,Yucatan Channel,46
2026-05-01,Bab el-Mandeb Strait,42
2026-05-01,Balabac Strait,12
2026-05-01,Bering Strait,0
2026-05-01,Bohai Strait,160
2026-05-01,Bosporus Strait,90
2026-05-01,Cape of Good Hope,86
2026-05-01,Dover Strait,194
2026-05-01,Gibraltar Strait,145
2026-05-01,Kerch Strait,5
2026-05-01,Korea Strait,221
2026-05-01,Lombok Strait,38
2026-05-01,Luzon Strait,88
2026-05-01,Magellan Strait,3
2026-05-01,Makassar Strait,66
2026-05-01,Malacca Strait,216
2026-05-01,Mindoro Strait,42
2026-05-01,Mona Passage,12
2026-05-01,Ombai Strait,11
2026-05-01,Oresund Strait,49
2026-05-01,Panama Canal,37
2026-05-01,Strait of Hormuz,10
2026-05-01,Suez Canal,39
2026-05-01,Sunda Strait,43
2026-05-01,Taiwan Strait,267
2026-05-01,Torres Strait,8
2026-05-01,Tsugaru Strait,37
2026-05-01,Windward Passage,27
2026-05-01,Yucatan Channel,61
2026-05-02,Bab el-Mandeb Strait,28
2026-05-02,Balabac Strait,16
2026-05-02,Bering Strait,0
2026-05-02,Bohai Strait,156
2026-05-02,Bosporus Strait,60
2026-05-02,Cape of Good Hope,123
2026-05-02,Dover Strait,172
2026-05-02,Gibraltar Strait,123
2026-05-02,Kerch Strait,3
2026-05-02,Korea Strait,208
2026-05-02,Lombok Strait,37
2026-05-02,Luzon Strait,84
2026-05-02,Magellan Strait,4
2026-05-02,Makassar Strait,50
2026-05-02,Malacca Strait,213
2026-05-02,Mindoro Strait,61
2026-05-02,Mona Passage,13
2026-05-02,Ombai Strait,10
2026-05-02,Oresund Strait,38
2026-05-02,Panama Canal,39
2026-05-02,Strait of Hormuz,10
2026-05-02,Suez Canal,23
2026-05-02,Sunda Strait,43
2026-05-02,Taiwan Strait,285
2026-05-02,Torres Strait,10
2026-05-02,Tsugaru Strait,41
2026-05-02,Windward Passage,18
2026-05-02,Yucatan Channel,50
2026-05-03,Bab el-Mandeb Strait,35
2026-05-03,Balabac Strait,8
2026-05-03,Bering Strait,0
2026-05-03,Bohai Strait,129
2026-05-03,Bosporus Strait,55
2026-05-03,Cape of Good Hope,106
2026-05-03,Dover Strait,181
2026-05-03,Gibraltar Strait,123
2026-05-03,Kerch Strait,4
2026-05-03,Korea Strait,180
2026-05-03,Lombok Strait,49
2026-05-03,Luzon Strait,84
2026-05-03,Magellan Strait,5
2026-05-03,Makassar Strait,57
2026-05-03,Malacca Strait,215
2026-05-03,Mindoro Strait,43
2026-05-03,Mona Passage,19
2026-05-03,Ombai Strait,10
2026-05-03,Oresund Strait,48
2026-05-03,Panama Canal,33
2026-05-03,Strait of Hormuz,6
2026-05-03,Suez Canal,33
2026-05-03,Sunda Strait,40
2026-05-03,Taiwan Strait,249
2026-05-03,Torres Strait,7
2026-05-03,Tsugaru Strait,54
2026-05-03,Windward Passage,15
2026-05-03,Yucatan Channel,62
2026-05-04,Bab el-Mandeb Strait,44
2026-05-04,Balabac Strait,11
2026-05-04,Bering Strait,0
2026-05-04,Bohai Strait,164
2026-05-04,Bosporus Strait,79
2026-05-04,Cape of Good Hope,88
2026-05-04,Dover Strait,161
2026-05-04,Gibraltar Strait,133
2026-05-04,Kerch Strait,4
2026-05-04,Korea Strait,209
2026-05-04,Lombok Strait,41
2026-05-04,Luzon Strait,72
2026-05-04,Magellan Strait,8
2026-05-04,Makassar Strait,48
2026-05-04,Malacca Strait,246
2026-05-04,Mindoro Strait,56
2026-05-04,Mona Passage,16
2026-05-04,Ombai Strait,6
2026-05-04,Oresund Strait,40
2026-05-04,Panama Canal,40
2026-05-04,Strait of Hormuz,4
2026-05-04,Suez Canal,35
2026-05-04,Sunda Strait,42
2026-05-04,Taiwan Strait,260
2026-05-04,Torres Strait,12
2026-05-04,Tsugaru Strait,27
2026-05-04,Windward Passage,17
2026-05-04,Yucatan Channel,40
2026-05-05,Bab el-Mandeb Strait,32
2026-05-05,Balabac Strait,5
2026-05-05,Bering Strait,0
2026-05-05,Bohai Strait,151
2026-05-05,Bosporus Strait,102
2026-05-05,Cape of Good Hope,83
2026-05-05,Dover Strait,161
2026-05-05,Gibraltar Strait,119
2026-05-05,Kerch Strait,5
2026-05-05,Korea Strait,189
2026-05-05,Lombok Strait,41
2026-05-05,Luzon Strait,68
2026-05-05,Magellan Strait,11
2026-05-05,Makassar Strait,36
2026-05-05,Malacca Strait,218
2026-05-05,Mindoro Strait,43
2026-05-05,Mona Passage,12
2026-05-05,Ombai Strait,3
2026-05-05,Oresund Strait,44
2026-05-05,Panama Canal,30
2026-05-05,Strait of Hormuz,1
2026-05-05,Suez Canal,36
2026-05-05,Sunda Strait,25
2026-05-05,Taiwan Strait,238
2026-05-05,Torres Strait,10
2026-05-05,Tsugaru Strait,35
2026-05-05,Windward Passage,15
2026-05-05,Yucatan Channel,31
2026-05-06,Bab el-Mandeb Strait,31
2026-05-06,Balabac Strait,2
2026-05-06,Bering Strait,0
2026-05-06,Bohai Strait,161
2026-05-06,Bosporus Strait,86
2026-05-06,Cape of Good Hope,67
2026-05-06,Dover Strait,184
2026-05-06,Gibraltar Strait,155
2026-05-06,Kerch Strait,6
2026-05-06,Korea Strait,185
2026-05-06,Lombok Strait,32
2026-05-06,Luzon Strait,94
2026-05-06,Magellan Strait,3
2026-05-06,Makassar Strait,20
2026-05-06,Malacca Strait,223
2026-05-06,Mindoro Strait,16
2026-05-06,Mona Passage,15
2026-05-06,Ombai Strait,6
2026-05-06,Oresund Strait,35
2026-05-06,Panama Canal,36
2026-05-06,Strait of Hormuz,2
2026-05-06,Suez Canal,40
2026-05-06,Sunda Strait,30
2026-05-06,Taiwan Strait,256
2026-05-06,Torres Strait,8
2026-05-06,Tsugaru Strait,38
2026-05-06,Windward Passage,5
2026-05-06,Yucatan Channel,22
2026-05-07,Bab el-Mandeb Strait,25
2026-05-07,Balabac Strait,7
2026-05-07,Bering Strait,0
2026-05-07,Bohai Strait,150
2026-05-07,Bosporus Strait,79
2026-05-07,Cape of Good Hope,95
2026-05-07,Dover Strait,156
2026-05-07,Gibraltar Strait,141
2026-05-07,Kerch Strait,1
2026-05-07,Korea Strait,176
2026-05-07,Lombok Strait,40
2026-05-07,Luzon Strait,73
2026-05-07,Magellan Strait,5
2026-05-07,Makassar Strait,31
2026-05-07,Malacca Strait,220
2026-05-07,Mindoro Strait,29
2026-05-07,Mona Passage,10
2026-05-07,Ombai Strait,11
2026-05-07,Oresund Strait,41
2026-05-07,Panama Canal,36
2026-05-07,Strait of Hormuz,4
2026-05-07,Suez Canal,46
2026-05-07,Sunda Strait,34
2026-05-07,Taiwan Strait,228
2026-05-07,Torres Strait,8
2026-05-07,Tsugaru Strait,42
2026-05-07,Windward Passage,9
2026-05-07,Yucatan Channel,37
2026-05-08,Bab el-Mandeb Strait,44
2026-05-08,Balabac Strait,7
2026-05-08,Bering Strait,0
2026-05-08,Bohai Strait,183
2026-05-08,Bosporus Strait,108
2026-05-08,Cape of Good Hope,95
2026-05-08,Dover Strait,168
2026-05-08,Gibraltar Strait,153
2026-05-08,Kerch Strait,16
2026-05-08,Korea Strait,177
2026-05-08,Lombok Strait,35
2026-05-08,Luzon Strait,70
2026-05-08,Magellan Strait,6
2026-05-08,Makassar Strait,47
2026-05-08,Malacca Strait,223
2026-05-08,Mindoro Strait,27
2026-05-08,Mona Passage,8
2026-05-08,Ombai Strait,8
2026-05-08,Oresund Strait,48
2026-05-08,Panama Canal,33
2026-05-08,Strait of Hormuz,4
2026-05-08,Suez Canal,46
2026-05-08,Sunda Strait,29
2026-05-08,Taiwan Strait,216
2026-05-08,Torres Strait,10
2026-05-08,Tsugaru Strait,56
2026-05-08,Windward Passage,15
2026-05-08,Yucatan Channel,56
2026-05-09,Bab el-Mandeb Strait,29
2026-05-09,Balabac Strait,5
2026-05-09,Bering Strait,1
2026-05-09,Bohai Strait,169
2026-05-09,Bosporus Strait,91
2026-05-09,Cape of Good Hope,126
2026-05-09,Dover Strait,206
2026-05-09,Gibraltar Strait,120
2026-05-09,Kerch Strait,17
2026-05-09,Korea Strait,206
2026-05-09,Lombok Strait,36
2026-05-09,Luzon Strait,82
2026-05-09,Magellan Strait,4
2026-05-09,Makassar Strait,35
2026-05-09,Malacca Strait,221
2026-05-09,Mindoro Strait,50
2026-05-09,Mona Passage,11
2026-05-09,Ombai Strait,9
2026-05-09,Oresund Strait,57
2026-05-09,Panama Canal,33
2026-05-09,Strait of Hormuz,5
2026-05-09,Suez Canal,44
2026-05-09,Sunda Strait,35
2026-05-09,Taiwan Strait,224
2026-05-09,Torres Strait,10
2026-05-09,Tsugaru Strait,40
2026-05-09,Windward Passage,22
2026-05-09,Yucatan Channel,51
2026-05-10,Bab el-Mandeb Strait,32
2026-05-10,Balabac Strait,11
2026-05-10,Bering Strait,0
2026-05-10,Bohai Strait,162
2026-05-10,Bosporus Strait,112
2026-05-10,Cape of Good Hope,64
2026-05-10,Dover Strait,149
2026-05-10,Gibraltar Strait,120
2026-05-10,Kerch Strait,11
2026-05-10,Korea Strait,236
2026-05-10,Lombok Strait,40
2026-05-10,Luzon Strait,85
2026-05-10,Magellan Strait,4
2026-05-10,Makassar Strait,40
2026-05-10,Malacca Strait,230
2026-05-10,Mindoro Strait,47
2026-05-10,Mona Passage,13
2026-05-10,Ombai Strait,4
2026-05-10,Oresund Strait,53
2026-05-10,Panama Canal,36
2026-05-10,Strait of Hormuz,9
2026-05-10,Suez Canal,30
2026-05-10,Sunda Strait,30
2026-05-10,Taiwan Strait,254
2026-05-10,Torres Strait,11
2026-05-10,Tsugaru Strait,58
2026-05-10,Windward Passage,15
2026-05-10,Yucatan Channel,54
2026-05-11,Bab el-Mandeb Strait,28
2026-05-11,Balabac Strait,9
2026-05-11,Bering Strait,0
2026-05-11,Bohai Strait,148
2026-05-11,Bosporus Strait,90
2026-05-11,Cape of Good Hope,35
2026-05-11,Dover Strait,161
2026-05-11,Gibraltar Strait,123
2026-05-11,Kerch Strait,8
2026-05-11,Korea Strait,179
2026-05-11,Lombok Strait,28
2026-05-11,Luzon Strait,102
2026-05-11,Magellan Strait,3
2026-05-11,Makassar Strait,50
2026-05-11,Malacca Strait,197
2026-05-11,Mindoro Strait,61
2026-05-11,Mona Passage,8
2026-05-11,Ombai Strait,6
2026-05-11,Oresund Strait,43
2026-05-11,Panama Canal,34
2026-05-11,Strait of Hormuz,9
2026-05-11,Suez Canal,47
2026-05-11,Sunda Strait,37
2026-05-11,Taiwan Strait,225
2026-05-11,Torres Strait,7
2026-05-11,Tsugaru Strait,47
2026-05-11,Windward Passage,23
2026-05-11,Yucatan Channel,60
2026-05-12,Bab el-Mandeb Strait,45
2026-05-12,Balabac Strait,6
2026-05-12,Bering Strait,0
2026-05-12,Bohai Strait,166
2026-05-12,Bosporus Strait,93
2026-05-12,Cape of Good Hope,55
2026-05-12,Dover Strait,167
2026-05-12,Gibraltar Strait,135
2026-05-12,Kerch Strait,2
2026-05-12,Korea Strait,212
2026-05-12,Lombok Strait,36
2026-05-12,Luzon Strait,71
2026-05-12,Magellan Strait,0
2026-05-12,Makassar Strait,33
2026-05-12,Malacca Strait,231
2026-05-12,Mindoro Strait,54
2026-05-12,Mona Passage,13
2026-05-12,Ombai Strait,10
2026-05-12,Oresund Strait,50
2026-05-12,Panama Canal,32
2026-05-12,Strait of Hormuz,6
2026-05-12,Suez Canal,41
2026-05-12,Sunda Strait,43
2026-05-12,Taiwan Strait,278
2026-05-12,Torres Strait,8
2026-05-12,Tsugaru Strait,46
2026-05-12,Windward Passage,20
2026-05-12,Yucatan Channel,55
2026-05-13,Bab el-Mandeb Strait,38
2026-05-13,Balabac Strait,10
2026-05-13,Bering Strait,0
2026-05-13,Bohai Strait,167
2026-05-13,Bosporus Strait,98
2026-05-13,Cape of Good Hope,100
2026-05-13,Dover Strait,172
2026-05-13,Gibraltar Strait,112
2026-05-13,Kerch Strait,1
2026-05-13,Korea Strait,205
2026-05-13,Lombok Strait,29
2026-05-13,Luzon Strait,74
2026-05-13,Magellan Strait,2
2026-05-13,Makassar Strait,45
2026-05-13,Malacca Strait,219
2026-05-13,Mindoro Strait,49
2026-05-13,Mona Passage,14
2026-05-13,Ombai Strait,16
2026-05-13,Oresund Strait,35
2026-05-13,Panama Canal,34
2026-05-13,Strait of Hormuz,8
2026-05-13,Suez Canal,32
2026-05-13,Sunda Strait,27
2026-05-13,Taiwan Strait,217
2026-05-13,Torres Strait,8
2026-05-13,Tsugaru Strait,53
2026-05-13,Windward Passage,14
2026-05-13,Yucatan Channel,49
2026-05-14,Bab el-Mandeb Strait,38
2026-05-14,Balabac Strait,10
2026-05-14,Bering Strait,0
2026-05-14,Bohai Strait,168
2026-05-14,Bosporus Strait,103
2026-05-14,Cape of Good Hope,119
2026-05-14,Dover Strait,159
2026-05-14,Gibraltar Strait,133
2026-05-14,Kerch Strait,16
2026-05-14,Korea Strait,200
2026-05-14,Lombok Strait,46
2026-05-14,Luzon Strait,88
2026-05-14,Magellan Strait,5
2026-05-14,Makassar Strait,41
2026-05-14,Malacca Strait,235
2026-05-14,Mindoro Strait,65
2026-05-14,Mona Passage,9
2026-05-14,Ombai Strait,9
2026-05-14,Oresund Strait,39
2026-05-14,Panama Canal,33
2026-05-14,Strait of Hormuz,9
2026-05-14,Suez Canal,37
2026-05-14,Sunda Strait,32
2026-05-14,Taiwan Strait,241
2026-05-14,Torres Strait,5
2026-05-14,Tsugaru Strait,57
2026-05-14,Windward Passage,18
2026-05-14,Yucatan Channel,49
2026-05-15,Bab el-Mandeb Strait,24
2026-05-15,Balabac Strait,9
2026-05-15,Bering Strait,0
2026-05-15,Bohai Strait,170
2026-05-15,Bosporus Strait,82
2026-05-15,Cape of Good Hope,161
2026-05-15,Dover Strait,169
2026-05-15,Gibraltar Strait,117
2026-05-15,Kerch Strait,8
2026-05-15,Korea Strait,238
2026-05-15,Lombok Strait,31
2026-05-15,Luzon Strait,83
2026-05-15,Magellan Strait,7
2026-05-15,Makassar Strait,48
2026-05-15,Malacca Strait,215
2026-05-15,Mindoro Strait,55
2026-05-15,Mona Passage,12
2026-05-15,Ombai Strait,5
2026-05-15,Oresund Strait,44
2026-05-15,Panama Canal,34
2026-05-15,Strait of Hormuz,5
2026-05-15,Suez Canal,42
2026-05-15,Sunda Strait,39
2026-05-15,Taiwan Strait,246
2026-05-15,Torres Strait,11
2026-05-15,Tsugaru Strait,48
2026-05-15,Windward Passage,14
2026-05-15,Yucatan Channel,56
2026-05-16,Bab el-Mandeb Strait,38
2026-05-16,Balabac Strait,16
2026-05-16,Bering Strait,0
2026-05-16,Bohai Strait,172
2026-05-16,Bosporus Strait,91
2026-05-16,Cape of Good Hope,150
2026-05-16,Dover Strait,179
2026-05-16,Gibraltar Strait,157
2026-05-16,Kerch Strait,11
2026-05-16,Korea Strait,217
2026-05-16,Lombok Strait,42
2026-05-16,Luzon Strait,97
2026-05-16,Magellan Strait,3
2026-05-16,Makassar Strait,43
2026-05-16,Malacca Strait,202
2026-05-16,Mindoro Strait,52
2026-05-16,Mona Passage,8
2026-05-16,Ombai Strait,14
2026-05-16,Oresund Strait,48
2026-05-16,Panama Canal,35
2026-05-16,Strait of Hormuz,10
2026-05-16,Suez Canal,42
2026-05-16,Sunda Strait,34
2026-05-16,Taiwan Strait,238
2026-05-16,Torres Strait,10
2026-05-16,Tsugaru Strait,71
2026-05-16,Windward Passage,23
2026-05-16,Yucatan Channel,66
2026-05-17,Bab el-Mandeb Strait,32
2026-05-17,Balabac Strait,11
2026-05-17,Bering Strait,0
2026-05-17,Bohai Strait,154
2026-05-17,Bosporus Strait,89
2026-05-17,Cape of Good Hope,101
2026-05-17,Dover Strait,181
2026-05-17,Gibraltar Strait,126
2026-05-17,Kerch Strait,12
2026-05-17,Korea Strait,221
2026-05-17,Lombok Strait,38
2026-05-17,Luzon Strait,69
2026-05-17,Magellan Strait,7
2026-05-17,Makassar Strait,42
2026-05-17,Malacca Strait,221
2026-05-17,Mindoro Strait,61
2026-05-17,Mona Passage,10
2026-05-17,Ombai Strait,11
2026-05-17,Oresund Strait,35
2026-05-17,Panama Canal,35
2026-05-17,Strait of Hormuz,5
2026-05-17,Suez Canal,32
2026-05-17,Sunda Strait,42
2026-05-17,Taiwan Strait,284
2026-05-17,Torres Strait,11
2026-05-17,Tsugaru Strait,51
2026-05-17,Windward Passage,24
2026-05-17,Yucatan Channel,42
2026-05-18,Bab el-Mandeb Strait,45
2026-05-18,Balabac Strait,18
2026-05-18,Bering Strait,0
2026-05-18,Bohai Strait,156
2026-05-18,Bosporus Strait,103
2026-05-18,Cape of Good Hope,95
2026-05-18,Dover Strait,149
2026-05-18,Gibraltar Strait,135
2026-05-18,Kerch Strait,50
2026-05-18,Korea Strait,202
2026-05-18,Lombok Strait,40
2026-05-18,Luzon Strait,108
2026-05-18,Magellan Strait,2
2026-05-18,Makassar Strait,62
2026-05-18,Malacca Strait,197
2026-05-18,Mindoro Strait,34
2026-05-18,Mona Passage,9
2026-05-18,Ombai Strait,8
2026-05-18,Oresund Strait,55
2026-05-18,Panama Canal,33
2026-05-18,Strait of Hormuz,6
2026-05-18,Suez Canal,38
2026-05-18,Sunda Strait,37
2026-05-18,Taiwan Strait,283
2026-05-18,Torres Strait,11
2026-05-18,Tsugaru Strait,56
2026-05-18,Windward Passage,18
2026-05-18,Yucatan Channel,60
2026-05-19,Bab el-Mandeb Strait,45
2026-05-19,Balabac Strait,13
2026-05-19,Bering Strait,0
2026-05-19,Bohai Strait,151
2026-05-19,Bosporus Strait,62
2026-05-19,Cape of Good Hope,73
2026-05-19,Dover Strait,173
2026-05-19,Gibraltar Strait,160
2026-05-19,Kerch Strait,22
2026-05-19,Korea Strait,214
2026-05-19,Lombok Strait,42
2026-05-19,Luzon Strait,91
2026-05-19,Magellan Strait,7
2026-05-19,Makassar Strait,49
2026-05-19,Malacca Strait,205
2026-05-19,Mindoro Strait,54
2026-05-19,Mona Passage,13
2026-05-19,Ombai Strait,14
2026-05-19,Oresund Strait,37
2026-05-19,Panama Canal,34
2026-05-19,Strait of Hormuz,7
2026-05-19,Suez Canal,43
2026-05-19,Sunda Strait,32
2026-05-19,Taiwan Strait,237
2026-05-19,Torres Strait,15
2026-05-19,Tsugaru Strait,55
2026-05-19,Windward Passage,16
2026-05-19,Yucatan Channel,52
2026-05-20,Bab el-Mandeb Strait,37
2026-05-20,Balabac Strait,15
2026-05-20,Bering Strait,1
2026-05-20,Bohai Strait,144
2026-05-20,Bosporus Strait,102
2026-05-20,Cape of Good Hope,112
2026-05-20,Dover Strait,175
2026-05-20,Gibraltar Strait,147
2026-05-20,Kerch Strait,16
2026-05-20,Korea Strait,226
2026-05-20,Lombok Strait,29
2026-05-20,Luzon Strait,102
2026-05-20,Magellan Strait,9
2026-05-20,Makassar Strait,49
2026-05-20,Malacca Strait,207
2026-05-20,Mindoro Strait,57
2026-05-20,Mona Passage,10
2026-05-20,Ombai Strait,5
2026-05-20,Oresund Strait,41
2026-05-20,Panama Canal,40
2026-05-20,Strait of Hormuz,13
2026-05-20,Suez Canal,41
2026-05-20,Sunda Strait,35
2026-05-20,Taiwan Strait,253
2026-05-20,Torres Strait,10
2026-05-20,Tsugaru Strait,55
2026-05-20,Windward Passage,9
2026-05-20,Yucatan Channel,52
2026-05-21,Bab el-Mandeb Strait,34
2026-05-21,Balabac Strait,7
2026-05-21,Bering Strait,0
2026-05-21,Bohai Strait,171
2026-05-21,Bosporus Strait,82
2026-05-21,Cape of Good Hope,110
2026-05-21,Dover Strait,172
2026-05-21,Gibraltar Strait,120
2026-05-21,Kerch Strait,16
2026-05-21,Korea Strait,201
2026-05-21,Lombok Strait,33
2026-05-21,Luzon Strait,98
2026-05-21,Magellan Strait,5
2026-05-21,Makassar Strait,58
2026-05-21,Malacca Strait,219
2026-05-21,Mindoro Strait,59
2026-05-21,Mona Passage,19
2026-05-21,Ombai Strait,12
2026-05-21,Oresund Strait,41
2026-05-21,Panama Canal,37
2026-05-21,Strait of Hormuz,8
2026-05-21,Suez Canal,36
2026-05-21,Sunda Strait,29
2026-05-21,Taiwan Strait,225
2026-05-21,Torres Strait,6
2026-05-21,Tsugaru Strait,51
2026-05-21,Windward Passage,15
2026-05-21,Yucatan Channel,56
2026-05-22,Bab el-Mandeb Strait,38
2026-05-22,Balabac Strait,7
2026-05-22,Bering Strait,0
2026-05-22,Bohai Strait,176
2026-05-22,Bosporus Strait,84
2026-05-22,Cape of Good Hope,105
2026-05-22,Dover Strait,173
2026-05-22,Gibraltar Strait,143
2026-05-22,Kerch Strait,13
2026-05-22,Korea Strait,228
2026-05-22,Lombok Strait,47
2026-05-22,Luzon Strait,99
2026-05-22,Magellan Strait,5
2026-05-22,Makassar Strait,32
2026-05-22,Malacca Strait,228
2026-05-22,Mindoro Strait,61
2026-05-22,Mona Passage,13
2026-05-22,Ombai Strait,7
2026-05-22,Oresund Strait,52
2026-05-22,Panama Canal,32
2026-05-22,Strait of Hormuz,6
2026-05-22,Suez Canal,42
2026-05-22,Sunda Strait,34
2026-05-22,Taiwan Strait,234
2026-05-22,Torres Strait,8
2026-05-22,Tsugaru Strait,53
2026-05-22,Windward Passage,18
2026-05-22,Yucatan Channel,56
2026-05-23,Bab el-Mandeb Strait,42
2026-05-23,Balabac Strait,19
2026-05-23,Bering Strait,0
2026-05-23,Bohai Strait,177
2026-05-23,Bosporus Strait,89
2026-05-23,Cape of Good Hope,80
2026-05-23,Dover Strait,210
2026-05-23,Gibraltar Strait,134
2026-05-23,Kerch Strait,7
2026-05-23,Korea Strait,211
2026-05-23,Lombok Strait,41
2026-05-23,Luzon Strait,108
2026-05-23,Magellan Strait,4
2026-05-23,Makassar Strait,56
2026-05-23,Malacca Strait,195
2026-05-23,Mindoro Strait,46
2026-05-23,Mona Passage,9
2026-05-23,Ombai Strait,9
2026-05-23,Oresund Strait,52
2026-05-23,Panama Canal,36
2026-05-23,Strait of Hormuz,8
2026-05-23,Suez Canal,49
2026-05-23,Sunda Strait,30
2026-05-23,Taiwan Strait,217
2026-05-23,Torres Strait,12
2026-05-23,Tsugaru Strait,40
2026-05-23,Windward Passage,18
2026-05-23,Yucatan Channel,50
2026-05-24,Bab el-Mandeb Strait,46
2026-05-24,Balabac Strait,11
2026-05-24,Bering Strait,0
2026-05-24,Bohai Strait,169
2026-05-24,Bosporus Strait,86
2026-05-24,Cape of Good Hope,109
2026-05-24,Dover Strait,175
2026-05-24,Gibraltar Strait,134
2026-05-24,Kerch Strait,10
2026-05-24,Korea Strait,217
2026-05-24,Lombok Strait,35
2026-05-24,Luzon Strait,104
2026-05-24,Magellan Strait,2
2026-05-24,Makassar Strait,59
2026-05-24,Malacca Strait,230
2026-05-24,Mindoro Strait,61
2026-05-24,Mona Passage,15
2026-05-24,Ombai Strait,8
2026-05-24,Oresund Strait,37
2026-05-24,Panama Canal,34
2026-05-24,Strait of Hormuz,9
2026-05-24,Suez Canal,36
2026-05-24,Sunda Strait,29
2026-05-24,Taiwan Strait,235
2026-05-24,Torres Strait,13
2026-05-24,Tsugaru Strait,49
2026-05-24,Windward Passage,19
2026-05-24,Yucatan Channel,57
2026-05-25,Bab el-Mandeb Strait,37
2026-05-25,Balabac Strait,13
2026-05-25,Bering Strait,0
2026-05-25,Bohai Strait,166
2026-05-25,Bosporus Strait,94
2026-05-25,Cape of Good Hope,97
2026-05-25,Dover Strait,155
2026-05-25,Gibraltar Strait,143
2026-05-25,Kerch Strait,19
2026-05-25,Korea Strait,209
2026-05-25,Lombok Strait,23
2026-05-25,Luzon Strait,87
2026-05-25,Magellan Strait,4
2026-05-25,Makassar Strait,57
2026-05-25,Malacca Strait,216
2026-05-25,Mindoro Strait,57
2026-05-25,Mona Passage,12
2026-05-25,Ombai Strait,14
2026-05-25,Oresund Strait,32
2026-05-25,Panama Canal,31
2026-05-25,Strait of Hormuz,7
2026-05-25,Suez Canal,49
2026-05-25,Sunda Strait,35
2026-05-25,Taiwan Strait,215
2026-05-25,Torres Strait,7
2026-05-25,Tsugaru Strait,55
2026-05-25,Windward Passage,26
2026-05-25,Yucatan Channel,55
2026-05-26,Bab el-Mandeb Strait,26
2026-05-26,Balabac Strait,11
2026-05-26,Bering Strait,0
2026-05-26,Bohai Strait,154
2026-05-26,Bosporus Strait,99
2026-05-26,Cape of Good Hope,82
2026-05-26,Dover Strait,150
2026-05-26,Gibraltar Strait,144
2026-05-26,Kerch Strait,16
2026-05-26,Korea Strait,185
2026-05-26,Lombok Strait,43
2026-05-26,Luzon Strait,101
2026-05-26,Magellan Strait,3
2026-05-26,Makassar Strait,56
2026-05-26,Malacca Strait,247
2026-05-26,Mindoro Strait,68
2026-05-26,Mona Passage,10
2026-05-26,Ombai Strait,4
2026-05-26,Oresund Strait,32
2026-05-26,Panama Canal,34
2026-05-26,Strait of Hormuz,7
2026-05-26,Suez Canal,37
2026-05-26,Sunda Strait,29
2026-05-26,Taiwan Strait,252
2026-05-26,Torres Strait,12
2026-05-26,Tsugaru Strait,48
2026-05-26,Windward Passage,22
2026-05-26,Yucatan Channel,57
2026-05-27,Bab el-Mandeb Strait,40
2026-05-27,Balabac Strait,15
2026-05-27,Bering Strait,0
2026-05-27,Bohai Strait,152
2026-05-27,Bosporus Strait,88
2026-05-27,Cape of Good Hope,78
2026-05-27,Dover Strait,154
2026-05-27,Gibraltar Strait,125
2026-05-27,Kerch Strait,9
2026-05-27,Korea Strait,212
2026-05-27,Lombok Strait,38
2026-05-27,Luzon Strait,80
2026-05-27,Magellan Strait,1
2026-05-27,Makassar Strait,37
2026-05-27,Malacca Strait,215
2026-05-27,Mindoro Strait,69
2026-05-27,Mona Passage,11
2026-05-27,Ombai Strait,15
2026-05-27,Oresund Strait,43
2026-05-27,Panama Canal,35
2026-05-27,Strait of Hormuz,6
2026-05-27,Suez Canal,29
2026-05-27,Sunda Strait,36
2026-05-27,Taiwan Strait,229
2026-05-27,Torres Strait,12
2026-05-27,Tsugaru Strait,52
2026-05-27,Windward Passage,14
2026-05-27,Yucatan Channel,46
2026-05-28,Bab el-Mandeb Strait,40
2026-05-28,Balabac Strait,13
2026-05-28,Bering Strait,0
2026-05-28,Bohai Strait,161
2026-05-28,Bosporus Strait,85
2026-05-28,Cape of Good Hope,98
2026-05-28,Dover Strait,169
2026-05-28,Gibraltar Strait,146
2026-05-28,Kerch Strait,8
2026-05-28,Korea Strait,239
2026-05-28,Lombok Strait,39
2026-05-28,Luzon Strait,100
2026-05-28,Magellan Strait,6
2026-05-28,Makassar Strait,76
2026-05-28,Malacca Strait,208
2026-05-28,Mindoro Strait,51
2026-05-28,Mona Passage,18
2026-05-28,Ombai Strait,7
2026-05-28,Oresund Strait,35
2026-05-28,Panama Canal,32
2026-05-28,Strait of Hormuz,4
2026-05-28,Suez Canal,45
2026-05-28,Sunda Strait,28
2026-05-28,Taiwan Strait,245
2026-05-28,Torres Strait,10
2026-05-28,Tsugaru Strait,46
2026-05-28,Windward Passage,10
2026-05-28,Yucatan Channel,53
2026-05-29,Bab el-Mandeb Strait,30
2026-05-29,Balabac Strait,6
2026-05-29,Bering Strait,0
2026-05-29,Bohai Strait,170
2026-05-29,Bosporus Strait,65
2026-05-29,Cape of Good Hope,88
2026-05-29,Dover Strait,156
2026-05-29,Gibraltar Strait,133
2026-05-29,Kerch Strait,3
2026-05-29,Korea Strait,244
2026-05-29,Lombok Strait,41
2026-05-29,Luzon Strait,87
2026-05-29,Magellan Strait,5
2026-05-29,Makassar Strait,55
2026-05-29,Malacca Strait,202
2026-05-29,Mindoro Strait,60
2026-05-29,Mona Passage,10
2026-05-29,Ombai Strait,6
2026-05-29,Oresund Strait,35
2026-05-29,Panama Canal,33
2026-05-29,Strait of Hormuz,4
2026-05-29,Suez Canal,43
2026-05-29,Sunda Strait,32
2026-05-29,Taiwan Strait,250
2026-05-29,Torres Strait,6
2026-05-29,Tsugaru Strait,37
2026-05-29,Windward Passage,17
2026-05-29,Yucatan Channel,67
2026-05-30,Bab el-Mandeb Strait,32
2026-05-30,Balabac Strait,17
2026-05-30,Bering Strait,0
2026-05-30,Bohai Strait,196
2026-05-30,Bosporus Strait,92
2026-05-30,Cape of Good Hope,121
2026-05-30,Dover Strait,178
2026-05-30,Gibraltar Strait,138
2026-05-30,Kerch Strait,4
2026-05-30,Korea Strait,241
2026-05-30,Lombok Strait,38
2026-05-30,Luzon Strait,64
2026-05-30,Magellan Strait,5
2026-05-30,Makassar Strait,44
2026-05-30,Malacca Strait,198
2026-05-30,Mindoro Strait,64
2026-05-30,Mona Passage,11
2026-05-30,Ombai Strait,6
2026-05-30,Oresund Strait,47
2026-05-30,Panama Canal,34
2026-05-30,Strait of Hormuz,5
2026-05-30,Suez Canal,44
2026-05-30,Sunda Strait,46
2026-05-30,Taiwan Strait,259
2026-05-30,Torres Strait,11
2026-05-30,Tsugaru Strait,38
2026-05-30,Windward Passage,19
2026-05-30,Yucatan Channel,49
2026-05-31,Bab el-Mandeb Strait,33
2026-05-31,Balabac Strait,16
2026-05-31,Bering Strait,0
2026-05-31,Bohai Strait,163
2026-05-31,Bosporus Strait,64
2026-05-31,Cape of Good Hope,100
2026-05-31,Dover Strait,164
2026-05-31,Gibraltar Strait,151
2026-05-31,Kerch Strait,6
2026-05-31,Korea Strait,262
2026-05-31,Lombok Strait,42
2026-05-31,Luzon Strait,60
2026-05-31,Magellan Strait,4
2026-05-31,Makassar Strait,44
2026-05-31,Malacca Strait,207
2026-05-31,Mindoro Strait,75
2026-05-31,Mona Passage,11
2026-05-31,Ombai Strait,10
2026-05-31,Oresund Strait,45
2026-05-31,Panama Canal,29
2026-05-31,Strait of Hormuz,3
2026-05-31,Suez Canal,31
2026-05-31,Sunda Strait,31
2026-05-31,Taiwan Strait,306
2026-05-31,Torres Strait,10
2026-05-31,Tsugaru Strait,58
2026-05-31,Windward Passage,13
2026-05-31,Yucatan Channel,71
2026-06-01,Bab el-Mandeb Strait,41
2026-06-01,Balabac Strait,8
2026-06-01,Bering Strait,0
2026-06-01,Bohai Strait,182
2026-06-01,Bosporus Strait,90
2026-06-01,Cape of Good Hope,107
2026-06-01,Dover Strait,161
2026-06-01,Gibraltar Strait,122
2026-06-01,Kerch Strait,8
2026-06-01,Korea Strait,236
2026-06-01,Lombok Strait,42
2026-06-01,Luzon Strait,75
2026-06-01,Magellan Strait,4
2026-06-01,Makassar Strait,61
2026-06-01,Malacca Strait,207
2026-06-01,Mindoro Strait,59
2026-06-01,Mona Passage,10
2026-06-01,Ombai Strait,10
2026-06-01,Oresund Strait,33
2026-06-01,Panama Canal,32
2026-06-01,Strait of Hormuz,3
2026-06-01,Suez Canal,43
2026-06-01,Sunda Strait,20
2026-06-01,Taiwan Strait,319
2026-06-01,Torres Strait,5
2026-06-01,Tsugaru Strait,49
2026-06-01,Windward Passage,26
2026-06-01,Yucatan Channel,64
2026-06-02,Bab el-Mandeb Strait,37
2026-06-02,Balabac Strait,16
2026-06-02,Bering Strait,0
2026-06-02,Bohai Strait,173
2026-06-02,Bosporus Strait,61
2026-06-02,Cape of Good Hope,86
2026-06-02,Dover Strait,166
2026-06-02,Gibraltar Strait,136
2026-06-02,Kerch Strait,3
2026-06-02,Korea Strait,208
2026-06-02,Lombok Strait,35
2026-06-02,Luzon Strait,79
2026-06-02,Magellan Strait,5
2026-06-02,Makassar Strait,56
2026-06-02,Malacca Strait,197
2026-06-02,Mindoro Strait,76
2026-06-02,Mona Passage,17
2026-06-02,Ombai Strait,13
2026-06-02,Oresund Strait,42
2026-06-02,Panama Canal,29
2026-06-02,Strait of Hormuz,6
2026-06-02,Suez Canal,45
2026-06-02,Sunda Strait,31
2026-06-02,Taiwan Strait,273
2026-06-02,Torres Strait,14
2026-06-02,Tsugaru Strait,73
2026-06-02,Windward Passage,16
2026-06-02,Yucatan Channel,52
2026-06-03,Bab el-Mandeb Strait,30
2026-06-03,Balabac Strait,12
2026-06-03,Bering Strait,0
2026-06-03,Bohai Strait,141
2026-06-03,Bosporus Strait,71
2026-06-03,Cape of Good Hope,78
2026-06-03,Dover Strait,156
2026-06-03,Gibraltar Strait,111
2026-06-03,Kerch Strait,18
2026-06-03,Korea Strait,218
2026-06-03,Lombok Strait,40
2026-06-03,Luzon Strait,97
2026-06-03,Magellan Strait,4
2026-06-03,Makassar Strait,69
2026-06-03,Malacca Strait,214
2026-06-03,Mindoro Strait,66
2026-06-03,Mona Passage,8
2026-06-03,Ombai Strait,12
2026-06-03,Oresund Strait,37
2026-06-03,Panama Canal,32
2026-06-03,Strait of Hormuz,11
2026-06-03,Suez Canal,25
2026-06-03,Sunda Strait,36
2026-06-03,Taiwan Strait,255
2026-06-03,Torres Strait,9
2026-06-03,Tsugaru Strait,71
2026-06-03,Windward Passage,12
2026-06-03,Yucatan Channel,56
2026-06-04,Bab el-Mandeb Strait,47
2026-06-04,Balabac Strait,16
2026-06-04,Bering Strait,0
2026-06-04,Bohai Strait,179
2026-06-04,Bosporus Strait,92
2026-06-04,Cape of Good Hope,69
2026-06-04,Dover Strait,160
2026-06-04,Gibraltar Strait,134
2026-06-04,Kerch Strait,25
2026-06-04,Korea Strait,225
2026-06-04,Lombok Strait,43
2026-06-04,Luzon Strait,79
2026-06-04,Magellan Strait,2
2026-06-04,Makassar Strait,57
2026-06-04,Malacca Strait,213
2026-06-04,Mindoro Strait,68
2026-06-04,Mona Passage,12
2026-06-04,Ombai Strait,5
2026-06-04,Oresund Strait,49
2026-06-04,Panama Canal,26
2026-06-04,Strait of Hormuz,6
2026-06-04,Suez Canal,46
2026-06-04,Sunda Strait,36
2026-06-04,Taiwan Strait,272
2026-06-04,Torres Strait,8
2026-06-04,Tsugaru Strait,48
2026-06-04,Windward Passage,12
2026-06-04,Yucatan Channel,57
2026-06-05,Bab el-Mandeb Strait,28
2026-06-05,Balabac Strait,9
2026-06-05,Bering Strait,0
2026-06-05,Bohai Strait,176
2026-06-05,Bosporus Strait,83
2026-06-05,Cape of Good Hope,103
2026-06-05,Dover Strait,146
2026-06-05,Gibraltar Strait,112
2026-06-05,Kerch Strait,19
2026-06-05,Korea Strait,246
2026-06-05,Lombok Strait,42
2026-06-05,Luzon Strait,78
2026-06-05,Magellan Strait,3
2026-06-05,Makassar Strait,48
2026-06-05,Malacca Strait,191
2026-06-05,Mindoro Strait,56
2026-06-05,Mona Passage,10
2026-06-05,Ombai Strait,10
2026-06-05,Oresund Strait,47
2026-06-05,Panama Canal,33
2026-06-05,Strait of Hormuz,3
2026-06-05,Suez Canal,43
2026-06-05,Sunda Strait,33
2026-06-05,Taiwan Strait,263
2026-06-05,Torres Strait,9
2026-06-05,Tsugaru Strait,34
2026-06-05,Windward Passage,20
2026-06-05,Yucatan Channel,44
2026-06-06,Bab el-Mandeb Strait,40
2026-06-06,Balabac Strait,13
2026-06-06,Bering Strait,0
2026-06-06,Bohai Strait,156
2026-06-06,Bosporus Strait,82
2026-06-06,Cape of Good Hope,96
2026-06-06,Dover Strait,172
2026-06-06,Gibraltar Strait,142
2026-06-06,Kerch Strait,12
2026-06-06,Korea Strait,234
2026-06-06,Lombok Strait,35
2026-06-06,Luzon Strait,83
2026-06-06,Magellan Strait,7
2026-06-06,Makassar Strait,58
2026-06-06,Malacca Strait,222
2026-06-06,Mindoro Strait,57
2026-06-06,Mona Passage,15
2026-06-06,Ombai Strait,10
2026-06-06,Oresund Strait,45
2026-06-06,Panama Canal,31
2026-06-06,Strait of Hormuz,3
2026-06-06,Suez Canal,43
2026-06-06,Sunda Strait,29
2026-06-06,Taiwan Strait,267
2026-06-06,Torres Strait,6
2026-06-06,Tsugaru Strait,64
2026-06-06,Windward Passage,15
2026-06-06,Yucatan Channel,62
2026-06-07,Bab el-Mandeb Strait,37
2026-06-07,Balabac Strait,15
2026-06-07,Bering Strait,1
2026-06-07,Bohai Strait,171
2026-06-07,Bosporus Strait,71
2026-06-07,Cape of Good Hope,100
2026-06-07,Dover Strait,165
2026-06-07,Gibraltar Strait,120
2026-06-07,Kerch Strait,12
2026-06-07,Korea Strait,208
2026-06-07,Lombok Strait,43
2026-06-07,Luzon Strait,75
2026-06-07,Magellan Strait,2
2026-06-07,Makassar Strait,77
2026-06-07,Malacca Strait,193
2026-06-07,Mindoro Strait,52
2026-06-07,Mona Passage,11
2026-06-07,Ombai Strait,7
2026-06-07,Oresund Strait,38
2026-06-07,Panama Canal,32
2026-06-07,Strait of Hormuz,3
2026-06-07,Suez Canal,43
2026-06-07,Sunda Strait,21
2026-06-07,Taiwan Strait,237
2026-06-07,Torres Strait,15
2026-06-07,Tsugaru Strait,41
2026-06-07,Windward Passage,16
2026-06-07,Yucatan Channel,59
2026-06-08,Bab el-Mandeb Strait,31
2026-06-08,Balabac Strait,8
2026-06-08,Bering Strait,0
2026-06-08,Bohai Strait,167
2026-06-08,Bosporus Strait,81
2026-06-08,Cape of Good Hope,101
2026-06-08,Dover Strait,169
2026-06-08,Gibraltar Strait,141
2026-06-08,Kerch Strait,7
2026-06-08,Korea Strait,218
2026-06-08,Lombok Strait,40
2026-06-08,Luzon Strait,91
2026-06-08,Magellan Strait,4
2026-06-08,Makassar Strait,51
2026-06-08,Malacca Strait,223
2026-06-08,Mindoro Strait,66
2026-06-08,Mona Passage,9
2026-06-08,Ombai Strait,8
2026-06-08,Oresund Strait,43
2026-06-08,Panama Canal,30
2026-06-08,Strait of Hormuz,8
2026-06-08,Suez Canal,49
2026-06-08,Sunda Strait,25
2026-06-08,Taiwan Strait,222
2026-06-08,Torres Strait,10
2026-06-08,Tsugaru Strait,62
2026-06-08,Windward Passage,21
2026-06-08,Yucatan Channel,48
2026-06-09,Bab el-Mandeb Strait,38
2026-06-09,Balabac Strait,23
2026-06-09,Bering Strait,0
2026-06-09,Bohai Strait,171
2026-06-09,Bosporus Strait,100
2026-06-09,Cape of Good Hope,88
2026-06-09,Dover Strait,160
2026-06-09,Gibraltar Strait,124
2026-06-09,Kerch Strait,13
2026-06-09,Korea Strait,218
2026-06-09,Lombok Strait,57
2026-06-09,Luzon Strait,82
2026-06-09,Magellan Strait,5
2026-06-09,Makassar Strait,59
2026-06-09,Malacca Strait,240
2026-06-09,Mindoro Strait,42
2026-06-09,Mona Passage,6
2026-06-09,Ombai Strait,8
2026-06-09,Oresund Strait,37
2026-06-09,Panama Canal,25
2026-06-09,Strait of Hormuz,6
2026-06-09,Suez Canal,46
2026-06-09,Sunda Strait,43
2026-06-09,Taiwan Strait,266
2026-06-09,Torres Strait,8
2026-06-09,Tsugaru Strait,49
2026-06-09,Windward Passage,18
2026-06-09,Yucatan Channel,51
2026-06-10,Bab el-Mandeb Strait,32
2026-06-10,Balabac Strait,15
2026-06-10,Bering Strait,0
2026-06-10,Bohai Strait,179
2026-06-10,Bosporus Strait,85
2026-06-10,Cape of Good Hope,105
2026-06-10,Dover Strait,171
2026-06-10,Gibraltar Strait,131
2026-06-10,Kerch Strait,10
2026-06-10,Korea Strait,219
2026-06-10,Lombok Strait,33
2026-06-10,Luzon Strait,88
2026-06-10,Magellan Strait,6
2026-06-10,Makassar Strait,56
2026-06-10,Malacca Strait,222
2026-06-10,Mindoro Strait,64
2026-06-10,Mona Passage,13
2026-06-10,Ombai Strait,10
2026-06-10,Oresund Strait,42
2026-06-10,Panama Canal,25
2026-06-10,Strait of Hormuz,6
2026-06-10,Suez Canal,39
2026-06-10,Sunda Strait,33
2026-06-10,Taiwan Strait,255
2026-06-10,Torres Strait,12
2026-06-10,Tsugaru Strait,55
2026-06-10,Windward Passage,17
2026-06-10,Yucatan Channel,65
2026-06-11,Bab el-Mandeb Strait,40
2026-06-11,Balabac Strait,10
2026-06-11,Bering Strait,0
2026-06-11,Bohai Strait,175
2026-06-11,Bosporus Strait,71
2026-06-11,Cape of Good Hope,81
2026-06-11,Dover Strait,158
2026-06-11,Gibraltar Strait,142
2026-06-11,Kerch Strait,5
2026-06-11,Korea Strait,195
2026-06-11,Lombok Strait,39
2026-06-11,Luzon Strait,99
2026-06-11,Magellan Strait,3
2026-06-11,Makassar Strait,66
2026-06-11,Malacca Strait,218
2026-06-11,Mindoro Strait,60
2026-06-11,Mona Passage,11
2026-06-11,Ombai Strait,7
2026-06-11,Oresund Strait,40
2026-06-11,Panama Canal,25
2026-06-11,Strait of Hormuz,7
2026-06-11,Suez Canal,36
2026-06-11,Sunda Strait,27
2026-06-11,Taiwan Strait,244
2026-06-11,Torres Strait,11
2026-06-11,Tsugaru Strait,57
2026-06-11,Windward Passage,20
2026-06-11,Yucatan Channel,48
2026-06-12,Bab el-Mandeb Strait,41
2026-06-12,Balabac Strait,8
2026-06-12,Bering Strait,0
2026-06-12,Bohai Strait,161
2026-06-12,Bosporus Strait,75
2026-06-12,Cape of Good Hope,76
2026-06-12,Dover Strait,172
2026-06-12,Gibraltar Strait,122
2026-06-12,Kerch Strait,6
2026-06-12,Korea Strait,213
2026-06-12,Lombok Strait,36
2026-06-12,Luzon Strait,83
2026-06-12,Magellan Strait,4
2026-06-12,Makassar Strait,52
2026-06-12,Malacca Strait,211
2026-06-12,Mindoro Strait,58
2026-06-12,Mona Passage,12
2026-06-12,Ombai Strait,14
2026-06-12,Oresund Strait,41
2026-06-12,Panama Canal,24
2026-06-12,Strait of Hormuz,7
2026-06-12,Suez Canal,29
2026-06-12,Sunda Strait,26
2026-06-12,Taiwan Strait,240
2026-06-12,Torres Strait,12
2026-06-12,Tsugaru Strait,59
2026-06-12,Windward Passage,18
2026-06-12,Yucatan Channel,46
2026-06-13,Bab el-Mandeb Strait,37
2026-06-13,Balabac Strait,14
2026-06-13,Bering Strait,0
2026-06-13,Bohai Strait,171
2026-06-13,Bosporus Strait,88
2026-06-13,Cape of Good Hope,79
2026-06-13,Dover Strait,173
2026-06-13,Gibraltar Strait,163
2026-06-13,Kerch Strait,7
2026-06-13,Korea Strait,240
2026-06-13,Lombok Strait,41
2026-06-13,Luzon Strait,86
2026-06-13,Magellan Strait,6
2026-06-13,Makassar Strait,52
2026-06-13,Malacca Strait,227
2026-06-13,Mindoro Strait,68
2026-06-13,Mona Passage,10
2026-06-13,Ombai Strait,9
2026-06-13,Oresund Strait,55
2026-06-13,Panama Canal,23
2026-06-13,Strait of Hormuz,4
2026-06-13,Suez Canal,40
2026-06-13,Sunda Strait,33
2026-06-13,Taiwan Strait,243
2026-06-13,Torres Strait,12
2026-06-13,Tsugaru Strait,56
2026-06-13,Windward Passage,12
2026-06-13,Yucatan Channel,58
2026-06-14,Bab el-Mandeb Strait,33
2026-06-14,Balabac Strait,15
2026-06-14,Bering Strait,0
2026-06-14,Bohai Strait,151
2026-06-14,Bosporus Strait,89
2026-06-14,Cape of Good Hope,107
2026-06-14,Dover Strait,167
2026-06-14,Gibraltar Strait,114
2026-06-14,Kerch Strait,11
2026-06-14,Korea Strait,214
2026-06-14,Lombok Strait,45
2026-06-14,Luzon Strait,104
2026-06-14,Magellan Strait,4
2026-06-14,Makassar Strait,39
2026-06-14,Malacca Strait,224
2026-06-14,Mindoro Strait,49
2026-06-14,Mona Passage,10
2026-06-14,Ombai Strait,11
2026-06-14,Oresund Strait,31
2026-06-14,Panama Canal,25
2026-06-14,Strait of Hormuz,6
2026-06-14,Suez Canal,40
2026-06-14,Sunda Strait,30
2026-06-14,Taiwan Strait,233
2026-06-14,Torres Strait,7
2026-06-14,Tsugaru Strait,52
2026-06-14,Windward Passage,21
2026-06-14,Yucatan Channel,45
2026-06-15,Bab el-Mandeb Strait,35
2026-06-15,Balabac Strait,7
2026-06-15,Bering Strait,1
2026-06-15,Bohai Strait,154
2026-06-15,Bosporus Strait,77
2026-06-15,Cape of Good Hope,96
2026-06-15,Dover Strait,146
2026-06-15,Gibraltar Strait,141
2026-06-15,Kerch Strait,6
2026-06-15,Korea Strait,221
2026-06-15,Lombok Strait,33
2026-06-15,Luzon Strait,120
2026-06-15,Magellan Strait,5
2026-06-15,Makassar Strait,59
2026-06-15,Malacca Strait,227
2026-06-15,Mindoro Strait,52
2026-06-15,Mona Passage,7
2026-06-15,Ombai Strait,11
2026-06-15,Oresund Strait,39
2026-06-15,Panama Canal,24
2026-06-15,Strait of Hormuz,11
2026-06-15,Suez Canal,39
2026-06-15,Sunda Strait,27
2026-06-15,Taiwan Strait,232
2026-06-15,Torres Strait,9
2026-06-15,Tsugaru Strait,46
2026-06-15,Windward Passage,18
2026-06-15,Yucatan Channel,54
2026-06-16,Bab el-Mandeb Strait,25
2026-06-16,Balabac Strait,17
2026-06-16,Bering Strait,0
2026-06-16,Bohai Strait,176
2026-06-16,Bosporus Strait,78
2026-06-16,Cape of Good Hope,97
2026-06-16,Dover Strait,160
2026-06-16,Gibraltar Strait,137
2026-06-16,Kerch Strait,9
2026-06-16,Korea Strait,210
2026-06-16,Lombok Strait,41
2026-06-16,Luzon Strait,102
2026-06-16,Magellan Strait,8
2026-06-16,Makassar Strait,59
2026-06-16,Malacca Strait,232
2026-06-16,Mindoro Strait,43
2026-06-16,Mona Passage,8
2026-06-16,Ombai Strait,7
2026-06-16,Oresund Strait,44
2026-06-16,Panama Canal,24
2026-06-16,Strait of Hormuz,12
2026-06-16,Suez Canal,21
2026-06-16,Sunda Strait,39
2026-06-16,Taiwan Strait,246
2026-06-16,Torres Strait,15
2026-06-16,Tsugaru Strait,76
2026-06-16,Windward Passage,18
2026-06-16,Yucatan Channel,46
2026-06-17,Bab el-Mandeb Strait,42
2026-06-17,Balabac Strait,6
2026-06-17,Bering Strait,0
2026-06-17,Bohai Strait,161
2026-06-17,Bosporus Strait,55
2026-06-17,Cape of Good Hope,83
2026-06-17,Dover Strait,160
2026-06-17,Gibraltar Strait,123
2026-06-17,Kerch Strait,12
2026-06-17,Korea Strait,221
2026-06-17,Lombok Strait,35
2026-06-17,Luzon Strait,112
2026-06-17,Magellan Strait,8
2026-06-17,Makassar Strait,46
2026-06-17,Malacca Strait,204
2026-06-17,Mindoro Strait,64
2026-06-17,Mona Passage,8
2026-06-17,Ombai Strait,14
2026-06-17,Oresund Strait,41
2026-06-17,Panama Canal,23
2026-06-17,Strait of Hormuz,15
2026-06-17,Suez Canal,30
2026-06-17,Sunda Strait,34
2026-06-17,Taiwan Strait,248
2026-06-17,Torres Strait,13
2026-06-17,Tsugaru Strait,56
2026-06-17,Windward Passage,12
2026-06-17,Yucatan Channel,49
2026-06-18,Bab el-Mandeb Strait,40
2026-06-18,Balabac Strait,17
2026-06-18,Bering Strait,1
2026-06-18,Bohai Strait,171
2026-06-18,Bosporus Strait,90
2026-06-18,Cape of Good Hope,93
2026-06-18,Dover Strait,145
2026-06-18,Gibraltar Strait,140
2026-06-18,Kerch Strait,5
2026-06-18,Korea Strait,217
2026-06-18,Lombok Strait,40
2026-06-18,Luzon Strait,96
2026-06-18,Magellan Strait,3
2026-06-18,Makassar Strait,58
2026-06-18,Malacca Strait,210
2026-06-18,Mindoro Strait,58
2026-06-18,Mona Passage,15
2026-06-18,Ombai Strait,12
2026-06-18,Oresund Strait,35
2026-06-18,Panama Canal,35
2026-06-18,Strait of Hormuz,22
2026-06-18,Suez Canal,38
2026-06-18,Sunda Strait,34
2026-06-18,Taiwan Strait,270
2026-06-18,Torres Strait,9
2026-06-18,Tsugaru Strait,47
2026-06-18,Windward Passage,16
2026-06-18,Yucatan Channel,47
2026-06-19,Bab el-Mandeb Strait,39
2026-06-19,Balabac Strait,8
2026-06-19,Bering Strait,0
2026-06-19,Bohai Strait,158
2026-06-19,Bosporus Strait,99
2026-06-19,Cape of Good Hope,94
2026-06-19,Dover Strait,164
2026-06-19,Gibraltar Strait,132
2026-06-19,Kerch Strait,23
2026-06-19,Korea Strait,213
2026-06-19,Lombok Strait,35
2026-06-19,Luzon Strait,87
2026-06-19,Magellan Strait,7
2026-06-19,Makassar Strait,59
2026-06-19,Malacca Strait,193
2026-06-19,Mindoro Strait,57
2026-06-19,Mona Passage,11
2026-06-19,Ombai Strait,9
2026-06-19,Oresund Strait,39
2026-06-19,Panama Canal,32
2026-06-19,Strait of Hormuz,13
2026-06-19,Suez Canal,47
2026-06-19,Sunda Strait,27
2026-06-19,Taiwan Strait,231
2026-06-19,Torres Strait,7
2026-06-19,Tsugaru Strait,51
2026-06-19,Windward Passage,10
2026-06-19,Yucatan Channel,47
2026-06-20,Bab el-Mandeb Strait,39
2026-06-20,Balabac Strait,9
2026-06-20,Bering Strait,0
2026-06-20,Bohai Strait,166
2026-06-20,Bosporus Strait,89
2026-06-20,Cape of Good Hope,98
2026-06-20,Dover Strait,155
2026-06-20,Gibraltar Strait,163
2026-06-20,Kerch Strait,14
2026-06-20,Korea Strait,196
2026-06-20,Lombok Strait,42
2026-06-20,Luzon Strait,109
2026-06-20,Magellan Strait,2
2026-06-20,Makassar Strait,69
2026-06-20,Malacca Strait,223
2026-06-20,Mindoro Strait,49
2026-06-20,Mona Passage,6
2026-06-20,Ombai Strait,13
2026-06-20,Oresund Strait,48
2026-06-20,Panama Canal,33
2026-06-20,Strait of Hormuz,26
2026-06-20,Suez Canal,41
2026-06-20,Sunda Strait,39
2026-06-20,Taiwan Strait,237
2026-06-20,Torres Strait,13
2026-06-20,Tsugaru Strait,50
2026-06-20,Windward Passage,13
2026-06-20,Yucatan Channel,50
2026-06-21,Bab el-Mandeb Strait,37
2026-06-21,Balabac Strait,12
2026-06-21,Bering Strait,0
2026-06-21,Bohai Strait,165
2026-06-21,Bosporus Strait,77
2026-06-21,Cape of Good Hope,106
2026-06-21,Dover Strait,176
2026-06-21,Gibraltar Strait,124
2026-06-21,Kerch Strait,11
2026-06-21,Korea Strait,238
2026-06-21,Lombok Strait,38
2026-06-21,Luzon Strait,106
2026-06-21,Magellan Strait,6
2026-06-21,Makassar Strait,46
2026-06-21,Malacca Strait,235
2026-06-21,Mindoro Strait,63
2026-06-21,Mona Passage,18
2026-06-21,Ombai Strait,12
2026-06-21,Oresund Strait,38
2026-06-21,Panama Canal,36
2026-06-21,Strait of Hormuz,8
2026-06-21,Suez Canal,48
2026-06-21,Sunda Strait,38
2026-06-21,Taiwan Strait,248
2026-06-21,Torres Strait,8
2026-06-21,Tsugaru Strait,48
2026-06-21,Windward Passage,12
2026-06-21,Yucatan Channel,67
2026-06-22,Bab el-Mandeb Strait,29
2026-06-22,Balabac Strait,4
2026-06-22,Bering Strait,0
2026-06-22,Bohai Strait,188
2026-06-22,Bosporus Strait,77
2026-06-22,Cape of Good Hope,110
2026-06-22,Dover Strait,153
2026-06-22,Gibraltar Strait,148
2026-06-22,Kerch Strait,11
2026-06-22,Korea Strait,232
2026-06-22,Lombok Strait,37
2026-06-22,Luzon Strait,83
2026-06-22,Magellan Strait,1
2026-06-22,Makassar Strait,57
2026-06-22,Malacca Strait,263
2026-06-22,Mindoro Strait,60
2026-06-22,Mona Passage,9
2026-06-22,Ombai Strait,7
2026-06-22,Oresund Strait,33
2026-06-22,Panama Canal,32
2026-06-22,Strait of Hormuz,14
2026-06-22,Suez Canal,40
2026-06-22,Sunda Strait,26
2026-06-22,Taiwan Strait,258
2026-06-22,Torres Strait,9
2026-06-22,Tsugaru Strait,46
2026-06-22,Windward Passage,21
2026-06-22,Yucatan Channel,58
2026-06-23,Bab el-Mandeb Strait,30
2026-06-23,Balabac Strait,10
2026-06-23,Bering Strait,0
2026-06-23,Bohai Strait,166
2026-06-23,Bosporus Strait,79
2026-06-23,Cape of Good Hope,90
2026-06-23,Dover Strait,154
2026-06-23,Gibraltar Strait,133
2026-06-23,Kerch Strait,14
2026-06-23,Korea Strait,197
2026-06-23,Lombok Strait,35
2026-06-23,Luzon Strait,32
2026-06-23,Magellan Strait,4
2026-06-23,Makassar Strait,63
2026-06-23,Malacca Strait,233
2026-06-23,Mindoro Strait,66
2026-06-23,Mona Passage,5
2026-06-23,Ombai Strait,9
2026-06-23,Oresund Strait,46
2026-06-23,Panama Canal,34
2026-06-23,Strait of Hormuz,15
2026-06-23,Suez Canal,48
2026-06-23,Sunda Strait,34
2026-06-23,Taiwan Strait,325
2026-06-23,Torres Strait,9
2026-06-23,Tsugaru Strait,52
2026-06-23,Windward Passage,21
2026-06-23,Yucatan Channel,47
2026-06-24,Bab el-Mandeb Strait,36
2026-06-24,Balabac Strait,13
2026-06-24,Bering Strait,0
2026-06-24,Bohai Strait,162
2026-06-24,Bosporus Strait,66
2026-06-24,Cape of Good Hope,78
2026-06-24,Dover Strait,174
2026-06-24,Gibraltar Strait,125
2026-06-24,Kerch Strait,11
2026-06-24,Korea Strait,251
2026-06-24,Lombok Strait,35
2026-06-24,Luzon Strait,25
2026-06-24,Magellan Strait,7
2026-06-24,Makassar Strait,48
2026-06-24,Malacca Strait,217
2026-06-24,Mindoro Strait,60
2026-06-24,Mona Passage,12
2026-06-24,Ombai Strait,6
2026-06-24,Oresund Strait,32
2026-06-24,Panama Canal,27
2026-06-24,Strait of Hormuz,51
2026-06-24,Suez Canal,37
2026-06-24,Sunda Strait,32
2026-06-24,Taiwan Strait,313
2026-06-24,Torres Strait,9
2026-06-24,Tsugaru Strait,62
2026-06-24,Windward Passage,13
2026-06-24,Yucatan Channel,57
2026-06-25,Bab el-Mandeb Strait,46
2026-06-25,Balabac Strait,11
2026-06-25,Bering Strait,0
2026-06-25,Bohai Strait,170
2026-06-25,Bosporus Strait,86
2026-06-25,Cape of Good Hope,90
2026-06-25,Dover Strait,146
2026-06-25,Gibraltar Strait,116
2026-06-25,Kerch Strait,14
2026-06-25,Korea Strait,247
2026-06-25,Lombok Strait,39
2026-06-25,Luzon Strait,69
2026-06-25,Magellan Strait,3
2026-06-25,Makassar Strait,60
2026-06-25,Malacca Strait,239
2026-06-25,Mindoro Strait,70
2026-06-25,Mona Passage,16
2026-06-25,Ombai Strait,11
2026-06-25,Oresund Strait,34
2026-06-25,Panama Canal,33
2026-06-25,Strait of Hormuz,50
2026-06-25,Suez Canal,50
2026-06-25,Sunda Strait,33
2026-06-25,Taiwan Strait,244
2026-06-25,Torres Strait,12
2026-06-25,Tsugaru Strait,47
2026-06-25,Windward Passage,10
2026-06-25,Yucatan Channel,53
2026-06-26,Bab el-Mandeb Strait,36
2026-06-26,Balabac Strait,17
2026-06-26,Bering Strait,0
2026-06-26,Bohai Strait,174
2026-06-26,Bosporus Strait,98
2026-06-26,Cape of Good Hope,91
2026-06-26,Dover Strait,158
2026-06-26,Gibraltar Strait,136
2026-06-26,Kerch Strait,12
2026-06-26,Korea Strait,234
2026-06-26,Lombok Strait,28
2026-06-26,Luzon Strait,73
2026-06-26,Magellan Strait,6
2026-06-26,Makassar Strait,75
2026-06-26,Malacca Strait,235
2026-06-26,Mindoro Strait,60
2026-06-26,Mona Passage,6
2026-06-26,Ombai Strait,10
2026-06-26,Oresund Strait,51
2026-06-26,Panama Canal,36
2026-06-26,Strait of Hormuz,37
2026-06-26,Suez Canal,39
2026-06-26,Sunda Strait,40
2026-06-26,Taiwan Strait,274
2026-06-26,Torres Strait,7
2026-06-26,Tsugaru Strait,60
2026-06-26,Windward Passage,21
2026-06-26,Yucatan Channel,60
2026-06-27,Bab el-Mandeb Strait,32
2026-06-27,Balabac Strait,13
2026-06-27,Bering Strait,0
2026-06-27,Bohai Strait,167
2026-06-27,Bosporus Strait,81
2026-06-27,Cape of Good Hope,105
2026-06-27,Dover Strait,162
2026-06-27,Gibraltar Strait,140
2026-06-27,Kerch Strait,6
2026-06-27,Korea Strait,231
2026-06-27,Lombok Strait,42
2026-06-27,Luzon Strait,83
2026-06-27,Magellan Strait,5
2026-06-27,Makassar Strait,56
2026-06-27,Malacca Strait,232
2026-06-27,Mindoro Strait,54
2026-06-27,Mona Passage,14
2026-06-27,Ombai Strait,9
2026-06-27,Oresund Strait,35
2026-06-27,Panama Canal,33
2026-06-27,Strait of Hormuz,27
2026-06-27,Suez Canal,39
2026-06-27,Sunda Strait,32
2026-06-27,Taiwan Strait,257
2026-06-27,Torres Strait,9
2026-06-27,Tsugaru Strait,68
2026-06-27,Windward Passage,11
2026-06-27,Yucatan Channel,53
2026-06-28,Bab el-Mandeb Strait,37
2026-06-28,Balabac Strait,10
2026-06-28,Bering Strait,0
2026-06-28,Bohai Strait,177
2026-06-28,Bosporus Strait,63
2026-06-28,Cape of Good Hope,79
2026-06-28,Dover Strait,166
2026-06-28,Gibraltar Strait,129
2026-06-28,Kerch Strait,9
2026-06-28,Korea Strait,221
2026-06-28,Lombok Strait,45
2026-06-28,Luzon Strait,81
2026-06-28,Magellan Strait,6
2026-06-28,Makassar Strait,61
2026-06-28,Malacca Strait,215
2026-06-28,Mindoro Strait,61
2026-06-28,Mona Passage,9
2026-06-28,Ombai Strait,11
2026-06-28,Oresund Strait,44
2026-06-28,Panama Canal,33
2026-06-28,Strait of Hormuz,20
2026-06-28,Suez Canal,44
2026-06-28,Sunda Strait,40
2026-06-28,Taiwan Strait,247
2026-06-28,Torres Strait,5
2026-06-28,Tsugaru Strait,42
2026-06-28,Windward Passage,12
2026-06-28,Yucatan Channel,53
2026-06-29,Bab el-Mandeb Strait,35
2026-06-29,Balabac Strait,13
2026-06-29,Bering Strait,0
2026-06-29,Bohai Strait,135
2026-06-29,Bosporus Strait,86
2026-06-29,Cape of Good Hope,88
2026-06-29,Dover Strait,130
2026-06-29,Gibraltar Strait,140
2026-06-29,Kerch Strait,11
2026-06-29,Korea Strait,210
2026-06-29,Lombok Strait,29
2026-06-29,Luzon Strait,97
2026-06-29,Magellan Strait,3
2026-06-29,Makassar Strait,52
2026-06-29,Malacca Strait,189
2026-06-29,Mindoro Strait,51
2026-06-29,Mona Passage,13
2026-06-29,Ombai Strait,13
2026-06-29,Oresund Strait,41
2026-06-29,Panama Canal,29
2026-06-29,Strait of Hormuz,31
2026-06-29,Suez Canal,34
2026-06-29,Sunda Strait,32
2026-06-29,Taiwan Strait,264
2026-06-29,Torres Strait,9
2026-06-29,Tsugaru Strait,54
2026-06-29,Windward Passage,14
2026-06-29,Yucatan Channel,56
2026-06-30,Bab el-Mandeb Strait,37
2026-06-30,Balabac Strait,4
2026-06-30,Bering Strait,1
2026-06-30,Bohai Strait,169
2026-06-30,Bosporus Strait,97
2026-06-30,Cape of Good Hope,102
2026-06-30,Dover Strait,162
2026-06-30,Gibraltar Strait,133
2026-06-30,Kerch Strait,13
2026-06-30,Korea Strait,237
2026-06-30,Lombok Strait,46
2026-06-30,Luzon Strait,102
2026-06-30,Magellan Strait,4
2026-06-30,Makassar Strait,78
2026-06-30,Malacca Strait,246
2026-06-30,Mindoro Strait,52
2026-06-30,Mona Passage,13
2026-06-30,Ombai Strait,8
2026-06-30,Oresund Strait,42
2026-06-30,Panama Canal,31
2026-06-30,Strait of Hormuz,21
2026-06-30,Suez Canal,47
2026-06-30,Sunda Strait,23
2026-06-30,Taiwan Strait,259
2026-06-30,Torres Strait,11
2026-06-30,Tsugaru Strait,50
2026-06-30,Windward Passage,21
2026-06-30,Yucatan Channel,65
2026-07-01,Bab el-Mandeb Strait,31
2026-07-01,Balabac Strait,11
2026-07-01,Bering Strait,0
2026-07-01,Bohai Strait,163
2026-07-01,Bosporus Strait,62
2026-07-01,Cape of Good Hope,100
2026-07-01,Dover Strait,154
2026-07-01,Gibraltar Strait,134
2026-07-01,Kerch Strait,8
2026-07-01,Korea Strait,211
2026-07-01,Lombok Strait,37
2026-07-01,Luzon Strait,103
2026-07-01,Magellan Strait,8
2026-07-01,Makassar Strait,44
2026-07-01,Malacca Strait,236
2026-07-01,Mindoro Strait,55
2026-07-01,Mona Passage,11
2026-07-01,Ombai Strait,6
2026-07-01,Oresund Strait,40
2026-07-01,Panama Canal,36
2026-07-01,Strait of Hormuz,40
2026-07-01,Suez Canal,34
2026-07-01,Sunda Strait,32
2026-07-01,Taiwan Strait,241
2026-07-01,Torres Strait,13
2026-07-01,Tsugaru Strait,58
2026-07-01,Windward Passage,17
2026-07-01,Yucatan Channel,50
2026-07-02,Bab el-Mandeb Strait,39
2026-07-02,Balabac Strait,13
2026-07-02,Bering Strait,0
2026-07-02,Bohai Strait,157
2026-07-02,Bosporus Strait,63
2026-07-02,Cape of Good Hope,97
2026-07-02,Dover Strait,147
2026-07-02,Gibraltar Strait,127
2026-07-02,Kerch Strait,7
2026-07-02,Korea Strait,248
2026-07-02,Lombok Strait,41
2026-07-02,Luzon Strait,90
2026-07-02,Magellan Strait,7
2026-07-02,Makassar Strait,41
2026-07-02,Malacca Strait,211
2026-07-02,Mindoro Strait,53
2026-07-02,Mona Passage,8
2026-07-02,Ombai Strait,12
2026-07-02,Oresund Strait,29
2026-07-02,Panama Canal,31
2026-07-02,Strait of Hormuz,34
2026-07-02,Suez Canal,44
2026-07-02,Sunda Strait,38
2026-07-02,Taiwan Strait,234
2026-07-02,Torres Strait,8
2026-07-02,Tsugaru Strait,47
2026-07-02,Windward Passage,10
2026-07-02,Yucatan Channel,64
2026-07-03,Bab el-Mandeb Strait,31
2026-07-03,Balabac Strait,11
2026-07-03,Bering Strait,0
2026-07-03,Bohai Strait,155
2026-07-03,Bosporus Strait,87
2026-07-03,Cape of Good Hope,101
2026-07-03,Dover Strait,179
2026-07-03,Gibraltar Strait,128
2026-07-03,Kerch Strait,6
2026-07-03,Korea Strait,222
2026-07-03,Lombok Strait,39
2026-07-03,Luzon Strait,99
2026-07-03,Magellan Strait,4
2026-07-03,Makassar Strait,58
2026-07-03,Malacca Strait,240
2026-07-03,Mindoro Strait,61
2026-07-03,Mona Passage,10
2026-07-03,Ombai Strait,1
2026-07-03,Oresund Strait,40
2026-07-03,Panama Canal,34
2026-07-03,Strait of Hormuz,31
2026-07-03,Suez Canal,49
2026-07-03,Sunda Strait,26
2026-07-03,Taiwan Strait,258
2026-07-03,Torres Strait,10
2026-07-03,Tsugaru Strait,64
2026-07-03,Windward Passage,18
2026-07-03,Yucatan Channel,46
2026-07-04,Bab el-Mandeb Strait,31
2026-07-04,Balabac Strait,12
2026-07-04,Bering Strait,2
2026-07-04,Bohai Strait,149
2026-07-04,Bosporus Strait,85
2026-07-04,Cape of Good Hope,68
2026-07-04,Dover Strait,173
2026-07-04,Gibraltar Strait,132
2026-07-04,Kerch Strait,3
2026-07-04,Korea Strait,214
2026-07-04,Lombok Strait,38
2026-07-04,Luzon Strait,114
2026-07-04,Magellan Strait,6
2026-07-04,Makassar Strait,47
2026-07-04,Malacca Strait,241
2026-07-04,Mindoro Strait,62
2026-07-04,Mona Passage,14
2026-07-04,Ombai Strait,10
2026-07-04,Oresund Strait,50
2026-07-04,Panama Canal,30
2026-07-04,Strait of Hormuz,22
2026-07-04,Suez Canal,41
2026-07-04,Sunda Strait,26
2026-07-04,Taiwan Strait,230
2026-07-04,Torres Strait,8
2026-07-04,Tsugaru Strait,71
2026-07-04,Windward Passage,19
2026-07-04,Yucatan Channel,67
2026-07-05,Bab el-Mandeb Strait,34
2026-07-05,Balabac Strait,11
2026-07-05,Bering Strait,0
2026-07-05,Bohai Strait,171
2026-07-05,Bosporus Strait,87
2026-07-05,Cape of Good Hope,115
2026-07-05,Dover Strait,145
2026-07-05,Gibraltar Strait,131
2026-07-05,Kerch Strait,10
2026-07-05,Korea Strait,223
2026-07-05,Lombok Strait,35
2026-07-05,Luzon Strait,97
2026-07-05,Magellan Strait,6
2026-07-05,Makassar Strait,61
2026-07-05,Malacca Strait,235
2026-07-05,Mindoro Strait,40
2026-07-05,Mona Passage,12
2026-07-05,Ombai Strait,11
2026-07-05,Oresund Strait,49
2026-07-05,Panama Canal,36
2026-07-05,Strait of Hormuz,26
2026-07-05,Suez Canal,46
2026-07-05,Sunda Strait,34
2026-07-05,Taiwan Strait,250
2026-07-05,Torres Strait,4
2026-07-05,Tsugaru Strait,60
2026-07-05,Windward Passage,23
2026-07-05,Yucatan Channel,57
2026-07-06,Bab el-Mandeb Strait,28
2026-07-06,Balabac Strait,15
2026-07-06,Bering Strait,3
2026-07-06,Bohai Strait,155
2026-07-06,Bosporus Strait,68
2026-07-06,Cape of Good Hope,99
2026-07-06,Dover Strait,177
2026-07-06,Gibraltar Strait,126
2026-07-06,Kerch Strait,1
2026-07-06,Korea Strait,205
2026-07-06,Lombok Strait,37
2026-07-06,Luzon Strait,93
2026-07-06,Magellan Strait,5
2026-07-06,Makassar Strait,58
2026-07-06,Malacca Strait,238
2026-07-06,Mindoro Strait,63
2026-07-06,Mona Passage,15
2026-07-06,Ombai Strait,8
2026-07-06,Oresund Strait,38
2026-07-06,Panama Canal,29
2026-07-06,Strait of Hormuz,28
2026-07-06,Suez Canal,36
2026-07-06,Sunda Strait,32
2026-07-06,Taiwan Strait,242
2026-07-06,Torres Strait,11
2026-07-06,Tsugaru Strait,55
2026-07-06,Windward Passage,13
2026-07-06,Yucatan Channel,53
2026-07-07,Bab el-Mandeb Strait,27
2026-07-07,Balabac Strait,15
2026-07-07,Bering Strait,0
2026-07-07,Bohai Strait,148
2026-07-07,Bosporus Strait,84
2026-07-07,Cape of Good Hope,97
2026-07-07,Dover Strait,165
2026-07-07,Gibraltar Strait,132
2026-07-07,Kerch Strait,4
2026-07-07,Korea Strait,216
2026-07-07,Lombok Strait,24
2026-07-07,Luzon Strait,69
2026-07-07,Magellan Strait,7
2026-07-07,Makassar Strait,59
2026-07-07,Malacca Strait,234
2026-07-07,Mindoro Strait,47
2026-07-07,Mona Passage,11
2026-07-07,Ombai Strait,8
2026-07-07,Oresund Strait,40
2026-07-07,Panama Canal,27
2026-07-07,Strait of Hormuz,28
2026-07-07,Suez Canal,40
2026-07-07,Sunda Strait,32
2026-07-07,Taiwan Strait,271
2026-07-07,Torres Strait,6
2026-07-07,Tsugaru Strait,45
2026-07-07,Windward Passage,19
2026-07-07,Yucatan Channel,48
2026-07-08,Bab el-Mandeb Strait,31
2026-07-08,Balabac Strait,7
2026-07-08,Bering Strait,3
2026-07-08,Bohai Strait,163
2026-07-08,Bosporus Strait,92
2026-07-08,Cape of Good Hope,76
2026-07-08,Dover Strait,159
2026-07-08,Gibraltar Strait,129
2026-07-08,Kerch Strait,5
2026-07-08,Korea Strait,224
2026-07-08,Lombok Strait,37
2026-07-08,Luzon Strait,36
2026-07-08,Magellan Strait,9
2026-07-08,Makassar Strait,48
2026-07-08,Malacca Strait,246
2026-07-08,Mindoro Strait,67
2026-07-08,Mona Passage,11
2026-07-08,Ombai Strait,9
2026-07-08,Oresund Strait,31
2026-07-08,Panama Canal,32
2026-07-08,Strait of Hormuz,15
2026-07-08,Suez Canal,44
2026-07-08,Sunda Strait,38
2026-07-08,Taiwan Strait,277
2026-07-08,Torres Strait,8
2026-07-08,Tsugaru Strait,56
2026-07-08,Windward Passage,11
2026-07-08,Yucatan Channel,50
2026-07-09,Bab el-Mandeb Strait,28
2026-07-09,Balabac Strait,8
2026-07-09,Bering Strait,0
2026-07-09,Bohai Strait,124
2026-07-09,Bosporus Strait,87
2026-07-09,Cape of Good Hope,85
2026-07-09,Dover Strait,158
2026-07-09,Gibraltar Strait,120
2026-07-09,Kerch Strait,8
2026-07-09,Korea Strait,228
2026-07-09,Lombok Strait,32
2026-07-09,Luzon Strait,12
2026-07-09,Magellan Strait,6
2026-07-09,Makassar Strait,45
2026-07-09,Malacca Strait,232
2026-07-09,Mindoro Strait,84
2026-07-09,Mona Passage,9
2026-07-09,Ombai Strait,15
2026-07-09,Oresund Strait,41
2026-07-09,Panama Canal,32
2026-07-09,Strait of Hormuz,11
2026-07-09,Suez Canal,37
2026-07-09,Sunda Strait,29
2026-07-09,Taiwan Strait,176
2026-07-09,Torres Strait,10
2026-07-09,Tsugaru Strait,55
2026-07-09,Windward Passage,14
2026-07-09,Yucatan Channel,49
2026-07-10,Bab el-Mandeb Strait,27
2026-07-10,Balabac Strait,13
2026-07-10,Bering Strait,0
2026-07-10,Bohai Strait,125
2026-07-10,Bosporus Strait,66
2026-07-10,Cape of Good Hope,88
2026-07-10,Dover Strait,173
2026-07-10,Gibraltar Strait,134
2026-07-10,Kerch Strait,2
2026-07-10,Korea Strait,233
2026-07-10,Lombok Strait,36
2026-07-10,Luzon Strait,7
2026-07-10,Magellan Strait,6
2026-07-10,Makassar Strait,57
2026-07-10,Malacca Strait,184
2026-07-10,Mindoro Strait,71
2026-07-10,Mona Passage,11
2026-07-10,Ombai Strait,8
2026-07-10,Oresund Strait,43
2026-07-10,Panama Canal,31
2026-07-10,Strait of Hormuz,9
2026-07-10,Suez Canal,44
2026-07-10,Sunda Strait,27
2026-07-10,Taiwan Strait,28
2026-07-10,Torres Strait,6
2026-07-10,Tsugaru Strait,58
2026-07-10,Windward Passage,18
2026-07-10,Yucatan Channel,59
2026-07-11,Bab el-Mandeb Strait,44
2026-07-11,Balabac Strait,11
2026-07-11,Bering Strait,0
2026-07-11,Bohai Strait,103
2026-07-11,Bosporus Strait,81
2026-07-11,Cape of Good Hope,91
2026-07-11,Dover Strait,165
2026-07-11,Gibraltar Strait,111
2026-07-11,Kerch Strait,2
2026-07-11,Korea Strait,204
2026-07-11,Lombok Strait,40
2026-07-11,Luzon Strait,132
2026-07-11,Magellan Strait,5
2026-07-11,Makassar Strait,51
2026-07-11,Malacca Strait,221
2026-07-11,Mindoro Strait,64
2026-07-11,Mona Passage,10
2026-07-11,Ombai Strait,14
2026-07-11,Oresund Strait,53
2026-07-11,Panama Canal,29
2026-07-11,Strait of Hormuz,10
2026-07-11,Suez Canal,48
2026-07-11,Sunda Strait,34
2026-07-11,Taiwan Strait,59
2026-07-11,Torres Strait,14
2026-07-11,Tsugaru Strait,56
2026-07-11,Windward Passage,13
2026-07-11,Yucatan Channel,63
2026-07-12,Bab el-Mandeb Strait,41
2026-07-12,Balabac Strait,18
2026-07-12,Bering Strait,2
2026-07-12,Bohai Strait,195
2026-07-12,Bosporus Strait,95
2026-07-12,Cape of Good Hope,97
2026-07-12,Dover Strait,154
2026-07-12,Gibraltar Strait,144
2026-07-12,Kerch Strait,6
2026-07-12,Korea Strait,178
2026-07-12,Lombok Strait,42
2026-07-12,Luzon Strait,102
2026-07-12,Magellan Strait,2
2026-07-12,Makassar Strait,62
2026-07-12,Malacca Strait,233
2026-07-12,Mindoro Strait,54
2026-07-12,Mona Passage,11
2026-07-12,Ombai Strait,6
2026-07-12,Oresund Strait,40
2026-07-12,Panama Canal,33
2026-07-12,Strait of Hormuz,6
2026-07-12,Suez Canal,39
2026-07-12,Sunda Strait,29
2026-07-12,Taiwan Strait,401
2026-07-12,Torres Strait,5
2026-07-12,Tsugaru Strait,66
2026-07-12,Windward Passage,19
2026-07-12,Yucatan Channel,53
2026-07-13,Bab el-Mandeb Strait,44
2026-07-13,Balabac Strait,16
2026-07-13,Bering Strait,3
2026-07-13,Bohai Strait,100
2026-07-13,Bosporus Strait,94
2026-07-13,Cape of Good Hope,102
2026-07-13,Dover Strait,146
2026-07-13,Gibraltar Strait,133
2026-07-13,Kerch Strait,4
2026-07-13,Korea Strait,207
2026-07-13,Lombok Strait,33
2026-07-13,Luzon Strait,96
2026-07-13,Magellan Strait,2
2026-07-13,Makassar Strait,61
2026-07-13,Malacca Strait,223
2026-07-13,Mindoro Strait,43
2026-07-13,Mona Passage,8
2026-07-13,Ombai Strait,8
2026-07-13,Oresund Strait,36
2026-07-13,Panama Canal,83
2026-07-13,Strait of Hormuz,9
2026-07-13,Suez Canal,43
2026-07-13,Sunda Strait,43
2026-07-13,Taiwan Strait,221
2026-07-13,Torres Strait,8
2026-07-13,Tsugaru Strait,38
2026-07-13,Windward Passage,11
2026-07-13,Yucatan Channel,49
2026-07-14,Bab el-Mandeb Strait,45
2026-07-14,Balabac Strait,14
2026-07-14,Bering Strait,1
2026-07-14,Bohai Strait,147
2026-07-14,Bosporus Strait,45
2026-07-14,Cape of Good Hope,103
2026-07-14,Dover Strait,163
2026-07-14,Gibraltar Strait,126
2026-07-14,Kerch Strait,3
2026-07-14,Korea Strait,169
2026-07-14,Lombok Strait,38
2026-07-14,Luzon Strait,113
2026-07-14,Magellan Strait,9
2026-07-14,Makassar Strait,51
2026-07-14,Malacca Strait,224
2026-07-14,Mindoro Strait,38
2026-07-14,Mona Passage,12
2026-07-14,Ombai Strait,8
2026-07-14,Oresund Strait,37
2026-07-14,Panama Canal,29
2026-07-14,Strait of Hormuz,11
2026-07-14,Suez Canal,34
2026-07-14,Sunda Strait,24
2026-07-14,Taiwan Strait,281
2026-07-14,Torres Strait,10
2026-07-14,Tsugaru Strait,30
2026-07-14,Windward Passage,21
2026-07-14,Yucatan Channel,52
2026-07-15,Bab el-Mandeb Strait,40
2026-07-15,Balabac Strait,14
2026-07-15,Bering Strait,3
2026-07-15,Bohai Strait,135
2026-07-15,Bosporus Strait,55
2026-07-15,Cape of Good Hope,87
2026-07-15,Dover Strait,134
2026-07-15,Gibraltar Strait,121
2026-07-15,Kerch Strait,1
2026-07-15,Korea Strait,207
2026-07-15,Lombok Strait,44
2026-07-15,Luzon Strait,96
2026-07-15,Magellan Strait,5
2026-07-15,Makassar Strait,42
2026-07-15,Malacca Strait,221
2026-07-15,Mindoro Strait,50
2026-07-15,Mona Passage,13
2026-07-15,Ombai Strait,6
2026-07-15,Oresund Strait,45
2026-07-15,Panama Canal,28
2026-07-15,Strait of Hormuz,12
2026-07-15,Suez Canal,42
2026-07-15,Sunda Strait,26
2026-07-15,Taiwan Strait,286
2026-07-15,Torres Strait,16
2026-07-15,Tsugaru Strait,42
2026-07-15,Windward Passage,13
2026-07-15,Yucatan Channel,59
2026-07-16,Bab el-Mandeb Strait,33
2026-07-16,Balabac Strait,10
2026-07-16,Bering Strait,3
2026-07-16,Bohai Strait,151
2026-07-16,Bosporus Strait,73
2026-07-16,Cape of Good Hope,95
2026-07-16,Dover Strait,149
2026-07-16,Gibraltar Strait,125
2026-07-16,Kerch Strait,1
2026-07-16,Korea Strait,232
2026-07-16,Lombok Strait,42
2026-07-16,Luzon Strait,96
2026-07-16,Magellan Strait,7
2026-07-16,Makassar Strait,35
2026-07-16,Malacca Strait,235
2026-07-16,Mindoro Strait,41
2026-07-16,Mona Passage,12
2026-07-16,Ombai Strait,8
2026-07-16,Oresund Strait,45
2026-07-16,Panama Canal,29
2026-07-16,Strait of Hormuz,9
2026-07-16,Suez Canal,39
2026-07-16,Sunda Strait,32
2026-07-16,Taiwan Strait,252
2026-07-16,Torres Strait,4
2026-07-16,Tsugaru Strait,45
2026-07-16,Windward Passage,24
2026-07-16,Yucatan Channel,55
2026-07-17,Bab el-Mandeb Strait,46
2026-07-17,Balabac Strait,18
2026-07-17,Bering Strait,1
2026-07-17,Bohai Strait,136
2026-07-17,Bosporus Strait,90
2026-07-17,Cape of Good Hope,89
2026-07-17,Dover Strait,179
2026-07-17,Gibraltar Strait,128
2026-07-17,Kerch Strait,0
2026-07-17,Korea Strait,222
2026-07-17,Lombok Strait,33
2026-07-17,Luzon Strait,88
2026-07-17,Magellan Strait,5
2026-07-17,Makassar Strait,47
2026-07-17,Malacca Strait,241
2026-07-17,Mindoro Strait,52
2026-07-17,Mona Passage,6
2026-07-17,Ombai Strait,11
2026-07-17,Oresund Strait,40
2026-07-17,Panama Canal,32
2026-07-17,Strait of Hormuz,10
2026-07-17,Suez Canal,44
2026-07-17,Sunda Strait,36
2026-07-17,Taiwan Strait,220
2026-07-17,Torres Strait,6
2026-07-17,Tsugaru Strait,42
2026-07-17,Windward Passage,16
2026-07-17,Yucatan Channel,58
2026-07-18,Bab el-Mandeb Strait,40
2026-07-18,Balabac Strait,17
2026-07-18,Bering Strait,1
2026-07-18,Bohai Strait,147
2026-07-18,Bosporus Strait,83
2026-07-18,Cape of Good Hope,84
2026-07-18,Dover Strait,165
2026-07-18,Gibraltar Strait,120
2026-07-18,Kerch Strait,0
2026-07-18,Korea Strait,231
2026-07-18,Lombok Strait,29
2026-07-18,Luzon Strait,94
2026-07-18,Magellan Strait,4
2026-07-18,Makassar Strait,49
2026-07-18,Malacca Strait,191
2026-07-18,Mindoro Strait,44
2026-07-18,Mona Passage,11
2026-07-18,Ombai Strait,11
2026-07-18,Oresund Strait,40
2026-07-18,Panama Canal,31
2026-07-18,Strait of Hormuz,16
2026-07-18,Suez Canal,46
2026-07-18,Sunda Strait,29
2026-07-18,Taiwan Strait,238
2026-07-18,Torres Strait,10
2026-07-18,Tsugaru Strait,51
2026-07-18,Windward Passage,15
2026-07-18,Yucatan Channel,48
2026-07-19,Bab el-Mandeb Strait,33
2026-07-19,Balabac Strait,13
2026-07-19,Bering Strait,2
2026-07-19,Bohai Strait,172
2026-07-19,Bosporus Strait,63
2026-07-19,Cape of Good Hope,90
2026-07-19,Dover Strait,165
2026-07-19,Gibraltar Strait,119
2026-07-19,Kerch Strait,2
2026-07-19,Korea Strait,200
2026-07-19,Lombok Strait,31
2026-07-19,Luzon Strait,97
2026-07-19,Magellan Strait,6
2026-07-19,Makassar Strait,56
2026-07-19,Malacca Strait,170
2026-07-19,Mindoro Strait,50
2026-07-19,Mona Passage,10
2026-07-19,Ombai Strait,14
2026-07-19,Oresund Strait,32
2026-07-19,Panama Canal,34
2026-07-19,Strait of Hormuz,10
2026-07-19,Suez Canal,43
2026-07-19,Sunda Strait,24
2026-07-19,Taiwan Strait,234
2026-07-19,Torres Strait,5
2026-07-19,Tsugaru Strait,69
2026-07-19,Windward Passage,13
2026-07-19,Yucatan Channel,66
2026-07-20,Bab el-Mandeb Strait,35
2026-07-20,Balabac Strait,14
2026-07-20,Bering Strait,2
2026-07-20,Bohai Strait,170
2026-07-20,Bosporus Strait,65
2026-07-20,Cape of Good Hope,81
2026-07-20,Dover Strait,162
2026-07-20,Gibraltar Strait,129
2026-07-20,Kerch Strait,2
2026-07-20,Korea Strait,226
2026-07-20,Lombok Strait,27
2026-07-20,Luzon Strait,99
2026-07-20,Magellan Strait,4
2026-07-20,Makassar Strait,31
2026-07-20,Malacca Strait,213
2026-07-20,Mindoro Strait,53
2026-07-20,Mona Passage,12
2026-07-20,Ombai Strait,22
2026-07-20,Oresund Strait,42
2026-07-20,Panama Canal,28
2026-07-20,Strait of Hormuz,9
2026-07-20,Suez Canal,36
2026-07-20,Sunda Strait,42
2026-07-20,Taiwan Strait,251
2026-07-20,Torres Strait,8
2026-07-20,Tsugaru Strait,53
2026-07-20,Windward Passage,19
2026-07-20,Yucatan Channel,58
2026-07-21,Bab el-Mandeb Strait,25
2026-07-21,Balabac Strait,14
2026-07-21,Bering Strait,2
2026-07-21,Bohai Strait,186
2026-07-21,Bosporus Strait,65
2026-07-21,Cape of Good Hope,93
2026-07-21,Dover Strait,139
2026-07-21,Gibraltar Strait,135
2026-07-21,Kerch Strait,2
2026-07-21,Korea Strait,196
2026-07-21,Lombok Strait,32
2026-07-21,Luzon Strait,113
2026-07-21,Magellan Strait,3
2026-07-21,Makassar Strait,45
2026-07-21,Malacca Strait,201
2026-07-21,Mindoro Strait,51
2026-07-21,Mona Passage,12
2026-07-21,Ombai Strait,11
2026-07-21,Oresund Strait,38
2026-07-21,Panama Canal,30
2026-07-21,Strait of Hormuz,12
2026-07-21,Suez Canal,40
2026-07-21,Sunda Strait,27
2026-07-21,Taiwan Strait,249
2026-07-21,Torres Strait,6
2026-07-21,Tsugaru Strait,61
2026-07-21,Windward Passage,19
2026-07-21,Yucatan Channel,56
2026-07-22,Bab el-Mandeb Strait,31
2026-07-22,Balabac Strait,8
2026-07-22,Bering Strait,2
2026-07-22,Bohai Strait,161
2026-07-22,Bosporus Strait,73
2026-07-22,Cape of Good Hope,100
2026-07-22,Dover Strait,151
2026-07-22,Gibraltar Strait,135
2026-07-22,Kerch Strait,0
2026-07-22,Korea Strait,208
2026-07-22,Lombok Strait,30
2026-07-22,Luzon Strait,102
2026-07-22,Magellan Strait,3
2026-07-22,Makassar Strait,46
2026-07-22,Malacca Strait,237
2026-07-22,Mindoro Strait,54
2026-07-22,Mona Passage,10
2026-07-22,Ombai Strait,13
2026-07-22,Oresund Strait,33
2026-07-22,Panama Canal,22
2026-07-22,Strait of Hormuz,11
2026-07-22,Suez Canal,44
2026-07-22,Sunda Strait,37
2026-07-22,Taiwan Strait,269
2026-07-22,Torres Strait,8
2026-07-22,Tsugaru Strait,57
2026-07-22,Windward Passage,13
2026-07-22,Yucatan Channel,49
2026-07-23,Bab el-Mandeb Strait,34
2026-07-23,Balabac Strait,10
2026-07-23,Bering Strait,1
2026-07-23,Bohai Strait,177
2026-07-23,Bosporus Strait,60
2026-07-23,Cape of Good Hope,93
2026-07-23,Dover Strait,167
2026-07-23,Gibraltar Strait,129
2026-07-23,Kerch Strait,0
2026-07-23,Korea Strait,221
2026-07-23,Lombok Strait,25
2026-07-23,Luzon Strait,67
2026-07-23,Magellan Strait,4
2026-07-23,Makassar Strait,59
2026-07-23,Malacca Strait,240
2026-07-23,Mindoro Strait,52
2026-07-23,Mona Passage,10
2026-07-23,Ombai Strait,10
2026-07-23,Oresund Strait,37
2026-07-23,Panama Canal,30
2026-07-23,Strait of Hormuz,10
2026-07-23,Suez Canal,46
2026-07-23,Sunda Strait,42
2026-07-23,Taiwan Strait,261
2026-07-23,Torres Strait,8
2026-07-23,Tsugaru Strait,50
2026-07-23,Windward Passage,14
2026-07-23,Yucatan Channel,49
2026-07-24,Bab el-Mandeb Strait,30
2026-07-24,Balabac Strait,6
2026-07-24,Bering Strait,2
2026-07-24,Bohai Strait,173
2026-07-24,Bosporus Strait,69
2026-07-24,Cape of Good Hope,81
2026-07-24,Dover Strait,148
2026-07-24,Gibraltar Strait,116
2026-07-24,Kerch Strait,3
2026-07-24,Korea Strait,221
2026-07-24,Lombok Strait,35
2026-07-24,Luzon Strait,30
2026-07-24,Magellan Strait,6
2026-07-24,Makassar Strait,48
2026-07-24,Malacca Strait,251
2026-07-24,Mindoro Strait,65
2026-07-24,Mona Passage,17
2026-07-24,Ombai Strait,6
2026-07-24,Oresund Strait,47
2026-07-24,Panama Canal,31
2026-07-24,Suez Canal,46
2026-07-24,Sunda Strait,33
2026-07-24,Taiwan Strait,200
2026-07-24,Torres Strait,9
2026-07-24,Tsugaru Strait,40
2026-07-24,Windward Passage,15
2026-07-24,Yucatan Channel,54
2026-07-25,Bab el-Mandeb Strait,22
2026-07-25,Balabac Strait,16
2026-07-25,Bering Strait,2
2026-07-25,Bohai Strait,192
2026-07-25,Bosporus Strait,58
2026-07-25,Cape of Good Hope,91
2026-07-25,Dover Strait,174
2026-07-25,Gibraltar Strait,136
2026-07-25,Kerch Strait,1
2026-07-25,Korea Strait,212
2026-07-25,Lombok Strait,32
2026-07-25,Luzon Strait,192
2026-07-25,Magellan Strait,3
2026-07-25,Makassar Strait,46
2026-07-25,Malacca Strait,207
2026-07-25,Mindoro Strait,48
2026-07-25,Mona Passage,9
2026-07-25,Ombai Strait,9
2026-07-25,Oresund Strait,45
2026-07-25,Panama Canal,30
2026-07-25,Suez Canal,37
2026-07-25,Sunda Strait,27
2026-07-25,Taiwan Strait,121
2026-07-25,Torres Strait,12
2026-07-25,Tsugaru Strait,61
2026-07-25,Windward Passage,15
2026-07-25,Yucatan Channel,47
2026-07-26,Bab el-Mandeb Strait,22
2026-07-26,Balabac Strait,11
2026-07-26,Bering Strait,4
2026-07-26,Bohai Strait,151
2026-07-26,Bosporus Strait,64
2026-07-26,Cape of Good Hope,100
2026-07-26,Dover Strait,153
2026-07-26,Gibraltar Strait,131
2026-07-26,Kerch Strait,0
2026-07-26,Korea Strait,226
2026-07-26,Lombok Strait,25
2026-07-26,Luzon Strait,152
2026-07-26,Magellan Strait,6
2026-07-26,Makassar Strait,60
2026-07-26,Malacca Strait,235
2026-07-26,Mindoro Strait,41
2026-07-26,Mona Passage,12
2026-07-26,Ombai Strait,11
2026-07-26,Oresund Strait,41
2026-07-26,Panama Canal,25
2026-07-26,Strait of Hormuz,3
2026-07-26,Suez Canal,42
2026-07-26,Sunda Strait,38
2026-07-26,Taiwan Strait,226
2026-07-26,Torres Strait,9
2026-07-26,Tsugaru Strait,50
2026-07-26,Windward Passage,24
2026-07-26,Yucatan Channel,78
2026-07-27,Bab el-Mandeb Strait,30
2026-07-27,Balabac Strait,17
2026-07-27,Bering Strait,0
2026-07-27,Bohai Strait,153
2026-07-27,Bosporus Strait,75
2026-07-27,Cape of Good Hope,68
2026-07-27,Dover Strait,145
2026-07-27,Gibraltar Strait,136
2026-07-27,Kerch Strait,1
2026-07-27,Korea Strait,215
2026-07-27,Lombok Strait,41
2026-07-27,Luzon Strait,100
2026-07-27,Magellan Strait,3
2026-07-27,Makassar Strait,54
2026-07-27,Malacca Strait,251
2026-07-27,Mindoro Strait,39
2026-07-27,Mona Passage,11
2026-07-27,Ombai Strait,8
2026-07-27,Oresund Strait,31
2026-07-27,Panama Canal,30
2026-07-27,Strait of Hormuz,4
2026-07-27,Suez Canal,46
2026-07-27,Sunda Strait,29
2026-07-27,Taiwan Strait,289
2026-07-27,Torres Strait,6
2026-07-27,Tsugaru Strait,49
2026-07-27,Windward Passage,12
2026-07-27,Yucatan Channel,42
2026-07-28,Bab el-Mandeb Strait,33
2026-07-28,Balabac Strait,10
2026-07-28,Bering Strait,3
2026-07-28,Bohai Strait,148
2026-07-28,Bosporus Strait,51
2026-07-28,Cape of Good Hope,68
2026-07-28,Dover Strait,147
2026-07-28,Gibraltar Strait,134
2026-07-28,Kerch Strait,3
2026-07-28,Korea Strait,209
2026-07-28,Lombok Strait,32
2026-07-28,Luzon Strait,104
2026-07-28,Magellan Strait,5
2026-07-28,Makassar Strait,44
2026-07-28,Malacca Strait,223
2026-07-28,Mindoro Strait,41
2026-07-28,Mona Passage,16
2026-07-28,Ombai Strait,6
2026-07-28,Oresund Strait,29
2026-07-28,Panama Canal,31
2026-07-28,Strait of Hormuz,4
2026-07-28,Suez Canal,43
2026-07-28,Sunda Strait,28
2026-07-28,Taiwan Strait,239
2026-07-28,Torres Strait,7
2026-07-28,Tsugaru Strait,45
2026-07-28,Windward Passage,10
2026-07-28,Yucatan Channel,48
2026-07-29,Bab el-Mandeb Strait,31
2026-07-29,Balabac Strait,11
2026-07-29,Bering Strait,2
2026-07-29,Bohai Strait,162
2026-07-29,Bosporus Strait,58
2026-07-29,Cape of Good Hope,72
2026-07-29,Dover Strait,151
2026-07-29,Gibraltar Strait,118
2026-07-29,Kerch Strait,0
2026-07-29,Korea Strait,210
2026-07-29,Lombok Strait,33
2026-07-29,Luzon Strait,103
2026-07-29,Magellan Strait,5
2026-07-29,Makassar Strait,48
2026-07-29,Malacca Strait,217
2026-07-29,Mindoro Strait,39
2026-07-29,Mona Passage,19
2026-07-29,Ombai Strait,7
2026-07-29,Oresund Strait,31
2026-07-29,Panama Canal,30
2026-07-29,Strait of Hormuz,6
2026-07-29,Suez Canal,39
2026-07-29,Sunda Strait,32
2026-07-29,Taiwan Strait,231
2026-07-29,Torres Strait,6
2026-07-29,Tsugaru Strait,46
2026-07-29,Windward Passage,13
2026-07-29,Yucatan Channel,53
2026-07-30,Bab el-Mandeb Strait,37
2026-07-30,Balabac Strait,6
2026-07-30,Bering Strait,1
2026-07-30,Bohai Strait,169
2026-07-30,Bosporus Strait,60
2026-07-30,Cape of Good Hope,99
2026-07-30,Dover Strait,150
2026-07-30,Gibraltar Strait,122
2026-07-30,Kerch Strait,0
2026-07-30,Korea Strait,214
2026-07-30,Lombok Strait,32
2026-07-30,Luzon Strait,102
2026-07-30,Magellan Strait,5
2026-07-30,Makassar Strait,59
2026-07-30,Malacca Strait,214
2026-07-30,Mindoro Strait,52
2026-07-30,Mona Passage,14
2026-07-30,Ombai Strait,7
2026-07-30,Oresund Strait,34
2026-07-30,Panama Canal,33
2026-07-30,Strait of Hormuz,2
2026-07-30,Suez Canal,47
2026-07-30,Sunda Strait,31
2026-07-30,Taiwan Strait,228
2026-07-30,Torres Strait,12
2026-07-30,Tsugaru Strait,68
2026-07-30,Windward Passage,15
2026-07-30,Yucatan Channel,57
2026-07-31,Bab el-Mandeb Strait,27
2026-07-31,Balabac Strait,10
2026-07-31,Bering Strait,2
2026-07-31,Bohai Strait,162
2026-07-31,Bosporus Strait,60
2026-07-31,Cape of Good Hope,123
2026-07-31,Dover Strait,155
2026-07-31,Gibraltar Strait,126
2026-07-31,Kerch Strait,1
2026-07-31,Korea Strait,233
2026-07-31,Lombok Strait,30
2026-07-31,Luzon Strait,109
2026-07-31,Magellan Strait,6
2026-07-31,Makassar Strait,62
2026-07-31,Malacca Strait,200
2026-07-31,Mindoro Strait,61
2026-07-31,Mona Passage,10
2026-07-31,Ombai Strait,10
2026-07-31,Oresund Strait,44
2026-07-31,Panama Canal,29
2026-07-31,Strait of Hormuz,6
2026-07-31,Suez Canal,37
2026-07-31,Sunda Strait,40
2026-07-31,Taiwan Strait,230
2026-07-31,Torres Strait,7
2026-07-31,Tsugaru Strait,47
2026-07-31,Windward Passage,21
2026-07-31,Yucatan Channel,51
2026-08-01,Bab el-Mandeb Strait,20
2026-08-01,Balabac Strait,7
2026-08-01,Bering Strait,3
2026-08-01,Bohai Strait,182
2026-08-01,Bosporus Strait,81
2026-08-01,Cape of Good Hope,83
2026-08-01,Dover Strait,186
2026-08-01,Gibraltar Strait,136
2026-08-01,Kerch Strait,1
2026-08-01,Korea Strait,232
2026-08-01,Lombok Strait,29
2026-08-01,Luzon Strait,118
2026-08-01,Magellan Strait,4
2026-08-01,Makassar Strait,34
2026-08-01,Malacca Strait,215
2026-08-01,Mindoro Strait,55
2026-08-01,Mona Passage,5
2026-08-01,Ombai Strait,10
2026-08-01,Oresund Strait,38
2026-08-01,Panama Canal,33
2026-08-01,Strait of Hormuz,3
2026-08-01,Suez Canal,42
2026-08-01,Sunda Strait,38
2026-08-01,Taiwan Strait,258
2026-08-01,Torres Strait,8
2026-08-01,Tsugaru Strait,49
2026-08-01,Windward Passage,13
2026-08-01,Yucatan Channel,51
2026-08-02,Bab el-Mandeb Strait,30
2026-08-02,Balabac Strait,8
2026-08-02,Bering Strait,0
2026-08-02,Bohai Strait,165
2026-08-02,Bosporus Strait,65
2026-08-02,Cape of Good Hope,97
2026-08-02,Dover Strait,165
2026-08-02,Gibraltar Strait,125
2026-08-02,Kerch Strait,0
2026-08-02,Korea Strait,203
2026-08-02,Lombok Strait,29
2026-08-02,Luzon Strait,97
2026-08-02,Magellan Strait,7
2026-08-02,Makassar Strait,56
2026-08-02,Malacca Strait,246
2026-08-02,Mindoro Strait,54
2026-08-02,Mona Passage,10
2026-08-02,Ombai Strait,10
2026-08-02,Oresund Strait,37
2026-08-02,Panama Canal,27
2026-08-02,Strait of Hormuz,2
2026-08-02,Suez Canal,31
2026-08-02,Sunda Strait,29
2026-08-02,Taiwan Strait,238
2026-08-02,Torres Strait,10
2026-08-02,Tsugaru Strait,70
2026-08-02,Windward Passage,20
2026-08-02,Yucatan Channel,54
2026-08-03,Bab el-Mandeb Strait,17
2026-08-03,Balabac Strait,14
2026-08-03,Bering Strait,4
2026-08-03,Bohai Strait,169
2026-08-03,Bosporus Strait,57
2026-08-03,Cape of Good Hope,83
2026-08-03,Dover Strait,126
2026-08-03,Gibraltar Strait,114
2026-08-03,Kerch Strait,0
2026-08-03,Korea Strait,216
2026-08-03,Lombok Strait,34
2026-08-03,Luzon Strait,86
2026-08-03,Magellan Strait,10
2026-08-03,Makassar Strait,48
2026-08-03,Malacca Strait,189
2026-08-03,Mindoro Strait,64
2026-08-03,Mona Passage,14
2026-08-03,Ombai Strait,11
2026-08-03,Oresund Strait,34
2026-08-03,Panama Canal,29
2026-08-03,Strait of Hormuz,6
2026-08-03,Suez Canal,44
2026-08-03,Sunda Strait,41
2026-08-03,Taiwan Strait,220
2026-08-03,Torres Strait,10
2026-08-03,Tsugaru Strait,75
2026-08-03,Windward Passage,20
2026-08-03,Yucatan Channel,48
2026-08-04,Bab el-Mandeb Strait,27
2026-08-04,Balabac Strait,11
2026-08-04,Bering Strait,4
2026-08-04,Bohai Strait,169
2026-08-04,Bosporus Strait,56
2026-08-04,Cape of Good Hope,89
2026-08-04,Dover Strait,160
2026-08-04,Gibraltar Strait,133
2026-08-04,Kerch Strait,0
2026-08-04,Korea Strait,278
2026-08-04,Lombok Strait,44
2026-08-04,Luzon Strait,63
2026-08-04,Magellan Strait,5
2026-08-04,Makassar Strait,47
2026-08-04,Malacca Strait,214
2026-08-04,Mindoro Strait,54
2026-08-04,Mona Passage,8
2026-08-04,Ombai Strait,8
2026-08-04,Oresund Strait,36
2026-08-04,Panama Canal,31
2026-08-04,Strait of Hormuz,6
2026-08-04,Suez Canal,35
2026-08-04,Sunda Strait,39
2026-08-04,Taiwan Strait,253
2026-08-04,Torres Strait,8
2026-08-04,Tsugaru Strait,56
2026-08-04,Windward Passage,22
2026-08-04,Yucatan Channel,57
