date,raw_value,z_score,trembling,direction,source_note,obs_date,status
2023-08-01,3.82,,0,,"FRED BAMLH0A0HYM2 OAS 2023-08-01 [archive import: scored retroactively, not a live reading]",2023-08-01,warming-up
2023-08-02,3.96,,0,,"FRED BAMLH0A0HYM2 OAS 2023-08-02 [archive import: scored retroactively, not a live reading]",2023-08-02,warming-up
2023-08-03,3.98,,0,,"FRED BAMLH0A0HYM2 OAS 2023-08-03 [archive import: scored retroactively, not a live reading]",2023-08-03,warming-up
2023-08-04,4.01,,0,,"FRED BAMLH0A0HYM2 OAS 2023-08-04 [archive import: scored retroactively, not a live reading]",2023-08-04,warming-up
2023-08-07,3.97,,0,,"FRED BAMLH0A0HYM2 OAS 2023-08-07 [archive import: scored retroactively, not a live reading]",2023-08-07,warming-up
2023-08-08,4,,0,,"FRED BAMLH0A0HYM2 OAS 2023-08-08 [archive import: scored retroactively, not a live reading]",2023-08-08,warming-up
2023-08-09,3.94,,0,,"FRED BAMLH0A0HYM2 OAS 2023-08-09 [archive import: scored retroactively, not a live reading]",2023-08-09,warming-up
2023-08-10,3.83,,0,,"FRED BAMLH0A0HYM2 OAS 2023-08-10 [archive import: scored retroactively, not a live reading]",2023-08-10,warming-up
2023-08-11,3.83,,0,,"FRED BAMLH0A0HYM2 OAS 2023-08-11 [archive import: scored retroactively, not a live reading]",2023-08-11,warming-up
2023-08-14,3.79,,0,,"FRED BAMLH0A0HYM2 OAS 2023-08-14 [archive import: scored retroactively, not a live reading]",2023-08-14,warming-up
2023-08-15,3.85,-1.553,0,down,"FRED BAMLH0A0HYM2 OAS 2023-08-15 [archive import: scored retroactively, not a live reading]",2023-08-15,scoring
2023-08-16,3.81,-2.199,0,down,"FRED BAMLH0A0HYM2 OAS 2023-08-16 [archive import: scored retroactively, not a live reading]",2023-08-16,scoring
2023-08-17,3.95,0.815,0,up,"FRED BAMLH0A0HYM2 OAS 2023-08-17 [archive import: scored retroactively, not a live reading]",2023-08-17,scoring
2023-08-18,4.02,1.329,0,up,"FRED BAMLH0A0HYM2 OAS 2023-08-18 [archive import: scored retroactively, not a live reading]",2023-08-18,scoring
2023-08-21,3.97,0.358,0,up,"FRED BAMLH0A0HYM2 OAS 2023-08-21 [archive import: scored retroactively, not a live reading]",2023-08-21,scoring
2023-08-22,3.93,-0.328,0,down,"FRED BAMLH0A0HYM2 OAS 2023-08-22 [archive import: scored retroactively, not a live reading]",2023-08-22,scoring
2023-08-23,3.92,-0.348,0,down,"FRED BAMLH0A0HYM2 OAS 2023-08-23 [archive import: scored retroactively, not a live reading]",2023-08-23,scoring
2023-08-24,3.91,-0.487,0,down,"FRED BAMLH0A0HYM2 OAS 2023-08-24 [archive import: scored retroactively, not a live reading]",2023-08-24,scoring
2023-08-25,3.9,-0.477,0,down,"FRED BAMLH0A0HYM2 OAS 2023-08-25 [archive import: scored retroactively, not a live reading]",2023-08-25,scoring
2023-08-28,3.86,-0.846,0,down,"FRED BAMLH0A0HYM2 OAS 2023-08-28 [archive import: scored retroactively, not a live reading]",2023-08-28,scoring
2023-08-29,3.87,-0.736,0,down,"FRED BAMLH0A0HYM2 OAS 2023-08-29 [archive import: scored retroactively, not a live reading]",2023-08-29,scoring
2023-08-30,3.8,-1.440,0,down,"FRED BAMLH0A0HYM2 OAS 2023-08-30 [archive import: scored retroactively, not a live reading]",2023-08-30,scoring
2023-08-31,3.85,-0.858,0,down,"FRED BAMLH0A0HYM2 OAS 2023-08-31 [archive import: scored retroactively, not a live reading]",2023-08-31,scoring
2023-09-01,3.81,-1.194,0,down,"FRED BAMLH0A0HYM2 OAS 2023-09-01 [archive import: scored retroactively, not a live reading]",2023-09-01,scoring
2023-09-04,3.81,-1.238,0,down,"FRED BAMLH0A0HYM2 OAS 2023-09-04 [archive import: scored retroactively, not a live reading]",2023-09-04,scoring
2023-09-05,3.83,-0.832,0,down,"FRED BAMLH0A0HYM2 OAS 2023-09-05 [archive import: scored retroactively, not a live reading]",2023-09-05,scoring
2023-09-06,3.86,-0.322,0,down,"FRED BAMLH0A0HYM2 OAS 2023-09-06 [archive import: scored retroactively, not a live reading]",2023-09-06,scoring
2023-09-07,3.9,0.473,0,up,"FRED BAMLH0A0HYM2 OAS 2023-09-07 [archive import: scored retroactively, not a live reading]",2023-09-07,scoring
2023-09-08,3.85,-0.447,0,down,"FRED BAMLH0A0HYM2 OAS 2023-09-08 [archive import: scored retroactively, not a live reading]",2023-09-08,scoring
2023-09-11,3.82,-0.786,0,down,"FRED BAMLH0A0HYM2 OAS 2023-09-11 [archive import: scored retroactively, not a live reading]",2023-09-11,scoring
2023-09-12,3.84,-0.317,0,down,"FRED BAMLH0A0HYM2 OAS 2023-09-12 [archive import: scored retroactively, not a live reading]",2023-09-12,scoring
2023-09-13,3.85,-0.157,0,down,"FRED BAMLH0A0HYM2 OAS 2023-09-13 [archive import: scored retroactively, not a live reading]",2023-09-13,scoring
2023-09-14,3.78,-1.343,0,down,"FRED BAMLH0A0HYM2 OAS 2023-09-14 [archive import: scored retroactively, not a live reading]",2023-09-14,scoring
2023-09-15,3.79,-1.095,0,down,"FRED BAMLH0A0HYM2 OAS 2023-09-15 [archive import: scored retroactively, not a live reading]",2023-09-15,scoring
2023-09-18,3.82,-0.584,0,down,"FRED BAMLH0A0HYM2 OAS 2023-09-18 [archive import: scored retroactively, not a live reading]",2023-09-18,scoring
2023-09-19,3.82,-0.468,0,down,"FRED BAMLH0A0HYM2 OAS 2023-09-19 [archive import: scored retroactively, not a live reading]",2023-09-19,scoring
2023-09-20,3.77,-1.327,0,down,"FRED BAMLH0A0HYM2 OAS 2023-09-20 [archive import: scored retroactively, not a live reading]",2023-09-20,scoring
2023-09-21,3.89,0.623,0,up,"FRED BAMLH0A0HYM2 OAS 2023-09-21 [archive import: scored retroactively, not a live reading]",2023-09-21,scoring
2023-09-22,3.93,1.320,0,up,"FRED BAMLH0A0HYM2 OAS 2023-09-22 [archive import: scored retroactively, not a live reading]",2023-09-22,scoring
2023-09-25,3.97,1.865,0,up,"FRED BAMLH0A0HYM2 OAS 2023-09-25 [archive import: scored retroactively, not a live reading]",2023-09-25,scoring
2023-09-26,4.04,3.039,1,up,"FRED BAMLH0A0HYM2 OAS 2023-09-26 [archive import: scored retroactively, not a live reading]",2023-09-26,scoring
2023-09-27,4.03,2.637,0,up,"FRED BAMLH0A0HYM2 OAS 2023-09-27 [archive import: scored retroactively, not a live reading]",2023-09-27,scoring
2023-09-28,4.09,2.822,0,up,"FRED BAMLH0A0HYM2 OAS 2023-09-28 [archive import: scored retroactively, not a live reading]",2023-09-28,scoring
2023-09-29,4.03,1.975,0,up,"FRED BAMLH0A0HYM2 OAS 2023-09-29 [archive import: scored retroactively, not a live reading]",2023-09-29,scoring
2023-09-30,4.03,2.017,0,up,"FRED BAMLH0A0HYM2 OAS 2023-09-30 [archive import: scored retroactively, not a live reading]",2023-09-30,scoring
2023-10-02,4.11,2.784,0,up,"FRED BAMLH0A0HYM2 OAS 2023-10-02 [archive import: scored retroactively, not a live reading]",2023-10-02,scoring
2023-10-03,4.26,4.629,1,up,"FRED BAMLH0A0HYM2 OAS 2023-10-03 [archive import: scored retroactively, not a live reading]",2023-10-03,scoring
2023-10-04,4.37,5.562,1,up,"FRED BAMLH0A0HYM2 OAS 2023-10-04 [archive import: scored retroactively, not a live reading]",2023-10-04,scoring
2023-10-05,4.38,4.711,1,up,"FRED BAMLH0A0HYM2 OAS 2023-10-05 [archive import: scored retroactively, not a live reading]",2023-10-05,scoring
2023-10-06,4.33,3.981,1,up,"FRED BAMLH0A0HYM2 OAS 2023-10-06 [archive import: scored retroactively, not a live reading]",2023-10-06,scoring
2023-10-09,4.34,4.262,1,up,"FRED BAMLH0A0HYM2 OAS 2023-10-09 [archive import: scored retroactively, not a live reading]",2023-10-09,scoring
2023-10-10,4.26,3.329,1,up,"FRED BAMLH0A0HYM2 OAS 2023-10-10 [archive import: scored retroactively, not a live reading]",2023-10-10,scoring
2023-10-11,4.25,3.332,1,up,"FRED BAMLH0A0HYM2 OAS 2023-10-11 [archive import: scored retroactively, not a live reading]",2023-10-11,scoring
2023-10-12,4.25,3.141,1,up,"FRED BAMLH0A0HYM2 OAS 2023-10-12 [archive import: scored retroactively, not a live reading]",2023-10-12,scoring
2023-10-13,4.3,3.091,1,up,"FRED BAMLH0A0HYM2 OAS 2023-10-13 [archive import: scored retroactively, not a live reading]",2023-10-13,scoring
2023-10-16,4.27,2.692,0,up,"FRED BAMLH0A0HYM2 OAS 2023-10-16 [archive import: scored retroactively, not a live reading]",2023-10-16,scoring
2023-10-17,4.25,2.603,0,up,"FRED BAMLH0A0HYM2 OAS 2023-10-17 [archive import: scored retroactively, not a live reading]",2023-10-17,scoring
2023-10-18,4.32,2.997,0,up,"FRED BAMLH0A0HYM2 OAS 2023-10-18 [archive import: scored retroactively, not a live reading]",2023-10-18,scoring
2023-10-19,4.37,3.517,1,up,"FRED BAMLH0A0HYM2 OAS 2023-10-19 [archive import: scored retroactively, not a live reading]",2023-10-19,scoring
2023-10-20,4.52,4.531,1,up,"FRED BAMLH0A0HYM2 OAS 2023-10-20 [archive import: scored retroactively, not a live reading]",2023-10-20,scoring
2023-10-23,4.51,3.931,1,up,"FRED BAMLH0A0HYM2 OAS 2023-10-23 [archive import: scored retroactively, not a live reading]",2023-10-23,scoring
2023-10-24,4.41,3.091,1,up,"FRED BAMLH0A0HYM2 OAS 2023-10-24 [archive import: scored retroactively, not a live reading]",2023-10-24,scoring
2023-10-25,4.37,2.900,0,up,"FRED BAMLH0A0HYM2 OAS 2023-10-25 [archive import: scored retroactively, not a live reading]",2023-10-25,scoring
2023-10-26,4.5,3.615,1,up,"FRED BAMLH0A0HYM2 OAS 2023-10-26 [archive import: scored retroactively, not a live reading]",2023-10-26,scoring
2023-10-27,4.53,3.427,1,up,"FRED BAMLH0A0HYM2 OAS 2023-10-27 [archive import: scored retroactively, not a live reading]",2023-10-27,scoring
2023-10-30,4.5,3.103,1,up,"FRED BAMLH0A0HYM2 OAS 2023-10-30 [archive import: scored retroactively, not a live reading]",2023-10-30,scoring
2023-10-31,4.42,2.707,0,up,"FRED BAMLH0A0HYM2 OAS 2023-10-31 [archive import: scored retroactively, not a live reading]",2023-10-31,scoring
2023-11-01,4.47,2.872,0,up,"FRED BAMLH0A0HYM2 OAS 2023-11-01 [archive import: scored retroactively, not a live reading]",2023-11-01,scoring
2023-11-02,4.15,1.069,0,up,"FRED BAMLH0A0HYM2 OAS 2023-11-02 [archive import: scored retroactively, not a live reading]",2023-11-02,scoring
2023-11-03,4.04,0.402,0,up,"FRED BAMLH0A0HYM2 OAS 2023-11-03 [archive import: scored retroactively, not a live reading]",2023-11-03,scoring
2023-11-06,4,0.158,0,up,"FRED BAMLH0A0HYM2 OAS 2023-11-06 [archive import: scored retroactively, not a live reading]",2023-11-06,scoring
2023-11-07,4.08,0.631,0,up,"FRED BAMLH0A0HYM2 OAS 2023-11-07 [archive import: scored retroactively, not a live reading]",2023-11-07,scoring
2023-11-08,4.08,0.553,0,up,"FRED BAMLH0A0HYM2 OAS 2023-11-08 [archive import: scored retroactively, not a live reading]",2023-11-08,scoring
2023-11-09,4.04,0.306,0,up,"FRED BAMLH0A0HYM2 OAS 2023-11-09 [archive import: scored retroactively, not a live reading]",2023-11-09,scoring
2023-11-10,4.03,0.210,0,up,"FRED BAMLH0A0HYM2 OAS 2023-11-10 [archive import: scored retroactively, not a live reading]",2023-11-10,scoring
2023-11-13,4.03,0.153,0,up,"FRED BAMLH0A0HYM2 OAS 2023-11-13 [archive import: scored retroactively, not a live reading]",2023-11-13,scoring
2023-11-14,3.92,-0.420,0,down,"FRED BAMLH0A0HYM2 OAS 2023-11-14 [archive import: scored retroactively, not a live reading]",2023-11-14,scoring
2023-11-15,3.89,-0.630,0,down,"FRED BAMLH0A0HYM2 OAS 2023-11-15 [archive import: scored retroactively, not a live reading]",2023-11-15,scoring
2023-11-16,4.02,0.157,0,up,"FRED BAMLH0A0HYM2 OAS 2023-11-16 [archive import: scored retroactively, not a live reading]",2023-11-16,scoring
2023-11-17,3.99,-0.057,0,down,"FRED BAMLH0A0HYM2 OAS 2023-11-17 [archive import: scored retroactively, not a live reading]",2023-11-17,scoring
2023-11-20,3.92,-0.442,0,down,"FRED BAMLH0A0HYM2 OAS 2023-11-20 [archive import: scored retroactively, not a live reading]",2023-11-20,scoring
2023-11-21,3.95,-0.229,0,down,"FRED BAMLH0A0HYM2 OAS 2023-11-21 [archive import: scored retroactively, not a live reading]",2023-11-21,scoring
2023-11-22,3.9,-0.500,0,down,"FRED BAMLH0A0HYM2 OAS 2023-11-22 [archive import: scored retroactively, not a live reading]",2023-11-22,scoring
2023-11-23,3.9,-0.458,0,down,"FRED BAMLH0A0HYM2 OAS 2023-11-23 [archive import: scored retroactively, not a live reading]",2023-11-23,scoring
2023-11-24,3.85,-0.735,0,down,"FRED BAMLH0A0HYM2 OAS 2023-11-24 [archive import: scored retroactively, not a live reading]",2023-11-24,scoring
2023-11-27,3.89,-0.457,0,down,"FRED BAMLH0A0HYM2 OAS 2023-11-27 [archive import: scored retroactively, not a live reading]",2023-11-27,scoring
2023-11-28,3.9,-0.411,0,down,"FRED BAMLH0A0HYM2 OAS 2023-11-28 [archive import: scored retroactively, not a live reading]",2023-11-28,scoring
2023-11-29,3.8,-0.972,0,down,"FRED BAMLH0A0HYM2 OAS 2023-11-29 [archive import: scored retroactively, not a live reading]",2023-11-29,scoring
2023-11-30,3.84,-0.763,0,down,"FRED BAMLH0A0HYM2 OAS 2023-11-30 [archive import: scored retroactively, not a live reading]",2023-11-30,scoring
2023-12-01,3.87,-0.653,0,down,"FRED BAMLH0A0HYM2 OAS 2023-12-01 [archive import: scored retroactively, not a live reading]",2023-12-01,scoring
2023-12-04,3.8,-0.967,0,down,"FRED BAMLH0A0HYM2 OAS 2023-12-04 [archive import: scored retroactively, not a live reading]",2023-12-04,scoring
2023-12-05,3.8,-0.967,0,down,"FRED BAMLH0A0HYM2 OAS 2023-12-05 [archive import: scored retroactively, not a live reading]",2023-12-05,scoring
2023-12-06,3.79,-0.997,0,down,"FRED BAMLH0A0HYM2 OAS 2023-12-06 [archive import: scored retroactively, not a live reading]",2023-12-06,scoring
2023-12-07,3.77,-1.055,0,down,"FRED BAMLH0A0HYM2 OAS 2023-12-07 [archive import: scored retroactively, not a live reading]",2023-12-07,scoring
2023-12-08,3.75,-1.143,0,down,"FRED BAMLH0A0HYM2 OAS 2023-12-08 [archive import: scored retroactively, not a live reading]",2023-12-08,scoring
2023-12-11,3.79,-0.850,0,down,"FRED BAMLH0A0HYM2 OAS 2023-12-11 [archive import: scored retroactively, not a live reading]",2023-12-11,scoring
2023-12-12,3.76,-0.997,0,down,"FRED BAMLH0A0HYM2 OAS 2023-12-12 [archive import: scored retroactively, not a live reading]",2023-12-12,scoring
2023-12-13,3.79,-0.792,0,down,"FRED BAMLH0A0HYM2 OAS 2023-12-13 [archive import: scored retroactively, not a live reading]",2023-12-13,scoring
2023-12-14,3.47,-2.668,0,down,"FRED BAMLH0A0HYM2 OAS 2023-12-14 [archive import: scored retroactively, not a live reading]",2023-12-14,scoring
2023-12-15,3.51,-2.433,0,down,"FRED BAMLH0A0HYM2 OAS 2023-12-15 [archive import: scored retroactively, not a live reading]",2023-12-15,scoring
2023-12-18,3.51,-2.433,0,down,"FRED BAMLH0A0HYM2 OAS 2023-12-18 [archive import: scored retroactively, not a live reading]",2023-12-18,scoring
2023-12-19,3.46,-2.424,0,down,"FRED BAMLH0A0HYM2 OAS 2023-12-19 [archive import: scored retroactively, not a live reading]",2023-12-19,scoring
2023-12-20,3.43,-2.580,0,down,"FRED BAMLH0A0HYM2 OAS 2023-12-20 [archive import: scored retroactively, not a live reading]",2023-12-20,scoring
2023-12-21,3.41,-2.392,0,down,"FRED BAMLH0A0HYM2 OAS 2023-12-21 [archive import: scored retroactively, not a live reading]",2023-12-21,scoring
2023-12-22,3.39,-2.486,0,down,"FRED BAMLH0A0HYM2 OAS 2023-12-22 [archive import: scored retroactively, not a live reading]",2023-12-22,scoring
2023-12-26,3.37,-2.556,0,down,"FRED BAMLH0A0HYM2 OAS 2023-12-26 [archive import: scored retroactively, not a live reading]",2023-12-26,scoring
2023-12-27,3.34,-2.650,0,down,"FRED BAMLH0A0HYM2 OAS 2023-12-27 [archive import: scored retroactively, not a live reading]",2023-12-27,scoring
2023-12-28,3.32,-2.473,0,down,"FRED BAMLH0A0HYM2 OAS 2023-12-28 [archive import: scored retroactively, not a live reading]",2023-12-28,scoring
2023-12-29,3.34,-2.388,0,down,"FRED BAMLH0A0HYM2 OAS 2023-12-29 [archive import: scored retroactively, not a live reading]",2023-12-29,scoring
2023-12-31,3.39,-2.175,0,down,"FRED BAMLH0A0HYM2 OAS 2023-12-31 [archive import: scored retroactively, not a live reading]",2023-12-31,scoring
2024-01-02,3.54,-1.407,0,down,"FRED BAMLH0A0HYM2 OAS 2024-01-02 [archive import: scored retroactively, not a live reading]",2024-01-02,scoring
2024-01-03,3.71,-0.743,0,down,"FRED BAMLH0A0HYM2 OAS 2024-01-03 [archive import: scored retroactively, not a live reading]",2024-01-03,scoring
2024-01-04,3.69,-0.758,0,down,"FRED BAMLH0A0HYM2 OAS 2024-01-04 [archive import: scored retroactively, not a live reading]",2024-01-04,scoring
2024-01-05,3.68,-0.794,0,down,"FRED BAMLH0A0HYM2 OAS 2024-01-05 [archive import: scored retroactively, not a live reading]",2024-01-05,scoring
2024-01-08,3.63,-0.974,0,down,"FRED BAMLH0A0HYM2 OAS 2024-01-08 [archive import: scored retroactively, not a live reading]",2024-01-08,scoring
2024-01-09,3.59,-1.039,0,down,"FRED BAMLH0A0HYM2 OAS 2024-01-09 [archive import: scored retroactively, not a live reading]",2024-01-09,scoring
2024-01-10,3.5,-1.340,0,down,"FRED BAMLH0A0HYM2 OAS 2024-01-10 [archive import: scored retroactively, not a live reading]",2024-01-10,scoring
2024-01-11,3.55,-1.173,0,down,"FRED BAMLH0A0HYM2 OAS 2024-01-11 [archive import: scored retroactively, not a live reading]",2024-01-11,scoring
2024-01-12,3.56,-1.063,0,down,"FRED BAMLH0A0HYM2 OAS 2024-01-12 [archive import: scored retroactively, not a live reading]",2024-01-12,scoring
2024-01-15,3.54,-1.126,0,down,"FRED BAMLH0A0HYM2 OAS 2024-01-15 [archive import: scored retroactively, not a live reading]",2024-01-15,scoring
2024-01-16,3.58,-0.938,0,down,"FRED BAMLH0A0HYM2 OAS 2024-01-16 [archive import: scored retroactively, not a live reading]",2024-01-16,scoring
2024-01-17,3.62,-0.821,0,down,"FRED BAMLH0A0HYM2 OAS 2024-01-17 [archive import: scored retroactively, not a live reading]",2024-01-17,scoring
2024-01-18,3.58,-0.938,0,down,"FRED BAMLH0A0HYM2 OAS 2024-01-18 [archive import: scored retroactively, not a live reading]",2024-01-18,scoring
2024-01-19,3.54,-1.055,0,down,"FRED BAMLH0A0HYM2 OAS 2024-01-19 [archive import: scored retroactively, not a live reading]",2024-01-19,scoring
2024-01-22,3.49,-1.131,0,down,"FRED BAMLH0A0HYM2 OAS 2024-01-22 [archive import: scored retroactively, not a live reading]",2024-01-22,scoring
2024-01-23,3.51,-1.076,0,down,"FRED BAMLH0A0HYM2 OAS 2024-01-23 [archive import: scored retroactively, not a live reading]",2024-01-23,scoring
2024-01-24,3.44,-1.269,0,down,"FRED BAMLH0A0HYM2 OAS 2024-01-24 [archive import: scored retroactively, not a live reading]",2024-01-24,scoring
2024-01-25,3.45,-1.242,0,down,"FRED BAMLH0A0HYM2 OAS 2024-01-25 [archive import: scored retroactively, not a live reading]",2024-01-25,scoring
2024-01-26,3.39,-1.407,0,down,"FRED BAMLH0A0HYM2 OAS 2024-01-26 [archive import: scored retroactively, not a live reading]",2024-01-26,scoring
2024-01-29,3.41,-1.338,0,down,"FRED BAMLH0A0HYM2 OAS 2024-01-29 [archive import: scored retroactively, not a live reading]",2024-01-29,scoring
2024-01-30,3.42,-1.297,0,down,"FRED BAMLH0A0HYM2 OAS 2024-01-30 [archive import: scored retroactively, not a live reading]",2024-01-30,scoring
2024-01-31,3.59,-0.800,0,down,"FRED BAMLH0A0HYM2 OAS 2024-01-31 [archive import: scored retroactively, not a live reading]",2024-01-31,scoring
2024-02-01,3.56,-0.828,0,down,"FRED BAMLH0A0HYM2 OAS 2024-02-01 [archive import: scored retroactively, not a live reading]",2024-02-01,scoring
2024-02-02,3.47,-1.035,0,down,"FRED BAMLH0A0HYM2 OAS 2024-02-02 [archive import: scored retroactively, not a live reading]",2024-02-02,scoring
2024-02-05,3.5,-0.883,0,down,"FRED BAMLH0A0HYM2 OAS 2024-02-05 [archive import: scored retroactively, not a live reading]",2024-02-05,scoring
2024-02-06,3.52,-0.773,0,down,"FRED BAMLH0A0HYM2 OAS 2024-02-06 [archive import: scored retroactively, not a live reading]",2024-02-06,scoring
2024-02-07,3.43,-1.085,0,down,"FRED BAMLH0A0HYM2 OAS 2024-02-07 [archive import: scored retroactively, not a live reading]",2024-02-07,scoring
2024-02-08,3.38,-1.217,0,down,"FRED BAMLH0A0HYM2 OAS 2024-02-08 [archive import: scored retroactively, not a live reading]",2024-02-08,scoring
2024-02-09,3.33,-1.349,0,down,"FRED BAMLH0A0HYM2 OAS 2024-02-09 [archive import: scored retroactively, not a live reading]",2024-02-09,scoring
2024-02-12,3.35,-1.290,0,down,"FRED BAMLH0A0HYM2 OAS 2024-02-12 [archive import: scored retroactively, not a live reading]",2024-02-12,scoring
2024-02-13,3.36,-1.231,0,down,"FRED BAMLH0A0HYM2 OAS 2024-02-13 [archive import: scored retroactively, not a live reading]",2024-02-13,scoring
2024-02-14,3.38,-1.204,0,down,"FRED BAMLH0A0HYM2 OAS 2024-02-14 [archive import: scored retroactively, not a live reading]",2024-02-14,scoring
2024-02-15,3.35,-1.266,0,down,"FRED BAMLH0A0HYM2 OAS 2024-02-15 [archive import: scored retroactively, not a live reading]",2024-02-15,scoring
2024-02-16,3.34,-1.220,0,down,"FRED BAMLH0A0HYM2 OAS 2024-02-16 [archive import: scored retroactively, not a live reading]",2024-02-16,scoring
2024-02-19,3.34,-1.126,0,down,"FRED BAMLH0A0HYM2 OAS 2024-02-19 [archive import: scored retroactively, not a live reading]",2024-02-19,scoring
2024-02-20,3.37,-1.055,0,down,"FRED BAMLH0A0HYM2 OAS 2024-02-20 [archive import: scored retroactively, not a live reading]",2024-02-20,scoring
2024-02-21,3.34,-1.055,0,down,"FRED BAMLH0A0HYM2 OAS 2024-02-21 [archive import: scored retroactively, not a live reading]",2024-02-21,scoring
2024-02-22,3.22,-1.461,0,down,"FRED BAMLH0A0HYM2 OAS 2024-02-22 [archive import: scored retroactively, not a live reading]",2024-02-22,scoring
2024-02-23,3.23,-1.353,0,down,"FRED BAMLH0A0HYM2 OAS 2024-02-23 [archive import: scored retroactively, not a live reading]",2024-02-23,scoring
2024-02-26,3.23,-1.299,0,down,"FRED BAMLH0A0HYM2 OAS 2024-02-26 [archive import: scored retroactively, not a live reading]",2024-02-26,scoring
2024-02-27,3.26,-1.173,0,down,"FRED BAMLH0A0HYM2 OAS 2024-02-27 [archive import: scored retroactively, not a live reading]",2024-02-27,scoring
2024-02-28,3.31,-0.974,0,down,"FRED BAMLH0A0HYM2 OAS 2024-02-28 [archive import: scored retroactively, not a live reading]",2024-02-28,scoring
2024-02-29,3.29,-1.010,0,down,"FRED BAMLH0A0HYM2 OAS 2024-02-29 [archive import: scored retroactively, not a live reading]",2024-02-29,scoring
2024-03-01,3.32,-0.938,0,down,"FRED BAMLH0A0HYM2 OAS 2024-03-01 [archive import: scored retroactively, not a live reading]",2024-03-01,scoring
2024-03-04,3.26,-1.153,0,down,"FRED BAMLH0A0HYM2 OAS 2024-03-04 [archive import: scored retroactively, not a live reading]",2024-03-04,scoring
2024-03-05,3.31,-0.919,0,down,"FRED BAMLH0A0HYM2 OAS 2024-03-05 [archive import: scored retroactively, not a live reading]",2024-03-05,scoring
2024-03-06,3.27,-1.055,0,down,"FRED BAMLH0A0HYM2 OAS 2024-03-06 [archive import: scored retroactively, not a live reading]",2024-03-06,scoring
2024-03-07,3.27,-1.151,0,down,"FRED BAMLH0A0HYM2 OAS 2024-03-07 [archive import: scored retroactively, not a live reading]",2024-03-07,scoring
2024-03-08,3.26,-1.151,0,down,"FRED BAMLH0A0HYM2 OAS 2024-03-08 [archive import: scored retroactively, not a live reading]",2024-03-08,scoring
2024-03-11,3.26,-1.087,0,down,"FRED BAMLH0A0HYM2 OAS 2024-03-11 [archive import: scored retroactively, not a live reading]",2024-03-11,scoring
2024-03-12,3.2,-1.322,0,down,"FRED BAMLH0A0HYM2 OAS 2024-03-12 [archive import: scored retroactively, not a live reading]",2024-03-12,scoring
2024-03-13,3.15,-1.535,0,down,"FRED BAMLH0A0HYM2 OAS 2024-03-13 [archive import: scored retroactively, not a live reading]",2024-03-13,scoring
2024-03-14,3.15,-1.514,0,down,"FRED BAMLH0A0HYM2 OAS 2024-03-14 [archive import: scored retroactively, not a live reading]",2024-03-14,scoring
2024-03-15,3.16,-1.450,0,down,"FRED BAMLH0A0HYM2 OAS 2024-03-15 [archive import: scored retroactively, not a live reading]",2024-03-15,scoring
2024-03-18,3.13,-1.556,0,down,"FRED BAMLH0A0HYM2 OAS 2024-03-18 [archive import: scored retroactively, not a live reading]",2024-03-18,scoring
2024-03-19,3.1,-1.620,0,down,"FRED BAMLH0A0HYM2 OAS 2024-03-19 [archive import: scored retroactively, not a live reading]",2024-03-19,scoring
2024-03-20,3.14,-1.407,0,down,"FRED BAMLH0A0HYM2 OAS 2024-03-20 [archive import: scored retroactively, not a live reading]",2024-03-20,scoring
2024-03-21,3.05,-1.770,0,down,"FRED BAMLH0A0HYM2 OAS 2024-03-21 [archive import: scored retroactively, not a live reading]",2024-03-21,scoring
2024-03-22,3.08,-1.599,0,down,"FRED BAMLH0A0HYM2 OAS 2024-03-22 [archive import: scored retroactively, not a live reading]",2024-03-22,scoring
2024-03-25,3.11,-1.429,0,down,"FRED BAMLH0A0HYM2 OAS 2024-03-25 [archive import: scored retroactively, not a live reading]",2024-03-25,scoring
2024-03-26,3.15,-1.215,0,down,"FRED BAMLH0A0HYM2 OAS 2024-03-26 [archive import: scored retroactively, not a live reading]",2024-03-26,scoring
2024-03-27,3.15,-1.194,0,down,"FRED BAMLH0A0HYM2 OAS 2024-03-27 [archive import: scored retroactively, not a live reading]",2024-03-27,scoring
2024-03-28,3.12,-1.301,0,down,"FRED BAMLH0A0HYM2 OAS 2024-03-28 [archive import: scored retroactively, not a live reading]",2024-03-28,scoring
2024-03-31,3.15,-1.130,0,down,"FRED BAMLH0A0HYM2 OAS 2024-03-31 [archive import: scored retroactively, not a live reading]",2024-03-31,scoring
2024-04-01,3.12,-1.237,0,down,"FRED BAMLH0A0HYM2 OAS 2024-04-01 [archive import: scored retroactively, not a live reading]",2024-04-01,scoring
2024-04-02,3.23,-0.725,0,down,"FRED BAMLH0A0HYM2 OAS 2024-04-02 [archive import: scored retroactively, not a live reading]",2024-04-02,scoring
2024-04-03,3.23,-0.751,0,down,"FRED BAMLH0A0HYM2 OAS 2024-04-03 [archive import: scored retroactively, not a live reading]",2024-04-03,scoring
2024-04-04,3.24,-0.704,0,down,"FRED BAMLH0A0HYM2 OAS 2024-04-04 [archive import: scored retroactively, not a live reading]",2024-04-04,scoring
2024-04-05,3.18,-0.962,0,down,"FRED BAMLH0A0HYM2 OAS 2024-04-05 [archive import: scored retroactively, not a live reading]",2024-04-05,scoring
2024-04-08,3.15,-1.079,0,down,"FRED BAMLH0A0HYM2 OAS 2024-04-08 [archive import: scored retroactively, not a live reading]",2024-04-08,scoring
2024-04-09,3.14,-1.102,0,down,"FRED BAMLH0A0HYM2 OAS 2024-04-09 [archive import: scored retroactively, not a live reading]",2024-04-09,scoring
2024-04-10,3.1,-1.407,0,down,"FRED BAMLH0A0HYM2 OAS 2024-04-10 [archive import: scored retroactively, not a live reading]",2024-04-10,scoring
2024-04-11,3.16,-1.068,0,down,"FRED BAMLH0A0HYM2 OAS 2024-04-11 [archive import: scored retroactively, not a live reading]",2024-04-11,scoring
2024-04-12,3.25,-0.547,0,down,"FRED BAMLH0A0HYM2 OAS 2024-04-12 [archive import: scored retroactively, not a live reading]",2024-04-12,scoring
2024-04-15,3.28,-0.365,0,down,"FRED BAMLH0A0HYM2 OAS 2024-04-15 [archive import: scored retroactively, not a live reading]",2024-04-15,scoring
2024-04-16,3.36,0.078,0,up,"FRED BAMLH0A0HYM2 OAS 2024-04-16 [archive import: scored retroactively, not a live reading]",2024-04-16,scoring
2024-04-17,3.42,0.391,0,up,"FRED BAMLH0A0HYM2 OAS 2024-04-17 [archive import: scored retroactively, not a live reading]",2024-04-17,scoring
2024-04-18,3.39,0.264,0,up,"FRED BAMLH0A0HYM2 OAS 2024-04-18 [archive import: scored retroactively, not a live reading]",2024-04-18,scoring
2024-04-19,3.37,0.147,0,up,"FRED BAMLH0A0HYM2 OAS 2024-04-19 [archive import: scored retroactively, not a live reading]",2024-04-19,scoring
2024-04-22,3.29,-0.322,0,down,"FRED BAMLH0A0HYM2 OAS 2024-04-22 [archive import: scored retroactively, not a live reading]",2024-04-22,scoring
2024-04-23,3.2,-0.821,0,down,"FRED BAMLH0A0HYM2 OAS 2024-04-23 [archive import: scored retroactively, not a live reading]",2024-04-23,scoring
2024-04-24,3.19,-0.880,0,down,"FRED BAMLH0A0HYM2 OAS 2024-04-24 [archive import: scored retroactively, not a live reading]",2024-04-24,scoring
2024-04-25,3.24,-0.586,0,down,"FRED BAMLH0A0HYM2 OAS 2024-04-25 [archive import: scored retroactively, not a live reading]",2024-04-25,scoring
2024-04-26,3.16,-1.055,0,down,"FRED BAMLH0A0HYM2 OAS 2024-04-26 [archive import: scored retroactively, not a live reading]",2024-04-26,scoring
2024-04-29,3.12,-1.261,0,down,"FRED BAMLH0A0HYM2 OAS 2024-04-29 [archive import: scored retroactively, not a live reading]",2024-04-29,scoring
2024-04-30,3.18,-0.850,0,down,"FRED BAMLH0A0HYM2 OAS 2024-04-30 [archive import: scored retroactively, not a live reading]",2024-04-30,scoring
2024-05-01,3.21,-0.645,0,down,"FRED BAMLH0A0HYM2 OAS 2024-05-01 [archive import: scored retroactively, not a live reading]",2024-05-01,scoring
2024-05-02,3.16,-0.909,0,down,"FRED BAMLH0A0HYM2 OAS 2024-05-02 [archive import: scored retroactively, not a live reading]",2024-05-02,scoring
2024-05-03,3.08,-1.349,0,down,"FRED BAMLH0A0HYM2 OAS 2024-05-03 [archive import: scored retroactively, not a live reading]",2024-05-03,scoring
2024-05-06,3.03,-1.583,0,down,"FRED BAMLH0A0HYM2 OAS 2024-05-06 [archive import: scored retroactively, not a live reading]",2024-05-06,scoring
2024-05-07,3.06,-1.349,0,down,"FRED BAMLH0A0HYM2 OAS 2024-05-07 [archive import: scored retroactively, not a live reading]",2024-05-07,scoring
2024-05-08,3.1,-1.085,0,down,"FRED BAMLH0A0HYM2 OAS 2024-05-08 [archive import: scored retroactively, not a live reading]",2024-05-08,scoring
2024-05-09,3.14,-0.792,0,down,"FRED BAMLH0A0HYM2 OAS 2024-05-09 [archive import: scored retroactively, not a live reading]",2024-05-09,scoring
2024-05-10,3.12,-0.880,0,down,"FRED BAMLH0A0HYM2 OAS 2024-05-10 [archive import: scored retroactively, not a live reading]",2024-05-10,scoring
2024-05-13,3.14,-0.733,0,down,"FRED BAMLH0A0HYM2 OAS 2024-05-13 [archive import: scored retroactively, not a live reading]",2024-05-13,scoring
2024-05-14,3.14,-0.804,0,down,"FRED BAMLH0A0HYM2 OAS 2024-05-14 [archive import: scored retroactively, not a live reading]",2024-05-14,scoring
2024-05-15,3.13,-0.871,0,down,"FRED BAMLH0A0HYM2 OAS 2024-05-15 [archive import: scored retroactively, not a live reading]",2024-05-15,scoring
2024-05-16,3.08,-1.206,0,down,"FRED BAMLH0A0HYM2 OAS 2024-05-16 [archive import: scored retroactively, not a live reading]",2024-05-16,scoring
2024-05-17,3.09,-1.106,0,down,"FRED BAMLH0A0HYM2 OAS 2024-05-17 [archive import: scored retroactively, not a live reading]",2024-05-17,scoring
2024-05-20,3.07,-1.173,0,down,"FRED BAMLH0A0HYM2 OAS 2024-05-20 [archive import: scored retroactively, not a live reading]",2024-05-20,scoring
2024-05-21,3.07,-1.139,0,down,"FRED BAMLH0A0HYM2 OAS 2024-05-21 [archive import: scored retroactively, not a live reading]",2024-05-21,scoring
2024-05-22,3.11,-0.838,0,down,"FRED BAMLH0A0HYM2 OAS 2024-05-22 [archive import: scored retroactively, not a live reading]",2024-05-22,scoring
2024-05-23,3.1,-1.016,0,down,"FRED BAMLH0A0HYM2 OAS 2024-05-23 [archive import: scored retroactively, not a live reading]",2024-05-23,scoring
2024-05-24,3.11,-0.938,0,down,"FRED BAMLH0A0HYM2 OAS 2024-05-24 [archive import: scored retroactively, not a live reading]",2024-05-24,scoring
2024-05-27,3.12,-0.860,0,down,"FRED BAMLH0A0HYM2 OAS 2024-05-27 [archive import: scored retroactively, not a live reading]",2024-05-27,scoring
2024-05-28,3.09,-1.055,0,down,"FRED BAMLH0A0HYM2 OAS 2024-05-28 [archive import: scored retroactively, not a live reading]",2024-05-28,scoring
2024-05-29,3.15,-0.508,0,down,"FRED BAMLH0A0HYM2 OAS 2024-05-29 [archive import: scored retroactively, not a live reading]",2024-05-29,scoring
2024-05-30,3.19,-0.117,0,down,"FRED BAMLH0A0HYM2 OAS 2024-05-30 [archive import: scored retroactively, not a live reading]",2024-05-30,scoring
2024-05-31,3.2,0.000,0,flat,"FRED BAMLH0A0HYM2 OAS 2024-05-31 [archive import: scored retroactively, not a live reading]",2024-05-31,scoring
2024-06-03,3.17,-0.281,0,down,"FRED BAMLH0A0HYM2 OAS 2024-06-03 [archive import: scored retroactively, not a live reading]",2024-06-03,scoring
2024-06-04,3.22,0.235,0,up,"FRED BAMLH0A0HYM2 OAS 2024-06-04 [archive import: scored retroactively, not a live reading]",2024-06-04,scoring
2024-06-05,3.2,0.047,0,up,"FRED BAMLH0A0HYM2 OAS 2024-06-05 [archive import: scored retroactively, not a live reading]",2024-06-05,scoring
2024-06-06,3.2,0.047,0,up,"FRED BAMLH0A0HYM2 OAS 2024-06-06 [archive import: scored retroactively, not a live reading]",2024-06-06,scoring
2024-06-07,3.15,-0.422,0,down,"FRED BAMLH0A0HYM2 OAS 2024-06-07 [archive import: scored retroactively, not a live reading]",2024-06-07,scoring
2024-06-10,3.15,-0.375,0,down,"FRED BAMLH0A0HYM2 OAS 2024-06-10 [archive import: scored retroactively, not a live reading]",2024-06-10,scoring
2024-06-11,3.19,0.047,0,up,"FRED BAMLH0A0HYM2 OAS 2024-06-11 [archive import: scored retroactively, not a live reading]",2024-06-11,scoring
2024-06-12,3.09,-1.114,0,down,"FRED BAMLH0A0HYM2 OAS 2024-06-12 [archive import: scored retroactively, not a live reading]",2024-06-12,scoring
2024-06-13,3.2,0.235,0,up,"FRED BAMLH0A0HYM2 OAS 2024-06-13 [archive import: scored retroactively, not a live reading]",2024-06-13,scoring
2024-06-14,3.29,1.290,0,up,"FRED BAMLH0A0HYM2 OAS 2024-06-14 [archive import: scored retroactively, not a live reading]",2024-06-14,scoring
2024-06-17,3.26,0.938,0,up,"FRED BAMLH0A0HYM2 OAS 2024-06-17 [archive import: scored retroactively, not a live reading]",2024-06-17,scoring
2024-06-18,3.24,0.704,0,up,"FRED BAMLH0A0HYM2 OAS 2024-06-18 [archive import: scored retroactively, not a live reading]",2024-06-18,scoring
2024-06-19,3.24,0.704,0,up,"FRED BAMLH0A0HYM2 OAS 2024-06-19 [archive import: scored retroactively, not a live reading]",2024-06-19,scoring
2024-06-20,3.23,0.586,0,up,"FRED BAMLH0A0HYM2 OAS 2024-06-20 [archive import: scored retroactively, not a live reading]",2024-06-20,scoring
2024-06-21,3.21,0.352,0,up,"FRED BAMLH0A0HYM2 OAS 2024-06-21 [archive import: scored retroactively, not a live reading]",2024-06-21,scoring
2024-06-24,3.19,0.117,0,up,"FRED BAMLH0A0HYM2 OAS 2024-06-24 [archive import: scored retroactively, not a live reading]",2024-06-24,scoring
2024-06-25,3.19,0.117,0,up,"FRED BAMLH0A0HYM2 OAS 2024-06-25 [archive import: scored retroactively, not a live reading]",2024-06-25,scoring
2024-06-26,3.18,0.000,0,flat,"FRED BAMLH0A0HYM2 OAS 2024-06-26 [archive import: scored retroactively, not a live reading]",2024-06-26,scoring
2024-06-27,3.21,0.352,0,up,"FRED BAMLH0A0HYM2 OAS 2024-06-27 [archive import: scored retroactively, not a live reading]",2024-06-27,scoring
2024-06-28,3.18,0.000,0,flat,"FRED BAMLH0A0HYM2 OAS 2024-06-28 [archive import: scored retroactively, not a live reading]",2024-06-28,scoring
2024-06-30,3.21,0.352,0,up,"FRED BAMLH0A0HYM2 OAS 2024-06-30 [archive import: scored retroactively, not a live reading]",2024-06-30,scoring
2024-07-01,3.21,0.352,0,up,"FRED BAMLH0A0HYM2 OAS 2024-07-01 [archive import: scored retroactively, not a live reading]",2024-07-01,scoring
2024-07-02,3.23,0.586,0,up,"FRED BAMLH0A0HYM2 OAS 2024-07-02 [archive import: scored retroactively, not a live reading]",2024-07-02,scoring
2024-07-03,3.25,0.821,0,up,"FRED BAMLH0A0HYM2 OAS 2024-07-03 [archive import: scored retroactively, not a live reading]",2024-07-03,scoring
2024-07-04,3.25,0.821,0,up,"FRED BAMLH0A0HYM2 OAS 2024-07-04 [archive import: scored retroactively, not a live reading]",2024-07-04,scoring
2024-07-05,3.27,1.055,0,up,"FRED BAMLH0A0HYM2 OAS 2024-07-05 [archive import: scored retroactively, not a live reading]",2024-07-05,scoring
2024-07-08,3.2,0.235,0,up,"FRED BAMLH0A0HYM2 OAS 2024-07-08 [archive import: scored retroactively, not a live reading]",2024-07-08,scoring
2024-07-09,3.21,0.469,0,up,"FRED BAMLH0A0HYM2 OAS 2024-07-09 [archive import: scored retroactively, not a live reading]",2024-07-09,scoring
2024-07-10,3.17,-0.156,0,down,"FRED BAMLH0A0HYM2 OAS 2024-07-10 [archive import: scored retroactively, not a live reading]",2024-07-10,scoring
2024-07-11,3.18,0.078,0,up,"FRED BAMLH0A0HYM2 OAS 2024-07-11 [archive import: scored retroactively, not a live reading]",2024-07-11,scoring
2024-07-12,3.19,0.235,0,up,"FRED BAMLH0A0HYM2 OAS 2024-07-12 [archive import: scored retroactively, not a live reading]",2024-07-12,scoring
2024-07-15,3.13,-0.704,0,down,"FRED BAMLH0A0HYM2 OAS 2024-07-15 [archive import: scored retroactively, not a live reading]",2024-07-15,scoring
2024-07-16,3.08,-1.407,0,down,"FRED BAMLH0A0HYM2 OAS 2024-07-16 [archive import: scored retroactively, not a live reading]",2024-07-16,scoring
2024-07-17,3.09,-1.251,0,down,"FRED BAMLH0A0HYM2 OAS 2024-07-17 [archive import: scored retroactively, not a live reading]",2024-07-17,scoring
2024-07-18,3.09,-1.251,0,down,"FRED BAMLH0A0HYM2 OAS 2024-07-18 [archive import: scored retroactively, not a live reading]",2024-07-18,scoring
2024-07-19,3.09,-1.251,0,down,"FRED BAMLH0A0HYM2 OAS 2024-07-19 [archive import: scored retroactively, not a live reading]",2024-07-19,scoring
2024-07-22,3.05,-1.876,0,down,"FRED BAMLH0A0HYM2 OAS 2024-07-22 [archive import: scored retroactively, not a live reading]",2024-07-22,scoring
2024-07-23,3.02,-2.345,0,down,"FRED BAMLH0A0HYM2 OAS 2024-07-23 [archive import: scored retroactively, not a live reading]",2024-07-23,scoring
2024-07-24,3.1,-0.821,0,down,"FRED BAMLH0A0HYM2 OAS 2024-07-24 [archive import: scored retroactively, not a live reading]",2024-07-24,scoring
2024-07-25,3.08,-1.407,0,down,"FRED BAMLH0A0HYM2 OAS 2024-07-25 [archive import: scored retroactively, not a live reading]",2024-07-25,scoring
2024-07-26,3.1,-1.094,0,down,"FRED BAMLH0A0HYM2 OAS 2024-07-26 [archive import: scored retroactively, not a live reading]",2024-07-26,scoring
2024-07-29,3.13,-0.625,0,down,"FRED BAMLH0A0HYM2 OAS 2024-07-29 [archive import: scored retroactively, not a live reading]",2024-07-29,scoring
2024-07-30,3.2,0.469,0,up,"FRED BAMLH0A0HYM2 OAS 2024-07-30 [archive import: scored retroactively, not a live reading]",2024-07-30,scoring
2024-07-31,3.25,1.173,0,up,"FRED BAMLH0A0HYM2 OAS 2024-07-31 [archive import: scored retroactively, not a live reading]",2024-07-31,scoring
2024-08-01,3.35,2.658,0,up,"FRED BAMLH0A0HYM2 OAS 2024-08-01 [archive import: scored retroactively, not a live reading]",2024-08-01,scoring
2024-08-02,3.72,6.332,1,up,"FRED BAMLH0A0HYM2 OAS 2024-08-02 [archive import: scored retroactively, not a live reading]",2024-08-02,scoring
2024-08-05,3.93,8.795,1,up,"FRED BAMLH0A0HYM2 OAS 2024-08-05 [archive import: scored retroactively, not a live reading]",2024-08-05,scoring
2024-08-06,3.67,5.746,1,up,"FRED BAMLH0A0HYM2 OAS 2024-08-06 [archive import: scored retroactively, not a live reading]",2024-08-06,scoring
2024-08-07,3.57,4.573,1,up,"FRED BAMLH0A0HYM2 OAS 2024-08-07 [archive import: scored retroactively, not a live reading]",2024-08-07,scoring
2024-08-08,3.48,3.518,1,up,"FRED BAMLH0A0HYM2 OAS 2024-08-08 [archive import: scored retroactively, not a live reading]",2024-08-08,scoring
2024-08-09,3.49,3.635,1,up,"FRED BAMLH0A0HYM2 OAS 2024-08-09 [archive import: scored retroactively, not a live reading]",2024-08-09,scoring
2024-08-12,3.52,3.928,1,up,"FRED BAMLH0A0HYM2 OAS 2024-08-12 [archive import: scored retroactively, not a live reading]",2024-08-12,scoring
2024-08-13,3.54,4.104,1,up,"FRED BAMLH0A0HYM2 OAS 2024-08-13 [archive import: scored retroactively, not a live reading]",2024-08-13,scoring
2024-08-14,3.46,3.166,1,up,"FRED BAMLH0A0HYM2 OAS 2024-08-14 [archive import: scored retroactively, not a live reading]",2024-08-14,scoring
2024-08-15,3.31,1.126,0,up,"FRED BAMLH0A0HYM2 OAS 2024-08-15 [archive import: scored retroactively, not a live reading]",2024-08-15,scoring
2024-08-16,3.29,0.938,0,up,"FRED BAMLH0A0HYM2 OAS 2024-08-16 [archive import: scored retroactively, not a live reading]",2024-08-16,scoring
2024-08-19,3.21,0.188,0,up,"FRED BAMLH0A0HYM2 OAS 2024-08-19 [archive import: scored retroactively, not a live reading]",2024-08-19,scoring
2024-08-20,3.25,0.563,0,up,"FRED BAMLH0A0HYM2 OAS 2024-08-20 [archive import: scored retroactively, not a live reading]",2024-08-20,scoring
2024-08-21,3.27,0.938,0,up,"FRED BAMLH0A0HYM2 OAS 2024-08-21 [archive import: scored retroactively, not a live reading]",2024-08-21,scoring
2024-08-22,3.21,0.235,0,up,"FRED BAMLH0A0HYM2 OAS 2024-08-22 [archive import: scored retroactively, not a live reading]",2024-08-22,scoring
2024-08-23,3.19,0.000,0,flat,"FRED BAMLH0A0HYM2 OAS 2024-08-23 [archive import: scored retroactively, not a live reading]",2024-08-23,scoring
2024-08-26,3.15,-0.469,0,down,"FRED BAMLH0A0HYM2 OAS 2024-08-26 [archive import: scored retroactively, not a live reading]",2024-08-26,scoring
2024-08-27,3.17,-0.235,0,down,"FRED BAMLH0A0HYM2 OAS 2024-08-27 [archive import: scored retroactively, not a live reading]",2024-08-27,scoring
2024-08-28,3.19,0.000,0,flat,"FRED BAMLH0A0HYM2 OAS 2024-08-28 [archive import: scored retroactively, not a live reading]",2024-08-28,scoring
2024-08-29,3.15,-0.469,0,down,"FRED BAMLH0A0HYM2 OAS 2024-08-29 [archive import: scored retroactively, not a live reading]",2024-08-29,scoring
2024-08-30,3.13,-0.704,0,down,"FRED BAMLH0A0HYM2 OAS 2024-08-30 [archive import: scored retroactively, not a live reading]",2024-08-30,scoring
2024-08-31,3.17,-0.235,0,down,"FRED BAMLH0A0HYM2 OAS 2024-08-31 [archive import: scored retroactively, not a live reading]",2024-08-31,scoring
2024-09-02,3.17,-0.235,0,down,"FRED BAMLH0A0HYM2 OAS 2024-09-02 [archive import: scored retroactively, not a live reading]",2024-09-02,scoring
2024-09-03,3.31,1.466,0,up,"FRED BAMLH0A0HYM2 OAS 2024-09-03 [archive import: scored retroactively, not a live reading]",2024-09-03,scoring
2024-09-04,3.35,1.876,0,up,"FRED BAMLH0A0HYM2 OAS 2024-09-04 [archive import: scored retroactively, not a live reading]",2024-09-04,scoring
2024-09-05,3.29,1.173,0,up,"FRED BAMLH0A0HYM2 OAS 2024-09-05 [archive import: scored retroactively, not a live reading]",2024-09-05,scoring
2024-09-06,3.39,2.345,0,up,"FRED BAMLH0A0HYM2 OAS 2024-09-06 [archive import: scored retroactively, not a live reading]",2024-09-06,scoring
2024-09-09,3.36,1.994,0,up,"FRED BAMLH0A0HYM2 OAS 2024-09-09 [archive import: scored retroactively, not a live reading]",2024-09-09,scoring
2024-09-10,3.46,3.166,1,up,"FRED BAMLH0A0HYM2 OAS 2024-09-10 [archive import: scored retroactively, not a live reading]",2024-09-10,scoring
2024-09-11,3.44,2.345,0,up,"FRED BAMLH0A0HYM2 OAS 2024-09-11 [archive import: scored retroactively, not a live reading]",2024-09-11,scoring
2024-09-12,3.39,1.829,0,up,"FRED BAMLH0A0HYM2 OAS 2024-09-12 [archive import: scored retroactively, not a live reading]",2024-09-12,scoring
2024-09-13,3.37,1.595,0,up,"FRED BAMLH0A0HYM2 OAS 2024-09-13 [archive import: scored retroactively, not a live reading]",2024-09-13,scoring
2024-09-16,3.32,1.126,0,up,"FRED BAMLH0A0HYM2 OAS 2024-09-16 [archive import: scored retroactively, not a live reading]",2024-09-16,scoring
2024-09-17,3.25,0.469,0,up,"FRED BAMLH0A0HYM2 OAS 2024-09-17 [archive import: scored retroactively, not a live reading]",2024-09-17,scoring
2024-09-18,3.21,0.094,0,up,"FRED BAMLH0A0HYM2 OAS 2024-09-18 [archive import: scored retroactively, not a live reading]",2024-09-18,scoring
2024-09-19,3.1,-0.938,0,down,"FRED BAMLH0A0HYM2 OAS 2024-09-19 [archive import: scored retroactively, not a live reading]",2024-09-19,scoring
2024-09-20,3.15,-0.469,0,down,"FRED BAMLH0A0HYM2 OAS 2024-09-20 [archive import: scored retroactively, not a live reading]",2024-09-20,scoring
2024-09-23,3.15,-0.469,0,down,"FRED BAMLH0A0HYM2 OAS 2024-09-23 [archive import: scored retroactively, not a live reading]",2024-09-23,scoring
2024-09-24,3.21,0.094,0,up,"FRED BAMLH0A0HYM2 OAS 2024-09-24 [archive import: scored retroactively, not a live reading]",2024-09-24,scoring
2024-09-25,3.19,-0.141,0,down,"FRED BAMLH0A0HYM2 OAS 2024-09-25 [archive import: scored retroactively, not a live reading]",2024-09-25,scoring
2024-09-26,3.14,-0.762,0,down,"FRED BAMLH0A0HYM2 OAS 2024-09-26 [archive import: scored retroactively, not a live reading]",2024-09-26,scoring
2024-09-27,3.14,-0.762,0,down,"FRED BAMLH0A0HYM2 OAS 2024-09-27 [archive import: scored retroactively, not a live reading]",2024-09-27,scoring
2024-09-30,3.03,-2.052,0,down,"FRED BAMLH0A0HYM2 OAS 2024-09-30 [archive import: scored retroactively, not a live reading]",2024-09-30,scoring
2024-10-01,3.07,-1.266,0,down,"FRED BAMLH0A0HYM2 OAS 2024-10-01 [archive import: scored retroactively, not a live reading]",2024-10-01,scoring
2024-10-02,3.06,-1.360,0,down,"FRED BAMLH0A0HYM2 OAS 2024-10-02 [archive import: scored retroactively, not a live reading]",2024-10-02,scoring
2024-10-03,3.04,-1.548,0,down,"FRED BAMLH0A0HYM2 OAS 2024-10-03 [archive import: scored retroactively, not a live reading]",2024-10-03,scoring
2024-10-04,2.89,-2.955,0,down,"FRED BAMLH0A0HYM2 OAS 2024-10-04 [archive import: scored retroactively, not a live reading]",2024-10-04,scoring
2024-10-07,2.95,-2.345,0,down,"FRED BAMLH0A0HYM2 OAS 2024-10-07 [archive import: scored retroactively, not a live reading]",2024-10-07,scoring
2024-10-08,2.99,-1.642,0,down,"FRED BAMLH0A0HYM2 OAS 2024-10-08 [archive import: scored retroactively, not a live reading]",2024-10-08,scoring
2024-10-09,2.94,-2.033,0,down,"FRED BAMLH0A0HYM2 OAS 2024-10-09 [archive import: scored retroactively, not a live reading]",2024-10-09,scoring
2024-10-10,2.99,-1.642,0,down,"FRED BAMLH0A0HYM2 OAS 2024-10-10 [archive import: scored retroactively, not a live reading]",2024-10-10,scoring
2024-10-11,2.98,-1.720,0,down,"FRED BAMLH0A0HYM2 OAS 2024-10-11 [archive import: scored retroactively, not a live reading]",2024-10-11,scoring
2024-10-14,2.97,-1.798,0,down,"FRED BAMLH0A0HYM2 OAS 2024-10-14 [archive import: scored retroactively, not a live reading]",2024-10-14,scoring
2024-10-15,2.93,-2.111,0,down,"FRED BAMLH0A0HYM2 OAS 2024-10-15 [archive import: scored retroactively, not a live reading]",2024-10-15,scoring
2024-10-16,2.9,-2.345,0,down,"FRED BAMLH0A0HYM2 OAS 2024-10-16 [archive import: scored retroactively, not a live reading]",2024-10-16,scoring
2024-10-17,2.89,-2.384,0,down,"FRED BAMLH0A0HYM2 OAS 2024-10-17 [archive import: scored retroactively, not a live reading]",2024-10-17,scoring
2024-10-18,2.88,-2.077,0,down,"FRED BAMLH0A0HYM2 OAS 2024-10-18 [archive import: scored retroactively, not a live reading]",2024-10-18,scoring
2024-10-21,2.88,-2.077,0,down,"FRED BAMLH0A0HYM2 OAS 2024-10-21 [archive import: scored retroactively, not a live reading]",2024-10-21,scoring
2024-10-22,2.92,-1.809,0,down,"FRED BAMLH0A0HYM2 OAS 2024-10-22 [archive import: scored retroactively, not a live reading]",2024-10-22,scoring
2024-10-23,2.95,-1.608,0,down,"FRED BAMLH0A0HYM2 OAS 2024-10-23 [archive import: scored retroactively, not a live reading]",2024-10-23,scoring
2024-10-24,2.93,-1.524,0,down,"FRED BAMLH0A0HYM2 OAS 2024-10-24 [archive import: scored retroactively, not a live reading]",2024-10-24,scoring
2024-10-25,2.89,-1.730,0,down,"FRED BAMLH0A0HYM2 OAS 2024-10-25 [archive import: scored retroactively, not a live reading]",2024-10-25,scoring
2024-10-28,2.82,-2.111,0,down,"FRED BAMLH0A0HYM2 OAS 2024-10-28 [archive import: scored retroactively, not a live reading]",2024-10-28,scoring
2024-10-29,2.85,-1.935,0,down,"FRED BAMLH0A0HYM2 OAS 2024-10-29 [archive import: scored retroactively, not a live reading]",2024-10-29,scoring
2024-10-30,2.8,-2.199,0,down,"FRED BAMLH0A0HYM2 OAS 2024-10-30 [archive import: scored retroactively, not a live reading]",2024-10-30,scoring
2024-10-31,2.88,-1.511,0,down,"FRED BAMLH0A0HYM2 OAS 2024-10-31 [archive import: scored retroactively, not a live reading]",2024-10-31,scoring
2024-11-01,2.83,-1.772,0,down,"FRED BAMLH0A0HYM2 OAS 2024-11-01 [archive import: scored retroactively, not a live reading]",2024-11-01,scoring
2024-11-04,2.87,-1.564,0,down,"FRED BAMLH0A0HYM2 OAS 2024-11-04 [archive import: scored retroactively, not a live reading]",2024-11-04,scoring
2024-11-05,2.86,-1.407,0,down,"FRED BAMLH0A0HYM2 OAS 2024-11-05 [archive import: scored retroactively, not a live reading]",2024-11-05,scoring
2024-11-06,2.74,-1.923,0,down,"FRED BAMLH0A0HYM2 OAS 2024-11-06 [archive import: scored retroactively, not a live reading]",2024-11-06,scoring
2024-11-07,2.73,-1.970,0,down,"FRED BAMLH0A0HYM2 OAS 2024-11-07 [archive import: scored retroactively, not a live reading]",2024-11-07,scoring
2024-11-08,2.63,-2.439,0,down,"FRED BAMLH0A0HYM2 OAS 2024-11-08 [archive import: scored retroactively, not a live reading]",2024-11-08,scoring
2024-11-11,2.63,-2.416,0,down,"FRED BAMLH0A0HYM2 OAS 2024-11-11 [archive import: scored retroactively, not a live reading]",2024-11-11,scoring
2024-11-12,2.61,-2.260,0,down,"FRED BAMLH0A0HYM2 OAS 2024-11-12 [archive import: scored retroactively, not a live reading]",2024-11-12,scoring
2024-11-13,2.64,-2.111,0,down,"FRED BAMLH0A0HYM2 OAS 2024-11-13 [archive import: scored retroactively, not a live reading]",2024-11-13,scoring
2024-11-14,2.6,-2.260,0,down,"FRED BAMLH0A0HYM2 OAS 2024-11-14 [archive import: scored retroactively, not a live reading]",2024-11-14,scoring
2024-11-15,2.72,-1.603,0,down,"FRED BAMLH0A0HYM2 OAS 2024-11-15 [archive import: scored retroactively, not a live reading]",2024-11-15,scoring
2024-11-18,2.72,-1.544,0,down,"FRED BAMLH0A0HYM2 OAS 2024-11-18 [archive import: scored retroactively, not a live reading]",2024-11-18,scoring
2024-11-19,2.69,-1.661,0,down,"FRED BAMLH0A0HYM2 OAS 2024-11-19 [archive import: scored retroactively, not a live reading]",2024-11-19,scoring
2024-11-20,2.67,-1.606,0,down,"FRED BAMLH0A0HYM2 OAS 2024-11-20 [archive import: scored retroactively, not a live reading]",2024-11-20,scoring
2024-11-21,2.61,-1.822,0,down,"FRED BAMLH0A0HYM2 OAS 2024-11-21 [archive import: scored retroactively, not a live reading]",2024-11-21,scoring
2024-11-22,2.61,-1.822,0,down,"FRED BAMLH0A0HYM2 OAS 2024-11-22 [archive import: scored retroactively, not a live reading]",2024-11-22,scoring
2024-11-25,2.64,-1.591,0,down,"FRED BAMLH0A0HYM2 OAS 2024-11-25 [archive import: scored retroactively, not a live reading]",2024-11-25,scoring
2024-11-26,2.68,-1.457,0,down,"FRED BAMLH0A0HYM2 OAS 2024-11-26 [archive import: scored retroactively, not a live reading]",2024-11-26,scoring
2024-11-27,2.69,-1.424,0,down,"FRED BAMLH0A0HYM2 OAS 2024-11-27 [archive import: scored retroactively, not a live reading]",2024-11-27,scoring
2024-11-28,2.69,-1.424,0,down,"FRED BAMLH0A0HYM2 OAS 2024-11-28 [archive import: scored retroactively, not a live reading]",2024-11-28,scoring
2024-11-29,2.72,-1.323,0,down,"FRED BAMLH0A0HYM2 OAS 2024-11-29 [archive import: scored retroactively, not a live reading]",2024-11-29,scoring
2024-11-30,2.74,-1.079,0,down,"FRED BAMLH0A0HYM2 OAS 2024-11-30 [archive import: scored retroactively, not a live reading]",2024-11-30,scoring
2024-12-02,2.68,-1.204,0,down,"FRED BAMLH0A0HYM2 OAS 2024-12-02 [archive import: scored retroactively, not a live reading]",2024-12-02,scoring
2024-12-03,2.66,-1.220,0,down,"FRED BAMLH0A0HYM2 OAS 2024-12-03 [archive import: scored retroactively, not a live reading]",2024-12-03,scoring
2024-12-04,2.66,-1.173,0,down,"FRED BAMLH0A0HYM2 OAS 2024-12-04 [archive import: scored retroactively, not a live reading]",2024-12-04,scoring
2024-12-05,2.66,-1.173,0,down,"FRED BAMLH0A0HYM2 OAS 2024-12-05 [archive import: scored retroactively, not a live reading]",2024-12-05,scoring
2024-12-06,2.67,-1.072,0,down,"FRED BAMLH0A0HYM2 OAS 2024-12-06 [archive import: scored retroactively, not a live reading]",2024-12-06,scoring
2024-12-09,2.67,-1.055,0,down,"FRED BAMLH0A0HYM2 OAS 2024-12-09 [archive import: scored retroactively, not a live reading]",2024-12-09,scoring
2024-12-10,2.67,-1.101,0,down,"FRED BAMLH0A0HYM2 OAS 2024-12-10 [archive import: scored retroactively, not a live reading]",2024-12-10,scoring
2024-12-11,2.64,-1.155,0,down,"FRED BAMLH0A0HYM2 OAS 2024-12-11 [archive import: scored retroactively, not a live reading]",2024-12-11,scoring
2024-12-12,2.66,-1.046,0,down,"FRED BAMLH0A0HYM2 OAS 2024-12-12 [archive import: scored retroactively, not a live reading]",2024-12-12,scoring
2024-12-13,2.68,-1.036,0,down,"FRED BAMLH0A0HYM2 OAS 2024-12-13 [archive import: scored retroactively, not a live reading]",2024-12-13,scoring
2024-12-16,2.69,-0.958,0,down,"FRED BAMLH0A0HYM2 OAS 2024-12-16 [archive import: scored retroactively, not a live reading]",2024-12-16,scoring
2024-12-17,2.75,-0.768,0,down,"FRED BAMLH0A0HYM2 OAS 2024-12-17 [archive import: scored retroactively, not a live reading]",2024-12-17,scoring
2024-12-18,2.73,-0.832,0,down,"FRED BAMLH0A0HYM2 OAS 2024-12-18 [archive import: scored retroactively, not a live reading]",2024-12-18,scoring
2024-12-19,2.91,0.000,0,flat,"FRED BAMLH0A0HYM2 OAS 2024-12-19 [archive import: scored retroactively, not a live reading]",2024-12-19,scoring
2024-12-20,2.86,-0.192,0,down,"FRED BAMLH0A0HYM2 OAS 2024-12-20 [archive import: scored retroactively, not a live reading]",2024-12-20,scoring
2024-12-23,2.85,-0.192,0,down,"FRED BAMLH0A0HYM2 OAS 2024-12-23 [archive import: scored retroactively, not a live reading]",2024-12-23,scoring
2024-12-24,2.86,-0.128,0,down,"FRED BAMLH0A0HYM2 OAS 2024-12-24 [archive import: scored retroactively, not a live reading]",2024-12-24,scoring
2024-12-26,2.86,-0.128,0,down,"FRED BAMLH0A0HYM2 OAS 2024-12-26 [archive import: scored retroactively, not a live reading]",2024-12-26,scoring
2024-12-27,2.84,-0.192,0,down,"FRED BAMLH0A0HYM2 OAS 2024-12-27 [archive import: scored retroactively, not a live reading]",2024-12-27,scoring
2024-12-30,2.94,0.256,0,up,"FRED BAMLH0A0HYM2 OAS 2024-12-30 [archive import: scored retroactively, not a live reading]",2024-12-30,scoring
2024-12-31,2.92,0.171,0,up,"FRED BAMLH0A0HYM2 OAS 2024-12-31 [archive import: scored retroactively, not a live reading]",2024-12-31,scoring
2025-01-02,2.88,0.000,0,flat,"FRED BAMLH0A0HYM2 OAS 2025-01-02 [archive import: scored retroactively, not a live reading]",2025-01-02,scoring
2025-01-03,2.81,-0.328,0,down,"FRED BAMLH0A0HYM2 OAS 2025-01-03 [archive import: scored retroactively, not a live reading]",2025-01-03,scoring
2025-01-06,2.76,-0.563,0,down,"FRED BAMLH0A0HYM2 OAS 2025-01-06 [archive import: scored retroactively, not a live reading]",2025-01-06,scoring
2025-01-07,2.79,-0.399,0,down,"FRED BAMLH0A0HYM2 OAS 2025-01-07 [archive import: scored retroactively, not a live reading]",2025-01-07,scoring
2025-01-08,2.84,-0.130,0,down,"FRED BAMLH0A0HYM2 OAS 2025-01-08 [archive import: scored retroactively, not a live reading]",2025-01-08,scoring
2025-01-09,2.82,-0.208,0,down,"FRED BAMLH0A0HYM2 OAS 2025-01-09 [archive import: scored retroactively, not a live reading]",2025-01-09,scoring
2025-01-10,2.81,-0.261,0,down,"FRED BAMLH0A0HYM2 OAS 2025-01-10 [archive import: scored retroactively, not a live reading]",2025-01-10,scoring
2025-01-13,2.85,-0.052,0,down,"FRED BAMLH0A0HYM2 OAS 2025-01-13 [archive import: scored retroactively, not a live reading]",2025-01-13,scoring
2025-01-14,2.8,-0.322,0,down,"FRED BAMLH0A0HYM2 OAS 2025-01-14 [archive import: scored retroactively, not a live reading]",2025-01-14,scoring
2025-01-15,2.72,-0.762,0,down,"FRED BAMLH0A0HYM2 OAS 2025-01-15 [archive import: scored retroactively, not a live reading]",2025-01-15,scoring
2025-01-16,2.73,-0.704,0,down,"FRED BAMLH0A0HYM2 OAS 2025-01-16 [archive import: scored retroactively, not a live reading]",2025-01-16,scoring
2025-01-17,2.64,-1.202,0,down,"FRED BAMLH0A0HYM2 OAS 2025-01-17 [archive import: scored retroactively, not a live reading]",2025-01-17,scoring
2025-01-20,2.64,-1.340,0,down,"FRED BAMLH0A0HYM2 OAS 2025-01-20 [archive import: scored retroactively, not a live reading]",2025-01-20,scoring
2025-01-21,2.61,-1.508,0,down,"FRED BAMLH0A0HYM2 OAS 2025-01-21 [archive import: scored retroactively, not a live reading]",2025-01-21,scoring
2025-01-22,2.59,-1.575,0,down,"FRED BAMLH0A0HYM2 OAS 2025-01-22 [archive import: scored retroactively, not a live reading]",2025-01-22,scoring
2025-01-23,2.61,-1.407,0,down,"FRED BAMLH0A0HYM2 OAS 2025-01-23 [archive import: scored retroactively, not a live reading]",2025-01-23,scoring
2025-01-24,2.6,-1.441,0,down,"FRED BAMLH0A0HYM2 OAS 2025-01-24 [archive import: scored retroactively, not a live reading]",2025-01-24,scoring
2025-01-27,2.66,-1.005,0,down,"FRED BAMLH0A0HYM2 OAS 2025-01-27 [archive import: scored retroactively, not a live reading]",2025-01-27,scoring
2025-01-28,2.66,-0.972,0,down,"FRED BAMLH0A0HYM2 OAS 2025-01-28 [archive import: scored retroactively, not a live reading]",2025-01-28,scoring
2025-01-29,2.68,-0.938,0,down,"FRED BAMLH0A0HYM2 OAS 2025-01-29 [archive import: scored retroactively, not a live reading]",2025-01-29,scoring
2025-01-30,2.67,-0.977,0,down,"FRED BAMLH0A0HYM2 OAS 2025-01-30 [archive import: scored retroactively, not a live reading]",2025-01-30,scoring
2025-01-31,2.68,-0.743,0,down,"FRED BAMLH0A0HYM2 OAS 2025-01-31 [archive import: scored retroactively, not a live reading]",2025-01-31,scoring
2025-02-03,2.73,-0.195,0,down,"FRED BAMLH0A0HYM2 OAS 2025-02-03 [archive import: scored retroactively, not a live reading]",2025-02-03,scoring
2025-02-04,2.71,-0.274,0,down,"FRED BAMLH0A0HYM2 OAS 2025-02-04 [archive import: scored retroactively, not a live reading]",2025-02-04,scoring
2025-02-05,2.69,-0.391,0,down,"FRED BAMLH0A0HYM2 OAS 2025-02-05 [archive import: scored retroactively, not a live reading]",2025-02-05,scoring
2025-02-06,2.66,-0.704,0,down,"FRED BAMLH0A0HYM2 OAS 2025-02-06 [archive import: scored retroactively, not a live reading]",2025-02-06,scoring
2025-02-07,2.67,-0.563,0,down,"FRED BAMLH0A0HYM2 OAS 2025-02-07 [archive import: scored retroactively, not a live reading]",2025-02-07,scoring
2025-02-10,2.66,-0.657,0,down,"FRED BAMLH0A0HYM2 OAS 2025-02-10 [archive import: scored retroactively, not a live reading]",2025-02-10,scoring
2025-02-11,2.66,-0.657,0,down,"FRED BAMLH0A0HYM2 OAS 2025-02-11 [archive import: scored retroactively, not a live reading]",2025-02-11,scoring
2025-02-12,2.65,-0.704,0,down,"FRED BAMLH0A0HYM2 OAS 2025-02-12 [archive import: scored retroactively, not a live reading]",2025-02-12,scoring
2025-02-13,2.65,-0.657,0,down,"FRED BAMLH0A0HYM2 OAS 2025-02-13 [archive import: scored retroactively, not a live reading]",2025-02-13,scoring
2025-02-14,2.62,-0.938,0,down,"FRED BAMLH0A0HYM2 OAS 2025-02-14 [archive import: scored retroactively, not a live reading]",2025-02-14,scoring
2025-02-17,2.62,-1.173,0,down,"FRED BAMLH0A0HYM2 OAS 2025-02-17 [archive import: scored retroactively, not a live reading]",2025-02-17,scoring
2025-02-18,2.62,-1.114,0,down,"FRED BAMLH0A0HYM2 OAS 2025-02-18 [archive import: scored retroactively, not a live reading]",2025-02-18,scoring
2025-02-19,2.68,-0.235,0,down,"FRED BAMLH0A0HYM2 OAS 2025-02-19 [archive import: scored retroactively, not a live reading]",2025-02-19,scoring
2025-02-20,2.66,-0.352,0,down,"FRED BAMLH0A0HYM2 OAS 2025-02-20 [archive import: scored retroactively, not a live reading]",2025-02-20,scoring
2025-02-21,2.78,1.055,0,up,"FRED BAMLH0A0HYM2 OAS 2025-02-21 [archive import: scored retroactively, not a live reading]",2025-02-21,scoring
2025-02-24,2.78,1.055,0,up,"FRED BAMLH0A0HYM2 OAS 2025-02-24 [archive import: scored retroactively, not a live reading]",2025-02-24,scoring
2025-02-25,2.84,1.759,0,up,"FRED BAMLH0A0HYM2 OAS 2025-02-25 [archive import: scored retroactively, not a live reading]",2025-02-25,scoring
2025-02-26,2.81,1.407,0,up,"FRED BAMLH0A0HYM2 OAS 2025-02-26 [archive import: scored retroactively, not a live reading]",2025-02-26,scoring
2025-02-27,2.81,1.407,0,up,"FRED BAMLH0A0HYM2 OAS 2025-02-27 [archive import: scored retroactively, not a live reading]",2025-02-27,scoring
2025-02-28,2.87,2.111,0,up,"FRED BAMLH0A0HYM2 OAS 2025-02-28 [archive import: scored retroactively, not a live reading]",2025-02-28,scoring
2025-03-03,2.94,2.932,0,up,"FRED BAMLH0A0HYM2 OAS 2025-03-03 [archive import: scored retroactively, not a live reading]",2025-03-03,scoring
2025-03-04,2.99,3.518,1,up,"FRED BAMLH0A0HYM2 OAS 2025-03-04 [archive import: scored retroactively, not a live reading]",2025-03-04,scoring
2025-03-05,2.88,2.228,0,up,"FRED BAMLH0A0HYM2 OAS 2025-03-05 [archive import: scored retroactively, not a live reading]",2025-03-05,scoring
2025-03-06,2.99,3.518,1,up,"FRED BAMLH0A0HYM2 OAS 2025-03-06 [archive import: scored retroactively, not a live reading]",2025-03-06,scoring
2025-03-07,2.97,3.283,1,up,"FRED BAMLH0A0HYM2 OAS 2025-03-07 [archive import: scored retroactively, not a live reading]",2025-03-07,scoring
2025-03-10,3.16,5.512,1,up,"FRED BAMLH0A0HYM2 OAS 2025-03-10 [archive import: scored retroactively, not a live reading]",2025-03-10,scoring
2025-03-11,3.22,6.215,1,up,"FRED BAMLH0A0HYM2 OAS 2025-03-11 [archive import: scored retroactively, not a live reading]",2025-03-11,scoring
2025-03-12,3.2,5.981,1,up,"FRED BAMLH0A0HYM2 OAS 2025-03-12 [archive import: scored retroactively, not a live reading]",2025-03-12,scoring
2025-03-13,3.4,8.326,1,up,"FRED BAMLH0A0HYM2 OAS 2025-03-13 [archive import: scored retroactively, not a live reading]",2025-03-13,scoring
2025-03-14,3.25,6.567,1,up,"FRED BAMLH0A0HYM2 OAS 2025-03-14 [archive import: scored retroactively, not a live reading]",2025-03-14,scoring
2025-03-17,3.18,5.746,1,up,"FRED BAMLH0A0HYM2 OAS 2025-03-17 [archive import: scored retroactively, not a live reading]",2025-03-17,scoring
2025-03-18,3.23,5.066,1,up,"FRED BAMLH0A0HYM2 OAS 2025-03-18 [archive import: scored retroactively, not a live reading]",2025-03-18,scoring
2025-03-19,3.19,4.597,1,up,"FRED BAMLH0A0HYM2 OAS 2025-03-19 [archive import: scored retroactively, not a live reading]",2025-03-19,scoring
2025-03-20,3.17,4.269,1,up,"FRED BAMLH0A0HYM2 OAS 2025-03-20 [archive import: scored retroactively, not a live reading]",2025-03-20,scoring
2025-03-21,3.21,4.597,1,up,"FRED BAMLH0A0HYM2 OAS 2025-03-21 [archive import: scored retroactively, not a live reading]",2025-03-21,scoring
2025-03-24,3.05,3.096,1,up,"FRED BAMLH0A0HYM2 OAS 2025-03-24 [archive import: scored retroactively, not a live reading]",2025-03-24,scoring
2025-03-25,3.09,3.471,1,up,"FRED BAMLH0A0HYM2 OAS 2025-03-25 [archive import: scored retroactively, not a live reading]",2025-03-25,scoring
2025-03-26,3.19,4.362,1,up,"FRED BAMLH0A0HYM2 OAS 2025-03-26 [archive import: scored retroactively, not a live reading]",2025-03-26,scoring
2025-03-27,3.27,4.222,1,up,"FRED BAMLH0A0HYM2 OAS 2025-03-27 [archive import: scored retroactively, not a live reading]",2025-03-27,scoring
2025-03-28,3.47,5.785,1,up,"FRED BAMLH0A0HYM2 OAS 2025-03-28 [archive import: scored retroactively, not a live reading]",2025-03-28,scoring
2025-03-31,3.55,6.372,1,up,"FRED BAMLH0A0HYM2 OAS 2025-03-31 [archive import: scored retroactively, not a live reading]",2025-03-31,scoring
2025-04-01,3.5,5.902,1,up,"FRED BAMLH0A0HYM2 OAS 2025-04-01 [archive import: scored retroactively, not a live reading]",2025-04-01,scoring
2025-04-02,3.42,5.199,1,up,"FRED BAMLH0A0HYM2 OAS 2025-04-02 [archive import: scored retroactively, not a live reading]",2025-04-02,scoring
2025-04-03,4.01,8.309,1,up,"FRED BAMLH0A0HYM2 OAS 2025-04-03 [archive import: scored retroactively, not a live reading]",2025-04-03,scoring
2025-04-04,4.45,11.191,1,up,"FRED BAMLH0A0HYM2 OAS 2025-04-04 [archive import: scored retroactively, not a live reading]",2025-04-04,scoring
2025-04-07,4.61,12.229,1,up,"FRED BAMLH0A0HYM2 OAS 2025-04-07 [archive import: scored retroactively, not a live reading]",2025-04-07,scoring
2025-04-08,4.57,10.407,1,up,"FRED BAMLH0A0HYM2 OAS 2025-04-08 [archive import: scored retroactively, not a live reading]",2025-04-08,scoring
2025-04-09,4.37,9.176,1,up,"FRED BAMLH0A0HYM2 OAS 2025-04-09 [archive import: scored retroactively, not a live reading]",2025-04-09,scoring
2025-04-10,4.42,8.391,1,up,"FRED BAMLH0A0HYM2 OAS 2025-04-10 [archive import: scored retroactively, not a live reading]",2025-04-10,scoring
2025-04-11,4.26,7.557,1,up,"FRED BAMLH0A0HYM2 OAS 2025-04-11 [archive import: scored retroactively, not a live reading]",2025-04-11,scoring
2025-04-14,4.14,6.239,1,up,"FRED BAMLH0A0HYM2 OAS 2025-04-14 [archive import: scored retroactively, not a live reading]",2025-04-14,scoring
2025-04-15,4.09,5.981,1,up,"FRED BAMLH0A0HYM2 OAS 2025-04-15 [archive import: scored retroactively, not a live reading]",2025-04-15,scoring
2025-04-16,4.16,5.671,1,up,"FRED BAMLH0A0HYM2 OAS 2025-04-16 [archive import: scored retroactively, not a live reading]",2025-04-16,scoring
2025-04-17,4.02,5.032,1,up,"FRED BAMLH0A0HYM2 OAS 2025-04-17 [archive import: scored retroactively, not a live reading]",2025-04-17,scoring
2025-04-21,4.16,5.160,1,up,"FRED BAMLH0A0HYM2 OAS 2025-04-21 [archive import: scored retroactively, not a live reading]",2025-04-21,scoring
2025-04-22,3.99,4.476,1,up,"FRED BAMLH0A0HYM2 OAS 2025-04-22 [archive import: scored retroactively, not a live reading]",2025-04-22,scoring
2025-04-23,3.75,3.247,1,up,"FRED BAMLH0A0HYM2 OAS 2025-04-23 [archive import: scored retroactively, not a live reading]",2025-04-23,scoring
2025-04-24,3.73,3.157,1,up,"FRED BAMLH0A0HYM2 OAS 2025-04-24 [archive import: scored retroactively, not a live reading]",2025-04-24,scoring
2025-04-25,3.67,2.714,0,up,"FRED BAMLH0A0HYM2 OAS 2025-04-25 [archive import: scored retroactively, not a live reading]",2025-04-25,scoring
2025-04-28,3.73,2.721,0,up,"FRED BAMLH0A0HYM2 OAS 2025-04-28 [archive import: scored retroactively, not a live reading]",2025-04-28,scoring
2025-04-29,3.74,2.736,0,up,"FRED BAMLH0A0HYM2 OAS 2025-04-29 [archive import: scored retroactively, not a live reading]",2025-04-29,scoring
2025-04-30,3.94,3.152,1,up,"FRED BAMLH0A0HYM2 OAS 2025-04-30 [archive import: scored retroactively, not a live reading]",2025-04-30,scoring
2025-05-01,3.78,2.653,0,up,"FRED BAMLH0A0HYM2 OAS 2025-05-01 [archive import: scored retroactively, not a live reading]",2025-05-01,scoring
2025-05-02,3.6,1.987,0,up,"FRED BAMLH0A0HYM2 OAS 2025-05-02 [archive import: scored retroactively, not a live reading]",2025-05-02,scoring
2025-05-05,3.6,1.931,0,up,"FRED BAMLH0A0HYM2 OAS 2025-05-05 [archive import: scored retroactively, not a live reading]",2025-05-05,scoring
2025-05-06,3.66,1.902,0,up,"FRED BAMLH0A0HYM2 OAS 2025-05-06 [archive import: scored retroactively, not a live reading]",2025-05-06,scoring
2025-05-07,3.67,1.902,0,up,"FRED BAMLH0A0HYM2 OAS 2025-05-07 [archive import: scored retroactively, not a live reading]",2025-05-07,scoring
2025-05-08,3.51,1.446,0,up,"FRED BAMLH0A0HYM2 OAS 2025-05-08 [archive import: scored retroactively, not a live reading]",2025-05-08,scoring
2025-05-09,3.53,1.358,0,up,"FRED BAMLH0A0HYM2 OAS 2025-05-09 [archive import: scored retroactively, not a live reading]",2025-05-09,scoring
2025-05-12,3.15,0.395,0,up,"FRED BAMLH0A0HYM2 OAS 2025-05-12 [archive import: scored retroactively, not a live reading]",2025-05-12,scoring
2025-05-13,3.09,0.164,0,up,"FRED BAMLH0A0HYM2 OAS 2025-05-13 [archive import: scored retroactively, not a live reading]",2025-05-13,scoring
2025-05-14,3.1,0.070,0,up,"FRED BAMLH0A0HYM2 OAS 2025-05-14 [archive import: scored retroactively, not a live reading]",2025-05-14,scoring
2025-05-15,3.2,0.246,0,up,"FRED BAMLH0A0HYM2 OAS 2025-05-15 [archive import: scored retroactively, not a live reading]",2025-05-15,scoring
2025-05-16,3.16,0.145,0,up,"FRED BAMLH0A0HYM2 OAS 2025-05-16 [archive import: scored retroactively, not a live reading]",2025-05-16,scoring
2025-05-19,3.21,0.181,0,up,"FRED BAMLH0A0HYM2 OAS 2025-05-19 [archive import: scored retroactively, not a live reading]",2025-05-19,scoring
2025-05-20,3.2,0.096,0,up,"FRED BAMLH0A0HYM2 OAS 2025-05-20 [archive import: scored retroactively, not a live reading]",2025-05-20,scoring
2025-05-21,3.25,0.192,0,up,"FRED BAMLH0A0HYM2 OAS 2025-05-21 [archive import: scored retroactively, not a live reading]",2025-05-21,scoring
2025-05-22,3.32,0.316,0,up,"FRED BAMLH0A0HYM2 OAS 2025-05-22 [archive import: scored retroactively, not a live reading]",2025-05-22,scoring
2025-05-23,3.4,0.459,0,up,"FRED BAMLH0A0HYM2 OAS 2025-05-23 [archive import: scored retroactively, not a live reading]",2025-05-23,scoring
2025-05-26,3.4,0.420,0,up,"FRED BAMLH0A0HYM2 OAS 2025-05-26 [archive import: scored retroactively, not a live reading]",2025-05-26,scoring
2025-05-27,3.24,0.098,0,up,"FRED BAMLH0A0HYM2 OAS 2025-05-27 [archive import: scored retroactively, not a live reading]",2025-05-27,scoring
2025-05-28,3.23,0.068,0,up,"FRED BAMLH0A0HYM2 OAS 2025-05-28 [archive import: scored retroactively, not a live reading]",2025-05-28,scoring
2025-05-29,3.22,0.039,0,up,"FRED BAMLH0A0HYM2 OAS 2025-05-29 [archive import: scored retroactively, not a live reading]",2025-05-29,scoring
2025-05-30,3.31,0.215,0,up,"FRED BAMLH0A0HYM2 OAS 2025-05-30 [archive import: scored retroactively, not a live reading]",2025-05-30,scoring
2025-05-31,3.32,0.235,0,up,"FRED BAMLH0A0HYM2 OAS 2025-05-31 [archive import: scored retroactively, not a live reading]",2025-05-31,scoring
2025-06-02,3.27,0.122,0,up,"FRED BAMLH0A0HYM2 OAS 2025-06-02 [archive import: scored retroactively, not a live reading]",2025-06-02,scoring
2025-06-03,3.19,-0.051,0,down,"FRED BAMLH0A0HYM2 OAS 2025-06-03 [archive import: scored retroactively, not a live reading]",2025-06-03,scoring
2025-06-04,3.23,0.032,0,up,"FRED BAMLH0A0HYM2 OAS 2025-06-04 [archive import: scored retroactively, not a live reading]",2025-06-04,scoring
2025-06-05,3.18,-0.085,0,down,"FRED BAMLH0A0HYM2 OAS 2025-06-05 [archive import: scored retroactively, not a live reading]",2025-06-05,scoring
2025-06-06,3.09,-0.277,0,down,"FRED BAMLH0A0HYM2 OAS 2025-06-06 [archive import: scored retroactively, not a live reading]",2025-06-06,scoring
2025-06-09,3.12,-0.213,0,down,"FRED BAMLH0A0HYM2 OAS 2025-06-09 [archive import: scored retroactively, not a live reading]",2025-06-09,scoring
2025-06-10,3.12,-0.223,0,down,"FRED BAMLH0A0HYM2 OAS 2025-06-10 [archive import: scored retroactively, not a live reading]",2025-06-10,scoring
2025-06-11,3.12,-0.223,0,down,"FRED BAMLH0A0HYM2 OAS 2025-06-11 [archive import: scored retroactively, not a live reading]",2025-06-11,scoring
2025-06-12,3.17,-0.117,0,down,"FRED BAMLH0A0HYM2 OAS 2025-06-12 [archive import: scored retroactively, not a live reading]",2025-06-12,scoring
2025-06-13,3.18,-0.094,0,down,"FRED BAMLH0A0HYM2 OAS 2025-06-13 [archive import: scored retroactively, not a live reading]",2025-06-13,scoring
2025-06-16,3.1,-0.296,0,down,"FRED BAMLH0A0HYM2 OAS 2025-06-16 [archive import: scored retroactively, not a live reading]",2025-06-16,scoring
2025-06-17,3.17,-0.123,0,down,"FRED BAMLH0A0HYM2 OAS 2025-06-17 [archive import: scored retroactively, not a live reading]",2025-06-17,scoring
2025-06-18,3.16,-0.156,0,down,"FRED BAMLH0A0HYM2 OAS 2025-06-18 [archive import: scored retroactively, not a live reading]",2025-06-18,scoring
2025-06-19,3.16,-0.166,0,down,"FRED BAMLH0A0HYM2 OAS 2025-06-19 [archive import: scored retroactively, not a live reading]",2025-06-19,scoring
2025-06-20,3.13,-0.264,0,down,"FRED BAMLH0A0HYM2 OAS 2025-06-20 [archive import: scored retroactively, not a live reading]",2025-06-20,scoring
2025-06-23,3.12,-0.313,0,down,"FRED BAMLH0A0HYM2 OAS 2025-06-23 [archive import: scored retroactively, not a live reading]",2025-06-23,scoring
2025-06-24,3.06,-0.500,0,down,"FRED BAMLH0A0HYM2 OAS 2025-06-24 [archive import: scored retroactively, not a live reading]",2025-06-24,scoring
2025-06-25,3.04,-0.603,0,down,"FRED BAMLH0A0HYM2 OAS 2025-06-25 [archive import: scored retroactively, not a live reading]",2025-06-25,scoring
2025-06-26,3.04,-0.603,0,down,"FRED BAMLH0A0HYM2 OAS 2025-06-26 [archive import: scored retroactively, not a live reading]",2025-06-26,scoring
2025-06-27,3.02,-0.722,0,down,"FRED BAMLH0A0HYM2 OAS 2025-06-27 [archive import: scored retroactively, not a live reading]",2025-06-27,scoring
2025-06-30,2.96,-0.938,0,down,"FRED BAMLH0A0HYM2 OAS 2025-06-30 [archive import: scored retroactively, not a live reading]",2025-06-30,scoring
2025-07-01,2.91,-1.119,0,down,"FRED BAMLH0A0HYM2 OAS 2025-07-01 [archive import: scored retroactively, not a live reading]",2025-07-01,scoring
2025-07-02,2.88,-1.227,0,down,"FRED BAMLH0A0HYM2 OAS 2025-07-02 [archive import: scored retroactively, not a live reading]",2025-07-02,scoring
2025-07-03,2.8,-1.515,0,down,"FRED BAMLH0A0HYM2 OAS 2025-07-03 [archive import: scored retroactively, not a live reading]",2025-07-03,scoring
2025-07-04,2.8,-1.515,0,down,"FRED BAMLH0A0HYM2 OAS 2025-07-04 [archive import: scored retroactively, not a live reading]",2025-07-04,scoring
2025-07-07,2.86,-1.299,0,down,"FRED BAMLH0A0HYM2 OAS 2025-07-07 [archive import: scored retroactively, not a live reading]",2025-07-07,scoring
2025-07-08,2.92,-1.082,0,down,"FRED BAMLH0A0HYM2 OAS 2025-07-08 [archive import: scored retroactively, not a live reading]",2025-07-08,scoring
2025-07-09,2.94,-1.010,0,down,"FRED BAMLH0A0HYM2 OAS 2025-07-09 [archive import: scored retroactively, not a live reading]",2025-07-09,scoring
2025-07-10,2.92,-1.082,0,down,"FRED BAMLH0A0HYM2 OAS 2025-07-10 [archive import: scored retroactively, not a live reading]",2025-07-10,scoring
2025-07-11,2.97,-0.902,0,down,"FRED BAMLH0A0HYM2 OAS 2025-07-11 [archive import: scored retroactively, not a live reading]",2025-07-11,scoring
2025-07-14,2.95,-0.974,0,down,"FRED BAMLH0A0HYM2 OAS 2025-07-14 [archive import: scored retroactively, not a live reading]",2025-07-14,scoring
2025-07-15,2.95,-0.905,0,down,"FRED BAMLH0A0HYM2 OAS 2025-07-15 [archive import: scored retroactively, not a live reading]",2025-07-15,scoring
2025-07-16,3,-0.720,0,down,"FRED BAMLH0A0HYM2 OAS 2025-07-16 [archive import: scored retroactively, not a live reading]",2025-07-16,scoring
2025-07-17,2.91,-1.022,0,down,"FRED BAMLH0A0HYM2 OAS 2025-07-17 [archive import: scored retroactively, not a live reading]",2025-07-17,scoring
2025-07-18,2.93,-0.938,0,down,"FRED BAMLH0A0HYM2 OAS 2025-07-18 [archive import: scored retroactively, not a live reading]",2025-07-18,scoring
2025-07-21,2.89,-1.055,0,down,"FRED BAMLH0A0HYM2 OAS 2025-07-21 [archive import: scored retroactively, not a live reading]",2025-07-21,scoring
2025-07-22,2.9,-0.954,0,down,"FRED BAMLH0A0HYM2 OAS 2025-07-22 [archive import: scored retroactively, not a live reading]",2025-07-22,scoring
2025-07-23,2.83,-1.157,0,down,"FRED BAMLH0A0HYM2 OAS 2025-07-23 [archive import: scored retroactively, not a live reading]",2025-07-23,scoring
2025-07-24,2.82,-1.188,0,down,"FRED BAMLH0A0HYM2 OAS 2025-07-24 [archive import: scored retroactively, not a live reading]",2025-07-24,scoring
2025-07-25,2.84,-1.055,0,down,"FRED BAMLH0A0HYM2 OAS 2025-07-25 [archive import: scored retroactively, not a live reading]",2025-07-25,scoring
2025-07-28,2.82,-1.099,0,down,"FRED BAMLH0A0HYM2 OAS 2025-07-28 [archive import: scored retroactively, not a live reading]",2025-07-28,scoring
2025-07-29,2.86,-0.982,0,down,"FRED BAMLH0A0HYM2 OAS 2025-07-29 [archive import: scored retroactively, not a live reading]",2025-07-29,scoring
2025-07-30,2.89,-0.842,0,down,"FRED BAMLH0A0HYM2 OAS 2025-07-30 [archive import: scored retroactively, not a live reading]",2025-07-30,scoring
2025-07-31,2.86,-0.924,0,down,"FRED BAMLH0A0HYM2 OAS 2025-07-31 [archive import: scored retroactively, not a live reading]",2025-07-31,scoring
2025-08-01,3.13,-0.152,0,down,"FRED BAMLH0A0HYM2 OAS 2025-08-01 [archive import: scored retroactively, not a live reading]",2025-08-01,scoring
2025-08-04,3.02,-0.441,0,down,"FRED BAMLH0A0HYM2 OAS 2025-08-04 [archive import: scored retroactively, not a live reading]",2025-08-04,scoring
2025-08-05,2.98,-0.572,0,down,"FRED BAMLH0A0HYM2 OAS 2025-08-05 [archive import: scored retroactively, not a live reading]",2025-08-05,scoring
2025-08-06,2.98,-0.557,0,down,"FRED BAMLH0A0HYM2 OAS 2025-08-06 [archive import: scored retroactively, not a live reading]",2025-08-06,scoring
2025-08-07,2.95,-0.672,0,down,"FRED BAMLH0A0HYM2 OAS 2025-08-07 [archive import: scored retroactively, not a live reading]",2025-08-07,scoring
2025-08-08,2.94,-0.688,0,down,"FRED BAMLH0A0HYM2 OAS 2025-08-08 [archive import: scored retroactively, not a live reading]",2025-08-08,scoring
2025-08-11,2.94,-0.737,0,down,"FRED BAMLH0A0HYM2 OAS 2025-08-11 [archive import: scored retroactively, not a live reading]",2025-08-11,scoring
2025-08-12,2.93,-0.754,0,down,"FRED BAMLH0A0HYM2 OAS 2025-08-12 [archive import: scored retroactively, not a live reading]",2025-08-12,scoring
2025-08-13,2.9,-0.866,0,down,"FRED BAMLH0A0HYM2 OAS 2025-08-13 [archive import: scored retroactively, not a live reading]",2025-08-13,scoring
2025-08-14,2.89,-0.866,0,down,"FRED BAMLH0A0HYM2 OAS 2025-08-14 [archive import: scored retroactively, not a live reading]",2025-08-14,scoring
2025-08-15,2.88,-0.958,0,down,"FRED BAMLH0A0HYM2 OAS 2025-08-15 [archive import: scored retroactively, not a live reading]",2025-08-15,scoring
2025-08-18,2.88,-0.938,0,down,"FRED BAMLH0A0HYM2 OAS 2025-08-18 [archive import: scored retroactively, not a live reading]",2025-08-18,scoring
2025-08-19,2.9,-0.938,0,down,"FRED BAMLH0A0HYM2 OAS 2025-08-19 [archive import: scored retroactively, not a live reading]",2025-08-19,scoring
2025-08-20,2.94,-0.768,0,down,"FRED BAMLH0A0HYM2 OAS 2025-08-20 [archive import: scored retroactively, not a live reading]",2025-08-20,scoring
2025-08-21,2.95,-0.751,0,down,"FRED BAMLH0A0HYM2 OAS 2025-08-21 [archive import: scored retroactively, not a live reading]",2025-08-21,scoring
2025-08-22,2.88,-1.032,0,down,"FRED BAMLH0A0HYM2 OAS 2025-08-22 [archive import: scored retroactively, not a live reading]",2025-08-22,scoring
2025-08-25,2.8,-1.384,0,down,"FRED BAMLH0A0HYM2 OAS 2025-08-25 [archive import: scored retroactively, not a live reading]",2025-08-25,scoring
2025-08-26,2.78,-1.616,0,down,"FRED BAMLH0A0HYM2 OAS 2025-08-26 [archive import: scored retroactively, not a live reading]",2025-08-26,scoring
2025-08-27,2.78,-1.538,0,down,"FRED BAMLH0A0HYM2 OAS 2025-08-27 [archive import: scored retroactively, not a live reading]",2025-08-27,scoring
2025-08-28,2.75,-1.564,0,down,"FRED BAMLH0A0HYM2 OAS 2025-08-28 [archive import: scored retroactively, not a live reading]",2025-08-28,scoring
2025-08-29,2.82,-1.147,0,down,"FRED BAMLH0A0HYM2 OAS 2025-08-29 [archive import: scored retroactively, not a live reading]",2025-08-29,scoring
2025-08-31,2.84,-0.990,0,down,"FRED BAMLH0A0HYM2 OAS 2025-08-31 [archive import: scored retroactively, not a live reading]",2025-08-31,scoring
2025-09-01,2.84,-0.938,0,down,"FRED BAMLH0A0HYM2 OAS 2025-09-01 [archive import: scored retroactively, not a live reading]",2025-09-01,scoring
2025-09-02,2.92,-0.528,0,down,"FRED BAMLH0A0HYM2 OAS 2025-09-02 [archive import: scored retroactively, not a live reading]",2025-09-02,scoring
2025-09-03,2.88,-0.645,0,down,"FRED BAMLH0A0HYM2 OAS 2025-09-03 [archive import: scored retroactively, not a live reading]",2025-09-03,scoring
2025-09-04,2.84,-0.821,0,down,"FRED BAMLH0A0HYM2 OAS 2025-09-04 [archive import: scored retroactively, not a live reading]",2025-09-04,scoring
2025-09-05,2.83,-0.850,0,down,"FRED BAMLH0A0HYM2 OAS 2025-09-05 [archive import: scored retroactively, not a live reading]",2025-09-05,scoring
2025-09-08,2.84,-0.733,0,down,"FRED BAMLH0A0HYM2 OAS 2025-09-08 [archive import: scored retroactively, not a live reading]",2025-09-08,scoring
2025-09-09,2.87,-0.570,0,down,"FRED BAMLH0A0HYM2 OAS 2025-09-09 [archive import: scored retroactively, not a live reading]",2025-09-09,scoring
2025-09-10,2.84,-0.737,0,down,"FRED BAMLH0A0HYM2 OAS 2025-09-10 [archive import: scored retroactively, not a live reading]",2025-09-10,scoring
2025-09-11,2.78,-1.139,0,down,"FRED BAMLH0A0HYM2 OAS 2025-09-11 [archive import: scored retroactively, not a live reading]",2025-09-11,scoring
2025-09-12,2.79,-1.072,0,down,"FRED BAMLH0A0HYM2 OAS 2025-09-12 [archive import: scored retroactively, not a live reading]",2025-09-12,scoring
2025-09-15,2.75,-1.307,0,down,"FRED BAMLH0A0HYM2 OAS 2025-09-15 [archive import: scored retroactively, not a live reading]",2025-09-15,scoring
2025-09-16,2.79,-1.005,0,down,"FRED BAMLH0A0HYM2 OAS 2025-09-16 [archive import: scored retroactively, not a live reading]",2025-09-16,scoring
2025-09-17,2.79,-1.005,0,down,"FRED BAMLH0A0HYM2 OAS 2025-09-17 [archive import: scored retroactively, not a live reading]",2025-09-17,scoring
2025-09-18,2.71,-1.541,0,down,"FRED BAMLH0A0HYM2 OAS 2025-09-18 [archive import: scored retroactively, not a live reading]",2025-09-18,scoring
2025-09-19,2.72,-1.441,0,down,"FRED BAMLH0A0HYM2 OAS 2025-09-19 [archive import: scored retroactively, not a live reading]",2025-09-19,scoring
2025-09-22,2.69,-1.608,0,down,"FRED BAMLH0A0HYM2 OAS 2025-09-22 [archive import: scored retroactively, not a live reading]",2025-09-22,scoring
2025-09-23,2.71,-1.441,0,down,"FRED BAMLH0A0HYM2 OAS 2025-09-23 [archive import: scored retroactively, not a live reading]",2025-09-23,scoring
2025-09-24,2.7,-1.474,0,down,"FRED BAMLH0A0HYM2 OAS 2025-09-24 [archive import: scored retroactively, not a live reading]",2025-09-24,scoring
2025-09-25,2.76,-1.072,0,down,"FRED BAMLH0A0HYM2 OAS 2025-09-25 [archive import: scored retroactively, not a live reading]",2025-09-25,scoring
2025-09-26,2.75,-1.106,0,down,"FRED BAMLH0A0HYM2 OAS 2025-09-26 [archive import: scored retroactively, not a live reading]",2025-09-26,scoring
2025-09-29,2.74,-1.139,0,down,"FRED BAMLH0A0HYM2 OAS 2025-09-29 [archive import: scored retroactively, not a live reading]",2025-09-29,scoring
2025-09-30,2.8,-0.704,0,down,"FRED BAMLH0A0HYM2 OAS 2025-09-30 [archive import: scored retroactively, not a live reading]",2025-09-30,scoring
2025-10-01,2.81,-0.704,0,down,"FRED BAMLH0A0HYM2 OAS 2025-10-01 [archive import: scored retroactively, not a live reading]",2025-10-01,scoring
2025-10-02,2.81,-0.704,0,down,"FRED BAMLH0A0HYM2 OAS 2025-10-02 [archive import: scored retroactively, not a live reading]",2025-10-02,scoring
2025-10-03,2.8,-0.743,0,down,"FRED BAMLH0A0HYM2 OAS 2025-10-03 [archive import: scored retroactively, not a live reading]",2025-10-03,scoring
2025-10-06,2.76,-1.016,0,down,"FRED BAMLH0A0HYM2 OAS 2025-10-06 [archive import: scored retroactively, not a live reading]",2025-10-06,scoring
2025-10-07,2.82,-0.547,0,down,"FRED BAMLH0A0HYM2 OAS 2025-10-07 [archive import: scored retroactively, not a live reading]",2025-10-07,scoring
2025-10-08,2.84,-0.352,0,down,"FRED BAMLH0A0HYM2 OAS 2025-10-08 [archive import: scored retroactively, not a live reading]",2025-10-08,scoring
2025-10-09,2.95,0.547,0,up,"FRED BAMLH0A0HYM2 OAS 2025-10-09 [archive import: scored retroactively, not a live reading]",2025-10-09,scoring
2025-10-10,3.18,2.814,0,up,"FRED BAMLH0A0HYM2 OAS 2025-10-10 [archive import: scored retroactively, not a live reading]",2025-10-10,scoring
2025-10-13,3.18,2.814,0,up,"FRED BAMLH0A0HYM2 OAS 2025-10-13 [archive import: scored retroactively, not a live reading]",2025-10-13,scoring
2025-10-14,3.11,1.798,0,up,"FRED BAMLH0A0HYM2 OAS 2025-10-14 [archive import: scored retroactively, not a live reading]",2025-10-14,scoring
2025-10-15,2.95,0.547,0,up,"FRED BAMLH0A0HYM2 OAS 2025-10-15 [archive import: scored retroactively, not a live reading]",2025-10-15,scoring
2025-10-16,3.04,1.501,0,up,"FRED BAMLH0A0HYM2 OAS 2025-10-16 [archive import: scored retroactively, not a live reading]",2025-10-16,scoring
2025-10-17,3.04,1.501,0,up,"FRED BAMLH0A0HYM2 OAS 2025-10-17 [archive import: scored retroactively, not a live reading]",2025-10-17,scoring
2025-10-20,2.99,1.032,0,up,"FRED BAMLH0A0HYM2 OAS 2025-10-20 [archive import: scored retroactively, not a live reading]",2025-10-20,scoring
2025-10-21,2.97,0.844,0,up,"FRED BAMLH0A0HYM2 OAS 2025-10-21 [archive import: scored retroactively, not a live reading]",2025-10-21,scoring
2025-10-22,3.01,1.220,0,up,"FRED BAMLH0A0HYM2 OAS 2025-10-22 [archive import: scored retroactively, not a live reading]",2025-10-22,scoring
2025-10-23,2.96,0.751,0,up,"FRED BAMLH0A0HYM2 OAS 2025-10-23 [archive import: scored retroactively, not a live reading]",2025-10-23,scoring
2025-10-24,2.88,0.000,0,flat,"FRED BAMLH0A0HYM2 OAS 2025-10-24 [archive import: scored retroactively, not a live reading]",2025-10-24,scoring
2025-10-27,2.8,-0.751,0,down,"FRED BAMLH0A0HYM2 OAS 2025-10-27 [archive import: scored retroactively, not a live reading]",2025-10-27,scoring
2025-10-28,2.82,-0.563,0,down,"FRED BAMLH0A0HYM2 OAS 2025-10-28 [archive import: scored retroactively, not a live reading]",2025-10-28,scoring
2025-10-29,2.76,-1.126,0,down,"FRED BAMLH0A0HYM2 OAS 2025-10-29 [archive import: scored retroactively, not a live reading]",2025-10-29,scoring
2025-10-30,2.85,-0.281,0,down,"FRED BAMLH0A0HYM2 OAS 2025-10-30 [archive import: scored retroactively, not a live reading]",2025-10-30,scoring
2025-10-31,2.94,0.610,0,up,"FRED BAMLH0A0HYM2 OAS 2025-10-31 [archive import: scored retroactively, not a live reading]",2025-10-31,scoring
2025-11-03,3.04,1.548,0,up,"FRED BAMLH0A0HYM2 OAS 2025-11-03 [archive import: scored retroactively, not a live reading]",2025-11-03,scoring
2025-11-04,3.13,2.392,0,up,"FRED BAMLH0A0HYM2 OAS 2025-11-04 [archive import: scored retroactively, not a live reading]",2025-11-04,scoring
2025-11-05,3.05,1.642,0,up,"FRED BAMLH0A0HYM2 OAS 2025-11-05 [archive import: scored retroactively, not a live reading]",2025-11-05,scoring
2025-11-06,3.13,2.345,0,up,"FRED BAMLH0A0HYM2 OAS 2025-11-06 [archive import: scored retroactively, not a live reading]",2025-11-06,scoring
2025-11-07,3.15,2.533,0,up,"FRED BAMLH0A0HYM2 OAS 2025-11-07 [archive import: scored retroactively, not a live reading]",2025-11-07,scoring
2025-11-10,3.02,1.313,0,up,"FRED BAMLH0A0HYM2 OAS 2025-11-10 [archive import: scored retroactively, not a live reading]",2025-11-10,scoring
2025-11-11,3.02,1.313,0,up,"FRED BAMLH0A0HYM2 OAS 2025-11-11 [archive import: scored retroactively, not a live reading]",2025-11-11,scoring
2025-11-12,3.02,1.313,0,up,"FRED BAMLH0A0HYM2 OAS 2025-11-12 [archive import: scored retroactively, not a live reading]",2025-11-12,scoring
2025-11-13,3.09,1.970,0,up,"FRED BAMLH0A0HYM2 OAS 2025-11-13 [archive import: scored retroactively, not a live reading]",2025-11-13,scoring
2025-11-14,3.07,1.485,0,up,"FRED BAMLH0A0HYM2 OAS 2025-11-14 [archive import: scored retroactively, not a live reading]",2025-11-14,scoring
2025-11-17,3.13,1.954,0,up,"FRED BAMLH0A0HYM2 OAS 2025-11-17 [archive import: scored retroactively, not a live reading]",2025-11-17,scoring
2025-11-18,3.2,2.502,0,up,"FRED BAMLH0A0HYM2 OAS 2025-11-18 [archive import: scored retroactively, not a live reading]",2025-11-18,scoring
2025-11-19,3.17,2.267,0,up,"FRED BAMLH0A0HYM2 OAS 2025-11-19 [archive import: scored retroactively, not a live reading]",2025-11-19,scoring
2025-11-20,3.17,2.267,0,up,"FRED BAMLH0A0HYM2 OAS 2025-11-20 [archive import: scored retroactively, not a live reading]",2025-11-20,scoring
2025-11-21,3.19,2.424,0,up,"FRED BAMLH0A0HYM2 OAS 2025-11-21 [archive import: scored retroactively, not a live reading]",2025-11-21,scoring
2025-11-24,3.15,2.111,0,up,"FRED BAMLH0A0HYM2 OAS 2025-11-24 [archive import: scored retroactively, not a live reading]",2025-11-24,scoring
2025-11-25,3.1,1.720,0,up,"FRED BAMLH0A0HYM2 OAS 2025-11-25 [archive import: scored retroactively, not a live reading]",2025-11-25,scoring
2025-11-26,3,0.938,0,up,"FRED BAMLH0A0HYM2 OAS 2025-11-26 [archive import: scored retroactively, not a live reading]",2025-11-26,scoring
2025-11-27,3,0.899,0,up,"FRED BAMLH0A0HYM2 OAS 2025-11-27 [archive import: scored retroactively, not a live reading]",2025-11-27,scoring
2025-11-28,2.95,0.469,0,up,"FRED BAMLH0A0HYM2 OAS 2025-11-28 [archive import: scored retroactively, not a live reading]",2025-11-28,scoring
2025-11-30,2.92,0.195,0,up,"FRED BAMLH0A0HYM2 OAS 2025-11-30 [archive import: scored retroactively, not a live reading]",2025-11-30,scoring
2025-12-01,2.94,0.268,0,up,"FRED BAMLH0A0HYM2 OAS 2025-12-01 [archive import: scored retroactively, not a live reading]",2025-12-01,scoring
2025-12-02,2.92,0.067,0,up,"FRED BAMLH0A0HYM2 OAS 2025-12-02 [archive import: scored retroactively, not a live reading]",2025-12-02,scoring
2025-12-03,2.89,-0.201,0,down,"FRED BAMLH0A0HYM2 OAS 2025-12-03 [archive import: scored retroactively, not a live reading]",2025-12-03,scoring
2025-12-04,2.88,-0.235,0,down,"FRED BAMLH0A0HYM2 OAS 2025-12-04 [archive import: scored retroactively, not a live reading]",2025-12-04,scoring
2025-12-05,2.85,-0.391,0,down,"FRED BAMLH0A0HYM2 OAS 2025-12-05 [archive import: scored retroactively, not a live reading]",2025-12-05,scoring
2025-12-08,2.89,-0.039,0,down,"FRED BAMLH0A0HYM2 OAS 2025-12-08 [archive import: scored retroactively, not a live reading]",2025-12-08,scoring
2025-12-09,2.89,0.000,0,flat,"FRED BAMLH0A0HYM2 OAS 2025-12-09 [archive import: scored retroactively, not a live reading]",2025-12-09,scoring
2025-12-10,2.91,0.156,0,up,"FRED BAMLH0A0HYM2 OAS 2025-12-10 [archive import: scored retroactively, not a live reading]",2025-12-10,scoring
2025-12-11,2.88,-0.078,0,down,"FRED BAMLH0A0HYM2 OAS 2025-12-11 [archive import: scored retroactively, not a live reading]",2025-12-11,scoring
2025-12-12,2.91,0.156,0,up,"FRED BAMLH0A0HYM2 OAS 2025-12-12 [archive import: scored retroactively, not a live reading]",2025-12-12,scoring
2025-12-15,2.91,0.156,0,up,"FRED BAMLH0A0HYM2 OAS 2025-12-15 [archive import: scored retroactively, not a live reading]",2025-12-15,scoring
2025-12-16,2.98,0.704,0,up,"FRED BAMLH0A0HYM2 OAS 2025-12-16 [archive import: scored retroactively, not a live reading]",2025-12-16,scoring
2025-12-17,2.99,0.782,0,up,"FRED BAMLH0A0HYM2 OAS 2025-12-17 [archive import: scored retroactively, not a live reading]",2025-12-17,scoring
2025-12-18,2.95,0.469,0,up,"FRED BAMLH0A0HYM2 OAS 2025-12-18 [archive import: scored retroactively, not a live reading]",2025-12-18,scoring
2025-12-19,2.9,0.039,0,up,"FRED BAMLH0A0HYM2 OAS 2025-12-19 [archive import: scored retroactively, not a live reading]",2025-12-19,scoring
2025-12-22,2.88,-0.117,0,down,"FRED BAMLH0A0HYM2 OAS 2025-12-22 [archive import: scored retroactively, not a live reading]",2025-12-22,scoring
2025-12-23,2.83,-0.469,0,down,"FRED BAMLH0A0HYM2 OAS 2025-12-23 [archive import: scored retroactively, not a live reading]",2025-12-23,scoring
2025-12-24,2.84,-0.391,0,down,"FRED BAMLH0A0HYM2 OAS 2025-12-24 [archive import: scored retroactively, not a live reading]",2025-12-24,scoring
2025-12-26,2.86,-0.235,0,down,"FRED BAMLH0A0HYM2 OAS 2025-12-26 [archive import: scored retroactively, not a live reading]",2025-12-26,scoring
2025-12-29,2.87,-0.156,0,down,"FRED BAMLH0A0HYM2 OAS 2025-12-29 [archive import: scored retroactively, not a live reading]",2025-12-29,scoring
2025-12-30,2.84,-0.391,0,down,"FRED BAMLH0A0HYM2 OAS 2025-12-30 [archive import: scored retroactively, not a live reading]",2025-12-30,scoring
2025-12-31,2.81,-0.625,0,down,"FRED BAMLH0A0HYM2 OAS 2025-12-31 [archive import: scored retroactively, not a live reading]",2025-12-31,scoring
2026-01-02,2.83,-0.469,0,down,"FRED BAMLH0A0HYM2 OAS 2026-01-02 [archive import: scored retroactively, not a live reading]",2026-01-02,scoring
2026-01-05,2.81,-0.625,0,down,"FRED BAMLH0A0HYM2 OAS 2026-01-05 [archive import: scored retroactively, not a live reading]",2026-01-05,scoring
2026-01-06,2.79,-0.782,0,down,"FRED BAMLH0A0HYM2 OAS 2026-01-06 [archive import: scored retroactively, not a live reading]",2026-01-06,scoring
2026-01-07,2.79,-0.782,0,down,"FRED BAMLH0A0HYM2 OAS 2026-01-07 [archive import: scored retroactively, not a live reading]",2026-01-07,scoring
2026-01-08,2.76,-0.977,0,down,"FRED BAMLH0A0HYM2 OAS 2026-01-08 [archive import: scored retroactively, not a live reading]",2026-01-08,scoring
2026-01-09,2.74,-1.134,0,down,"FRED BAMLH0A0HYM2 OAS 2026-01-09 [archive import: scored retroactively, not a live reading]",2026-01-09,scoring
2026-01-12,2.74,-1.134,0,down,"FRED BAMLH0A0HYM2 OAS 2026-01-12 [archive import: scored retroactively, not a live reading]",2026-01-12,scoring
2026-01-13,2.75,-1.055,0,down,"FRED BAMLH0A0HYM2 OAS 2026-01-13 [archive import: scored retroactively, not a live reading]",2026-01-13,scoring
2026-01-14,2.76,-0.977,0,down,"FRED BAMLH0A0HYM2 OAS 2026-01-14 [archive import: scored retroactively, not a live reading]",2026-01-14,scoring
2026-01-15,2.71,-1.368,0,down,"FRED BAMLH0A0HYM2 OAS 2026-01-15 [archive import: scored retroactively, not a live reading]",2026-01-15,scoring
2026-01-16,2.65,-1.575,0,down,"FRED BAMLH0A0HYM2 OAS 2026-01-16 [archive import: scored retroactively, not a live reading]",2026-01-16,scoring
2026-01-19,2.65,-1.575,0,down,"FRED BAMLH0A0HYM2 OAS 2026-01-19 [archive import: scored retroactively, not a live reading]",2026-01-19,scoring
2026-01-20,2.73,-1.039,0,down,"FRED BAMLH0A0HYM2 OAS 2026-01-20 [archive import: scored retroactively, not a live reading]",2026-01-20,scoring
2026-01-21,2.69,-1.307,0,down,"FRED BAMLH0A0HYM2 OAS 2026-01-21 [archive import: scored retroactively, not a live reading]",2026-01-21,scoring
2026-01-22,2.64,-1.642,0,down,"FRED BAMLH0A0HYM2 OAS 2026-01-22 [archive import: scored retroactively, not a live reading]",2026-01-22,scoring
2026-01-23,2.68,-1.374,0,down,"FRED BAMLH0A0HYM2 OAS 2026-01-23 [archive import: scored retroactively, not a live reading]",2026-01-23,scoring
2026-01-26,2.69,-1.307,0,down,"FRED BAMLH0A0HYM2 OAS 2026-01-26 [archive import: scored retroactively, not a live reading]",2026-01-26,scoring
2026-01-27,2.71,-1.173,0,down,"FRED BAMLH0A0HYM2 OAS 2026-01-27 [archive import: scored retroactively, not a live reading]",2026-01-27,scoring
2026-01-28,2.72,-1.106,0,down,"FRED BAMLH0A0HYM2 OAS 2026-01-28 [archive import: scored retroactively, not a live reading]",2026-01-28,scoring
2026-01-29,2.77,-0.771,0,down,"FRED BAMLH0A0HYM2 OAS 2026-01-29 [archive import: scored retroactively, not a live reading]",2026-01-29,scoring
2026-01-30,2.8,-0.570,0,down,"FRED BAMLH0A0HYM2 OAS 2026-01-30 [archive import: scored retroactively, not a live reading]",2026-01-30,scoring
2026-01-31,2.88,-0.034,0,down,"FRED BAMLH0A0HYM2 OAS 2026-01-31 [archive import: scored retroactively, not a live reading]",2026-01-31,scoring
2026-02-02,2.81,-0.503,0,down,"FRED BAMLH0A0HYM2 OAS 2026-02-02 [archive import: scored retroactively, not a live reading]",2026-02-02,scoring
2026-02-03,2.85,-0.235,0,down,"FRED BAMLH0A0HYM2 OAS 2026-02-03 [archive import: scored retroactively, not a live reading]",2026-02-03,scoring
2026-02-04,2.86,-0.168,0,down,"FRED BAMLH0A0HYM2 OAS 2026-02-04 [archive import: scored retroactively, not a live reading]",2026-02-04,scoring
2026-02-05,2.97,0.570,0,up,"FRED BAMLH0A0HYM2 OAS 2026-02-05 [archive import: scored retroactively, not a live reading]",2026-02-05,scoring
2026-02-06,2.87,-0.134,0,down,"FRED BAMLH0A0HYM2 OAS 2026-02-06 [archive import: scored retroactively, not a live reading]",2026-02-06,scoring
2026-02-09,2.84,-0.335,0,down,"FRED BAMLH0A0HYM2 OAS 2026-02-09 [archive import: scored retroactively, not a live reading]",2026-02-09,scoring
2026-02-10,2.86,-0.201,0,down,"FRED BAMLH0A0HYM2 OAS 2026-02-10 [archive import: scored retroactively, not a live reading]",2026-02-10,scoring
2026-02-11,2.84,-0.335,0,down,"FRED BAMLH0A0HYM2 OAS 2026-02-11 [archive import: scored retroactively, not a live reading]",2026-02-11,scoring
2026-02-12,2.92,0.201,0,up,"FRED BAMLH0A0HYM2 OAS 2026-02-12 [archive import: scored retroactively, not a live reading]",2026-02-12,scoring
2026-02-13,2.95,0.402,0,up,"FRED BAMLH0A0HYM2 OAS 2026-02-13 [archive import: scored retroactively, not a live reading]",2026-02-13,scoring
2026-02-16,2.94,0.335,0,up,"FRED BAMLH0A0HYM2 OAS 2026-02-16 [archive import: scored retroactively, not a live reading]",2026-02-16,scoring
2026-02-17,2.94,0.335,0,up,"FRED BAMLH0A0HYM2 OAS 2026-02-17 [archive import: scored retroactively, not a live reading]",2026-02-17,scoring
2026-02-18,2.86,-0.201,0,down,"FRED BAMLH0A0HYM2 OAS 2026-02-18 [archive import: scored retroactively, not a live reading]",2026-02-18,scoring
2026-02-19,2.88,-0.034,0,down,"FRED BAMLH0A0HYM2 OAS 2026-02-19 [archive import: scored retroactively, not a live reading]",2026-02-19,scoring
2026-02-20,2.86,-0.156,0,down,"FRED BAMLH0A0HYM2 OAS 2026-02-20 [archive import: scored retroactively, not a live reading]",2026-02-20,scoring
2026-02-23,2.95,0.547,0,up,"FRED BAMLH0A0HYM2 OAS 2026-02-23 [archive import: scored retroactively, not a live reading]",2026-02-23,scoring
2026-02-24,2.97,0.704,0,up,"FRED BAMLH0A0HYM2 OAS 2026-02-24 [archive import: scored retroactively, not a live reading]",2026-02-24,scoring
2026-02-25,2.94,0.469,0,up,"FRED BAMLH0A0HYM2 OAS 2026-02-25 [archive import: scored retroactively, not a live reading]",2026-02-25,scoring
2026-02-26,2.98,0.782,0,up,"FRED BAMLH0A0HYM2 OAS 2026-02-26 [archive import: scored retroactively, not a live reading]",2026-02-26,scoring
2026-02-27,3.1,1.720,0,up,"FRED BAMLH0A0HYM2 OAS 2026-02-27 [archive import: scored retroactively, not a live reading]",2026-02-27,scoring
2026-02-28,3.12,1.876,0,up,"FRED BAMLH0A0HYM2 OAS 2026-02-28 [archive import: scored retroactively, not a live reading]",2026-02-28,scoring
2026-03-02,3.03,1.134,0,up,"FRED BAMLH0A0HYM2 OAS 2026-03-02 [archive import: scored retroactively, not a live reading]",2026-03-02,scoring
2026-03-03,3.08,1.273,0,up,"FRED BAMLH0A0HYM2 OAS 2026-03-03 [archive import: scored retroactively, not a live reading]",2026-03-03,scoring
2026-03-04,2.97,0.536,0,up,"FRED BAMLH0A0HYM2 OAS 2026-03-04 [archive import: scored retroactively, not a live reading]",2026-03-04,scoring
2026-03-05,3,0.704,0,up,"FRED BAMLH0A0HYM2 OAS 2026-03-05 [archive import: scored retroactively, not a live reading]",2026-03-05,scoring
2026-03-06,3.13,1.575,0,up,"FRED BAMLH0A0HYM2 OAS 2026-03-06 [archive import: scored retroactively, not a live reading]",2026-03-06,scoring
2026-03-09,3.19,1.977,0,up,"FRED BAMLH0A0HYM2 OAS 2026-03-09 [archive import: scored retroactively, not a live reading]",2026-03-09,scoring
2026-03-10,3.06,1.106,0,up,"FRED BAMLH0A0HYM2 OAS 2026-03-10 [archive import: scored retroactively, not a live reading]",2026-03-10,scoring
2026-03-11,3.09,1.307,0,up,"FRED BAMLH0A0HYM2 OAS 2026-03-11 [archive import: scored retroactively, not a live reading]",2026-03-11,scoring
2026-03-12,3.17,1.843,0,up,"FRED BAMLH0A0HYM2 OAS 2026-03-12 [archive import: scored retroactively, not a live reading]",2026-03-12,scoring
2026-03-13,3.28,2.580,0,up,"FRED BAMLH0A0HYM2 OAS 2026-03-13 [archive import: scored retroactively, not a live reading]",2026-03-13,scoring
2026-03-16,3.27,2.513,0,up,"FRED BAMLH0A0HYM2 OAS 2026-03-16 [archive import: scored retroactively, not a live reading]",2026-03-16,scoring
2026-03-17,3.22,2.178,0,up,"FRED BAMLH0A0HYM2 OAS 2026-03-17 [archive import: scored retroactively, not a live reading]",2026-03-17,scoring
2026-03-18,3.2,2.044,0,up,"FRED BAMLH0A0HYM2 OAS 2026-03-18 [archive import: scored retroactively, not a live reading]",2026-03-18,scoring
2026-03-19,3.27,2.513,0,up,"FRED BAMLH0A0HYM2 OAS 2026-03-19 [archive import: scored retroactively, not a live reading]",2026-03-19,scoring
2026-03-20,3.24,2.312,0,up,"FRED BAMLH0A0HYM2 OAS 2026-03-20 [archive import: scored retroactively, not a live reading]",2026-03-20,scoring
2026-03-23,3.19,1.977,0,up,"FRED BAMLH0A0HYM2 OAS 2026-03-23 [archive import: scored retroactively, not a live reading]",2026-03-23,scoring
2026-03-24,3.19,1.977,0,up,"FRED BAMLH0A0HYM2 OAS 2026-03-24 [archive import: scored retroactively, not a live reading]",2026-03-24,scoring
2026-03-25,3.17,1.843,0,up,"FRED BAMLH0A0HYM2 OAS 2026-03-25 [archive import: scored retroactively, not a live reading]",2026-03-25,scoring
2026-03-26,3.21,2.111,0,up,"FRED BAMLH0A0HYM2 OAS 2026-03-26 [archive import: scored retroactively, not a live reading]",2026-03-26,scoring
2026-03-27,3.42,3.518,1,up,"FRED BAMLH0A0HYM2 OAS 2026-03-27 [archive import: scored retroactively, not a live reading]",2026-03-27,scoring
2026-03-30,3.46,3.786,1,up,"FRED BAMLH0A0HYM2 OAS 2026-03-30 [archive import: scored retroactively, not a live reading]",2026-03-30,scoring
2026-03-31,3.28,2.580,0,up,"FRED BAMLH0A0HYM2 OAS 2026-03-31 [archive import: scored retroactively, not a live reading]",2026-03-31,scoring
2026-04-01,3.16,1.776,0,up,"FRED BAMLH0A0HYM2 OAS 2026-04-01 [archive import: scored retroactively, not a live reading]",2026-04-01,scoring
2026-04-02,3.17,1.843,0,up,"FRED BAMLH0A0HYM2 OAS 2026-04-02 [archive import: scored retroactively, not a live reading]",2026-04-02,scoring
2026-04-03,3.13,1.378,0,up,"FRED BAMLH0A0HYM2 OAS 2026-04-03 [archive import: scored retroactively, not a live reading]",2026-04-03,scoring
2026-04-06,3.05,0.909,0,up,"FRED BAMLH0A0HYM2 OAS 2026-04-06 [archive import: scored retroactively, not a live reading]",2026-04-06,scoring
2026-04-07,3.12,1.319,0,up,"FRED BAMLH0A0HYM2 OAS 2026-04-07 [archive import: scored retroactively, not a live reading]",2026-04-07,scoring
2026-04-08,2.94,0.264,0,up,"FRED BAMLH0A0HYM2 OAS 2026-04-08 [archive import: scored retroactively, not a live reading]",2026-04-08,scoring
2026-04-09,2.9,-0.029,0,down,"FRED BAMLH0A0HYM2 OAS 2026-04-09 [archive import: scored retroactively, not a live reading]",2026-04-09,scoring
2026-04-10,2.94,0.205,0,up,"FRED BAMLH0A0HYM2 OAS 2026-04-10 [archive import: scored retroactively, not a live reading]",2026-04-10,scoring
2026-04-13,2.95,0.235,0,up,"FRED BAMLH0A0HYM2 OAS 2026-04-13 [archive import: scored retroactively, not a live reading]",2026-04-13,scoring
2026-04-14,2.84,-0.410,0,down,"FRED BAMLH0A0HYM2 OAS 2026-04-14 [archive import: scored retroactively, not a live reading]",2026-04-14,scoring
2026-04-15,2.85,-0.352,0,down,"FRED BAMLH0A0HYM2 OAS 2026-04-15 [archive import: scored retroactively, not a live reading]",2026-04-15,scoring
2026-04-16,2.86,-0.293,0,down,"FRED BAMLH0A0HYM2 OAS 2026-04-16 [archive import: scored retroactively, not a live reading]",2026-04-16,scoring
2026-04-17,2.83,-0.469,0,down,"FRED BAMLH0A0HYM2 OAS 2026-04-17 [archive import: scored retroactively, not a live reading]",2026-04-17,scoring
2026-04-20,2.87,-0.205,0,down,"FRED BAMLH0A0HYM2 OAS 2026-04-20 [archive import: scored retroactively, not a live reading]",2026-04-20,scoring
2026-04-21,2.85,-0.293,0,down,"FRED BAMLH0A0HYM2 OAS 2026-04-21 [archive import: scored retroactively, not a live reading]",2026-04-21,scoring
2026-04-22,2.84,-0.293,0,down,"FRED BAMLH0A0HYM2 OAS 2026-04-22 [archive import: scored retroactively, not a live reading]",2026-04-22,scoring
2026-04-23,2.86,-0.117,0,down,"FRED BAMLH0A0HYM2 OAS 2026-04-23 [archive import: scored retroactively, not a live reading]",2026-04-23,scoring
2026-04-24,2.86,-0.117,0,down,"FRED BAMLH0A0HYM2 OAS 2026-04-24 [archive import: scored retroactively, not a live reading]",2026-04-24,scoring
2026-04-27,2.84,-0.205,0,down,"FRED BAMLH0A0HYM2 OAS 2026-04-27 [archive import: scored retroactively, not a live reading]",2026-04-27,scoring
2026-04-28,2.85,-0.117,0,down,"FRED BAMLH0A0HYM2 OAS 2026-04-28 [archive import: scored retroactively, not a live reading]",2026-04-28,scoring
2026-04-29,2.82,-0.293,0,down,"FRED BAMLH0A0HYM2 OAS 2026-04-29 [archive import: scored retroactively, not a live reading]",2026-04-29,scoring
2026-04-30,2.83,-0.235,0,down,"FRED BAMLH0A0HYM2 OAS 2026-04-30 [archive import: scored retroactively, not a live reading]",2026-04-30,scoring
2026-05-01,2.77,-0.586,0,down,"FRED BAMLH0A0HYM2 OAS 2026-05-01 [archive import: scored retroactively, not a live reading]",2026-05-01,scoring
2026-05-04,2.78,-0.528,0,down,"FRED BAMLH0A0HYM2 OAS 2026-05-04 [archive import: scored retroactively, not a live reading]",2026-05-04,scoring
2026-05-05,2.77,-0.586,0,down,"FRED BAMLH0A0HYM2 OAS 2026-05-05 [archive import: scored retroactively, not a live reading]",2026-05-05,scoring
2026-05-06,2.75,-0.704,0,down,"FRED BAMLH0A0HYM2 OAS 2026-05-06 [archive import: scored retroactively, not a live reading]",2026-05-06,scoring
2026-05-07,2.79,-0.469,0,down,"FRED BAMLH0A0HYM2 OAS 2026-05-07 [archive import: scored retroactively, not a live reading]",2026-05-07,scoring
2026-05-08,2.81,-0.352,0,down,"FRED BAMLH0A0HYM2 OAS 2026-05-08 [archive import: scored retroactively, not a live reading]",2026-05-08,scoring
2026-05-11,2.79,-0.469,0,down,"FRED BAMLH0A0HYM2 OAS 2026-05-11 [archive import: scored retroactively, not a live reading]",2026-05-11,scoring
2026-05-12,2.82,-0.293,0,down,"FRED BAMLH0A0HYM2 OAS 2026-05-12 [archive import: scored retroactively, not a live reading]",2026-05-12,scoring
2026-05-13,2.82,-0.293,0,down,"FRED BAMLH0A0HYM2 OAS 2026-05-13 [archive import: scored retroactively, not a live reading]",2026-05-13,scoring
2026-05-14,2.76,-0.645,0,down,"FRED BAMLH0A0HYM2 OAS 2026-05-14 [archive import: scored retroactively, not a live reading]",2026-05-14,scoring
2026-05-15,2.8,-0.410,0,down,"FRED BAMLH0A0HYM2 OAS 2026-05-15 [archive import: scored retroactively, not a live reading]",2026-05-15,scoring
2026-05-18,2.83,-0.235,0,down,"FRED BAMLH0A0HYM2 OAS 2026-05-18 [archive import: scored retroactively, not a live reading]",2026-05-18,scoring
2026-05-19,2.86,-0.059,0,down,"FRED BAMLH0A0HYM2 OAS 2026-05-19 [archive import: scored retroactively, not a live reading]",2026-05-19,scoring
2026-05-20,2.8,-0.410,0,down,"FRED BAMLH0A0HYM2 OAS 2026-05-20 [archive import: scored retroactively, not a live reading]",2026-05-20,scoring
2026-05-21,2.78,-0.603,0,down,"FRED BAMLH0A0HYM2 OAS 2026-05-21 [archive import: scored retroactively, not a live reading]",2026-05-21,scoring
2026-05-22,2.74,-0.871,0,down,"FRED BAMLH0A0HYM2 OAS 2026-05-22 [archive import: scored retroactively, not a live reading]",2026-05-22,scoring
2026-05-25,2.74,-0.871,0,down,"FRED BAMLH0A0HYM2 OAS 2026-05-25 [archive import: scored retroactively, not a live reading]",2026-05-25,scoring
2026-05-26,2.72,-1.005,0,down,"FRED BAMLH0A0HYM2 OAS 2026-05-26 [archive import: scored retroactively, not a live reading]",2026-05-26,scoring
2026-05-27,2.71,-1.072,0,down,"FRED BAMLH0A0HYM2 OAS 2026-05-27 [archive import: scored retroactively, not a live reading]",2026-05-27,scoring
2026-05-28,2.72,-1.005,0,down,"FRED BAMLH0A0HYM2 OAS 2026-05-28 [archive import: scored retroactively, not a live reading]",2026-05-28,scoring
2026-05-29,2.72,-1.005,0,down,"FRED BAMLH0A0HYM2 OAS 2026-05-29 [archive import: scored retroactively, not a live reading]",2026-05-29,scoring
2026-05-31,2.74,-0.871,0,down,"FRED BAMLH0A0HYM2 OAS 2026-05-31 [archive import: scored retroactively, not a live reading]",2026-05-31,scoring
2026-06-01,2.72,-1.005,0,down,"FRED BAMLH0A0HYM2 OAS 2026-06-01 [archive import: scored retroactively, not a live reading]",2026-06-01,scoring
2026-06-02,2.71,-1.072,0,down,"FRED BAMLH0A0HYM2 OAS 2026-06-02 [archive import: scored retroactively, not a live reading]",2026-06-02,scoring
2026-06-03,2.75,-0.804,0,down,"FRED BAMLH0A0HYM2 OAS 2026-06-03 [archive import: scored retroactively, not a live reading]",2026-06-03,scoring
2026-06-04,2.74,-0.838,0,down,"FRED BAMLH0A0HYM2 OAS 2026-06-04 [archive import: scored retroactively, not a live reading]",2026-06-04,scoring
2026-06-05,2.76,-0.704,0,down,"FRED BAMLH0A0HYM2 OAS 2026-06-05 [archive import: scored retroactively, not a live reading]",2026-06-05,scoring
2026-06-08,2.75,-0.674,0,down,"FRED BAMLH0A0HYM2 OAS 2026-06-08 [archive import: scored retroactively, not a live reading]",2026-06-08,scoring
2026-06-09,2.78,-0.498,0,down,"FRED BAMLH0A0HYM2 OAS 2026-06-09 [archive import: scored retroactively, not a live reading]",2026-06-09,scoring
2026-06-10,2.8,-0.402,0,down,"FRED BAMLH0A0HYM2 OAS 2026-06-10 [archive import: scored retroactively, not a live reading]",2026-06-10,scoring
2026-06-11,2.78,-0.536,0,down,"FRED BAMLH0A0HYM2 OAS 2026-06-11 [archive import: scored retroactively, not a live reading]",2026-06-11,scoring
2026-06-12,2.71,-1.005,0,down,"FRED BAMLH0A0HYM2 OAS 2026-06-12 [archive import: scored retroactively, not a live reading]",2026-06-12,scoring
2026-06-15,2.66,-1.340,0,down,"FRED BAMLH0A0HYM2 OAS 2026-06-15 [archive import: scored retroactively, not a live reading]",2026-06-15,scoring
2026-06-16,2.71,-0.880,0,down,"FRED BAMLH0A0HYM2 OAS 2026-06-16 [archive import: scored retroactively, not a live reading]",2026-06-16,scoring
2026-06-17,2.63,-1.349,0,down,"FRED BAMLH0A0HYM2 OAS 2026-06-17 [archive import: scored retroactively, not a live reading]",2026-06-17,scoring
2026-06-18,2.66,-1.173,0,down,"FRED BAMLH0A0HYM2 OAS 2026-06-18 [archive import: scored retroactively, not a live reading]",2026-06-18,scoring
2026-06-22,2.66,-1.173,0,down,FRED BAMLH0A0HYM2 OAS 2026-06-19,2026-06-19,scoring
2026-06-23,2.66,,0,,FRED BAMLH0A0HYM2 OAS 2026-06-19 [stale: observation already recorded],2026-06-19,stale
2026-06-24,2.65,-1.202,0,down,FRED BAMLH0A0HYM2 OAS 2026-06-22,2026-06-22,scoring
2026-06-25,2.71,-0.821,0,down,FRED BAMLH0A0HYM2 OAS 2026-06-23,2026-06-23,scoring
2026-06-26,2.76,-0.528,0,down,FRED BAMLH0A0HYM2 OAS 2026-06-24,2026-06-24,scoring
2026-06-27,2.78,-0.381,0,down,FRED BAMLH0A0HYM2 OAS 2026-06-25,2026-06-25,scoring
2026-06-28,2.78,,0,,FRED BAMLH0A0HYM2 OAS 2026-06-25 [stale: observation already recorded],2026-06-25,stale
2026-06-29,2.78,,0,,FRED BAMLH0A0HYM2 OAS 2026-06-25 [stale: observation already recorded],2026-06-25,stale
2026-06-30,2.83,-0.067,0,down,FRED BAMLH0A0HYM2 OAS 2026-06-26,2026-06-26,scoring
2026-07-01,2.8,-0.268,0,down,FRED BAMLH0A0HYM2 OAS 2026-06-29,2026-06-29,scoring
2026-07-02,2.75,-0.570,0,down,FRED BAMLH0A0HYM2 OAS 2026-06-30,2026-06-30,scoring
2026-07-03,2.74,-0.603,0,down,FRED BAMLH0A0HYM2 OAS 2026-07-01,2026-07-01,scoring
2026-07-04,2.75,-0.536,0,down,FRED BAMLH0A0HYM2 OAS 2026-07-02,2026-07-02,scoring
2026-07-05,2.75,,0,,FRED BAMLH0A0HYM2 OAS 2026-07-02 [stale: observation already recorded],2026-07-02,stale
2026-07-06,2.75,,0,,FRED BAMLH0A0HYM2 OAS 2026-07-02 [stale: observation already recorded],2026-07-02,stale
2026-07-07,2.74,-0.704,0,down,FRED BAMLH0A0HYM2 OAS 2026-07-03,2026-07-03,scoring
2026-07-08,2.72,-0.821,0,down,FRED BAMLH0A0HYM2 OAS 2026-07-06,2026-07-06,scoring
2026-07-09,2.67,-1.173,0,down,FRED BAMLH0A0HYM2 OAS 2026-07-07,2026-07-07,scoring
2026-07-10,2.7,-0.938,0,down,FRED BAMLH0A0HYM2 OAS 2026-07-08,2026-07-08,scoring
2026-07-11,2.7,-0.899,0,down,FRED BAMLH0A0HYM2 OAS 2026-07-09,2026-07-09,scoring
2026-07-12,2.7,,0,,FRED BAMLH0A0HYM2 OAS 2026-07-09 [stale: observation already recorded],2026-07-09,stale
2026-07-13,2.7,,0,,FRED BAMLH0A0HYM2 OAS 2026-07-09 [stale: observation already recorded],2026-07-09,stale
2026-07-14,2.69,-0.899,0,down,FRED BAMLH0A0HYM2 OAS 2026-07-10,2026-07-10,scoring
2026-07-15,2.69,-0.860,0,down,FRED BAMLH0A0HYM2 OAS 2026-07-13,2026-07-13,scoring
2026-07-16,,,0,,FRED request failed: ReadTimeout,,dark
2026-07-17,2.71,-0.844,0,down,FRED BAMLH0A0HYM2 OAS 2026-07-15,2026-07-15,scoring
2026-07-18,2.71,-0.844,0,down,FRED BAMLH0A0HYM2 OAS 2026-07-16,2026-07-16,scoring
2026-07-19,2.71,,0,,FRED BAMLH0A0HYM2 OAS 2026-07-16 [stale: observation already recorded],2026-07-16,stale
2026-07-20,2.71,,0,,FRED BAMLH0A0HYM2 OAS 2026-07-16 [stale: observation already recorded],2026-07-16,stale
2026-07-21,2.73,-0.610,0,down,FRED BAMLH0A0HYM2 OAS 2026-07-17,2026-07-17,scoring
2026-07-22,2.69,-0.938,0,down,FRED BAMLH0A0HYM2 OAS 2026-07-20,2026-07-20,scoring
2026-07-23,2.69,-0.891,0,down,FRED BAMLH0A0HYM2 OAS 2026-07-21,2026-07-21,scoring
2026-07-24,2.68,-0.938,0,down,FRED BAMLH0A0HYM2 OAS 2026-07-22,2026-07-22,scoring
2026-07-25,2.77,-0.094,0,down,FRED BAMLH0A0HYM2 OAS 2026-07-23,2026-07-23,scoring
2026-07-26,2.77,,0,,FRED BAMLH0A0HYM2 OAS 2026-07-23 [stale: observation already recorded],2026-07-23,stale
2026-07-27,2.77,,0,,FRED BAMLH0A0HYM2 OAS 2026-07-23 [stale: observation already recorded],2026-07-23,stale
2026-07-28,2.79,0.094,0,up,FRED BAMLH0A0HYM2 OAS 2026-07-24,2026-07-24,scoring
2026-07-29,2.81,0.352,0,up,FRED BAMLH0A0HYM2 OAS 2026-07-27,2026-07-27,scoring
2026-07-30,2.84,0.704,0,up,FRED BAMLH0A0HYM2 OAS 2026-07-28 [sampled 23:01:51Z],2026-07-28,scoring
2026-07-31,2.87,1.055,0,up,FRED BAMLH0A0HYM2 OAS 2026-07-29 [sampled 23:12:15Z],2026-07-29,scoring
2026-08-01,2.84,0.704,0,up,FRED BAMLH0A0HYM2 OAS 2026-07-30 [sampled 23:06:43Z],2026-07-30,scoring
2026-08-02,2.84,,0,,FRED BAMLH0A0HYM2 OAS 2026-07-30 [sampled 22:58:31Z] [stale: observation already recorded],2026-07-30,stale
2026-08-03,2.84,,0,,FRED BAMLH0A0HYM2 OAS 2026-07-30 [sampled 22:59:37Z] [stale: observation already recorded],2026-07-30,stale
2026-08-04,2.84,,0,,FRED BAMLH0A0HYM2 OAS 2026-07-30 [sampled 00:53:15Z] [stale: observation already recorded],2026-07-30,stale
2026-08-05,2.78,0.000,0,flat,FRED BAMLH0A0HYM2 OAS 2026-08-03 [sampled 23:07:01Z],2026-08-03,scoring
2026-08-06,2.73,-0.586,0,down,FRED BAMLH0A0HYM2 OAS 2026-08-04 [sampled 23:05:19Z],2026-08-04,scoring
2026-08-07,2.75,-0.352,0,down,FRED BAMLH0A0HYM2 OAS 2026-08-05 [sampled 01:30:48Z],2026-08-05,scoring
2026-08-08,2.71,-0.762,0,down,FRED BAMLH0A0HYM2 OAS 2026-08-06 [sampled 22:41:38Z],2026-08-06,scoring
2026-08-09,2.71,,0,,FRED BAMLH0A0HYM2 OAS 2026-08-06 [sampled 22:34:19Z] [stale: observation already recorded],2026-08-06,stale
2026-08-10,2.71,,0,,FRED BAMLH0A0HYM2 OAS 2026-08-06 [sampled 22:35:48Z] [stale: observation already recorded],2026-08-06,stale
2026-08-11,2.7,-0.821,0,down,FRED BAMLH0A0HYM2 OAS 2026-08-07 [sampled 22:42:24Z],2026-08-07,scoring
