date,raw_value,z_score,trembling,direction,source_note,obs_date,status
2021-07-28,0,0.000,0,flat,"NY Fed SRF total accepted 0.0$m on 2021-07-28 [archive import: scored retroactively, not a live reading]",2021-07-28,scoring
2021-07-29,0,0.000,0,flat,"NY Fed SRF total accepted 0.0$m on 2021-07-29 [archive import: scored retroactively, not a live reading]",2021-07-29,scoring
2021-07-30,0,0.000,0,flat,"NY Fed SRF total accepted 0.0$m on 2021-07-30 [archive import: scored retroactively, not a live reading]",2021-07-30,scoring
2021-08-02,0,0.000,0,flat,"NY Fed SRF total accepted 0.0$m on 2021-08-02 [archive import: scored retroactively, not a live reading]",2021-08-02,scoring
2021-08-03,0,0.000,0,flat,"NY Fed SRF total accepted 0.0$m on 2021-08-03 [archive import: scored retroactively, not a live reading]",2021-08-03,scoring
2021-08-04,0,0.000,0,flat,"NY Fed SRF total accepted 0.0$m on 2021-08-04 [archive import: scored retroactively, not a live reading]",2021-08-04,scoring
2021-08-05,0,0.000,0,flat,"NY Fed SRF total accepted 0.0$m on 2021-08-05 [archive import: scored retroactively, not a live reading]",2021-08-05,scoring
2021-08-06,0,0.000,0,flat,"NY Fed SRF total accepted 0.0$m on 2021-08-06 [archive import: scored retroactively, not a live reading]",2021-08-06,scoring
2021-08-09,0,0.000,0,flat,"NY Fed SRF total accepted 0.0$m on 2021-08-09 [archive import: scored retroactively, not a live reading]",2021-08-09,scoring
2021-08-10,0,0.000,0,flat,"NY Fed SRF total accepted 0.0$m on 2021-08-10 [archive import: scored retroactively, not a live reading]",2021-08-10,scoring
2021-08-11,0,0.000,0,flat,"NY Fed SRF total accepted 0.0$m on 2021-08-11 [archive import: scored retroactively, not a live reading]",2021-08-11,scoring
2021-08-12,0,0.000,0,flat,"NY Fed SRF total accepted 0.0$m on 2021-08-12 [archive import: scored retroactively, not a live reading]",2021-08-12,scoring
2021-08-13,0,0.000,0,flat,"NY Fed SRF total accepted 0.0$m on 2021-08-13 [archive import: scored retroactively, not a live reading]",2021-08-13,scoring
2021-08-16,0,0.000,0,flat,"NY Fed SRF total accepted 0.0$m on 2021-08-16 [archive import: scored retroactively, not a live reading]",2021-08-16,scoring
2021-08-17,0,0.000,0,flat,"NY Fed SRF total accepted 0.0$m on 2021-08-17 [archive import: scored retroactively, not a live reading]",2021-08-17,scoring
2021-08-18,0,0.000,0,flat,"NY Fed SRF total accepted 0.0$m on 2021-08-18 [archive import: scored retroactively, not a live reading]",2021-08-18,scoring
2021-08-19,0,0.000,0,flat,"NY Fed SRF total accepted 0.0$m on 2021-08-19 [archive import: scored retroactively, not a live reading]",2021-08-19,scoring
2021-08-20,0,0.000,0,flat,"NY Fed SRF total accepted 0.0$m on 2021-08-20 [archive import: scored retroactively, not a live reading]",2021-08-20,scoring
2021-08-23,0,0.000,0,flat,"NY Fed SRF total accepted 0.0$m on 2021-08-23 [archive import: scored retroactively, not a live reading]",2021-08-23,scoring
2021-08-24,0,0.000,0,flat,"NY Fed SRF total accepted 0.0$m on 2021-08-24 [archive import: scored retroactively, not a live reading]",2021-08-24,scoring
2021-08-25,0,0.000,0,flat,"NY Fed SRF total accepted 0.0$m on 2021-08-25 [archive import: scored retroactively, not a live reading]",2021-08-25,scoring
2021-08-26,0,0.000,0,flat,"NY Fed SRF total accepted 0.0$m on 2021-08-26 [archive import: scored retroactively, not a live reading]",2021-08-26,scoring
2021-08-27,0,0.000,0,flat,"NY Fed SRF total accepted 0.0$m on 2021-08-27 [archive import: scored retroactively, not a live reading]",2021-08-27,scoring
2021-08-30,0,0.000,0,flat,"NY Fed SRF total accepted 0.0$m on 2021-08-30 [archive import: scored retroactively, not a live reading]",2021-08-30,scoring
2021-08-31,0,0.000,0,flat,"NY Fed SRF total accepted 0.0$m on 2021-08-31 [archive import: scored retroactively, not a live reading]",2021-08-31,scoring
2021-09-01,0,0.000,0,flat,"NY Fed SRF total accepted 0.0$m on 2021-09-01 [archive import: scored retroactively, not a live reading]",2021-09-01,scoring
2021-09-02,0,0.000,0,flat,"NY Fed SRF total accepted 0.0$m on 2021-09-02 [archive import: scored retroactively, not a live reading]",2021-09-02,scoring
2021-09-03,0,0.000,0,flat,"NY Fed SRF total accepted 0.0$m on 2021-09-03 [archive import: scored retroactively, not a live reading]",2021-09-03,scoring
2021-09-07,0,0.000,0,flat,"NY Fed SRF total accepted 0.0$m on 2021-09-07 [archive import: scored retroactively, not a live reading]",2021-09-07,scoring
2021-09-08,0,0.000,0,flat,"NY Fed SRF total accepted 0.0$m on 2021-09-08 [archive import: scored retroactively, not a live reading]",2021-09-08,scoring
2021-09-09,0,0.000,0,flat,"NY Fed SRF total accepted 0.0$m on 2021-09-09 [archive import: scored retroactively, not a live reading]",2021-09-09,scoring
2021-09-10,0,0.000,0,flat,"NY Fed SRF total accepted 0.0$m on 2021-09-10 [archive import: scored retroactively, not a live reading]",2021-09-10,scoring
2021-09-13,0,0.000,0,flat,"NY Fed SRF total accepted 0.0$m on 2021-09-13 [archive import: scored retroactively, not a live reading]",2021-09-13,scoring
2021-09-14,0,0.000,0,flat,"NY Fed SRF total accepted 0.0$m on 2021-09-14 [archive import: scored retroactively, not a live reading]",2021-09-14,scoring
2021-09-15,0,0.000,0,flat,"NY Fed SRF total accepted 0.0$m on 2021-09-15 [archive import: scored retroactively, not a live reading]",2021-09-15,scoring
2021-09-16,0,0.000,0,flat,"NY Fed SRF total accepted 0.0$m on 2021-09-16 [archive import: scored retroactively, not a live reading]",2021-09-16,scoring
2021-09-17,0,0.000,0,flat,"NY Fed SRF total accepted 0.0$m on 2021-09-17 [archive import: scored retroactively, not a live reading]",2021-09-17,scoring
2021-09-20,0,0.000,0,flat,"NY Fed SRF total accepted 0.0$m on 2021-09-20 [archive import: scored retroactively, not a live reading]",2021-09-20,scoring
2021-09-21,0,0.000,0,flat,"NY Fed SRF total accepted 0.0$m on 2021-09-21 [archive import: scored retroactively, not a live reading]",2021-09-21,scoring
2021-09-22,0,0.000,0,flat,"NY Fed SRF total accepted 0.0$m on 2021-09-22 [archive import: scored retroactively, not a live reading]",2021-09-22,scoring
2021-09-23,1,0.000,0,up,"NY Fed SRF total accepted 1.0$m on 2021-09-23 [archive import: scored retroactively, not a live reading]",2021-09-23,scoring
2021-09-24,0,0.000,0,flat,"NY Fed SRF total accepted 0.0$m on 2021-09-24 [archive import: scored retroactively, not a live reading]",2021-09-24,scoring
2021-09-27,0,0.000,0,flat,"NY Fed SRF total accepted 0.0$m on 2021-09-27 [archive import: scored retroactively, not a live reading]",2021-09-27,scoring
2021-09-28,0,0.000,0,flat,"NY Fed SRF total accepted 0.0$m on 2021-09-28 [archive import: scored retroactively, not a live reading]",2021-09-28,scoring
2021-09-29,0,0.000,0,flat,"NY Fed SRF total accepted 0.0$m on 2021-09-29 [archive import: scored retroactively, not a live reading]",2021-09-29,scoring
2021-09-30,1,0.000,0,up,"NY Fed SRF total accepted 1.0$m on 2021-09-30 [archive import: scored retroactively, not a live reading]",2021-09-30,scoring
2021-10-01,0,0.000,0,flat,"NY Fed SRF total accepted 0.0$m on 2021-10-01 [archive import: scored retroactively, not a live reading]",2021-10-01,scoring
2021-10-04,1,0.000,0,up,"NY Fed SRF total accepted 1.0$m on 2021-10-04 [archive import: scored retroactively, not a live reading]",2021-10-04,scoring
2021-10-05,1,0.000,0,up,"NY Fed SRF total accepted 1.0$m on 2021-10-05 [archive import: scored retroactively, not a live reading]",2021-10-05,scoring
2021-10-06,0,0.000,0,flat,"NY Fed SRF total accepted 0.0$m on 2021-10-06 [archive import: scored retroactively, not a live reading]",2021-10-06,scoring
2021-10-07,0,0.000,0,flat,"NY Fed SRF total accepted 0.0$m on 2021-10-07 [archive import: scored retroactively, not a live reading]",2021-10-07,scoring
2021-10-08,0,0.000,0,flat,"NY Fed SRF total accepted 0.0$m on 2021-10-08 [archive import: scored retroactively, not a live reading]",2021-10-08,scoring
2021-10-12,0,0.000,0,flat,"NY Fed SRF total accepted 0.0$m on 2021-10-12 [archive import: scored retroactively, not a live reading]",2021-10-12,scoring
2021-10-13,0,0.000,0,flat,"NY Fed SRF total accepted 0.0$m on 2021-10-13 [archive import: scored retroactively, not a live reading]",2021-10-13,scoring
2021-10-14,2,0.000,0,up,"NY Fed SRF total accepted 2.0$m on 2021-10-14 [archive import: scored retroactively, not a live reading]",2021-10-14,scoring
2021-10-15,0,0.000,0,flat,"NY Fed SRF total accepted 0.0$m on 2021-10-15 [archive import: scored retroactively, not a live reading]",2021-10-15,scoring
2021-10-18,0,0.000,0,flat,"NY Fed SRF total accepted 0.0$m on 2021-10-18 [archive import: scored retroactively, not a live reading]",2021-10-18,scoring
2021-10-19,0,0.000,0,flat,"NY Fed SRF total accepted 0.0$m on 2021-10-19 [archive import: scored retroactively, not a live reading]",2021-10-19,scoring
2021-10-20,0,0.000,0,flat,"NY Fed SRF total accepted 0.0$m on 2021-10-20 [archive import: scored retroactively, not a live reading]",2021-10-20,scoring
2021-10-21,0,0.000,0,flat,"NY Fed SRF total accepted 0.0$m on 2021-10-21 [archive import: scored retroactively, not a live reading]",2021-10-21,scoring
2021-10-22,0,0.000,0,flat,"NY Fed SRF total accepted 0.0$m on 2021-10-22 [archive import: scored retroactively, not a live reading]",2021-10-22,scoring
2021-10-25,3,0.000,0,up,"NY Fed SRF total accepted 3.0$m on 2021-10-25 [archive import: scored retroactively, not a live reading]",2021-10-25,scoring
2021-10-26,0,0.000,0,flat,"NY Fed SRF total accepted 0.0$m on 2021-10-26 [archive import: scored retroactively, not a live reading]",2021-10-26,scoring
2021-10-27,0,0.000,0,flat,"NY Fed SRF total accepted 0.0$m on 2021-10-27 [archive import: scored retroactively, not a live reading]",2021-10-27,scoring
2021-10-28,0,0.000,0,flat,"NY Fed SRF total accepted 0.0$m on 2021-10-28 [archive import: scored retroactively, not a live reading]",2021-10-28,scoring
2021-10-29,0,0.000,0,flat,"NY Fed SRF total accepted 0.0$m on 2021-10-29 [archive import: scored retroactively, not a live reading]",2021-10-29,scoring
2021-11-01,0,0.000,0,flat,"NY Fed SRF total accepted 0.0$m on 2021-11-01 [archive import: scored retroactively, not a live reading]",2021-11-01,scoring
2021-11-02,0,0.000,0,flat,"NY Fed SRF total accepted 0.0$m on 2021-11-02 [archive import: scored retroactively, not a live reading]",2021-11-02,scoring
2021-11-03,0,0.000,0,flat,"NY Fed SRF total accepted 0.0$m on 2021-11-03 [archive import: scored retroactively, not a live reading]",2021-11-03,scoring
2021-11-04,0,0.000,0,flat,"NY Fed SRF total accepted 0.0$m on 2021-11-04 [archive import: scored retroactively, not a live reading]",2021-11-04,scoring
2021-11-05,0,0.000,0,flat,"NY Fed SRF total accepted 0.0$m on 2021-11-05 [archive import: scored retroactively, not a live reading]",2021-11-05,scoring
2021-11-08,0,0.000,0,flat,"NY Fed SRF total accepted 0.0$m on 2021-11-08 [archive import: scored retroactively, not a live reading]",2021-11-08,scoring
2021-11-09,0,0.000,0,flat,"NY Fed SRF total accepted 0.0$m on 2021-11-09 [archive import: scored retroactively, not a live reading]",2021-11-09,scoring
2021-11-10,0,0.000,0,flat,"NY Fed SRF total accepted 0.0$m on 2021-11-10 [archive import: scored retroactively, not a live reading]",2021-11-10,scoring
2021-11-12,0,0.000,0,flat,"NY Fed SRF total accepted 0.0$m on 2021-11-12 [archive import: scored retroactively, not a live reading]",2021-11-12,scoring
2021-11-15,0,0.000,0,flat,"NY Fed SRF total accepted 0.0$m on 2021-11-15 [archive import: scored retroactively, not a live reading]",2021-11-15,scoring
2021-11-16,0,0.000,0,flat,"NY Fed SRF total accepted 0.0$m on 2021-11-16 [archive import: scored retroactively, not a live reading]",2021-11-16,scoring
2021-11-17,0,0.000,0,flat,"NY Fed SRF total accepted 0.0$m on 2021-11-17 [archive import: scored retroactively, not a live reading]",2021-11-17,scoring
2021-11-18,0,0.000,0,flat,"NY Fed SRF total accepted 0.0$m on 2021-11-18 [archive import: scored retroactively, not a live reading]",2021-11-18,scoring
2021-11-19,0,0.000,0,flat,"NY Fed SRF total accepted 0.0$m on 2021-11-19 [archive import: scored retroactively, not a live reading]",2021-11-19,scoring
2021-11-22,0,0.000,0,flat,"NY Fed SRF total accepted 0.0$m on 2021-11-22 [archive import: scored retroactively, not a live reading]",2021-11-22,scoring
2021-11-23,0,0.000,0,flat,"NY Fed SRF total accepted 0.0$m on 2021-11-23 [archive import: scored retroactively, not a live reading]",2021-11-23,scoring
2021-11-24,0,0.000,0,flat,"NY Fed SRF total accepted 0.0$m on 2021-11-24 [archive import: scored retroactively, not a live reading]",2021-11-24,scoring
2021-11-26,0,0.000,0,flat,"NY Fed SRF total accepted 0.0$m on 2021-11-26 [archive import: scored retroactively, not a live reading]",2021-11-26,scoring
2021-11-29,0,0.000,0,flat,"NY Fed SRF total accepted 0.0$m on 2021-11-29 [archive import: scored retroactively, not a live reading]",2021-11-29,scoring
2021-11-30,0,0.000,0,flat,"NY Fed SRF total accepted 0.0$m on 2021-11-30 [archive import: scored retroactively, not a live reading]",2021-11-30,scoring
2021-12-01,0,0.000,0,flat,"NY Fed SRF total accepted 0.0$m on 2021-12-01 [archive import: scored retroactively, not a live reading]",2021-12-01,scoring
2021-12-02,0,0.000,0,flat,"NY Fed SRF total accepted 0.0$m on 2021-12-02 [archive import: scored retroactively, not a live reading]",2021-12-02,scoring
2021-12-03,0,0.000,0,flat,"NY Fed SRF total accepted 0.0$m on 2021-12-03 [archive import: scored retroactively, not a live reading]",2021-12-03,scoring
2021-12-06,0,0.000,0,flat,"NY Fed SRF total accepted 0.0$m on 2021-12-06 [archive import: scored retroactively, not a live reading]",2021-12-06,scoring
2021-12-07,0,0.000,0,flat,"NY Fed SRF total accepted 0.0$m on 2021-12-07 [archive import: scored retroactively, not a live reading]",2021-12-07,scoring
2021-12-08,1,0.000,0,up,"NY Fed SRF total accepted 1.0$m on 2021-12-08 [archive import: scored retroactively, not a live reading]",2021-12-08,scoring
2021-12-09,0,0.000,0,flat,"NY Fed SRF total accepted 0.0$m on 2021-12-09 [archive import: scored retroactively, not a live reading]",2021-12-09,scoring
2021-12-10,3,0.000,0,up,"NY Fed SRF total accepted 3.0$m on 2021-12-10 [archive import: scored retroactively, not a live reading]",2021-12-10,scoring
2021-12-13,0,0.000,0,flat,"NY Fed SRF total accepted 0.0$m on 2021-12-13 [archive import: scored retroactively, not a live reading]",2021-12-13,scoring
2021-12-14,0,0.000,0,flat,"NY Fed SRF total accepted 0.0$m on 2021-12-14 [archive import: scored retroactively, not a live reading]",2021-12-14,scoring
2021-12-15,0,0.000,0,flat,"NY Fed SRF total accepted 0.0$m on 2021-12-15 [archive import: scored retroactively, not a live reading]",2021-12-15,scoring
2021-12-16,0,0.000,0,flat,"NY Fed SRF total accepted 0.0$m on 2021-12-16 [archive import: scored retroactively, not a live reading]",2021-12-16,scoring
2021-12-17,0,0.000,0,flat,"NY Fed SRF total accepted 0.0$m on 2021-12-17 [archive import: scored retroactively, not a live reading]",2021-12-17,scoring
2021-12-20,0,0.000,0,flat,"NY Fed SRF total accepted 0.0$m on 2021-12-20 [archive import: scored retroactively, not a live reading]",2021-12-20,scoring
2021-12-21,0,0.000,0,flat,"NY Fed SRF total accepted 0.0$m on 2021-12-21 [archive import: scored retroactively, not a live reading]",2021-12-21,scoring
2021-12-22,0,0.000,0,flat,"NY Fed SRF total accepted 0.0$m on 2021-12-22 [archive import: scored retroactively, not a live reading]",2021-12-22,scoring
2021-12-23,0,0.000,0,flat,"NY Fed SRF total accepted 0.0$m on 2021-12-23 [archive import: scored retroactively, not a live reading]",2021-12-23,scoring
2021-12-27,0,0.000,0,flat,"NY Fed SRF total accepted 0.0$m on 2021-12-27 [archive import: scored retroactively, not a live reading]",2021-12-27,scoring
2021-12-28,3,0.000,0,up,"NY Fed SRF total accepted 3.0$m on 2021-12-28 [archive import: scored retroactively, not a live reading]",2021-12-28,scoring
2021-12-29,0,0.000,0,flat,"NY Fed SRF total accepted 0.0$m on 2021-12-29 [archive import: scored retroactively, not a live reading]",2021-12-29,scoring
2021-12-30,3,0.000,0,up,"NY Fed SRF total accepted 3.0$m on 2021-12-30 [archive import: scored retroactively, not a live reading]",2021-12-30,scoring
2021-12-31,0,0.000,0,flat,"NY Fed SRF total accepted 0.0$m on 2021-12-31 [archive import: scored retroactively, not a live reading]",2021-12-31,scoring
2022-01-03,3,0.000,0,up,"NY Fed SRF total accepted 3.0$m on 2022-01-03 [archive import: scored retroactively, not a live reading]",2022-01-03,scoring
2022-01-04,6,0.001,0,up,"NY Fed SRF total accepted 6.0$m on 2022-01-04 [archive import: scored retroactively, not a live reading]",2022-01-04,scoring
2022-01-05,0,0.000,0,flat,"NY Fed SRF total accepted 0.0$m on 2022-01-05 [archive import: scored retroactively, not a live reading]",2022-01-05,scoring
2022-01-06,0,0.000,0,flat,"NY Fed SRF total accepted 0.0$m on 2022-01-06 [archive import: scored retroactively, not a live reading]",2022-01-06,scoring
2022-01-07,0,0.000,0,flat,"NY Fed SRF total accepted 0.0$m on 2022-01-07 [archive import: scored retroactively, not a live reading]",2022-01-07,scoring
2022-01-10,0,0.000,0,flat,"NY Fed SRF total accepted 0.0$m on 2022-01-10 [archive import: scored retroactively, not a live reading]",2022-01-10,scoring
2022-01-11,1,0.000,0,up,"NY Fed SRF total accepted 1.0$m on 2022-01-11 [archive import: scored retroactively, not a live reading]",2022-01-11,scoring
2022-01-12,0,0.000,0,flat,"NY Fed SRF total accepted 0.0$m on 2022-01-12 [archive import: scored retroactively, not a live reading]",2022-01-12,scoring
2022-01-13,0,0.000,0,flat,"NY Fed SRF total accepted 0.0$m on 2022-01-13 [archive import: scored retroactively, not a live reading]",2022-01-13,scoring
2022-01-14,0,0.000,0,flat,"NY Fed SRF total accepted 0.0$m on 2022-01-14 [archive import: scored retroactively, not a live reading]",2022-01-14,scoring
2022-01-18,0,0.000,0,flat,"NY Fed SRF total accepted 0.0$m on 2022-01-18 [archive import: scored retroactively, not a live reading]",2022-01-18,scoring
2022-01-19,0,0.000,0,flat,"NY Fed SRF total accepted 0.0$m on 2022-01-19 [archive import: scored retroactively, not a live reading]",2022-01-19,scoring
2022-01-20,0,0.000,0,flat,"NY Fed SRF total accepted 0.0$m on 2022-01-20 [archive import: scored retroactively, not a live reading]",2022-01-20,scoring
2022-01-21,0,0.000,0,flat,"NY Fed SRF total accepted 0.0$m on 2022-01-21 [archive import: scored retroactively, not a live reading]",2022-01-21,scoring
2022-01-24,0,0.000,0,flat,"NY Fed SRF total accepted 0.0$m on 2022-01-24 [archive import: scored retroactively, not a live reading]",2022-01-24,scoring
2022-01-25,0,0.000,0,flat,"NY Fed SRF total accepted 0.0$m on 2022-01-25 [archive import: scored retroactively, not a live reading]",2022-01-25,scoring
2022-01-26,0,0.000,0,flat,"NY Fed SRF total accepted 0.0$m on 2022-01-26 [archive import: scored retroactively, not a live reading]",2022-01-26,scoring
2022-01-27,0,0.000,0,flat,"NY Fed SRF total accepted 0.0$m on 2022-01-27 [archive import: scored retroactively, not a live reading]",2022-01-27,scoring
2022-01-28,0,0.000,0,flat,"NY Fed SRF total accepted 0.0$m on 2022-01-28 [archive import: scored retroactively, not a live reading]",2022-01-28,scoring
2022-01-31,0,0.000,0,flat,"NY Fed SRF total accepted 0.0$m on 2022-01-31 [archive import: scored retroactively, not a live reading]",2022-01-31,scoring
2022-02-01,0,0.000,0,flat,"NY Fed SRF total accepted 0.0$m on 2022-02-01 [archive import: scored retroactively, not a live reading]",2022-02-01,scoring
2022-02-02,0,0.000,0,flat,"NY Fed SRF total accepted 0.0$m on 2022-02-02 [archive import: scored retroactively, not a live reading]",2022-02-02,scoring
2022-02-03,0,0.000,0,flat,"NY Fed SRF total accepted 0.0$m on 2022-02-03 [archive import: scored retroactively, not a live reading]",2022-02-03,scoring
2022-02-04,0,0.000,0,flat,"NY Fed SRF total accepted 0.0$m on 2022-02-04 [archive import: scored retroactively, not a live reading]",2022-02-04,scoring
2022-02-07,0,0.000,0,flat,"NY Fed SRF total accepted 0.0$m on 2022-02-07 [archive import: scored retroactively, not a live reading]",2022-02-07,scoring
2022-02-08,0,0.000,0,flat,"NY Fed SRF total accepted 0.0$m on 2022-02-08 [archive import: scored retroactively, not a live reading]",2022-02-08,scoring
2022-02-09,0,0.000,0,flat,"NY Fed SRF total accepted 0.0$m on 2022-02-09 [archive import: scored retroactively, not a live reading]",2022-02-09,scoring
2022-02-10,0,0.000,0,flat,"NY Fed SRF total accepted 0.0$m on 2022-02-10 [archive import: scored retroactively, not a live reading]",2022-02-10,scoring
2022-02-11,0,0.000,0,flat,"NY Fed SRF total accepted 0.0$m on 2022-02-11 [archive import: scored retroactively, not a live reading]",2022-02-11,scoring
2022-02-14,0,0.000,0,flat,"NY Fed SRF total accepted 0.0$m on 2022-02-14 [archive import: scored retroactively, not a live reading]",2022-02-14,scoring
2022-02-15,0,0.000,0,flat,"NY Fed SRF total accepted 0.0$m on 2022-02-15 [archive import: scored retroactively, not a live reading]",2022-02-15,scoring
2022-02-16,0,0.000,0,flat,"NY Fed SRF total accepted 0.0$m on 2022-02-16 [archive import: scored retroactively, not a live reading]",2022-02-16,scoring
2022-02-17,0,0.000,0,flat,"NY Fed SRF total accepted 0.0$m on 2022-02-17 [archive import: scored retroactively, not a live reading]",2022-02-17,scoring
2022-02-18,0,0.000,0,flat,"NY Fed SRF total accepted 0.0$m on 2022-02-18 [archive import: scored retroactively, not a live reading]",2022-02-18,scoring
2022-02-22,0,0.000,0,flat,"NY Fed SRF total accepted 0.0$m on 2022-02-22 [archive import: scored retroactively, not a live reading]",2022-02-22,scoring
2022-02-23,0,0.000,0,flat,"NY Fed SRF total accepted 0.0$m on 2022-02-23 [archive import: scored retroactively, not a live reading]",2022-02-23,scoring
2022-02-24,0,0.000,0,flat,"NY Fed SRF total accepted 0.0$m on 2022-02-24 [archive import: scored retroactively, not a live reading]",2022-02-24,scoring
2022-02-25,0,0.000,0,flat,"NY Fed SRF total accepted 0.0$m on 2022-02-25 [archive import: scored retroactively, not a live reading]",2022-02-25,scoring
2022-02-28,0,0.000,0,flat,"NY Fed SRF total accepted 0.0$m on 2022-02-28 [archive import: scored retroactively, not a live reading]",2022-02-28,scoring
2022-03-01,0,0.000,0,flat,"NY Fed SRF total accepted 0.0$m on 2022-03-01 [archive import: scored retroactively, not a live reading]",2022-03-01,scoring
2022-03-02,0,0.000,0,flat,"NY Fed SRF total accepted 0.0$m on 2022-03-02 [archive import: scored retroactively, not a live reading]",2022-03-02,scoring
2022-03-03,1,0.000,0,up,"NY Fed SRF total accepted 1.0$m on 2022-03-03 [archive import: scored retroactively, not a live reading]",2022-03-03,scoring
2022-03-04,0,0.000,0,flat,"NY Fed SRF total accepted 0.0$m on 2022-03-04 [archive import: scored retroactively, not a live reading]",2022-03-04,scoring
2022-03-07,0,0.000,0,flat,"NY Fed SRF total accepted 0.0$m on 2022-03-07 [archive import: scored retroactively, not a live reading]",2022-03-07,scoring
2022-03-08,0,0.000,0,flat,"NY Fed SRF total accepted 0.0$m on 2022-03-08 [archive import: scored retroactively, not a live reading]",2022-03-08,scoring
2022-03-09,0,0.000,0,flat,"NY Fed SRF total accepted 0.0$m on 2022-03-09 [archive import: scored retroactively, not a live reading]",2022-03-09,scoring
2022-03-10,0,0.000,0,flat,"NY Fed SRF total accepted 0.0$m on 2022-03-10 [archive import: scored retroactively, not a live reading]",2022-03-10,scoring
2022-03-11,0,0.000,0,flat,"NY Fed SRF total accepted 0.0$m on 2022-03-11 [archive import: scored retroactively, not a live reading]",2022-03-11,scoring
2022-03-14,0,0.000,0,flat,"NY Fed SRF total accepted 0.0$m on 2022-03-14 [archive import: scored retroactively, not a live reading]",2022-03-14,scoring
2022-03-15,0,0.000,0,flat,"NY Fed SRF total accepted 0.0$m on 2022-03-15 [archive import: scored retroactively, not a live reading]",2022-03-15,scoring
2022-03-16,0,0.000,0,flat,"NY Fed SRF total accepted 0.0$m on 2022-03-16 [archive import: scored retroactively, not a live reading]",2022-03-16,scoring
2022-03-17,0,0.000,0,flat,"NY Fed SRF total accepted 0.0$m on 2022-03-17 [archive import: scored retroactively, not a live reading]",2022-03-17,scoring
2022-03-18,0,0.000,0,flat,"NY Fed SRF total accepted 0.0$m on 2022-03-18 [archive import: scored retroactively, not a live reading]",2022-03-18,scoring
2022-03-21,0,0.000,0,flat,"NY Fed SRF total accepted 0.0$m on 2022-03-21 [archive import: scored retroactively, not a live reading]",2022-03-21,scoring
2022-03-22,0,0.000,0,flat,"NY Fed SRF total accepted 0.0$m on 2022-03-22 [archive import: scored retroactively, not a live reading]",2022-03-22,scoring
2022-03-23,0,0.000,0,flat,"NY Fed SRF total accepted 0.0$m on 2022-03-23 [archive import: scored retroactively, not a live reading]",2022-03-23,scoring
2022-03-24,0,0.000,0,flat,"NY Fed SRF total accepted 0.0$m on 2022-03-24 [archive import: scored retroactively, not a live reading]",2022-03-24,scoring
2022-03-25,0,0.000,0,flat,"NY Fed SRF total accepted 0.0$m on 2022-03-25 [archive import: scored retroactively, not a live reading]",2022-03-25,scoring
2022-03-28,0,0.000,0,flat,"NY Fed SRF total accepted 0.0$m on 2022-03-28 [archive import: scored retroactively, not a live reading]",2022-03-28,scoring
2022-03-29,0,0.000,0,flat,"NY Fed SRF total accepted 0.0$m on 2022-03-29 [archive import: scored retroactively, not a live reading]",2022-03-29,scoring
2022-03-30,1,0.000,0,up,"NY Fed SRF total accepted 1.0$m on 2022-03-30 [archive import: scored retroactively, not a live reading]",2022-03-30,scoring
2022-03-31,0,0.000,0,flat,"NY Fed SRF total accepted 0.0$m on 2022-03-31 [archive import: scored retroactively, not a live reading]",2022-03-31,scoring
2022-04-01,0,0.000,0,flat,"NY Fed SRF total accepted 0.0$m on 2022-04-01 [archive import: scored retroactively, not a live reading]",2022-04-01,scoring
2022-04-04,0,0.000,0,flat,"NY Fed SRF total accepted 0.0$m on 2022-04-04 [archive import: scored retroactively, not a live reading]",2022-04-04,scoring
2022-04-05,0,0.000,0,flat,"NY Fed SRF total accepted 0.0$m on 2022-04-05 [archive import: scored retroactively, not a live reading]",2022-04-05,scoring
2022-04-06,1,0.000,0,up,"NY Fed SRF total accepted 1.0$m on 2022-04-06 [archive import: scored retroactively, not a live reading]",2022-04-06,scoring
2022-04-07,1,0.000,0,up,"NY Fed SRF total accepted 1.0$m on 2022-04-07 [archive import: scored retroactively, not a live reading]",2022-04-07,scoring
2022-04-08,0,0.000,0,flat,"NY Fed SRF total accepted 0.0$m on 2022-04-08 [archive import: scored retroactively, not a live reading]",2022-04-08,scoring
2022-04-11,61,0.006,0,up,"NY Fed SRF total accepted 61.0$m on 2022-04-11 [archive import: scored retroactively, not a live reading]",2022-04-11,scoring
2022-04-12,0,0.000,0,flat,"NY Fed SRF total accepted 0.0$m on 2022-04-12 [archive import: scored retroactively, not a live reading]",2022-04-12,scoring
2022-04-13,0,0.000,0,flat,"NY Fed SRF total accepted 0.0$m on 2022-04-13 [archive import: scored retroactively, not a live reading]",2022-04-13,scoring
2022-04-14,0,0.000,0,flat,"NY Fed SRF total accepted 0.0$m on 2022-04-14 [archive import: scored retroactively, not a live reading]",2022-04-14,scoring
2022-04-18,0,0.000,0,flat,"NY Fed SRF total accepted 0.0$m on 2022-04-18 [archive import: scored retroactively, not a live reading]",2022-04-18,scoring
2022-04-19,0,0.000,0,flat,"NY Fed SRF total accepted 0.0$m on 2022-04-19 [archive import: scored retroactively, not a live reading]",2022-04-19,scoring
2022-04-20,0,0.000,0,flat,"NY Fed SRF total accepted 0.0$m on 2022-04-20 [archive import: scored retroactively, not a live reading]",2022-04-20,scoring
2022-04-21,0,0.000,0,flat,"NY Fed SRF total accepted 0.0$m on 2022-04-21 [archive import: scored retroactively, not a live reading]",2022-04-21,scoring
2022-04-22,0,0.000,0,flat,"NY Fed SRF total accepted 0.0$m on 2022-04-22 [archive import: scored retroactively, not a live reading]",2022-04-22,scoring
2022-04-25,0,0.000,0,flat,"NY Fed SRF total accepted 0.0$m on 2022-04-25 [archive import: scored retroactively, not a live reading]",2022-04-25,scoring
2022-04-26,0,0.000,0,flat,"NY Fed SRF total accepted 0.0$m on 2022-04-26 [archive import: scored retroactively, not a live reading]",2022-04-26,scoring
2022-04-27,0,0.000,0,flat,"NY Fed SRF total accepted 0.0$m on 2022-04-27 [archive import: scored retroactively, not a live reading]",2022-04-27,scoring
2022-04-28,2,0.000,0,up,"NY Fed SRF total accepted 2.0$m on 2022-04-28 [archive import: scored retroactively, not a live reading]",2022-04-28,scoring
2022-04-29,0,0.000,0,flat,"NY Fed SRF total accepted 0.0$m on 2022-04-29 [archive import: scored retroactively, not a live reading]",2022-04-29,scoring
2022-05-02,0,0.000,0,flat,"NY Fed SRF total accepted 0.0$m on 2022-05-02 [archive import: scored retroactively, not a live reading]",2022-05-02,scoring
2022-05-03,0,0.000,0,flat,"NY Fed SRF total accepted 0.0$m on 2022-05-03 [archive import: scored retroactively, not a live reading]",2022-05-03,scoring
2022-05-04,1,0.000,0,up,"NY Fed SRF total accepted 1.0$m on 2022-05-04 [archive import: scored retroactively, not a live reading]",2022-05-04,scoring
2022-05-05,0,0.000,0,flat,"NY Fed SRF total accepted 0.0$m on 2022-05-05 [archive import: scored retroactively, not a live reading]",2022-05-05,scoring
2022-05-06,0,0.000,0,flat,"NY Fed SRF total accepted 0.0$m on 2022-05-06 [archive import: scored retroactively, not a live reading]",2022-05-06,scoring
2022-05-09,0,0.000,0,flat,"NY Fed SRF total accepted 0.0$m on 2022-05-09 [archive import: scored retroactively, not a live reading]",2022-05-09,scoring
2022-05-10,0,0.000,0,flat,"NY Fed SRF total accepted 0.0$m on 2022-05-10 [archive import: scored retroactively, not a live reading]",2022-05-10,scoring
2022-05-11,0,0.000,0,flat,"NY Fed SRF total accepted 0.0$m on 2022-05-11 [archive import: scored retroactively, not a live reading]",2022-05-11,scoring
2022-05-12,0,0.000,0,flat,"NY Fed SRF total accepted 0.0$m on 2022-05-12 [archive import: scored retroactively, not a live reading]",2022-05-12,scoring
2022-05-13,0,0.000,0,flat,"NY Fed SRF total accepted 0.0$m on 2022-05-13 [archive import: scored retroactively, not a live reading]",2022-05-13,scoring
2022-05-16,0,0.000,0,flat,"NY Fed SRF total accepted 0.0$m on 2022-05-16 [archive import: scored retroactively, not a live reading]",2022-05-16,scoring
2022-05-17,0,0.000,0,flat,"NY Fed SRF total accepted 0.0$m on 2022-05-17 [archive import: scored retroactively, not a live reading]",2022-05-17,scoring
2022-05-18,0,0.000,0,flat,"NY Fed SRF total accepted 0.0$m on 2022-05-18 [archive import: scored retroactively, not a live reading]",2022-05-18,scoring
2022-05-19,3,0.000,0,up,"NY Fed SRF total accepted 3.0$m on 2022-05-19 [archive import: scored retroactively, not a live reading]",2022-05-19,scoring
2022-05-20,0,0.000,0,flat,"NY Fed SRF total accepted 0.0$m on 2022-05-20 [archive import: scored retroactively, not a live reading]",2022-05-20,scoring
2022-05-23,0,0.000,0,flat,"NY Fed SRF total accepted 0.0$m on 2022-05-23 [archive import: scored retroactively, not a live reading]",2022-05-23,scoring
2022-05-24,0,0.000,0,flat,"NY Fed SRF total accepted 0.0$m on 2022-05-24 [archive import: scored retroactively, not a live reading]",2022-05-24,scoring
2022-05-25,0,0.000,0,flat,"NY Fed SRF total accepted 0.0$m on 2022-05-25 [archive import: scored retroactively, not a live reading]",2022-05-25,scoring
2022-05-26,0,0.000,0,flat,"NY Fed SRF total accepted 0.0$m on 2022-05-26 [archive import: scored retroactively, not a live reading]",2022-05-26,scoring
2022-05-27,0,0.000,0,flat,"NY Fed SRF total accepted 0.0$m on 2022-05-27 [archive import: scored retroactively, not a live reading]",2022-05-27,scoring
2022-05-31,1,0.000,0,up,"NY Fed SRF total accepted 1.0$m on 2022-05-31 [archive import: scored retroactively, not a live reading]",2022-05-31,scoring
2022-06-01,0,0.000,0,flat,"NY Fed SRF total accepted 0.0$m on 2022-06-01 [archive import: scored retroactively, not a live reading]",2022-06-01,scoring
2022-06-02,0,0.000,0,flat,"NY Fed SRF total accepted 0.0$m on 2022-06-02 [archive import: scored retroactively, not a live reading]",2022-06-02,scoring
2022-06-03,0,0.000,0,flat,"NY Fed SRF total accepted 0.0$m on 2022-06-03 [archive import: scored retroactively, not a live reading]",2022-06-03,scoring
2022-06-06,0,0.000,0,flat,"NY Fed SRF total accepted 0.0$m on 2022-06-06 [archive import: scored retroactively, not a live reading]",2022-06-06,scoring
2022-06-07,0,0.000,0,flat,"NY Fed SRF total accepted 0.0$m on 2022-06-07 [archive import: scored retroactively, not a live reading]",2022-06-07,scoring
2022-06-08,0,0.000,0,flat,"NY Fed SRF total accepted 0.0$m on 2022-06-08 [archive import: scored retroactively, not a live reading]",2022-06-08,scoring
2022-06-09,0,0.000,0,flat,"NY Fed SRF total accepted 0.0$m on 2022-06-09 [archive import: scored retroactively, not a live reading]",2022-06-09,scoring
2022-06-10,0,0.000,0,flat,"NY Fed SRF total accepted 0.0$m on 2022-06-10 [archive import: scored retroactively, not a live reading]",2022-06-10,scoring
2022-06-13,0,0.000,0,flat,"NY Fed SRF total accepted 0.0$m on 2022-06-13 [archive import: scored retroactively, not a live reading]",2022-06-13,scoring
2022-06-14,0,0.000,0,flat,"NY Fed SRF total accepted 0.0$m on 2022-06-14 [archive import: scored retroactively, not a live reading]",2022-06-14,scoring
2022-06-15,0,0.000,0,flat,"NY Fed SRF total accepted 0.0$m on 2022-06-15 [archive import: scored retroactively, not a live reading]",2022-06-15,scoring
2022-06-16,0,0.000,0,flat,"NY Fed SRF total accepted 0.0$m on 2022-06-16 [archive import: scored retroactively, not a live reading]",2022-06-16,scoring
2022-06-17,0,0.000,0,flat,"NY Fed SRF total accepted 0.0$m on 2022-06-17 [archive import: scored retroactively, not a live reading]",2022-06-17,scoring
2022-06-21,0,0.000,0,flat,"NY Fed SRF total accepted 0.0$m on 2022-06-21 [archive import: scored retroactively, not a live reading]",2022-06-21,scoring
2022-06-22,0,0.000,0,flat,"NY Fed SRF total accepted 0.0$m on 2022-06-22 [archive import: scored retroactively, not a live reading]",2022-06-22,scoring
2022-06-23,1,0.000,0,up,"NY Fed SRF total accepted 1.0$m on 2022-06-23 [archive import: scored retroactively, not a live reading]",2022-06-23,scoring
2022-06-24,0,0.000,0,flat,"NY Fed SRF total accepted 0.0$m on 2022-06-24 [archive import: scored retroactively, not a live reading]",2022-06-24,scoring
2022-06-27,0,0.000,0,flat,"NY Fed SRF total accepted 0.0$m on 2022-06-27 [archive import: scored retroactively, not a live reading]",2022-06-27,scoring
2022-06-28,0,0.000,0,flat,"NY Fed SRF total accepted 0.0$m on 2022-06-28 [archive import: scored retroactively, not a live reading]",2022-06-28,scoring
2022-06-29,1,0.000,0,up,"NY Fed SRF total accepted 1.0$m on 2022-06-29 [archive import: scored retroactively, not a live reading]",2022-06-29,scoring
2022-06-30,0,0.000,0,flat,"NY Fed SRF total accepted 0.0$m on 2022-06-30 [archive import: scored retroactively, not a live reading]",2022-06-30,scoring
2022-07-01,0,0.000,0,flat,"NY Fed SRF total accepted 0.0$m on 2022-07-01 [archive import: scored retroactively, not a live reading]",2022-07-01,scoring
2022-07-05,0,0.000,0,flat,"NY Fed SRF total accepted 0.0$m on 2022-07-05 [archive import: scored retroactively, not a live reading]",2022-07-05,scoring
2022-07-06,0,0.000,0,flat,"NY Fed SRF total accepted 0.0$m on 2022-07-06 [archive import: scored retroactively, not a live reading]",2022-07-06,scoring
2022-07-07,1,0.000,0,up,"NY Fed SRF total accepted 1.0$m on 2022-07-07 [archive import: scored retroactively, not a live reading]",2022-07-07,scoring
2022-07-08,0,0.000,0,flat,"NY Fed SRF total accepted 0.0$m on 2022-07-08 [archive import: scored retroactively, not a live reading]",2022-07-08,scoring
2022-07-11,0,0.000,0,flat,"NY Fed SRF total accepted 0.0$m on 2022-07-11 [archive import: scored retroactively, not a live reading]",2022-07-11,scoring
2022-07-12,2,0.000,0,up,"NY Fed SRF total accepted 2.0$m on 2022-07-12 [archive import: scored retroactively, not a live reading]",2022-07-12,scoring
2022-07-13,2,0.000,0,up,"NY Fed SRF total accepted 2.0$m on 2022-07-13 [archive import: scored retroactively, not a live reading]",2022-07-13,scoring
2022-07-14,0,0.000,0,flat,"NY Fed SRF total accepted 0.0$m on 2022-07-14 [archive import: scored retroactively, not a live reading]",2022-07-14,scoring
2022-07-15,0,0.000,0,flat,"NY Fed SRF total accepted 0.0$m on 2022-07-15 [archive import: scored retroactively, not a live reading]",2022-07-15,scoring
2022-07-18,0,0.000,0,flat,"NY Fed SRF total accepted 0.0$m on 2022-07-18 [archive import: scored retroactively, not a live reading]",2022-07-18,scoring
2022-07-19,0,0.000,0,flat,"NY Fed SRF total accepted 0.0$m on 2022-07-19 [archive import: scored retroactively, not a live reading]",2022-07-19,scoring
2022-07-20,0,0.000,0,flat,"NY Fed SRF total accepted 0.0$m on 2022-07-20 [archive import: scored retroactively, not a live reading]",2022-07-20,scoring
2022-07-21,0,0.000,0,flat,"NY Fed SRF total accepted 0.0$m on 2022-07-21 [archive import: scored retroactively, not a live reading]",2022-07-21,scoring
2022-07-22,0,0.000,0,flat,"NY Fed SRF total accepted 0.0$m on 2022-07-22 [archive import: scored retroactively, not a live reading]",2022-07-22,scoring
2022-07-25,0,0.000,0,flat,"NY Fed SRF total accepted 0.0$m on 2022-07-25 [archive import: scored retroactively, not a live reading]",2022-07-25,scoring
2022-07-26,0,0.000,0,flat,"NY Fed SRF total accepted 0.0$m on 2022-07-26 [archive import: scored retroactively, not a live reading]",2022-07-26,scoring
2022-07-27,1,0.000,0,up,"NY Fed SRF total accepted 1.0$m on 2022-07-27 [archive import: scored retroactively, not a live reading]",2022-07-27,scoring
2022-07-28,1,0.000,0,up,"NY Fed SRF total accepted 1.0$m on 2022-07-28 [archive import: scored retroactively, not a live reading]",2022-07-28,scoring
2022-07-29,0,0.000,0,flat,"NY Fed SRF total accepted 0.0$m on 2022-07-29 [archive import: scored retroactively, not a live reading]",2022-07-29,scoring
2022-08-01,4,0.000,0,up,"NY Fed SRF total accepted 4.0$m on 2022-08-01 [archive import: scored retroactively, not a live reading]",2022-08-01,scoring
2022-08-02,0,0.000,0,flat,"NY Fed SRF total accepted 0.0$m on 2022-08-02 [archive import: scored retroactively, not a live reading]",2022-08-02,scoring
2022-08-03,0,0.000,0,flat,"NY Fed SRF total accepted 0.0$m on 2022-08-03 [archive import: scored retroactively, not a live reading]",2022-08-03,scoring
2022-08-04,3,0.000,0,up,"NY Fed SRF total accepted 3.0$m on 2022-08-04 [archive import: scored retroactively, not a live reading]",2022-08-04,scoring
2022-08-05,0,0.000,0,flat,"NY Fed SRF total accepted 0.0$m on 2022-08-05 [archive import: scored retroactively, not a live reading]",2022-08-05,scoring
2022-08-08,0,0.000,0,flat,"NY Fed SRF total accepted 0.0$m on 2022-08-08 [archive import: scored retroactively, not a live reading]",2022-08-08,scoring
2022-08-09,0,0.000,0,flat,"NY Fed SRF total accepted 0.0$m on 2022-08-09 [archive import: scored retroactively, not a live reading]",2022-08-09,scoring
2022-08-10,0,0.000,0,flat,"NY Fed SRF total accepted 0.0$m on 2022-08-10 [archive import: scored retroactively, not a live reading]",2022-08-10,scoring
2022-08-11,0,0.000,0,flat,"NY Fed SRF total accepted 0.0$m on 2022-08-11 [archive import: scored retroactively, not a live reading]",2022-08-11,scoring
2022-08-12,0,0.000,0,flat,"NY Fed SRF total accepted 0.0$m on 2022-08-12 [archive import: scored retroactively, not a live reading]",2022-08-12,scoring
2022-08-15,3,0.000,0,up,"NY Fed SRF total accepted 3.0$m on 2022-08-15 [archive import: scored retroactively, not a live reading]",2022-08-15,scoring
2022-08-16,4,0.000,0,up,"NY Fed SRF total accepted 4.0$m on 2022-08-16 [archive import: scored retroactively, not a live reading]",2022-08-16,scoring
2022-08-17,0,0.000,0,flat,"NY Fed SRF total accepted 0.0$m on 2022-08-17 [archive import: scored retroactively, not a live reading]",2022-08-17,scoring
2022-08-18,0,0.000,0,flat,"NY Fed SRF total accepted 0.0$m on 2022-08-18 [archive import: scored retroactively, not a live reading]",2022-08-18,scoring
2022-08-19,0,0.000,0,flat,"NY Fed SRF total accepted 0.0$m on 2022-08-19 [archive import: scored retroactively, not a live reading]",2022-08-19,scoring
2022-08-22,0,0.000,0,flat,"NY Fed SRF total accepted 0.0$m on 2022-08-22 [archive import: scored retroactively, not a live reading]",2022-08-22,scoring
2022-08-23,0,0.000,0,flat,"NY Fed SRF total accepted 0.0$m on 2022-08-23 [archive import: scored retroactively, not a live reading]",2022-08-23,scoring
2022-08-24,0,0.000,0,flat,"NY Fed SRF total accepted 0.0$m on 2022-08-24 [archive import: scored retroactively, not a live reading]",2022-08-24,scoring
2022-08-25,0,0.000,0,flat,"NY Fed SRF total accepted 0.0$m on 2022-08-25 [archive import: scored retroactively, not a live reading]",2022-08-25,scoring
2022-08-26,0,0.000,0,flat,"NY Fed SRF total accepted 0.0$m on 2022-08-26 [archive import: scored retroactively, not a live reading]",2022-08-26,scoring
2022-08-29,0,0.000,0,flat,"NY Fed SRF total accepted 0.0$m on 2022-08-29 [archive import: scored retroactively, not a live reading]",2022-08-29,scoring
2022-08-30,0,0.000,0,flat,"NY Fed SRF total accepted 0.0$m on 2022-08-30 [archive import: scored retroactively, not a live reading]",2022-08-30,scoring
2022-08-31,0,0.000,0,flat,"NY Fed SRF total accepted 0.0$m on 2022-08-31 [archive import: scored retroactively, not a live reading]",2022-08-31,scoring
2022-09-01,3,0.000,0,up,"NY Fed SRF total accepted 3.0$m on 2022-09-01 [archive import: scored retroactively, not a live reading]",2022-09-01,scoring
2022-09-02,0,0.000,0,flat,"NY Fed SRF total accepted 0.0$m on 2022-09-02 [archive import: scored retroactively, not a live reading]",2022-09-02,scoring
2022-09-06,0,0.000,0,flat,"NY Fed SRF total accepted 0.0$m on 2022-09-06 [archive import: scored retroactively, not a live reading]",2022-09-06,scoring
2022-09-07,5,0.001,0,up,"NY Fed SRF total accepted 5.0$m on 2022-09-07 [archive import: scored retroactively, not a live reading]",2022-09-07,scoring
2022-09-08,61,0.006,0,up,"NY Fed SRF total accepted 61.0$m on 2022-09-08 [archive import: scored retroactively, not a live reading]",2022-09-08,scoring
2022-09-09,0,0.000,0,flat,"NY Fed SRF total accepted 0.0$m on 2022-09-09 [archive import: scored retroactively, not a live reading]",2022-09-09,scoring
2022-09-12,0,0.000,0,flat,"NY Fed SRF total accepted 0.0$m on 2022-09-12 [archive import: scored retroactively, not a live reading]",2022-09-12,scoring
2022-09-13,0,0.000,0,flat,"NY Fed SRF total accepted 0.0$m on 2022-09-13 [archive import: scored retroactively, not a live reading]",2022-09-13,scoring
2022-09-14,0,0.000,0,flat,"NY Fed SRF total accepted 0.0$m on 2022-09-14 [archive import: scored retroactively, not a live reading]",2022-09-14,scoring
2022-09-15,0,0.000,0,flat,"NY Fed SRF total accepted 0.0$m on 2022-09-15 [archive import: scored retroactively, not a live reading]",2022-09-15,scoring
2022-09-16,0,0.000,0,flat,"NY Fed SRF total accepted 0.0$m on 2022-09-16 [archive import: scored retroactively, not a live reading]",2022-09-16,scoring
2022-09-19,0,0.000,0,flat,"NY Fed SRF total accepted 0.0$m on 2022-09-19 [archive import: scored retroactively, not a live reading]",2022-09-19,scoring
2022-09-20,0,0.000,0,flat,"NY Fed SRF total accepted 0.0$m on 2022-09-20 [archive import: scored retroactively, not a live reading]",2022-09-20,scoring
2022-09-21,0,0.000,0,flat,"NY Fed SRF total accepted 0.0$m on 2022-09-21 [archive import: scored retroactively, not a live reading]",2022-09-21,scoring
2022-09-22,0,0.000,0,flat,"NY Fed SRF total accepted 0.0$m on 2022-09-22 [archive import: scored retroactively, not a live reading]",2022-09-22,scoring
2022-09-23,0,0.000,0,flat,"NY Fed SRF total accepted 0.0$m on 2022-09-23 [archive import: scored retroactively, not a live reading]",2022-09-23,scoring
2022-09-26,0,0.000,0,flat,"NY Fed SRF total accepted 0.0$m on 2022-09-26 [archive import: scored retroactively, not a live reading]",2022-09-26,scoring
2022-09-27,0,0.000,0,flat,"NY Fed SRF total accepted 0.0$m on 2022-09-27 [archive import: scored retroactively, not a live reading]",2022-09-27,scoring
2022-09-28,0,0.000,0,flat,"NY Fed SRF total accepted 0.0$m on 2022-09-28 [archive import: scored retroactively, not a live reading]",2022-09-28,scoring
2022-09-29,0,0.000,0,flat,"NY Fed SRF total accepted 0.0$m on 2022-09-29 [archive import: scored retroactively, not a live reading]",2022-09-29,scoring
2022-09-30,0,0.000,0,flat,"NY Fed SRF total accepted 0.0$m on 2022-09-30 [archive import: scored retroactively, not a live reading]",2022-09-30,scoring
2022-10-03,3,0.000,0,up,"NY Fed SRF total accepted 3.0$m on 2022-10-03 [archive import: scored retroactively, not a live reading]",2022-10-03,scoring
2022-10-04,0,0.000,0,flat,"NY Fed SRF total accepted 0.0$m on 2022-10-04 [archive import: scored retroactively, not a live reading]",2022-10-04,scoring
2022-10-05,0,0.000,0,flat,"NY Fed SRF total accepted 0.0$m on 2022-10-05 [archive import: scored retroactively, not a live reading]",2022-10-05,scoring
2022-10-06,0,0.000,0,flat,"NY Fed SRF total accepted 0.0$m on 2022-10-06 [archive import: scored retroactively, not a live reading]",2022-10-06,scoring
2022-10-07,0,0.000,0,flat,"NY Fed SRF total accepted 0.0$m on 2022-10-07 [archive import: scored retroactively, not a live reading]",2022-10-07,scoring
2022-10-11,0,0.000,0,flat,"NY Fed SRF total accepted 0.0$m on 2022-10-11 [archive import: scored retroactively, not a live reading]",2022-10-11,scoring
2022-10-12,0,0.000,0,flat,"NY Fed SRF total accepted 0.0$m on 2022-10-12 [archive import: scored retroactively, not a live reading]",2022-10-12,scoring
2022-10-13,0,0.000,0,flat,"NY Fed SRF total accepted 0.0$m on 2022-10-13 [archive import: scored retroactively, not a live reading]",2022-10-13,scoring
2022-10-14,0,0.000,0,flat,"NY Fed SRF total accepted 0.0$m on 2022-10-14 [archive import: scored retroactively, not a live reading]",2022-10-14,scoring
2022-10-17,0,0.000,0,flat,"NY Fed SRF total accepted 0.0$m on 2022-10-17 [archive import: scored retroactively, not a live reading]",2022-10-17,scoring
2022-10-18,0,0.000,0,flat,"NY Fed SRF total accepted 0.0$m on 2022-10-18 [archive import: scored retroactively, not a live reading]",2022-10-18,scoring
2022-10-19,10,0.001,0,up,"NY Fed SRF total accepted 10.0$m on 2022-10-19 [archive import: scored retroactively, not a live reading]",2022-10-19,scoring
2022-10-20,2,0.000,0,up,"NY Fed SRF total accepted 2.0$m on 2022-10-20 [archive import: scored retroactively, not a live reading]",2022-10-20,scoring
2022-10-21,3,0.000,0,up,"NY Fed SRF total accepted 3.0$m on 2022-10-21 [archive import: scored retroactively, not a live reading]",2022-10-21,scoring
2022-10-24,0,0.000,0,flat,"NY Fed SRF total accepted 0.0$m on 2022-10-24 [archive import: scored retroactively, not a live reading]",2022-10-24,scoring
2022-10-25,1,0.000,0,up,"NY Fed SRF total accepted 1.0$m on 2022-10-25 [archive import: scored retroactively, not a live reading]",2022-10-25,scoring
2022-10-26,1,0.000,0,up,"NY Fed SRF total accepted 1.0$m on 2022-10-26 [archive import: scored retroactively, not a live reading]",2022-10-26,scoring
2022-10-27,0,0.000,0,flat,"NY Fed SRF total accepted 0.0$m on 2022-10-27 [archive import: scored retroactively, not a live reading]",2022-10-27,scoring
2022-10-28,0,0.000,0,flat,"NY Fed SRF total accepted 0.0$m on 2022-10-28 [archive import: scored retroactively, not a live reading]",2022-10-28,scoring
2022-10-31,0,0.000,0,flat,"NY Fed SRF total accepted 0.0$m on 2022-10-31 [archive import: scored retroactively, not a live reading]",2022-10-31,scoring
2022-11-01,0,0.000,0,flat,"NY Fed SRF total accepted 0.0$m on 2022-11-01 [archive import: scored retroactively, not a live reading]",2022-11-01,scoring
2022-11-02,0,0.000,0,flat,"NY Fed SRF total accepted 0.0$m on 2022-11-02 [archive import: scored retroactively, not a live reading]",2022-11-02,scoring
2022-11-03,1,0.000,0,up,"NY Fed SRF total accepted 1.0$m on 2022-11-03 [archive import: scored retroactively, not a live reading]",2022-11-03,scoring
2022-11-04,0,0.000,0,flat,"NY Fed SRF total accepted 0.0$m on 2022-11-04 [archive import: scored retroactively, not a live reading]",2022-11-04,scoring
2022-11-07,0,0.000,0,flat,"NY Fed SRF total accepted 0.0$m on 2022-11-07 [archive import: scored retroactively, not a live reading]",2022-11-07,scoring
2022-11-08,1,0.000,0,up,"NY Fed SRF total accepted 1.0$m on 2022-11-08 [archive import: scored retroactively, not a live reading]",2022-11-08,scoring
2022-11-09,1,0.000,0,up,"NY Fed SRF total accepted 1.0$m on 2022-11-09 [archive import: scored retroactively, not a live reading]",2022-11-09,scoring
2022-11-10,0,0.000,0,flat,"NY Fed SRF total accepted 0.0$m on 2022-11-10 [archive import: scored retroactively, not a live reading]",2022-11-10,scoring
2022-11-14,0,0.000,0,flat,"NY Fed SRF total accepted 0.0$m on 2022-11-14 [archive import: scored retroactively, not a live reading]",2022-11-14,scoring
2022-11-15,0,0.000,0,flat,"NY Fed SRF total accepted 0.0$m on 2022-11-15 [archive import: scored retroactively, not a live reading]",2022-11-15,scoring
2022-11-16,10,0.001,0,up,"NY Fed SRF total accepted 10.0$m on 2022-11-16 [archive import: scored retroactively, not a live reading]",2022-11-16,scoring
2022-11-17,0,0.000,0,flat,"NY Fed SRF total accepted 0.0$m on 2022-11-17 [archive import: scored retroactively, not a live reading]",2022-11-17,scoring
2022-11-18,0,0.000,0,flat,"NY Fed SRF total accepted 0.0$m on 2022-11-18 [archive import: scored retroactively, not a live reading]",2022-11-18,scoring
2022-11-21,0,0.000,0,flat,"NY Fed SRF total accepted 0.0$m on 2022-11-21 [archive import: scored retroactively, not a live reading]",2022-11-21,scoring
2022-11-22,0,0.000,0,flat,"NY Fed SRF total accepted 0.0$m on 2022-11-22 [archive import: scored retroactively, not a live reading]",2022-11-22,scoring
2022-11-23,0,0.000,0,flat,"NY Fed SRF total accepted 0.0$m on 2022-11-23 [archive import: scored retroactively, not a live reading]",2022-11-23,scoring
2022-11-25,0,0.000,0,flat,"NY Fed SRF total accepted 0.0$m on 2022-11-25 [archive import: scored retroactively, not a live reading]",2022-11-25,scoring
2022-11-28,0,0.000,0,flat,"NY Fed SRF total accepted 0.0$m on 2022-11-28 [archive import: scored retroactively, not a live reading]",2022-11-28,scoring
2022-11-29,0,0.000,0,flat,"NY Fed SRF total accepted 0.0$m on 2022-11-29 [archive import: scored retroactively, not a live reading]",2022-11-29,scoring
2022-11-30,0,0.000,0,flat,"NY Fed SRF total accepted 0.0$m on 2022-11-30 [archive import: scored retroactively, not a live reading]",2022-11-30,scoring
2022-12-01,0,0.000,0,flat,"NY Fed SRF total accepted 0.0$m on 2022-12-01 [archive import: scored retroactively, not a live reading]",2022-12-01,scoring
2022-12-02,10,0.001,0,up,"NY Fed SRF total accepted 10.0$m on 2022-12-02 [archive import: scored retroactively, not a live reading]",2022-12-02,scoring
2022-12-05,3,0.000,0,up,"NY Fed SRF total accepted 3.0$m on 2022-12-05 [archive import: scored retroactively, not a live reading]",2022-12-05,scoring
2022-12-06,3,0.000,0,up,"NY Fed SRF total accepted 3.0$m on 2022-12-06 [archive import: scored retroactively, not a live reading]",2022-12-06,scoring
2022-12-07,0,0.000,0,flat,"NY Fed SRF total accepted 0.0$m on 2022-12-07 [archive import: scored retroactively, not a live reading]",2022-12-07,scoring
2022-12-08,0,0.000,0,flat,"NY Fed SRF total accepted 0.0$m on 2022-12-08 [archive import: scored retroactively, not a live reading]",2022-12-08,scoring
2022-12-09,0,0.000,0,flat,"NY Fed SRF total accepted 0.0$m on 2022-12-09 [archive import: scored retroactively, not a live reading]",2022-12-09,scoring
2022-12-12,0,0.000,0,flat,"NY Fed SRF total accepted 0.0$m on 2022-12-12 [archive import: scored retroactively, not a live reading]",2022-12-12,scoring
2022-12-13,0,0.000,0,flat,"NY Fed SRF total accepted 0.0$m on 2022-12-13 [archive import: scored retroactively, not a live reading]",2022-12-13,scoring
2022-12-14,3,0.000,0,up,"NY Fed SRF total accepted 3.0$m on 2022-12-14 [archive import: scored retroactively, not a live reading]",2022-12-14,scoring
2022-12-15,1,0.000,0,up,"NY Fed SRF total accepted 1.0$m on 2022-12-15 [archive import: scored retroactively, not a live reading]",2022-12-15,scoring
2022-12-16,4,0.000,0,up,"NY Fed SRF total accepted 4.0$m on 2022-12-16 [archive import: scored retroactively, not a live reading]",2022-12-16,scoring
2022-12-19,0,0.000,0,flat,"NY Fed SRF total accepted 0.0$m on 2022-12-19 [archive import: scored retroactively, not a live reading]",2022-12-19,scoring
2022-12-20,0,0.000,0,flat,"NY Fed SRF total accepted 0.0$m on 2022-12-20 [archive import: scored retroactively, not a live reading]",2022-12-20,scoring
2022-12-21,0,0.000,0,flat,"NY Fed SRF total accepted 0.0$m on 2022-12-21 [archive import: scored retroactively, not a live reading]",2022-12-21,scoring
2022-12-22,0,0.000,0,flat,"NY Fed SRF total accepted 0.0$m on 2022-12-22 [archive import: scored retroactively, not a live reading]",2022-12-22,scoring
2022-12-23,0,0.000,0,flat,"NY Fed SRF total accepted 0.0$m on 2022-12-23 [archive import: scored retroactively, not a live reading]",2022-12-23,scoring
2022-12-27,0,0.000,0,flat,"NY Fed SRF total accepted 0.0$m on 2022-12-27 [archive import: scored retroactively, not a live reading]",2022-12-27,scoring
2022-12-28,0,0.000,0,flat,"NY Fed SRF total accepted 0.0$m on 2022-12-28 [archive import: scored retroactively, not a live reading]",2022-12-28,scoring
2022-12-29,0,0.000,0,flat,"NY Fed SRF total accepted 0.0$m on 2022-12-29 [archive import: scored retroactively, not a live reading]",2022-12-29,scoring
2022-12-30,0,0.000,0,flat,"NY Fed SRF total accepted 0.0$m on 2022-12-30 [archive import: scored retroactively, not a live reading]",2022-12-30,scoring
2023-01-03,0,0.000,0,flat,"NY Fed SRF total accepted 0.0$m on 2023-01-03 [archive import: scored retroactively, not a live reading]",2023-01-03,scoring
2023-01-04,1,0.000,0,up,"NY Fed SRF total accepted 1.0$m on 2023-01-04 [archive import: scored retroactively, not a live reading]",2023-01-04,scoring
2023-01-05,0,0.000,0,flat,"NY Fed SRF total accepted 0.0$m on 2023-01-05 [archive import: scored retroactively, not a live reading]",2023-01-05,scoring
2023-01-06,1,0.000,0,up,"NY Fed SRF total accepted 1.0$m on 2023-01-06 [archive import: scored retroactively, not a live reading]",2023-01-06,scoring
2023-01-09,0,0.000,0,flat,"NY Fed SRF total accepted 0.0$m on 2023-01-09 [archive import: scored retroactively, not a live reading]",2023-01-09,scoring
2023-01-10,0,0.000,0,flat,"NY Fed SRF total accepted 0.0$m on 2023-01-10 [archive import: scored retroactively, not a live reading]",2023-01-10,scoring
2023-01-11,0,0.000,0,flat,"NY Fed SRF total accepted 0.0$m on 2023-01-11 [archive import: scored retroactively, not a live reading]",2023-01-11,scoring
2023-01-12,0,0.000,0,flat,"NY Fed SRF total accepted 0.0$m on 2023-01-12 [archive import: scored retroactively, not a live reading]",2023-01-12,scoring
2023-01-13,0,0.000,0,flat,"NY Fed SRF total accepted 0.0$m on 2023-01-13 [archive import: scored retroactively, not a live reading]",2023-01-13,scoring
2023-01-17,3,0.000,0,up,"NY Fed SRF total accepted 3.0$m on 2023-01-17 [archive import: scored retroactively, not a live reading]",2023-01-17,scoring
2023-01-18,1,0.000,0,up,"NY Fed SRF total accepted 1.0$m on 2023-01-18 [archive import: scored retroactively, not a live reading]",2023-01-18,scoring
2023-01-19,3,0.000,0,up,"NY Fed SRF total accepted 3.0$m on 2023-01-19 [archive import: scored retroactively, not a live reading]",2023-01-19,scoring
2023-01-20,3,0.000,0,up,"NY Fed SRF total accepted 3.0$m on 2023-01-20 [archive import: scored retroactively, not a live reading]",2023-01-20,scoring
2023-01-23,0,0.000,0,flat,"NY Fed SRF total accepted 0.0$m on 2023-01-23 [archive import: scored retroactively, not a live reading]",2023-01-23,scoring
2023-01-24,1,0.000,0,up,"NY Fed SRF total accepted 1.0$m on 2023-01-24 [archive import: scored retroactively, not a live reading]",2023-01-24,scoring
2023-01-25,0,0.000,0,flat,"NY Fed SRF total accepted 0.0$m on 2023-01-25 [archive import: scored retroactively, not a live reading]",2023-01-25,scoring
2023-01-26,0,0.000,0,flat,"NY Fed SRF total accepted 0.0$m on 2023-01-26 [archive import: scored retroactively, not a live reading]",2023-01-26,scoring
2023-01-27,0,0.000,0,flat,"NY Fed SRF total accepted 0.0$m on 2023-01-27 [archive import: scored retroactively, not a live reading]",2023-01-27,scoring
2023-01-30,0,0.000,0,flat,"NY Fed SRF total accepted 0.0$m on 2023-01-30 [archive import: scored retroactively, not a live reading]",2023-01-30,scoring
2023-01-31,3,0.000,0,up,"NY Fed SRF total accepted 3.0$m on 2023-01-31 [archive import: scored retroactively, not a live reading]",2023-01-31,scoring
2023-02-01,11,0.001,0,up,"NY Fed SRF total accepted 11.0$m on 2023-02-01 [archive import: scored retroactively, not a live reading]",2023-02-01,scoring
2023-02-02,1,0.000,0,up,"NY Fed SRF total accepted 1.0$m on 2023-02-02 [archive import: scored retroactively, not a live reading]",2023-02-02,scoring
2023-02-03,0,0.000,0,flat,"NY Fed SRF total accepted 0.0$m on 2023-02-03 [archive import: scored retroactively, not a live reading]",2023-02-03,scoring
2023-02-06,0,0.000,0,flat,"NY Fed SRF total accepted 0.0$m on 2023-02-06 [archive import: scored retroactively, not a live reading]",2023-02-06,scoring
2023-02-07,1,0.000,0,up,"NY Fed SRF total accepted 1.0$m on 2023-02-07 [archive import: scored retroactively, not a live reading]",2023-02-07,scoring
2023-02-08,1,0.000,0,up,"NY Fed SRF total accepted 1.0$m on 2023-02-08 [archive import: scored retroactively, not a live reading]",2023-02-08,scoring
2023-02-09,0,0.000,0,flat,"NY Fed SRF total accepted 0.0$m on 2023-02-09 [archive import: scored retroactively, not a live reading]",2023-02-09,scoring
2023-02-10,0,0.000,0,flat,"NY Fed SRF total accepted 0.0$m on 2023-02-10 [archive import: scored retroactively, not a live reading]",2023-02-10,scoring
2023-02-13,0,0.000,0,flat,"NY Fed SRF total accepted 0.0$m on 2023-02-13 [archive import: scored retroactively, not a live reading]",2023-02-13,scoring
2023-02-14,0,0.000,0,flat,"NY Fed SRF total accepted 0.0$m on 2023-02-14 [archive import: scored retroactively, not a live reading]",2023-02-14,scoring
2023-02-15,0,0.000,0,flat,"NY Fed SRF total accepted 0.0$m on 2023-02-15 [archive import: scored retroactively, not a live reading]",2023-02-15,scoring
2023-02-16,0,0.000,0,flat,"NY Fed SRF total accepted 0.0$m on 2023-02-16 [archive import: scored retroactively, not a live reading]",2023-02-16,scoring
2023-02-17,0,0.000,0,flat,"NY Fed SRF total accepted 0.0$m on 2023-02-17 [archive import: scored retroactively, not a live reading]",2023-02-17,scoring
2023-02-21,1,0.000,0,up,"NY Fed SRF total accepted 1.0$m on 2023-02-21 [archive import: scored retroactively, not a live reading]",2023-02-21,scoring
2023-02-22,0,0.000,0,flat,"NY Fed SRF total accepted 0.0$m on 2023-02-22 [archive import: scored retroactively, not a live reading]",2023-02-22,scoring
2023-02-23,2,0.000,0,up,"NY Fed SRF total accepted 2.0$m on 2023-02-23 [archive import: scored retroactively, not a live reading]",2023-02-23,scoring
2023-02-24,0,0.000,0,flat,"NY Fed SRF total accepted 0.0$m on 2023-02-24 [archive import: scored retroactively, not a live reading]",2023-02-24,scoring
2023-02-27,2,0.000,0,up,"NY Fed SRF total accepted 2.0$m on 2023-02-27 [archive import: scored retroactively, not a live reading]",2023-02-27,scoring
2023-02-28,0,0.000,0,flat,"NY Fed SRF total accepted 0.0$m on 2023-02-28 [archive import: scored retroactively, not a live reading]",2023-02-28,scoring
2023-03-01,0,0.000,0,flat,"NY Fed SRF total accepted 0.0$m on 2023-03-01 [archive import: scored retroactively, not a live reading]",2023-03-01,scoring
2023-03-02,0,0.000,0,flat,"NY Fed SRF total accepted 0.0$m on 2023-03-02 [archive import: scored retroactively, not a live reading]",2023-03-02,scoring
2023-03-03,4,0.000,0,up,"NY Fed SRF total accepted 4.0$m on 2023-03-03 [archive import: scored retroactively, not a live reading]",2023-03-03,scoring
2023-03-06,2,0.000,0,up,"NY Fed SRF total accepted 2.0$m on 2023-03-06 [archive import: scored retroactively, not a live reading]",2023-03-06,scoring
2023-03-07,0,0.000,0,flat,"NY Fed SRF total accepted 0.0$m on 2023-03-07 [archive import: scored retroactively, not a live reading]",2023-03-07,scoring
2023-03-08,56,0.006,0,up,"NY Fed SRF total accepted 56.0$m on 2023-03-08 [archive import: scored retroactively, not a live reading]",2023-03-08,scoring
2023-03-09,3,0.000,0,up,"NY Fed SRF total accepted 3.0$m on 2023-03-09 [archive import: scored retroactively, not a live reading]",2023-03-09,scoring
2023-03-10,0,0.000,0,flat,"NY Fed SRF total accepted 0.0$m on 2023-03-10 [archive import: scored retroactively, not a live reading]",2023-03-10,scoring
2023-03-13,0,0.000,0,flat,"NY Fed SRF total accepted 0.0$m on 2023-03-13 [archive import: scored retroactively, not a live reading]",2023-03-13,scoring
2023-03-14,0,0.000,0,flat,"NY Fed SRF total accepted 0.0$m on 2023-03-14 [archive import: scored retroactively, not a live reading]",2023-03-14,scoring
2023-03-15,0,0.000,0,flat,"NY Fed SRF total accepted 0.0$m on 2023-03-15 [archive import: scored retroactively, not a live reading]",2023-03-15,scoring
2023-03-16,0,0.000,0,flat,"NY Fed SRF total accepted 0.0$m on 2023-03-16 [archive import: scored retroactively, not a live reading]",2023-03-16,scoring
2023-03-17,0,0.000,0,flat,"NY Fed SRF total accepted 0.0$m on 2023-03-17 [archive import: scored retroactively, not a live reading]",2023-03-17,scoring
2023-03-20,1,0.000,0,up,"NY Fed SRF total accepted 1.0$m on 2023-03-20 [archive import: scored retroactively, not a live reading]",2023-03-20,scoring
2023-03-21,1,0.000,0,up,"NY Fed SRF total accepted 1.0$m on 2023-03-21 [archive import: scored retroactively, not a live reading]",2023-03-21,scoring
2023-03-22,7,0.001,0,up,"NY Fed SRF total accepted 7.0$m on 2023-03-22 [archive import: scored retroactively, not a live reading]",2023-03-22,scoring
2023-03-23,4,0.000,0,up,"NY Fed SRF total accepted 4.0$m on 2023-03-23 [archive import: scored retroactively, not a live reading]",2023-03-23,scoring
2023-03-24,0,0.000,0,flat,"NY Fed SRF total accepted 0.0$m on 2023-03-24 [archive import: scored retroactively, not a live reading]",2023-03-24,scoring
2023-03-27,0,0.000,0,flat,"NY Fed SRF total accepted 0.0$m on 2023-03-27 [archive import: scored retroactively, not a live reading]",2023-03-27,scoring
2023-03-28,7,0.001,0,up,"NY Fed SRF total accepted 7.0$m on 2023-03-28 [archive import: scored retroactively, not a live reading]",2023-03-28,scoring
2023-03-29,0,0.000,0,flat,"NY Fed SRF total accepted 0.0$m on 2023-03-29 [archive import: scored retroactively, not a live reading]",2023-03-29,scoring
2023-03-30,0,0.000,0,flat,"NY Fed SRF total accepted 0.0$m on 2023-03-30 [archive import: scored retroactively, not a live reading]",2023-03-30,scoring
2023-03-31,0,0.000,0,flat,"NY Fed SRF total accepted 0.0$m on 2023-03-31 [archive import: scored retroactively, not a live reading]",2023-03-31,scoring
2023-04-03,1,0.000,0,up,"NY Fed SRF total accepted 1.0$m on 2023-04-03 [archive import: scored retroactively, not a live reading]",2023-04-03,scoring
2023-04-04,0,0.000,0,flat,"NY Fed SRF total accepted 0.0$m on 2023-04-04 [archive import: scored retroactively, not a live reading]",2023-04-04,scoring
2023-04-05,0,0.000,0,flat,"NY Fed SRF total accepted 0.0$m on 2023-04-05 [archive import: scored retroactively, not a live reading]",2023-04-05,scoring
2023-04-06,0,0.000,0,flat,"NY Fed SRF total accepted 0.0$m on 2023-04-06 [archive import: scored retroactively, not a live reading]",2023-04-06,scoring
2023-04-10,3,0.000,0,up,"NY Fed SRF total accepted 3.0$m on 2023-04-10 [archive import: scored retroactively, not a live reading]",2023-04-10,scoring
2023-04-11,0,0.000,0,flat,"NY Fed SRF total accepted 0.0$m on 2023-04-11 [archive import: scored retroactively, not a live reading]",2023-04-11,scoring
2023-04-12,0,0.000,0,flat,"NY Fed SRF total accepted 0.0$m on 2023-04-12 [archive import: scored retroactively, not a live reading]",2023-04-12,scoring
2023-04-13,0,0.000,0,flat,"NY Fed SRF total accepted 0.0$m on 2023-04-13 [archive import: scored retroactively, not a live reading]",2023-04-13,scoring
2023-04-14,0,0.000,0,flat,"NY Fed SRF total accepted 0.0$m on 2023-04-14 [archive import: scored retroactively, not a live reading]",2023-04-14,scoring
2023-04-17,0,0.000,0,flat,"NY Fed SRF total accepted 0.0$m on 2023-04-17 [archive import: scored retroactively, not a live reading]",2023-04-17,scoring
2023-04-18,0,0.000,0,flat,"NY Fed SRF total accepted 0.0$m on 2023-04-18 [archive import: scored retroactively, not a live reading]",2023-04-18,scoring
2023-04-19,0,0.000,0,flat,"NY Fed SRF total accepted 0.0$m on 2023-04-19 [archive import: scored retroactively, not a live reading]",2023-04-19,scoring
2023-04-20,0,0.000,0,flat,"NY Fed SRF total accepted 0.0$m on 2023-04-20 [archive import: scored retroactively, not a live reading]",2023-04-20,scoring
2023-04-21,0,0.000,0,flat,"NY Fed SRF total accepted 0.0$m on 2023-04-21 [archive import: scored retroactively, not a live reading]",2023-04-21,scoring
2023-04-24,0,0.000,0,flat,"NY Fed SRF total accepted 0.0$m on 2023-04-24 [archive import: scored retroactively, not a live reading]",2023-04-24,scoring
2023-04-25,0,0.000,0,flat,"NY Fed SRF total accepted 0.0$m on 2023-04-25 [archive import: scored retroactively, not a live reading]",2023-04-25,scoring
2023-04-26,0,0.000,0,flat,"NY Fed SRF total accepted 0.0$m on 2023-04-26 [archive import: scored retroactively, not a live reading]",2023-04-26,scoring
2023-04-27,0,0.000,0,flat,"NY Fed SRF total accepted 0.0$m on 2023-04-27 [archive import: scored retroactively, not a live reading]",2023-04-27,scoring
2023-04-28,0,0.000,0,flat,"NY Fed SRF total accepted 0.0$m on 2023-04-28 [archive import: scored retroactively, not a live reading]",2023-04-28,scoring
2023-05-01,0,0.000,0,flat,"NY Fed SRF total accepted 0.0$m on 2023-05-01 [archive import: scored retroactively, not a live reading]",2023-05-01,scoring
2023-05-02,1,0.000,0,up,"NY Fed SRF total accepted 1.0$m on 2023-05-02 [archive import: scored retroactively, not a live reading]",2023-05-02,scoring
2023-05-03,0,0.000,0,flat,"NY Fed SRF total accepted 0.0$m on 2023-05-03 [archive import: scored retroactively, not a live reading]",2023-05-03,scoring
2023-05-04,13,0.001,0,up,"NY Fed SRF total accepted 13.0$m on 2023-05-04 [archive import: scored retroactively, not a live reading]",2023-05-04,scoring
2023-05-05,1,0.000,0,up,"NY Fed SRF total accepted 1.0$m on 2023-05-05 [archive import: scored retroactively, not a live reading]",2023-05-05,scoring
2023-05-08,3,0.000,0,up,"NY Fed SRF total accepted 3.0$m on 2023-05-08 [archive import: scored retroactively, not a live reading]",2023-05-08,scoring
2023-05-09,20,0.002,0,up,"NY Fed SRF total accepted 20.0$m on 2023-05-09 [archive import: scored retroactively, not a live reading]",2023-05-09,scoring
2023-05-10,25,0.003,0,up,"NY Fed SRF total accepted 25.0$m on 2023-05-10 [archive import: scored retroactively, not a live reading]",2023-05-10,scoring
2023-05-11,0,0.000,0,flat,"NY Fed SRF total accepted 0.0$m on 2023-05-11 [archive import: scored retroactively, not a live reading]",2023-05-11,scoring
2023-05-12,0,0.000,0,flat,"NY Fed SRF total accepted 0.0$m on 2023-05-12 [archive import: scored retroactively, not a live reading]",2023-05-12,scoring
2023-05-15,3,0.000,0,up,"NY Fed SRF total accepted 3.0$m on 2023-05-15 [archive import: scored retroactively, not a live reading]",2023-05-15,scoring
2023-05-16,7,0.001,0,up,"NY Fed SRF total accepted 7.0$m on 2023-05-16 [archive import: scored retroactively, not a live reading]",2023-05-16,scoring
2023-05-17,6,0.001,0,up,"NY Fed SRF total accepted 6.0$m on 2023-05-17 [archive import: scored retroactively, not a live reading]",2023-05-17,scoring
2023-05-18,0,0.000,0,flat,"NY Fed SRF total accepted 0.0$m on 2023-05-18 [archive import: scored retroactively, not a live reading]",2023-05-18,scoring
2023-05-19,0,0.000,0,flat,"NY Fed SRF total accepted 0.0$m on 2023-05-19 [archive import: scored retroactively, not a live reading]",2023-05-19,scoring
2023-05-22,0,0.000,0,flat,"NY Fed SRF total accepted 0.0$m on 2023-05-22 [archive import: scored retroactively, not a live reading]",2023-05-22,scoring
2023-05-23,76,0.008,0,up,"NY Fed SRF total accepted 76.0$m on 2023-05-23 [archive import: scored retroactively, not a live reading]",2023-05-23,scoring
2023-05-24,28,0.003,0,up,"NY Fed SRF total accepted 28.0$m on 2023-05-24 [archive import: scored retroactively, not a live reading]",2023-05-24,scoring
2023-05-25,0,0.000,0,flat,"NY Fed SRF total accepted 0.0$m on 2023-05-25 [archive import: scored retroactively, not a live reading]",2023-05-25,scoring
2023-05-26,0,0.000,0,flat,"NY Fed SRF total accepted 0.0$m on 2023-05-26 [archive import: scored retroactively, not a live reading]",2023-05-26,scoring
2023-05-30,0,0.000,0,flat,"NY Fed SRF total accepted 0.0$m on 2023-05-30 [archive import: scored retroactively, not a live reading]",2023-05-30,scoring
2023-05-31,0,0.000,0,flat,"NY Fed SRF total accepted 0.0$m on 2023-05-31 [archive import: scored retroactively, not a live reading]",2023-05-31,scoring
2023-06-01,0,0.000,0,flat,"NY Fed SRF total accepted 0.0$m on 2023-06-01 [archive import: scored retroactively, not a live reading]",2023-06-01,scoring
2023-06-02,0,0.000,0,flat,"NY Fed SRF total accepted 0.0$m on 2023-06-02 [archive import: scored retroactively, not a live reading]",2023-06-02,scoring
2023-06-05,0,0.000,0,flat,"NY Fed SRF total accepted 0.0$m on 2023-06-05 [archive import: scored retroactively, not a live reading]",2023-06-05,scoring
2023-06-06,0,0.000,0,flat,"NY Fed SRF total accepted 0.0$m on 2023-06-06 [archive import: scored retroactively, not a live reading]",2023-06-06,scoring
2023-06-07,0,0.000,0,flat,"NY Fed SRF total accepted 0.0$m on 2023-06-07 [archive import: scored retroactively, not a live reading]",2023-06-07,scoring
2023-06-08,6,0.001,0,up,"NY Fed SRF total accepted 6.0$m on 2023-06-08 [archive import: scored retroactively, not a live reading]",2023-06-08,scoring
2023-06-09,0,0.000,0,flat,"NY Fed SRF total accepted 0.0$m on 2023-06-09 [archive import: scored retroactively, not a live reading]",2023-06-09,scoring
2023-06-12,0,0.000,0,flat,"NY Fed SRF total accepted 0.0$m on 2023-06-12 [archive import: scored retroactively, not a live reading]",2023-06-12,scoring
2023-06-13,0,0.000,0,flat,"NY Fed SRF total accepted 0.0$m on 2023-06-13 [archive import: scored retroactively, not a live reading]",2023-06-13,scoring
2023-06-14,0,0.000,0,flat,"NY Fed SRF total accepted 0.0$m on 2023-06-14 [archive import: scored retroactively, not a live reading]",2023-06-14,scoring
2023-06-15,0,0.000,0,flat,"NY Fed SRF total accepted 0.0$m on 2023-06-15 [archive import: scored retroactively, not a live reading]",2023-06-15,scoring
2023-06-16,0,0.000,0,flat,"NY Fed SRF total accepted 0.0$m on 2023-06-16 [archive import: scored retroactively, not a live reading]",2023-06-16,scoring
2023-06-20,0,0.000,0,flat,"NY Fed SRF total accepted 0.0$m on 2023-06-20 [archive import: scored retroactively, not a live reading]",2023-06-20,scoring
2023-06-21,2,0.000,0,up,"NY Fed SRF total accepted 2.0$m on 2023-06-21 [archive import: scored retroactively, not a live reading]",2023-06-21,scoring
2023-06-22,0,0.000,0,flat,"NY Fed SRF total accepted 0.0$m on 2023-06-22 [archive import: scored retroactively, not a live reading]",2023-06-22,scoring
2023-06-23,0,0.000,0,flat,"NY Fed SRF total accepted 0.0$m on 2023-06-23 [archive import: scored retroactively, not a live reading]",2023-06-23,scoring
2023-06-26,0,0.000,0,flat,"NY Fed SRF total accepted 0.0$m on 2023-06-26 [archive import: scored retroactively, not a live reading]",2023-06-26,scoring
2023-06-27,3,0.000,0,up,"NY Fed SRF total accepted 3.0$m on 2023-06-27 [archive import: scored retroactively, not a live reading]",2023-06-27,scoring
2023-06-28,0,0.000,0,flat,"NY Fed SRF total accepted 0.0$m on 2023-06-28 [archive import: scored retroactively, not a live reading]",2023-06-28,scoring
2023-06-29,0,0.000,0,flat,"NY Fed SRF total accepted 0.0$m on 2023-06-29 [archive import: scored retroactively, not a live reading]",2023-06-29,scoring
2023-06-30,0,0.000,0,flat,"NY Fed SRF total accepted 0.0$m on 2023-06-30 [archive import: scored retroactively, not a live reading]",2023-06-30,scoring
2023-07-03,0,0.000,0,flat,"NY Fed SRF total accepted 0.0$m on 2023-07-03 [archive import: scored retroactively, not a live reading]",2023-07-03,scoring
2023-07-05,0,0.000,0,flat,"NY Fed SRF total accepted 0.0$m on 2023-07-05 [archive import: scored retroactively, not a live reading]",2023-07-05,scoring
2023-07-06,10,0.001,0,up,"NY Fed SRF total accepted 10.0$m on 2023-07-06 [archive import: scored retroactively, not a live reading]",2023-07-06,scoring
2023-07-07,0,0.000,0,flat,"NY Fed SRF total accepted 0.0$m on 2023-07-07 [archive import: scored retroactively, not a live reading]",2023-07-07,scoring
2023-07-10,0,0.000,0,flat,"NY Fed SRF total accepted 0.0$m on 2023-07-10 [archive import: scored retroactively, not a live reading]",2023-07-10,scoring
2023-07-11,1,0.000,0,up,"NY Fed SRF total accepted 1.0$m on 2023-07-11 [archive import: scored retroactively, not a live reading]",2023-07-11,scoring
2023-07-12,3,0.000,0,up,"NY Fed SRF total accepted 3.0$m on 2023-07-12 [archive import: scored retroactively, not a live reading]",2023-07-12,scoring
2023-07-13,0,0.000,0,flat,"NY Fed SRF total accepted 0.0$m on 2023-07-13 [archive import: scored retroactively, not a live reading]",2023-07-13,scoring
2023-07-14,0,0.000,0,flat,"NY Fed SRF total accepted 0.0$m on 2023-07-14 [archive import: scored retroactively, not a live reading]",2023-07-14,scoring
2023-07-17,0,0.000,0,flat,"NY Fed SRF total accepted 0.0$m on 2023-07-17 [archive import: scored retroactively, not a live reading]",2023-07-17,scoring
2023-07-18,0,0.000,0,flat,"NY Fed SRF total accepted 0.0$m on 2023-07-18 [archive import: scored retroactively, not a live reading]",2023-07-18,scoring
2023-07-19,25,0.003,0,up,"NY Fed SRF total accepted 25.0$m on 2023-07-19 [archive import: scored retroactively, not a live reading]",2023-07-19,scoring
2023-07-20,1,0.000,0,up,"NY Fed SRF total accepted 1.0$m on 2023-07-20 [archive import: scored retroactively, not a live reading]",2023-07-20,scoring
2023-07-21,0,0.000,0,flat,"NY Fed SRF total accepted 0.0$m on 2023-07-21 [archive import: scored retroactively, not a live reading]",2023-07-21,scoring
2023-07-24,2,0.000,0,up,"NY Fed SRF total accepted 2.0$m on 2023-07-24 [archive import: scored retroactively, not a live reading]",2023-07-24,scoring
2023-07-25,0,0.000,0,flat,"NY Fed SRF total accepted 0.0$m on 2023-07-25 [archive import: scored retroactively, not a live reading]",2023-07-25,scoring
2023-07-26,0,0.000,0,flat,"NY Fed SRF total accepted 0.0$m on 2023-07-26 [archive import: scored retroactively, not a live reading]",2023-07-26,scoring
2023-07-27,1,0.000,0,up,"NY Fed SRF total accepted 1.0$m on 2023-07-27 [archive import: scored retroactively, not a live reading]",2023-07-27,scoring
2023-07-28,0,0.000,0,flat,"NY Fed SRF total accepted 0.0$m on 2023-07-28 [archive import: scored retroactively, not a live reading]",2023-07-28,scoring
2023-07-31,0,0.000,0,flat,"NY Fed SRF total accepted 0.0$m on 2023-07-31 [archive import: scored retroactively, not a live reading]",2023-07-31,scoring
2023-08-01,2,0.000,0,up,"NY Fed SRF total accepted 2.0$m on 2023-08-01 [archive import: scored retroactively, not a live reading]",2023-08-01,scoring
2023-08-02,1,0.000,0,up,"NY Fed SRF total accepted 1.0$m on 2023-08-02 [archive import: scored retroactively, not a live reading]",2023-08-02,scoring
2023-08-03,1,0.000,0,up,"NY Fed SRF total accepted 1.0$m on 2023-08-03 [archive import: scored retroactively, not a live reading]",2023-08-03,scoring
2023-08-04,0,0.000,0,flat,"NY Fed SRF total accepted 0.0$m on 2023-08-04 [archive import: scored retroactively, not a live reading]",2023-08-04,scoring
2023-08-07,0,0.000,0,flat,"NY Fed SRF total accepted 0.0$m on 2023-08-07 [archive import: scored retroactively, not a live reading]",2023-08-07,scoring
2023-08-08,0,0.000,0,flat,"NY Fed SRF total accepted 0.0$m on 2023-08-08 [archive import: scored retroactively, not a live reading]",2023-08-08,scoring
2023-08-09,0,0.000,0,flat,"NY Fed SRF total accepted 0.0$m on 2023-08-09 [archive import: scored retroactively, not a live reading]",2023-08-09,scoring
2023-08-10,6,0.001,0,up,"NY Fed SRF total accepted 6.0$m on 2023-08-10 [archive import: scored retroactively, not a live reading]",2023-08-10,scoring
2023-08-11,3,0.000,0,up,"NY Fed SRF total accepted 3.0$m on 2023-08-11 [archive import: scored retroactively, not a live reading]",2023-08-11,scoring
2023-08-14,0,0.000,0,flat,"NY Fed SRF total accepted 0.0$m on 2023-08-14 [archive import: scored retroactively, not a live reading]",2023-08-14,scoring
2023-08-15,1,0.000,0,up,"NY Fed SRF total accepted 1.0$m on 2023-08-15 [archive import: scored retroactively, not a live reading]",2023-08-15,scoring
2023-08-16,1,0.000,0,up,"NY Fed SRF total accepted 1.0$m on 2023-08-16 [archive import: scored retroactively, not a live reading]",2023-08-16,scoring
2023-08-17,1,0.000,0,up,"NY Fed SRF total accepted 1.0$m on 2023-08-17 [archive import: scored retroactively, not a live reading]",2023-08-17,scoring
2023-08-18,0,0.000,0,flat,"NY Fed SRF total accepted 0.0$m on 2023-08-18 [archive import: scored retroactively, not a live reading]",2023-08-18,scoring
2023-08-21,0,0.000,0,flat,"NY Fed SRF total accepted 0.0$m on 2023-08-21 [archive import: scored retroactively, not a live reading]",2023-08-21,scoring
2023-08-22,0,0.000,0,flat,"NY Fed SRF total accepted 0.0$m on 2023-08-22 [archive import: scored retroactively, not a live reading]",2023-08-22,scoring
2023-08-23,0,0.000,0,flat,"NY Fed SRF total accepted 0.0$m on 2023-08-23 [archive import: scored retroactively, not a live reading]",2023-08-23,scoring
2023-08-24,0,0.000,0,flat,"NY Fed SRF total accepted 0.0$m on 2023-08-24 [archive import: scored retroactively, not a live reading]",2023-08-24,scoring
2023-08-25,0,0.000,0,flat,"NY Fed SRF total accepted 0.0$m on 2023-08-25 [archive import: scored retroactively, not a live reading]",2023-08-25,scoring
2023-08-28,0,0.000,0,flat,"NY Fed SRF total accepted 0.0$m on 2023-08-28 [archive import: scored retroactively, not a live reading]",2023-08-28,scoring
2023-08-29,1,0.000,0,up,"NY Fed SRF total accepted 1.0$m on 2023-08-29 [archive import: scored retroactively, not a live reading]",2023-08-29,scoring
2023-08-30,0,0.000,0,flat,"NY Fed SRF total accepted 0.0$m on 2023-08-30 [archive import: scored retroactively, not a live reading]",2023-08-30,scoring
2023-08-31,0,0.000,0,flat,"NY Fed SRF total accepted 0.0$m on 2023-08-31 [archive import: scored retroactively, not a live reading]",2023-08-31,scoring
2023-09-01,0,0.000,0,flat,"NY Fed SRF total accepted 0.0$m on 2023-09-01 [archive import: scored retroactively, not a live reading]",2023-09-01,scoring
2023-09-05,13,0.001,0,up,"NY Fed SRF total accepted 13.0$m on 2023-09-05 [archive import: scored retroactively, not a live reading]",2023-09-05,scoring
2023-09-06,1,0.000,0,up,"NY Fed SRF total accepted 1.0$m on 2023-09-06 [archive import: scored retroactively, not a live reading]",2023-09-06,scoring
2023-09-07,14,0.001,0,up,"NY Fed SRF total accepted 14.0$m on 2023-09-07 [archive import: scored retroactively, not a live reading]",2023-09-07,scoring
2023-09-08,0,0.000,0,flat,"NY Fed SRF total accepted 0.0$m on 2023-09-08 [archive import: scored retroactively, not a live reading]",2023-09-08,scoring
2023-09-11,1,0.000,0,up,"NY Fed SRF total accepted 1.0$m on 2023-09-11 [archive import: scored retroactively, not a live reading]",2023-09-11,scoring
2023-09-12,0,0.000,0,flat,"NY Fed SRF total accepted 0.0$m on 2023-09-12 [archive import: scored retroactively, not a live reading]",2023-09-12,scoring
2023-09-13,0,0.000,0,flat,"NY Fed SRF total accepted 0.0$m on 2023-09-13 [archive import: scored retroactively, not a live reading]",2023-09-13,scoring
2023-09-14,12,0.001,0,up,"NY Fed SRF total accepted 12.0$m on 2023-09-14 [archive import: scored retroactively, not a live reading]",2023-09-14,scoring
2023-09-15,0,0.000,0,flat,"NY Fed SRF total accepted 0.0$m on 2023-09-15 [archive import: scored retroactively, not a live reading]",2023-09-15,scoring
2023-09-18,0,0.000,0,flat,"NY Fed SRF total accepted 0.0$m on 2023-09-18 [archive import: scored retroactively, not a live reading]",2023-09-18,scoring
2023-09-19,0,0.000,0,flat,"NY Fed SRF total accepted 0.0$m on 2023-09-19 [archive import: scored retroactively, not a live reading]",2023-09-19,scoring
2023-09-20,0,0.000,0,flat,"NY Fed SRF total accepted 0.0$m on 2023-09-20 [archive import: scored retroactively, not a live reading]",2023-09-20,scoring
2023-09-21,2,0.000,0,up,"NY Fed SRF total accepted 2.0$m on 2023-09-21 [archive import: scored retroactively, not a live reading]",2023-09-21,scoring
2023-09-22,0,0.000,0,flat,"NY Fed SRF total accepted 0.0$m on 2023-09-22 [archive import: scored retroactively, not a live reading]",2023-09-22,scoring
2023-09-25,0,0.000,0,flat,"NY Fed SRF total accepted 0.0$m on 2023-09-25 [archive import: scored retroactively, not a live reading]",2023-09-25,scoring
2023-09-26,0,0.000,0,flat,"NY Fed SRF total accepted 0.0$m on 2023-09-26 [archive import: scored retroactively, not a live reading]",2023-09-26,scoring
2023-09-27,2,0.000,0,up,"NY Fed SRF total accepted 2.0$m on 2023-09-27 [archive import: scored retroactively, not a live reading]",2023-09-27,scoring
2023-09-28,1,0.000,0,up,"NY Fed SRF total accepted 1.0$m on 2023-09-28 [archive import: scored retroactively, not a live reading]",2023-09-28,scoring
2023-09-29,0,0.000,0,flat,"NY Fed SRF total accepted 0.0$m on 2023-09-29 [archive import: scored retroactively, not a live reading]",2023-09-29,scoring
2023-10-02,0,0.000,0,flat,"NY Fed SRF total accepted 0.0$m on 2023-10-02 [archive import: scored retroactively, not a live reading]",2023-10-02,scoring
2023-10-03,1,0.000,0,up,"NY Fed SRF total accepted 1.0$m on 2023-10-03 [archive import: scored retroactively, not a live reading]",2023-10-03,scoring
2023-10-04,0,0.000,0,flat,"NY Fed SRF total accepted 0.0$m on 2023-10-04 [archive import: scored retroactively, not a live reading]",2023-10-04,scoring
2023-10-05,0,0.000,0,flat,"NY Fed SRF total accepted 0.0$m on 2023-10-05 [archive import: scored retroactively, not a live reading]",2023-10-05,scoring
2023-10-06,0,0.000,0,flat,"NY Fed SRF total accepted 0.0$m on 2023-10-06 [archive import: scored retroactively, not a live reading]",2023-10-06,scoring
2023-10-10,0,0.000,0,flat,"NY Fed SRF total accepted 0.0$m on 2023-10-10 [archive import: scored retroactively, not a live reading]",2023-10-10,scoring
2023-10-11,0,0.000,0,flat,"NY Fed SRF total accepted 0.0$m on 2023-10-11 [archive import: scored retroactively, not a live reading]",2023-10-11,scoring
2023-10-12,2,0.000,0,up,"NY Fed SRF total accepted 2.0$m on 2023-10-12 [archive import: scored retroactively, not a live reading]",2023-10-12,scoring
2023-10-13,0,0.000,0,flat,"NY Fed SRF total accepted 0.0$m on 2023-10-13 [archive import: scored retroactively, not a live reading]",2023-10-13,scoring
2023-10-16,0,0.000,0,flat,"NY Fed SRF total accepted 0.0$m on 2023-10-16 [archive import: scored retroactively, not a live reading]",2023-10-16,scoring
2023-10-17,0,0.000,0,flat,"NY Fed SRF total accepted 0.0$m on 2023-10-17 [archive import: scored retroactively, not a live reading]",2023-10-17,scoring
2023-10-18,0,0.000,0,flat,"NY Fed SRF total accepted 0.0$m on 2023-10-18 [archive import: scored retroactively, not a live reading]",2023-10-18,scoring
2023-10-19,0,0.000,0,flat,"NY Fed SRF total accepted 0.0$m on 2023-10-19 [archive import: scored retroactively, not a live reading]",2023-10-19,scoring
2023-10-20,1,0.000,0,up,"NY Fed SRF total accepted 1.0$m on 2023-10-20 [archive import: scored retroactively, not a live reading]",2023-10-20,scoring
2023-10-23,5,0.001,0,up,"NY Fed SRF total accepted 5.0$m on 2023-10-23 [archive import: scored retroactively, not a live reading]",2023-10-23,scoring
2023-10-24,0,0.000,0,flat,"NY Fed SRF total accepted 0.0$m on 2023-10-24 [archive import: scored retroactively, not a live reading]",2023-10-24,scoring
2023-10-25,1,0.000,0,up,"NY Fed SRF total accepted 1.0$m on 2023-10-25 [archive import: scored retroactively, not a live reading]",2023-10-25,scoring
2023-10-26,3,0.000,0,up,"NY Fed SRF total accepted 3.0$m on 2023-10-26 [archive import: scored retroactively, not a live reading]",2023-10-26,scoring
2023-10-27,3,0.000,0,up,"NY Fed SRF total accepted 3.0$m on 2023-10-27 [archive import: scored retroactively, not a live reading]",2023-10-27,scoring
2023-10-30,0,0.000,0,flat,"NY Fed SRF total accepted 0.0$m on 2023-10-30 [archive import: scored retroactively, not a live reading]",2023-10-30,scoring
2023-10-31,0,0.000,0,flat,"NY Fed SRF total accepted 0.0$m on 2023-10-31 [archive import: scored retroactively, not a live reading]",2023-10-31,scoring
2023-11-01,0,0.000,0,flat,"NY Fed SRF total accepted 0.0$m on 2023-11-01 [archive import: scored retroactively, not a live reading]",2023-11-01,scoring
2023-11-02,0,0.000,0,flat,"NY Fed SRF total accepted 0.0$m on 2023-11-02 [archive import: scored retroactively, not a live reading]",2023-11-02,scoring
2023-11-03,0,0.000,0,flat,"NY Fed SRF total accepted 0.0$m on 2023-11-03 [archive import: scored retroactively, not a live reading]",2023-11-03,scoring
2023-11-06,3,0.000,0,up,"NY Fed SRF total accepted 3.0$m on 2023-11-06 [archive import: scored retroactively, not a live reading]",2023-11-06,scoring
2023-11-07,3,0.000,0,up,"NY Fed SRF total accepted 3.0$m on 2023-11-07 [archive import: scored retroactively, not a live reading]",2023-11-07,scoring
2023-11-08,0,0.000,0,flat,"NY Fed SRF total accepted 0.0$m on 2023-11-08 [archive import: scored retroactively, not a live reading]",2023-11-08,scoring
2023-11-09,10,0.001,0,up,"NY Fed SRF total accepted 10.0$m on 2023-11-09 [archive import: scored retroactively, not a live reading]",2023-11-09,scoring
2023-11-10,0,0.000,0,flat,"NY Fed SRF total accepted 0.0$m on 2023-11-10 [archive import: scored retroactively, not a live reading]",2023-11-10,scoring
2023-11-13,0,0.000,0,flat,"NY Fed SRF total accepted 0.0$m on 2023-11-13 [archive import: scored retroactively, not a live reading]",2023-11-13,scoring
2023-11-14,10,0.001,0,up,"NY Fed SRF total accepted 10.0$m on 2023-11-14 [archive import: scored retroactively, not a live reading]",2023-11-14,scoring
2023-11-15,76,0.008,0,up,"NY Fed SRF total accepted 76.0$m on 2023-11-15 [archive import: scored retroactively, not a live reading]",2023-11-15,scoring
2023-11-16,0,0.000,0,flat,"NY Fed SRF total accepted 0.0$m on 2023-11-16 [archive import: scored retroactively, not a live reading]",2023-11-16,scoring
2023-11-17,0,0.000,0,flat,"NY Fed SRF total accepted 0.0$m on 2023-11-17 [archive import: scored retroactively, not a live reading]",2023-11-17,scoring
2023-11-20,0,0.000,0,flat,"NY Fed SRF total accepted 0.0$m on 2023-11-20 [archive import: scored retroactively, not a live reading]",2023-11-20,scoring
2023-11-21,0,0.000,0,flat,"NY Fed SRF total accepted 0.0$m on 2023-11-21 [archive import: scored retroactively, not a live reading]",2023-11-21,scoring
2023-11-22,0,0.000,0,flat,"NY Fed SRF total accepted 0.0$m on 2023-11-22 [archive import: scored retroactively, not a live reading]",2023-11-22,scoring
2023-11-24,0,0.000,0,flat,"NY Fed SRF total accepted 0.0$m on 2023-11-24 [archive import: scored retroactively, not a live reading]",2023-11-24,scoring
2023-11-27,0,0.000,0,flat,"NY Fed SRF total accepted 0.0$m on 2023-11-27 [archive import: scored retroactively, not a live reading]",2023-11-27,scoring
2023-11-28,1,0.000,0,up,"NY Fed SRF total accepted 1.0$m on 2023-11-28 [archive import: scored retroactively, not a live reading]",2023-11-28,scoring
2023-11-29,3,0.000,0,up,"NY Fed SRF total accepted 3.0$m on 2023-11-29 [archive import: scored retroactively, not a live reading]",2023-11-29,scoring
2023-11-30,0,0.000,0,flat,"NY Fed SRF total accepted 0.0$m on 2023-11-30 [archive import: scored retroactively, not a live reading]",2023-11-30,scoring
2023-12-01,1,0.000,0,up,"NY Fed SRF total accepted 1.0$m on 2023-12-01 [archive import: scored retroactively, not a live reading]",2023-12-01,scoring
2023-12-04,0,0.000,0,flat,"NY Fed SRF total accepted 0.0$m on 2023-12-04 [archive import: scored retroactively, not a live reading]",2023-12-04,scoring
2023-12-05,203,0.020,0,up,"NY Fed SRF total accepted 203.0$m on 2023-12-05 [archive import: scored retroactively, not a live reading]",2023-12-05,scoring
2023-12-06,6,0.001,0,up,"NY Fed SRF total accepted 6.0$m on 2023-12-06 [archive import: scored retroactively, not a live reading]",2023-12-06,scoring
2023-12-07,20,0.002,0,up,"NY Fed SRF total accepted 20.0$m on 2023-12-07 [archive import: scored retroactively, not a live reading]",2023-12-07,scoring
2023-12-08,0,0.000,0,flat,"NY Fed SRF total accepted 0.0$m on 2023-12-08 [archive import: scored retroactively, not a live reading]",2023-12-08,scoring
2023-12-11,0,0.000,0,flat,"NY Fed SRF total accepted 0.0$m on 2023-12-11 [archive import: scored retroactively, not a live reading]",2023-12-11,scoring
2023-12-12,5,0.001,0,up,"NY Fed SRF total accepted 5.0$m on 2023-12-12 [archive import: scored retroactively, not a live reading]",2023-12-12,scoring
2023-12-13,7,0.001,0,up,"NY Fed SRF total accepted 7.0$m on 2023-12-13 [archive import: scored retroactively, not a live reading]",2023-12-13,scoring
2023-12-14,6,0.001,0,up,"NY Fed SRF total accepted 6.0$m on 2023-12-14 [archive import: scored retroactively, not a live reading]",2023-12-14,scoring
2023-12-15,0,0.000,0,flat,"NY Fed SRF total accepted 0.0$m on 2023-12-15 [archive import: scored retroactively, not a live reading]",2023-12-15,scoring
2023-12-18,3,0.000,0,up,"NY Fed SRF total accepted 3.0$m on 2023-12-18 [archive import: scored retroactively, not a live reading]",2023-12-18,scoring
2023-12-19,0,0.000,0,flat,"NY Fed SRF total accepted 0.0$m on 2023-12-19 [archive import: scored retroactively, not a live reading]",2023-12-19,scoring
2023-12-20,0,0.000,0,flat,"NY Fed SRF total accepted 0.0$m on 2023-12-20 [archive import: scored retroactively, not a live reading]",2023-12-20,scoring
2023-12-21,3,0.000,0,up,"NY Fed SRF total accepted 3.0$m on 2023-12-21 [archive import: scored retroactively, not a live reading]",2023-12-21,scoring
2023-12-22,3,0.000,0,up,"NY Fed SRF total accepted 3.0$m on 2023-12-22 [archive import: scored retroactively, not a live reading]",2023-12-22,scoring
2023-12-26,0,0.000,0,flat,"NY Fed SRF total accepted 0.0$m on 2023-12-26 [archive import: scored retroactively, not a live reading]",2023-12-26,scoring
2023-12-27,0,0.000,0,flat,"NY Fed SRF total accepted 0.0$m on 2023-12-27 [archive import: scored retroactively, not a live reading]",2023-12-27,scoring
2023-12-28,0,0.000,0,flat,"NY Fed SRF total accepted 0.0$m on 2023-12-28 [archive import: scored retroactively, not a live reading]",2023-12-28,scoring
2023-12-29,0,0.000,0,flat,"NY Fed SRF total accepted 0.0$m on 2023-12-29 [archive import: scored retroactively, not a live reading]",2023-12-29,scoring
2024-01-02,0,0.000,0,flat,"NY Fed SRF total accepted 0.0$m on 2024-01-02 [archive import: scored retroactively, not a live reading]",2024-01-02,scoring
2024-01-03,0,0.000,0,flat,"NY Fed SRF total accepted 0.0$m on 2024-01-03 [archive import: scored retroactively, not a live reading]",2024-01-03,scoring
2024-01-04,0,0.000,0,flat,"NY Fed SRF total accepted 0.0$m on 2024-01-04 [archive import: scored retroactively, not a live reading]",2024-01-04,scoring
2024-01-05,0,0.000,0,flat,"NY Fed SRF total accepted 0.0$m on 2024-01-05 [archive import: scored retroactively, not a live reading]",2024-01-05,scoring
2024-01-08,0,0.000,0,flat,"NY Fed SRF total accepted 0.0$m on 2024-01-08 [archive import: scored retroactively, not a live reading]",2024-01-08,scoring
2024-01-09,0,0.000,0,flat,"NY Fed SRF total accepted 0.0$m on 2024-01-09 [archive import: scored retroactively, not a live reading]",2024-01-09,scoring
2024-01-10,0,0.000,0,flat,"NY Fed SRF total accepted 0.0$m on 2024-01-10 [archive import: scored retroactively, not a live reading]",2024-01-10,scoring
2024-01-11,0,0.000,0,flat,"NY Fed SRF total accepted 0.0$m on 2024-01-11 [archive import: scored retroactively, not a live reading]",2024-01-11,scoring
2024-01-12,1,0.000,0,up,"NY Fed SRF total accepted 1.0$m on 2024-01-12 [archive import: scored retroactively, not a live reading]",2024-01-12,scoring
2024-01-16,0,0.000,0,flat,"NY Fed SRF total accepted 0.0$m on 2024-01-16 [archive import: scored retroactively, not a live reading]",2024-01-16,scoring
2024-01-17,0,0.000,0,flat,"NY Fed SRF total accepted 0.0$m on 2024-01-17 [archive import: scored retroactively, not a live reading]",2024-01-17,scoring
2024-01-18,3,0.000,0,up,"NY Fed SRF total accepted 3.0$m on 2024-01-18 [archive import: scored retroactively, not a live reading]",2024-01-18,scoring
2024-01-19,0,0.000,0,flat,"NY Fed SRF total accepted 0.0$m on 2024-01-19 [archive import: scored retroactively, not a live reading]",2024-01-19,scoring
2024-01-22,1,0.000,0,up,"NY Fed SRF total accepted 1.0$m on 2024-01-22 [archive import: scored retroactively, not a live reading]",2024-01-22,scoring
2024-01-23,1,0.000,0,up,"NY Fed SRF total accepted 1.0$m on 2024-01-23 [archive import: scored retroactively, not a live reading]",2024-01-23,scoring
2024-01-24,0,0.000,0,flat,"NY Fed SRF total accepted 0.0$m on 2024-01-24 [archive import: scored retroactively, not a live reading]",2024-01-24,scoring
2024-01-25,4,0.000,0,up,"NY Fed SRF total accepted 4.0$m on 2024-01-25 [archive import: scored retroactively, not a live reading]",2024-01-25,scoring
2024-01-26,0,0.000,0,flat,"NY Fed SRF total accepted 0.0$m on 2024-01-26 [archive import: scored retroactively, not a live reading]",2024-01-26,scoring
2024-01-29,4,0.000,0,up,"NY Fed SRF total accepted 4.0$m on 2024-01-29 [archive import: scored retroactively, not a live reading]",2024-01-29,scoring
2024-01-30,0,0.000,0,flat,"NY Fed SRF total accepted 0.0$m on 2024-01-30 [archive import: scored retroactively, not a live reading]",2024-01-30,scoring
2024-01-31,0,0.000,0,flat,"NY Fed SRF total accepted 0.0$m on 2024-01-31 [archive import: scored retroactively, not a live reading]",2024-01-31,scoring
2024-02-01,0,0.000,0,flat,"NY Fed SRF total accepted 0.0$m on 2024-02-01 [archive import: scored retroactively, not a live reading]",2024-02-01,scoring
2024-02-02,0,0.000,0,flat,"NY Fed SRF total accepted 0.0$m on 2024-02-02 [archive import: scored retroactively, not a live reading]",2024-02-02,scoring
2024-02-05,1,0.000,0,up,"NY Fed SRF total accepted 1.0$m on 2024-02-05 [archive import: scored retroactively, not a live reading]",2024-02-05,scoring
2024-02-06,0,0.000,0,flat,"NY Fed SRF total accepted 0.0$m on 2024-02-06 [archive import: scored retroactively, not a live reading]",2024-02-06,scoring
2024-02-07,0,0.000,0,flat,"NY Fed SRF total accepted 0.0$m on 2024-02-07 [archive import: scored retroactively, not a live reading]",2024-02-07,scoring
2024-02-08,1,0.000,0,up,"NY Fed SRF total accepted 1.0$m on 2024-02-08 [archive import: scored retroactively, not a live reading]",2024-02-08,scoring
2024-02-09,2,0.000,0,up,"NY Fed SRF total accepted 2.0$m on 2024-02-09 [archive import: scored retroactively, not a live reading]",2024-02-09,scoring
2024-02-12,3,0.000,0,up,"NY Fed SRF total accepted 3.0$m on 2024-02-12 [archive import: scored retroactively, not a live reading]",2024-02-12,scoring
2024-02-13,0,0.000,0,flat,"NY Fed SRF total accepted 0.0$m on 2024-02-13 [archive import: scored retroactively, not a live reading]",2024-02-13,scoring
2024-02-14,0,0.000,0,flat,"NY Fed SRF total accepted 0.0$m on 2024-02-14 [archive import: scored retroactively, not a live reading]",2024-02-14,scoring
2024-02-15,0,0.000,0,flat,"NY Fed SRF total accepted 0.0$m on 2024-02-15 [archive import: scored retroactively, not a live reading]",2024-02-15,scoring
2024-02-16,0,0.000,0,flat,"NY Fed SRF total accepted 0.0$m on 2024-02-16 [archive import: scored retroactively, not a live reading]",2024-02-16,scoring
2024-02-20,0,0.000,0,flat,"NY Fed SRF total accepted 0.0$m on 2024-02-20 [archive import: scored retroactively, not a live reading]",2024-02-20,scoring
2024-02-21,1,0.000,0,up,"NY Fed SRF total accepted 1.0$m on 2024-02-21 [archive import: scored retroactively, not a live reading]",2024-02-21,scoring
2024-02-22,106,0.011,0,up,"NY Fed SRF total accepted 106.0$m on 2024-02-22 [archive import: scored retroactively, not a live reading]",2024-02-22,scoring
2024-02-23,1,0.000,0,up,"NY Fed SRF total accepted 1.0$m on 2024-02-23 [archive import: scored retroactively, not a live reading]",2024-02-23,scoring
2024-02-26,0,0.000,0,flat,"NY Fed SRF total accepted 0.0$m on 2024-02-26 [archive import: scored retroactively, not a live reading]",2024-02-26,scoring
2024-02-27,5,0.001,0,up,"NY Fed SRF total accepted 5.0$m on 2024-02-27 [archive import: scored retroactively, not a live reading]",2024-02-27,scoring
2024-02-28,4,0.000,0,up,"NY Fed SRF total accepted 4.0$m on 2024-02-28 [archive import: scored retroactively, not a live reading]",2024-02-28,scoring
2024-02-29,1,0.000,0,up,"NY Fed SRF total accepted 1.0$m on 2024-02-29 [archive import: scored retroactively, not a live reading]",2024-02-29,scoring
2024-03-01,1,0.000,0,up,"NY Fed SRF total accepted 1.0$m on 2024-03-01 [archive import: scored retroactively, not a live reading]",2024-03-01,scoring
2024-03-04,0,0.000,0,flat,"NY Fed SRF total accepted 0.0$m on 2024-03-04 [archive import: scored retroactively, not a live reading]",2024-03-04,scoring
2024-03-05,4,0.000,0,up,"NY Fed SRF total accepted 4.0$m on 2024-03-05 [archive import: scored retroactively, not a live reading]",2024-03-05,scoring
2024-03-06,5,0.001,0,up,"NY Fed SRF total accepted 5.0$m on 2024-03-06 [archive import: scored retroactively, not a live reading]",2024-03-06,scoring
2024-03-07,110,0.011,0,up,"NY Fed SRF total accepted 110.0$m on 2024-03-07 [archive import: scored retroactively, not a live reading]",2024-03-07,scoring
2024-03-08,0,0.000,0,flat,"NY Fed SRF total accepted 0.0$m on 2024-03-08 [archive import: scored retroactively, not a live reading]",2024-03-08,scoring
2024-03-11,0,0.000,0,flat,"NY Fed SRF total accepted 0.0$m on 2024-03-11 [archive import: scored retroactively, not a live reading]",2024-03-11,scoring
2024-03-12,1,0.000,0,up,"NY Fed SRF total accepted 1.0$m on 2024-03-12 [archive import: scored retroactively, not a live reading]",2024-03-12,scoring
2024-03-13,4,0.000,0,up,"NY Fed SRF total accepted 4.0$m on 2024-03-13 [archive import: scored retroactively, not a live reading]",2024-03-13,scoring
2024-03-14,1,0.000,0,up,"NY Fed SRF total accepted 1.0$m on 2024-03-14 [archive import: scored retroactively, not a live reading]",2024-03-14,scoring
2024-03-15,3,0.000,0,up,"NY Fed SRF total accepted 3.0$m on 2024-03-15 [archive import: scored retroactively, not a live reading]",2024-03-15,scoring
2024-03-18,0,0.000,0,flat,"NY Fed SRF total accepted 0.0$m on 2024-03-18 [archive import: scored retroactively, not a live reading]",2024-03-18,scoring
2024-03-19,4,0.000,0,up,"NY Fed SRF total accepted 4.0$m on 2024-03-19 [archive import: scored retroactively, not a live reading]",2024-03-19,scoring
2024-03-20,3,0.000,0,up,"NY Fed SRF total accepted 3.0$m on 2024-03-20 [archive import: scored retroactively, not a live reading]",2024-03-20,scoring
2024-03-21,0,0.000,0,flat,"NY Fed SRF total accepted 0.0$m on 2024-03-21 [archive import: scored retroactively, not a live reading]",2024-03-21,scoring
2024-03-22,0,0.000,0,flat,"NY Fed SRF total accepted 0.0$m on 2024-03-22 [archive import: scored retroactively, not a live reading]",2024-03-22,scoring
2024-03-25,0,0.000,0,flat,"NY Fed SRF total accepted 0.0$m on 2024-03-25 [archive import: scored retroactively, not a live reading]",2024-03-25,scoring
2024-03-26,1,0.000,0,up,"NY Fed SRF total accepted 1.0$m on 2024-03-26 [archive import: scored retroactively, not a live reading]",2024-03-26,scoring
2024-03-27,0,0.000,0,flat,"NY Fed SRF total accepted 0.0$m on 2024-03-27 [archive import: scored retroactively, not a live reading]",2024-03-27,scoring
2024-03-28,3,0.000,0,up,"NY Fed SRF total accepted 3.0$m on 2024-03-28 [archive import: scored retroactively, not a live reading]",2024-03-28,scoring
2024-04-01,0,0.000,0,flat,"NY Fed SRF total accepted 0.0$m on 2024-04-01 [archive import: scored retroactively, not a live reading]",2024-04-01,scoring
2024-04-02,0,0.000,0,flat,"NY Fed SRF total accepted 0.0$m on 2024-04-02 [archive import: scored retroactively, not a live reading]",2024-04-02,scoring
2024-04-03,2,0.000,0,up,"NY Fed SRF total accepted 2.0$m on 2024-04-03 [archive import: scored retroactively, not a live reading]",2024-04-03,scoring
2024-04-04,0,0.000,0,flat,"NY Fed SRF total accepted 0.0$m on 2024-04-04 [archive import: scored retroactively, not a live reading]",2024-04-04,scoring
2024-04-05,0,0.000,0,flat,"NY Fed SRF total accepted 0.0$m on 2024-04-05 [archive import: scored retroactively, not a live reading]",2024-04-05,scoring
2024-04-08,0,0.000,0,flat,"NY Fed SRF total accepted 0.0$m on 2024-04-08 [archive import: scored retroactively, not a live reading]",2024-04-08,scoring
2024-04-09,2,0.000,0,up,"NY Fed SRF total accepted 2.0$m on 2024-04-09 [archive import: scored retroactively, not a live reading]",2024-04-09,scoring
2024-04-10,1,0.000,0,up,"NY Fed SRF total accepted 1.0$m on 2024-04-10 [archive import: scored retroactively, not a live reading]",2024-04-10,scoring
2024-04-11,0,0.000,0,flat,"NY Fed SRF total accepted 0.0$m on 2024-04-11 [archive import: scored retroactively, not a live reading]",2024-04-11,scoring
2024-04-12,0,0.000,0,flat,"NY Fed SRF total accepted 0.0$m on 2024-04-12 [archive import: scored retroactively, not a live reading]",2024-04-12,scoring
2024-04-15,2,0.000,0,up,"NY Fed SRF total accepted 2.0$m on 2024-04-15 [archive import: scored retroactively, not a live reading]",2024-04-15,scoring
2024-04-16,1,0.000,0,up,"NY Fed SRF total accepted 1.0$m on 2024-04-16 [archive import: scored retroactively, not a live reading]",2024-04-16,scoring
2024-04-17,1,0.000,0,up,"NY Fed SRF total accepted 1.0$m on 2024-04-17 [archive import: scored retroactively, not a live reading]",2024-04-17,scoring
2024-04-18,113,0.011,0,up,"NY Fed SRF total accepted 113.0$m on 2024-04-18 [archive import: scored retroactively, not a live reading]",2024-04-18,scoring
2024-04-19,1,0.000,0,up,"NY Fed SRF total accepted 1.0$m on 2024-04-19 [archive import: scored retroactively, not a live reading]",2024-04-19,scoring
2024-04-22,0,0.000,0,flat,"NY Fed SRF total accepted 0.0$m on 2024-04-22 [archive import: scored retroactively, not a live reading]",2024-04-22,scoring
2024-04-23,0,0.000,0,flat,"NY Fed SRF total accepted 0.0$m on 2024-04-23 [archive import: scored retroactively, not a live reading]",2024-04-23,scoring
2024-04-24,3,0.000,0,up,"NY Fed SRF total accepted 3.0$m on 2024-04-24 [archive import: scored retroactively, not a live reading]",2024-04-24,scoring
2024-04-25,4,0.000,0,up,"NY Fed SRF total accepted 4.0$m on 2024-04-25 [archive import: scored retroactively, not a live reading]",2024-04-25,scoring
2024-04-26,0,0.000,0,flat,"NY Fed SRF total accepted 0.0$m on 2024-04-26 [archive import: scored retroactively, not a live reading]",2024-04-26,scoring
2024-04-29,0,0.000,0,flat,"NY Fed SRF total accepted 0.0$m on 2024-04-29 [archive import: scored retroactively, not a live reading]",2024-04-29,scoring
2024-04-30,1,0.000,0,up,"NY Fed SRF total accepted 1.0$m on 2024-04-30 [archive import: scored retroactively, not a live reading]",2024-04-30,scoring
2024-05-01,0,0.000,0,flat,"NY Fed SRF total accepted 0.0$m on 2024-05-01 [archive import: scored retroactively, not a live reading]",2024-05-01,scoring
2024-05-02,3,0.000,0,up,"NY Fed SRF total accepted 3.0$m on 2024-05-02 [archive import: scored retroactively, not a live reading]",2024-05-02,scoring
2024-05-03,0,0.000,0,flat,"NY Fed SRF total accepted 0.0$m on 2024-05-03 [archive import: scored retroactively, not a live reading]",2024-05-03,scoring
2024-05-06,0,0.000,0,flat,"NY Fed SRF total accepted 0.0$m on 2024-05-06 [archive import: scored retroactively, not a live reading]",2024-05-06,scoring
2024-05-07,0,0.000,0,flat,"NY Fed SRF total accepted 0.0$m on 2024-05-07 [archive import: scored retroactively, not a live reading]",2024-05-07,scoring
2024-05-08,0,0.000,0,flat,"NY Fed SRF total accepted 0.0$m on 2024-05-08 [archive import: scored retroactively, not a live reading]",2024-05-08,scoring
2024-05-09,94,0.009,0,up,"NY Fed SRF total accepted 94.0$m on 2024-05-09 [archive import: scored retroactively, not a live reading]",2024-05-09,scoring
2024-05-10,0,0.000,0,flat,"NY Fed SRF total accepted 0.0$m on 2024-05-10 [archive import: scored retroactively, not a live reading]",2024-05-10,scoring
2024-05-13,3,0.000,0,up,"NY Fed SRF total accepted 3.0$m on 2024-05-13 [archive import: scored retroactively, not a live reading]",2024-05-13,scoring
2024-05-14,0,0.000,0,flat,"NY Fed SRF total accepted 0.0$m on 2024-05-14 [archive import: scored retroactively, not a live reading]",2024-05-14,scoring
2024-05-15,0,0.000,0,flat,"NY Fed SRF total accepted 0.0$m on 2024-05-15 [archive import: scored retroactively, not a live reading]",2024-05-15,scoring
2024-05-16,100,0.010,0,up,"NY Fed SRF total accepted 100.0$m on 2024-05-16 [archive import: scored retroactively, not a live reading]",2024-05-16,scoring
2024-05-17,0,0.000,0,flat,"NY Fed SRF total accepted 0.0$m on 2024-05-17 [archive import: scored retroactively, not a live reading]",2024-05-17,scoring
2024-05-20,2,0.000,0,up,"NY Fed SRF total accepted 2.0$m on 2024-05-20 [archive import: scored retroactively, not a live reading]",2024-05-20,scoring
2024-05-21,5,0.001,0,up,"NY Fed SRF total accepted 5.0$m on 2024-05-21 [archive import: scored retroactively, not a live reading]",2024-05-21,scoring
2024-05-22,0,0.000,0,flat,"NY Fed SRF total accepted 0.0$m on 2024-05-22 [archive import: scored retroactively, not a live reading]",2024-05-22,scoring
2024-05-23,0,0.000,0,flat,"NY Fed SRF total accepted 0.0$m on 2024-05-23 [archive import: scored retroactively, not a live reading]",2024-05-23,scoring
2024-05-24,0,0.000,0,flat,"NY Fed SRF total accepted 0.0$m on 2024-05-24 [archive import: scored retroactively, not a live reading]",2024-05-24,scoring
2024-05-28,0,0.000,0,flat,"NY Fed SRF total accepted 0.0$m on 2024-05-28 [archive import: scored retroactively, not a live reading]",2024-05-28,scoring
2024-05-29,5,0.001,0,up,"NY Fed SRF total accepted 5.0$m on 2024-05-29 [archive import: scored retroactively, not a live reading]",2024-05-29,scoring
2024-05-30,0,0.000,0,flat,"NY Fed SRF total accepted 0.0$m on 2024-05-30 [archive import: scored retroactively, not a live reading]",2024-05-30,scoring
2024-05-31,0,0.000,0,flat,"NY Fed SRF total accepted 0.0$m on 2024-05-31 [archive import: scored retroactively, not a live reading]",2024-05-31,scoring
2024-06-03,0,0.000,0,flat,"NY Fed SRF total accepted 0.0$m on 2024-06-03 [archive import: scored retroactively, not a live reading]",2024-06-03,scoring
2024-06-04,4,0.000,0,up,"NY Fed SRF total accepted 4.0$m on 2024-06-04 [archive import: scored retroactively, not a live reading]",2024-06-04,scoring
2024-06-05,106,0.011,0,up,"NY Fed SRF total accepted 106.0$m on 2024-06-05 [archive import: scored retroactively, not a live reading]",2024-06-05,scoring
2024-06-06,2,0.000,0,up,"NY Fed SRF total accepted 2.0$m on 2024-06-06 [archive import: scored retroactively, not a live reading]",2024-06-06,scoring
2024-06-07,3,0.000,0,up,"NY Fed SRF total accepted 3.0$m on 2024-06-07 [archive import: scored retroactively, not a live reading]",2024-06-07,scoring
2024-06-10,1,0.000,0,up,"NY Fed SRF total accepted 1.0$m on 2024-06-10 [archive import: scored retroactively, not a live reading]",2024-06-10,scoring
2024-06-11,2,0.000,0,up,"NY Fed SRF total accepted 2.0$m on 2024-06-11 [archive import: scored retroactively, not a live reading]",2024-06-11,scoring
2024-06-12,0,0.000,0,flat,"NY Fed SRF total accepted 0.0$m on 2024-06-12 [archive import: scored retroactively, not a live reading]",2024-06-12,scoring
2024-06-13,100,0.010,0,up,"NY Fed SRF total accepted 100.0$m on 2024-06-13 [archive import: scored retroactively, not a live reading]",2024-06-13,scoring
2024-06-14,0,0.000,0,flat,"NY Fed SRF total accepted 0.0$m on 2024-06-14 [archive import: scored retroactively, not a live reading]",2024-06-14,scoring
2024-06-17,0,0.000,0,flat,"NY Fed SRF total accepted 0.0$m on 2024-06-17 [archive import: scored retroactively, not a live reading]",2024-06-17,scoring
2024-06-18,0,0.000,0,flat,"NY Fed SRF total accepted 0.0$m on 2024-06-18 [archive import: scored retroactively, not a live reading]",2024-06-18,scoring
2024-06-20,3,0.000,0,up,"NY Fed SRF total accepted 3.0$m on 2024-06-20 [archive import: scored retroactively, not a live reading]",2024-06-20,scoring
2024-06-21,1,0.000,0,up,"NY Fed SRF total accepted 1.0$m on 2024-06-21 [archive import: scored retroactively, not a live reading]",2024-06-21,scoring
2024-06-24,36,0.004,0,up,"NY Fed SRF total accepted 36.0$m on 2024-06-24 [archive import: scored retroactively, not a live reading]",2024-06-24,scoring
2024-06-25,0,0.000,0,flat,"NY Fed SRF total accepted 0.0$m on 2024-06-25 [archive import: scored retroactively, not a live reading]",2024-06-25,scoring
2024-06-26,1,0.000,0,up,"NY Fed SRF total accepted 1.0$m on 2024-06-26 [archive import: scored retroactively, not a live reading]",2024-06-26,scoring
2024-06-27,0,0.000,0,flat,"NY Fed SRF total accepted 0.0$m on 2024-06-27 [archive import: scored retroactively, not a live reading]",2024-06-27,scoring
2024-06-28,1,0.000,0,up,"NY Fed SRF total accepted 1.0$m on 2024-06-28 [archive import: scored retroactively, not a live reading]",2024-06-28,scoring
2024-07-01,0,0.000,0,flat,"NY Fed SRF total accepted 0.0$m on 2024-07-01 [archive import: scored retroactively, not a live reading]",2024-07-01,scoring
2024-07-02,10,0.001,0,up,"NY Fed SRF total accepted 10.0$m on 2024-07-02 [archive import: scored retroactively, not a live reading]",2024-07-02,scoring
2024-07-03,0,0.000,0,flat,"NY Fed SRF total accepted 0.0$m on 2024-07-03 [archive import: scored retroactively, not a live reading]",2024-07-03,scoring
2024-07-05,0,0.000,0,flat,"NY Fed SRF total accepted 0.0$m on 2024-07-05 [archive import: scored retroactively, not a live reading]",2024-07-05,scoring
2024-07-08,0,0.000,0,flat,"NY Fed SRF total accepted 0.0$m on 2024-07-08 [archive import: scored retroactively, not a live reading]",2024-07-08,scoring
2024-07-09,97,0.010,0,up,"NY Fed SRF total accepted 97.0$m on 2024-07-09 [archive import: scored retroactively, not a live reading]",2024-07-09,scoring
2024-07-10,0,0.000,0,flat,"NY Fed SRF total accepted 0.0$m on 2024-07-10 [archive import: scored retroactively, not a live reading]",2024-07-10,scoring
2024-07-11,102,0.010,0,up,"NY Fed SRF total accepted 102.0$m on 2024-07-11 [archive import: scored retroactively, not a live reading]",2024-07-11,scoring
2024-07-12,0,0.000,0,flat,"NY Fed SRF total accepted 0.0$m on 2024-07-12 [archive import: scored retroactively, not a live reading]",2024-07-12,scoring
2024-07-15,2,0.000,0,up,"NY Fed SRF total accepted 2.0$m on 2024-07-15 [archive import: scored retroactively, not a live reading]",2024-07-15,scoring
2024-07-16,0,0.000,0,flat,"NY Fed SRF total accepted 0.0$m on 2024-07-16 [archive import: scored retroactively, not a live reading]",2024-07-16,scoring
2024-07-17,0,0.000,0,flat,"NY Fed SRF total accepted 0.0$m on 2024-07-17 [archive import: scored retroactively, not a live reading]",2024-07-17,scoring
2024-07-18,1,0.000,0,up,"NY Fed SRF total accepted 1.0$m on 2024-07-18 [archive import: scored retroactively, not a live reading]",2024-07-18,scoring
2024-07-19,0,0.000,0,flat,"NY Fed SRF total accepted 0.0$m on 2024-07-19 [archive import: scored retroactively, not a live reading]",2024-07-19,scoring
2024-07-22,0,0.000,0,flat,"NY Fed SRF total accepted 0.0$m on 2024-07-22 [archive import: scored retroactively, not a live reading]",2024-07-22,scoring
2024-07-23,4,0.000,0,up,"NY Fed SRF total accepted 4.0$m on 2024-07-23 [archive import: scored retroactively, not a live reading]",2024-07-23,scoring
2024-07-24,0,0.000,0,flat,"NY Fed SRF total accepted 0.0$m on 2024-07-24 [archive import: scored retroactively, not a live reading]",2024-07-24,scoring
2024-07-25,2,0.000,0,up,"NY Fed SRF total accepted 2.0$m on 2024-07-25 [archive import: scored retroactively, not a live reading]",2024-07-25,scoring
2024-07-26,0,0.000,0,flat,"NY Fed SRF total accepted 0.0$m on 2024-07-26 [archive import: scored retroactively, not a live reading]",2024-07-26,scoring
2024-07-29,0,0.000,0,flat,"NY Fed SRF total accepted 0.0$m on 2024-07-29 [archive import: scored retroactively, not a live reading]",2024-07-29,scoring
2024-07-30,0,0.000,0,flat,"NY Fed SRF total accepted 0.0$m on 2024-07-30 [archive import: scored retroactively, not a live reading]",2024-07-30,scoring
2024-07-31,5,0.001,0,up,"NY Fed SRF total accepted 5.0$m on 2024-07-31 [archive import: scored retroactively, not a live reading]",2024-07-31,scoring
2024-08-01,3,0.000,0,up,"NY Fed SRF total accepted 3.0$m on 2024-08-01 [archive import: scored retroactively, not a live reading]",2024-08-01,scoring
2024-08-02,0,0.000,0,flat,"NY Fed SRF total accepted 0.0$m on 2024-08-02 [archive import: scored retroactively, not a live reading]",2024-08-02,scoring
2024-08-05,0,0.000,0,flat,"NY Fed SRF total accepted 0.0$m on 2024-08-05 [archive import: scored retroactively, not a live reading]",2024-08-05,scoring
2024-08-06,1,0.000,0,up,"NY Fed SRF total accepted 1.0$m on 2024-08-06 [archive import: scored retroactively, not a live reading]",2024-08-06,scoring
2024-08-07,5,0.001,0,up,"NY Fed SRF total accepted 5.0$m on 2024-08-07 [archive import: scored retroactively, not a live reading]",2024-08-07,scoring
2024-08-08,101,0.010,0,up,"NY Fed SRF total accepted 101.0$m on 2024-08-08 [archive import: scored retroactively, not a live reading]",2024-08-08,scoring
2024-08-09,0,0.000,0,flat,"NY Fed SRF total accepted 0.0$m on 2024-08-09 [archive import: scored retroactively, not a live reading]",2024-08-09,scoring
2024-08-12,0,0.000,0,flat,"NY Fed SRF total accepted 0.0$m on 2024-08-12 [archive import: scored retroactively, not a live reading]",2024-08-12,scoring
2024-08-13,1,0.000,0,up,"NY Fed SRF total accepted 1.0$m on 2024-08-13 [archive import: scored retroactively, not a live reading]",2024-08-13,scoring
2024-08-14,0,0.000,0,flat,"NY Fed SRF total accepted 0.0$m on 2024-08-14 [archive import: scored retroactively, not a live reading]",2024-08-14,scoring
2024-08-15,0,0.000,0,flat,"NY Fed SRF total accepted 0.0$m on 2024-08-15 [archive import: scored retroactively, not a live reading]",2024-08-15,scoring
2024-08-16,0,0.000,0,flat,"NY Fed SRF total accepted 0.0$m on 2024-08-16 [archive import: scored retroactively, not a live reading]",2024-08-16,scoring
2024-08-19,0,0.000,0,flat,"NY Fed SRF total accepted 0.0$m on 2024-08-19 [archive import: scored retroactively, not a live reading]",2024-08-19,scoring
2024-08-20,1,0.000,0,up,"NY Fed SRF total accepted 1.0$m on 2024-08-20 [archive import: scored retroactively, not a live reading]",2024-08-20,scoring
2024-08-21,0,0.000,0,flat,"NY Fed SRF total accepted 0.0$m on 2024-08-21 [archive import: scored retroactively, not a live reading]",2024-08-21,scoring
2024-08-22,0,0.000,0,flat,"NY Fed SRF total accepted 0.0$m on 2024-08-22 [archive import: scored retroactively, not a live reading]",2024-08-22,scoring
2024-08-23,0,0.000,0,flat,"NY Fed SRF total accepted 0.0$m on 2024-08-23 [archive import: scored retroactively, not a live reading]",2024-08-23,scoring
2024-08-26,0,0.000,0,flat,"NY Fed SRF total accepted 0.0$m on 2024-08-26 [archive import: scored retroactively, not a live reading]",2024-08-26,scoring
2024-08-27,2,0.000,0,up,"NY Fed SRF total accepted 2.0$m on 2024-08-27 [archive import: scored retroactively, not a live reading]",2024-08-27,scoring
2024-08-28,0,0.000,0,flat,"NY Fed SRF total accepted 0.0$m on 2024-08-28 [archive import: scored retroactively, not a live reading]",2024-08-28,scoring
2024-08-29,0,0.000,0,flat,"NY Fed SRF total accepted 0.0$m on 2024-08-29 [archive import: scored retroactively, not a live reading]",2024-08-29,scoring
2024-08-30,0,0.000,0,flat,"NY Fed SRF total accepted 0.0$m on 2024-08-30 [archive import: scored retroactively, not a live reading]",2024-08-30,scoring
2024-09-03,3,0.000,0,up,"NY Fed SRF total accepted 3.0$m on 2024-09-03 [archive import: scored retroactively, not a live reading]",2024-09-03,scoring
2024-09-04,0,0.000,0,flat,"NY Fed SRF total accepted 0.0$m on 2024-09-04 [archive import: scored retroactively, not a live reading]",2024-09-04,scoring
2024-09-05,0,0.000,0,flat,"NY Fed SRF total accepted 0.0$m on 2024-09-05 [archive import: scored retroactively, not a live reading]",2024-09-05,scoring
2024-09-06,0,0.000,0,flat,"NY Fed SRF total accepted 0.0$m on 2024-09-06 [archive import: scored retroactively, not a live reading]",2024-09-06,scoring
2024-09-09,1,0.000,0,up,"NY Fed SRF total accepted 1.0$m on 2024-09-09 [archive import: scored retroactively, not a live reading]",2024-09-09,scoring
2024-09-10,103,0.010,0,up,"NY Fed SRF total accepted 103.0$m on 2024-09-10 [archive import: scored retroactively, not a live reading]",2024-09-10,scoring
2024-09-11,4,0.000,0,up,"NY Fed SRF total accepted 4.0$m on 2024-09-11 [archive import: scored retroactively, not a live reading]",2024-09-11,scoring
2024-09-12,4,0.000,0,up,"NY Fed SRF total accepted 4.0$m on 2024-09-12 [archive import: scored retroactively, not a live reading]",2024-09-12,scoring
2024-09-13,1,0.000,0,up,"NY Fed SRF total accepted 1.0$m on 2024-09-13 [archive import: scored retroactively, not a live reading]",2024-09-13,scoring
2024-09-16,20,0.002,0,up,"NY Fed SRF total accepted 20.0$m on 2024-09-16 [archive import: scored retroactively, not a live reading]",2024-09-16,scoring
2024-09-17,4,0.000,0,up,"NY Fed SRF total accepted 4.0$m on 2024-09-17 [archive import: scored retroactively, not a live reading]",2024-09-17,scoring
2024-09-18,0,0.000,0,flat,"NY Fed SRF total accepted 0.0$m on 2024-09-18 [archive import: scored retroactively, not a live reading]",2024-09-18,scoring
2024-09-19,1,0.000,0,up,"NY Fed SRF total accepted 1.0$m on 2024-09-19 [archive import: scored retroactively, not a live reading]",2024-09-19,scoring
2024-09-20,0,0.000,0,flat,"NY Fed SRF total accepted 0.0$m on 2024-09-20 [archive import: scored retroactively, not a live reading]",2024-09-20,scoring
2024-09-23,15,0.002,0,up,"NY Fed SRF total accepted 15.0$m on 2024-09-23 [archive import: scored retroactively, not a live reading]",2024-09-23,scoring
2024-09-24,59,0.006,0,up,"NY Fed SRF total accepted 59.0$m on 2024-09-24 [archive import: scored retroactively, not a live reading]",2024-09-24,scoring
2024-09-25,4,0.000,0,up,"NY Fed SRF total accepted 4.0$m on 2024-09-25 [archive import: scored retroactively, not a live reading]",2024-09-25,scoring
2024-09-26,1,0.000,0,up,"NY Fed SRF total accepted 1.0$m on 2024-09-26 [archive import: scored retroactively, not a live reading]",2024-09-26,scoring
2024-09-27,0,0.000,0,flat,"NY Fed SRF total accepted 0.0$m on 2024-09-27 [archive import: scored retroactively, not a live reading]",2024-09-27,scoring
2024-09-30,2600,0.260,0,up,"NY Fed SRF total accepted 2,600.0$m on 2024-09-30 [archive import: scored retroactively, not a live reading]",2024-09-30,scoring
2024-10-01,0,0.000,0,flat,"NY Fed SRF total accepted 0.0$m on 2024-10-01 [archive import: scored retroactively, not a live reading]",2024-10-01,scoring
2024-10-02,2,0.000,0,up,"NY Fed SRF total accepted 2.0$m on 2024-10-02 [archive import: scored retroactively, not a live reading]",2024-10-02,scoring
2024-10-03,102,0.010,0,up,"NY Fed SRF total accepted 102.0$m on 2024-10-03 [archive import: scored retroactively, not a live reading]",2024-10-03,scoring
2024-10-04,0,0.000,0,flat,"NY Fed SRF total accepted 0.0$m on 2024-10-04 [archive import: scored retroactively, not a live reading]",2024-10-04,scoring
2024-10-07,0,0.000,0,flat,"NY Fed SRF total accepted 0.0$m on 2024-10-07 [archive import: scored retroactively, not a live reading]",2024-10-07,scoring
2024-10-08,0,0.000,0,flat,"NY Fed SRF total accepted 0.0$m on 2024-10-08 [archive import: scored retroactively, not a live reading]",2024-10-08,scoring
2024-10-09,1,0.000,0,up,"NY Fed SRF total accepted 1.0$m on 2024-10-09 [archive import: scored retroactively, not a live reading]",2024-10-09,scoring
2024-10-10,0,0.000,0,flat,"NY Fed SRF total accepted 0.0$m on 2024-10-10 [archive import: scored retroactively, not a live reading]",2024-10-10,scoring
2024-10-11,0,0.000,0,flat,"NY Fed SRF total accepted 0.0$m on 2024-10-11 [archive import: scored retroactively, not a live reading]",2024-10-11,scoring
2024-10-15,2,0.000,0,up,"NY Fed SRF total accepted 2.0$m on 2024-10-15 [archive import: scored retroactively, not a live reading]",2024-10-15,scoring
2024-10-16,1,0.000,0,up,"NY Fed SRF total accepted 1.0$m on 2024-10-16 [archive import: scored retroactively, not a live reading]",2024-10-16,scoring
2024-10-17,20,0.002,0,up,"NY Fed SRF total accepted 20.0$m on 2024-10-17 [archive import: scored retroactively, not a live reading]",2024-10-17,scoring
2024-10-18,0,0.000,0,flat,"NY Fed SRF total accepted 0.0$m on 2024-10-18 [archive import: scored retroactively, not a live reading]",2024-10-18,scoring
2024-10-21,0,0.000,0,flat,"NY Fed SRF total accepted 0.0$m on 2024-10-21 [archive import: scored retroactively, not a live reading]",2024-10-21,scoring
2024-10-22,1,0.000,0,up,"NY Fed SRF total accepted 1.0$m on 2024-10-22 [archive import: scored retroactively, not a live reading]",2024-10-22,scoring
2024-10-23,0,0.000,0,flat,"NY Fed SRF total accepted 0.0$m on 2024-10-23 [archive import: scored retroactively, not a live reading]",2024-10-23,scoring
2024-10-24,2,0.000,0,up,"NY Fed SRF total accepted 2.0$m on 2024-10-24 [archive import: scored retroactively, not a live reading]",2024-10-24,scoring
2024-10-25,1,0.000,0,up,"NY Fed SRF total accepted 1.0$m on 2024-10-25 [archive import: scored retroactively, not a live reading]",2024-10-25,scoring
2024-10-28,20,0.002,0,up,"NY Fed SRF total accepted 20.0$m on 2024-10-28 [archive import: scored retroactively, not a live reading]",2024-10-28,scoring
2024-10-29,5,0.001,0,up,"NY Fed SRF total accepted 5.0$m on 2024-10-29 [archive import: scored retroactively, not a live reading]",2024-10-29,scoring
2024-10-30,31,0.003,0,up,"NY Fed SRF total accepted 31.0$m on 2024-10-30 [archive import: scored retroactively, not a live reading]",2024-10-30,scoring
2024-10-31,0,0.000,0,flat,"NY Fed SRF total accepted 0.0$m on 2024-10-31 [archive import: scored retroactively, not a live reading]",2024-10-31,scoring
2024-11-01,1,0.000,0,up,"NY Fed SRF total accepted 1.0$m on 2024-11-01 [archive import: scored retroactively, not a live reading]",2024-11-01,scoring
2024-11-04,3,0.000,0,up,"NY Fed SRF total accepted 3.0$m on 2024-11-04 [archive import: scored retroactively, not a live reading]",2024-11-04,scoring
2024-11-05,5,0.001,0,up,"NY Fed SRF total accepted 5.0$m on 2024-11-05 [archive import: scored retroactively, not a live reading]",2024-11-05,scoring
2024-11-06,101,0.010,0,up,"NY Fed SRF total accepted 101.0$m on 2024-11-06 [archive import: scored retroactively, not a live reading]",2024-11-06,scoring
2024-11-07,0,0.000,0,flat,"NY Fed SRF total accepted 0.0$m on 2024-11-07 [archive import: scored retroactively, not a live reading]",2024-11-07,scoring
2024-11-08,0,0.000,0,flat,"NY Fed SRF total accepted 0.0$m on 2024-11-08 [archive import: scored retroactively, not a live reading]",2024-11-08,scoring
2024-11-12,3,0.000,0,up,"NY Fed SRF total accepted 3.0$m on 2024-11-12 [archive import: scored retroactively, not a live reading]",2024-11-12,scoring
2024-11-13,5,0.001,0,up,"NY Fed SRF total accepted 5.0$m on 2024-11-13 [archive import: scored retroactively, not a live reading]",2024-11-13,scoring
2024-11-14,5,0.001,0,up,"NY Fed SRF total accepted 5.0$m on 2024-11-14 [archive import: scored retroactively, not a live reading]",2024-11-14,scoring
2024-11-15,0,0.000,0,flat,"NY Fed SRF total accepted 0.0$m on 2024-11-15 [archive import: scored retroactively, not a live reading]",2024-11-15,scoring
2024-11-18,1,0.000,0,up,"NY Fed SRF total accepted 1.0$m on 2024-11-18 [archive import: scored retroactively, not a live reading]",2024-11-18,scoring
2024-11-19,1,0.000,0,up,"NY Fed SRF total accepted 1.0$m on 2024-11-19 [archive import: scored retroactively, not a live reading]",2024-11-19,scoring
2024-11-20,3,0.000,0,up,"NY Fed SRF total accepted 3.0$m on 2024-11-20 [archive import: scored retroactively, not a live reading]",2024-11-20,scoring
2024-11-21,3,0.000,0,up,"NY Fed SRF total accepted 3.0$m on 2024-11-21 [archive import: scored retroactively, not a live reading]",2024-11-21,scoring
2024-11-22,0,0.000,0,flat,"NY Fed SRF total accepted 0.0$m on 2024-11-22 [archive import: scored retroactively, not a live reading]",2024-11-22,scoring
2024-11-25,0,0.000,0,flat,"NY Fed SRF total accepted 0.0$m on 2024-11-25 [archive import: scored retroactively, not a live reading]",2024-11-25,scoring
2024-11-26,6,0.001,0,up,"NY Fed SRF total accepted 6.0$m on 2024-11-26 [archive import: scored retroactively, not a live reading]",2024-11-26,scoring
2024-11-27,0,0.000,0,flat,"NY Fed SRF total accepted 0.0$m on 2024-11-27 [archive import: scored retroactively, not a live reading]",2024-11-27,scoring
2024-11-29,1,0.000,0,up,"NY Fed SRF total accepted 1.0$m on 2024-11-29 [archive import: scored retroactively, not a live reading]",2024-11-29,scoring
2024-12-02,2,0.000,0,up,"NY Fed SRF total accepted 2.0$m on 2024-12-02 [archive import: scored retroactively, not a live reading]",2024-12-02,scoring
2024-12-03,3,0.000,0,up,"NY Fed SRF total accepted 3.0$m on 2024-12-03 [archive import: scored retroactively, not a live reading]",2024-12-03,scoring
2024-12-04,7,0.001,0,up,"NY Fed SRF total accepted 7.0$m on 2024-12-04 [archive import: scored retroactively, not a live reading]",2024-12-04,scoring
2024-12-05,1,0.000,0,up,"NY Fed SRF total accepted 1.0$m on 2024-12-05 [archive import: scored retroactively, not a live reading]",2024-12-05,scoring
2024-12-06,4,0.000,0,up,"NY Fed SRF total accepted 4.0$m on 2024-12-06 [archive import: scored retroactively, not a live reading]",2024-12-06,scoring
2024-12-09,20,0.002,0,up,"NY Fed SRF total accepted 20.0$m on 2024-12-09 [archive import: scored retroactively, not a live reading]",2024-12-09,scoring
2024-12-10,100,0.010,0,up,"NY Fed SRF total accepted 100.0$m on 2024-12-10 [archive import: scored retroactively, not a live reading]",2024-12-10,scoring
2024-12-11,6,0.001,0,up,"NY Fed SRF total accepted 6.0$m on 2024-12-11 [archive import: scored retroactively, not a live reading]",2024-12-11,scoring
2024-12-12,4,0.000,0,up,"NY Fed SRF total accepted 4.0$m on 2024-12-12 [archive import: scored retroactively, not a live reading]",2024-12-12,scoring
2024-12-13,1,0.000,0,up,"NY Fed SRF total accepted 1.0$m on 2024-12-13 [archive import: scored retroactively, not a live reading]",2024-12-13,scoring
2024-12-16,6,0.001,0,up,"NY Fed SRF total accepted 6.0$m on 2024-12-16 [archive import: scored retroactively, not a live reading]",2024-12-16,scoring
2024-12-17,2,0.000,0,up,"NY Fed SRF total accepted 2.0$m on 2024-12-17 [archive import: scored retroactively, not a live reading]",2024-12-17,scoring
2024-12-18,0,0.000,0,flat,"NY Fed SRF total accepted 0.0$m on 2024-12-18 [archive import: scored retroactively, not a live reading]",2024-12-18,scoring
2024-12-19,1,0.000,0,up,"NY Fed SRF total accepted 1.0$m on 2024-12-19 [archive import: scored retroactively, not a live reading]",2024-12-19,scoring
2024-12-20,0,0.000,0,flat,"NY Fed SRF total accepted 0.0$m on 2024-12-20 [archive import: scored retroactively, not a live reading]",2024-12-20,scoring
2024-12-23,50,0.005,0,up,"NY Fed SRF total accepted 50.0$m on 2024-12-23 [archive import: scored retroactively, not a live reading]",2024-12-23,scoring
2024-12-24,1,0.000,0,up,"NY Fed SRF total accepted 1.0$m on 2024-12-24 [archive import: scored retroactively, not a live reading]",2024-12-24,scoring
2024-12-26,4,0.000,0,up,"NY Fed SRF total accepted 4.0$m on 2024-12-26 [archive import: scored retroactively, not a live reading]",2024-12-26,scoring
2024-12-27,0,0.000,0,flat,"NY Fed SRF total accepted 0.0$m on 2024-12-27 [archive import: scored retroactively, not a live reading]",2024-12-27,scoring
2024-12-30,0,0.000,0,flat,"NY Fed SRF total accepted 0.0$m on 2024-12-30 [archive import: scored retroactively, not a live reading]",2024-12-30,scoring
2024-12-31,0,0.000,0,flat,"NY Fed SRF total accepted 0.0$m on 2024-12-31 [archive import: scored retroactively, not a live reading]",2024-12-31,scoring
2025-01-02,4,0.000,0,up,"NY Fed SRF total accepted 4.0$m on 2025-01-02 [archive import: scored retroactively, not a live reading]",2025-01-02,scoring
2025-01-03,0,0.000,0,flat,"NY Fed SRF total accepted 0.0$m on 2025-01-03 [archive import: scored retroactively, not a live reading]",2025-01-03,scoring
2025-01-06,0,0.000,0,flat,"NY Fed SRF total accepted 0.0$m on 2025-01-06 [archive import: scored retroactively, not a live reading]",2025-01-06,scoring
2025-01-07,2,0.000,0,up,"NY Fed SRF total accepted 2.0$m on 2025-01-07 [archive import: scored retroactively, not a live reading]",2025-01-07,scoring
2025-01-08,0,0.000,0,flat,"NY Fed SRF total accepted 0.0$m on 2025-01-08 [archive import: scored retroactively, not a live reading]",2025-01-08,scoring
2025-01-09,0,0.000,0,flat,"NY Fed SRF total accepted 0.0$m on 2025-01-09 [archive import: scored retroactively, not a live reading]",2025-01-09,scoring
2025-01-10,0,0.000,0,flat,"NY Fed SRF total accepted 0.0$m on 2025-01-10 [archive import: scored retroactively, not a live reading]",2025-01-10,scoring
2025-01-13,0,0.000,0,flat,"NY Fed SRF total accepted 0.0$m on 2025-01-13 [archive import: scored retroactively, not a live reading]",2025-01-13,scoring
2025-01-14,3,0.000,0,up,"NY Fed SRF total accepted 3.0$m on 2025-01-14 [archive import: scored retroactively, not a live reading]",2025-01-14,scoring
2025-01-15,0,0.000,0,flat,"NY Fed SRF total accepted 0.0$m on 2025-01-15 [archive import: scored retroactively, not a live reading]",2025-01-15,scoring
2025-01-16,2,0.000,0,up,"NY Fed SRF total accepted 2.0$m on 2025-01-16 [archive import: scored retroactively, not a live reading]",2025-01-16,scoring
2025-01-17,1,0.000,0,up,"NY Fed SRF total accepted 1.0$m on 2025-01-17 [archive import: scored retroactively, not a live reading]",2025-01-17,scoring
2025-01-21,0,0.000,0,flat,"NY Fed SRF total accepted 0.0$m on 2025-01-21 [archive import: scored retroactively, not a live reading]",2025-01-21,scoring
2025-01-22,0,0.000,0,flat,"NY Fed SRF total accepted 0.0$m on 2025-01-22 [archive import: scored retroactively, not a live reading]",2025-01-22,scoring
2025-01-23,0,0.000,0,flat,"NY Fed SRF total accepted 0.0$m on 2025-01-23 [archive import: scored retroactively, not a live reading]",2025-01-23,scoring
2025-01-24,82,0.008,0,up,"NY Fed SRF total accepted 82.0$m on 2025-01-24 [archive import: scored retroactively, not a live reading]",2025-01-24,scoring
2025-01-27,0,0.000,0,flat,"NY Fed SRF total accepted 0.0$m on 2025-01-27 [archive import: scored retroactively, not a live reading]",2025-01-27,scoring
2025-01-28,0,0.000,0,flat,"NY Fed SRF total accepted 0.0$m on 2025-01-28 [archive import: scored retroactively, not a live reading]",2025-01-28,scoring
2025-01-29,3,0.000,0,up,"NY Fed SRF total accepted 3.0$m on 2025-01-29 [archive import: scored retroactively, not a live reading]",2025-01-29,scoring
2025-01-30,0,0.000,0,flat,"NY Fed SRF total accepted 0.0$m on 2025-01-30 [archive import: scored retroactively, not a live reading]",2025-01-30,scoring
2025-01-31,0,0.000,0,flat,"NY Fed SRF total accepted 0.0$m on 2025-01-31 [archive import: scored retroactively, not a live reading]",2025-01-31,scoring
2025-02-03,0,0.000,0,flat,"NY Fed SRF total accepted 0.0$m on 2025-02-03 [archive import: scored retroactively, not a live reading]",2025-02-03,scoring
2025-02-04,0,0.000,0,flat,"NY Fed SRF total accepted 0.0$m on 2025-02-04 [archive import: scored retroactively, not a live reading]",2025-02-04,scoring
2025-02-05,0,0.000,0,flat,"NY Fed SRF total accepted 0.0$m on 2025-02-05 [archive import: scored retroactively, not a live reading]",2025-02-05,scoring
2025-02-06,1,0.000,0,up,"NY Fed SRF total accepted 1.0$m on 2025-02-06 [archive import: scored retroactively, not a live reading]",2025-02-06,scoring
2025-02-07,0,0.000,0,flat,"NY Fed SRF total accepted 0.0$m on 2025-02-07 [archive import: scored retroactively, not a live reading]",2025-02-07,scoring
2025-02-10,0,0.000,0,flat,"NY Fed SRF total accepted 0.0$m on 2025-02-10 [archive import: scored retroactively, not a live reading]",2025-02-10,scoring
2025-02-11,100,0.010,0,up,"NY Fed SRF total accepted 100.0$m on 2025-02-11 [archive import: scored retroactively, not a live reading]",2025-02-11,scoring
2025-02-12,100,0.010,0,up,"NY Fed SRF total accepted 100.0$m on 2025-02-12 [archive import: scored retroactively, not a live reading]",2025-02-12,scoring
2025-02-13,0,0.000,0,flat,"NY Fed SRF total accepted 0.0$m on 2025-02-13 [archive import: scored retroactively, not a live reading]",2025-02-13,scoring
2025-02-14,0,0.000,0,flat,"NY Fed SRF total accepted 0.0$m on 2025-02-14 [archive import: scored retroactively, not a live reading]",2025-02-14,scoring
2025-02-18,0,0.000,0,flat,"NY Fed SRF total accepted 0.0$m on 2025-02-18 [archive import: scored retroactively, not a live reading]",2025-02-18,scoring
2025-02-19,0,0.000,0,flat,"NY Fed SRF total accepted 0.0$m on 2025-02-19 [archive import: scored retroactively, not a live reading]",2025-02-19,scoring
2025-02-20,0,0.000,0,flat,"NY Fed SRF total accepted 0.0$m on 2025-02-20 [archive import: scored retroactively, not a live reading]",2025-02-20,scoring
2025-02-21,0,0.000,0,flat,"NY Fed SRF total accepted 0.0$m on 2025-02-21 [archive import: scored retroactively, not a live reading]",2025-02-21,scoring
2025-02-24,0,0.000,0,flat,"NY Fed SRF total accepted 0.0$m on 2025-02-24 [archive import: scored retroactively, not a live reading]",2025-02-24,scoring
2025-02-25,3,0.000,0,up,"NY Fed SRF total accepted 3.0$m on 2025-02-25 [archive import: scored retroactively, not a live reading]",2025-02-25,scoring
2025-02-26,97,0.010,0,up,"NY Fed SRF total accepted 97.0$m on 2025-02-26 [archive import: scored retroactively, not a live reading]",2025-02-26,scoring
2025-02-27,0,0.000,0,flat,"NY Fed SRF total accepted 0.0$m on 2025-02-27 [archive import: scored retroactively, not a live reading]",2025-02-27,scoring
2025-02-28,0,0.000,0,flat,"NY Fed SRF total accepted 0.0$m on 2025-02-28 [archive import: scored retroactively, not a live reading]",2025-02-28,scoring
2025-03-03,0,0.000,0,flat,"NY Fed SRF total accepted 0.0$m on 2025-03-03 [archive import: scored retroactively, not a live reading]",2025-03-03,scoring
2025-03-04,0,0.000,0,flat,"NY Fed SRF total accepted 0.0$m on 2025-03-04 [archive import: scored retroactively, not a live reading]",2025-03-04,scoring
2025-03-05,84,0.008,0,up,"NY Fed SRF total accepted 84.0$m on 2025-03-05 [archive import: scored retroactively, not a live reading]",2025-03-05,scoring
2025-03-06,0,0.000,0,flat,"NY Fed SRF total accepted 0.0$m on 2025-03-06 [archive import: scored retroactively, not a live reading]",2025-03-06,scoring
2025-03-07,0,0.000,0,flat,"NY Fed SRF total accepted 0.0$m on 2025-03-07 [archive import: scored retroactively, not a live reading]",2025-03-07,scoring
2025-03-10,1,0.000,0,up,"NY Fed SRF total accepted 1.0$m on 2025-03-10 [archive import: scored retroactively, not a live reading]",2025-03-10,scoring
2025-03-11,100,0.010,0,up,"NY Fed SRF total accepted 100.0$m on 2025-03-11 [archive import: scored retroactively, not a live reading]",2025-03-11,scoring
2025-03-12,1,0.000,0,up,"NY Fed SRF total accepted 1.0$m on 2025-03-12 [archive import: scored retroactively, not a live reading]",2025-03-12,scoring
2025-03-13,1,0.000,0,up,"NY Fed SRF total accepted 1.0$m on 2025-03-13 [archive import: scored retroactively, not a live reading]",2025-03-13,scoring
2025-03-14,0,0.000,0,flat,"NY Fed SRF total accepted 0.0$m on 2025-03-14 [archive import: scored retroactively, not a live reading]",2025-03-14,scoring
2025-03-17,0,0.000,0,flat,"NY Fed SRF total accepted 0.0$m on 2025-03-17 [archive import: scored retroactively, not a live reading]",2025-03-17,scoring
2025-03-18,0,0.000,0,flat,"NY Fed SRF total accepted 0.0$m on 2025-03-18 [archive import: scored retroactively, not a live reading]",2025-03-18,scoring
2025-03-19,1,0.000,0,up,"NY Fed SRF total accepted 1.0$m on 2025-03-19 [archive import: scored retroactively, not a live reading]",2025-03-19,scoring
2025-03-20,0,0.000,0,flat,"NY Fed SRF total accepted 0.0$m on 2025-03-20 [archive import: scored retroactively, not a live reading]",2025-03-20,scoring
2025-03-21,0,0.000,0,flat,"NY Fed SRF total accepted 0.0$m on 2025-03-21 [archive import: scored retroactively, not a live reading]",2025-03-21,scoring
2025-03-24,0,0.000,0,flat,"NY Fed SRF total accepted 0.0$m on 2025-03-24 [archive import: scored retroactively, not a live reading]",2025-03-24,scoring
2025-03-25,30,0.003,0,up,"NY Fed SRF total accepted 30.0$m on 2025-03-25 [archive import: scored retroactively, not a live reading]",2025-03-25,scoring
2025-03-26,0,0.000,0,flat,"NY Fed SRF total accepted 0.0$m on 2025-03-26 [archive import: scored retroactively, not a live reading]",2025-03-26,scoring
2025-03-27,4,0.000,0,up,"NY Fed SRF total accepted 4.0$m on 2025-03-27 [archive import: scored retroactively, not a live reading]",2025-03-27,scoring
2025-03-28,2,0.000,0,up,"NY Fed SRF total accepted 2.0$m on 2025-03-28 [archive import: scored retroactively, not a live reading]",2025-03-28,scoring
2025-03-31,1,0.000,0,up,"NY Fed SRF total accepted 1.0$m on 2025-03-31 [archive import: scored retroactively, not a live reading]",2025-03-31,scoring
2025-04-01,0,0.000,0,flat,"NY Fed SRF total accepted 0.0$m on 2025-04-01 [archive import: scored retroactively, not a live reading]",2025-04-01,scoring
2025-04-02,0,0.000,0,flat,"NY Fed SRF total accepted 0.0$m on 2025-04-02 [archive import: scored retroactively, not a live reading]",2025-04-02,scoring
2025-04-03,1,0.000,0,up,"NY Fed SRF total accepted 1.0$m on 2025-04-03 [archive import: scored retroactively, not a live reading]",2025-04-03,scoring
2025-04-04,0,0.000,0,flat,"NY Fed SRF total accepted 0.0$m on 2025-04-04 [archive import: scored retroactively, not a live reading]",2025-04-04,scoring
2025-04-07,0,0.000,0,flat,"NY Fed SRF total accepted 0.0$m on 2025-04-07 [archive import: scored retroactively, not a live reading]",2025-04-07,scoring
2025-04-08,100,0.010,0,up,"NY Fed SRF total accepted 100.0$m on 2025-04-08 [archive import: scored retroactively, not a live reading]",2025-04-08,scoring
2025-04-09,0,0.000,0,flat,"NY Fed SRF total accepted 0.0$m on 2025-04-09 [archive import: scored retroactively, not a live reading]",2025-04-09,scoring
2025-04-10,1,0.000,0,up,"NY Fed SRF total accepted 1.0$m on 2025-04-10 [archive import: scored retroactively, not a live reading]",2025-04-10,scoring
2025-04-11,1,0.000,0,up,"NY Fed SRF total accepted 1.0$m on 2025-04-11 [archive import: scored retroactively, not a live reading]",2025-04-11,scoring
2025-04-14,0,0.000,0,flat,"NY Fed SRF total accepted 0.0$m on 2025-04-14 [archive import: scored retroactively, not a live reading]",2025-04-14,scoring
2025-04-15,0,0.000,0,flat,"NY Fed SRF total accepted 0.0$m on 2025-04-15 [archive import: scored retroactively, not a live reading]",2025-04-15,scoring
2025-04-16,3,0.000,0,up,"NY Fed SRF total accepted 3.0$m on 2025-04-16 [archive import: scored retroactively, not a live reading]",2025-04-16,scoring
2025-04-17,0,0.000,0,flat,"NY Fed SRF total accepted 0.0$m on 2025-04-17 [archive import: scored retroactively, not a live reading]",2025-04-17,scoring
2025-04-21,4,0.000,0,up,"NY Fed SRF total accepted 4.0$m on 2025-04-21 [archive import: scored retroactively, not a live reading]",2025-04-21,scoring
2025-04-22,1,0.000,0,up,"NY Fed SRF total accepted 1.0$m on 2025-04-22 [archive import: scored retroactively, not a live reading]",2025-04-22,scoring
2025-04-23,0,0.000,0,flat,"NY Fed SRF total accepted 0.0$m on 2025-04-23 [archive import: scored retroactively, not a live reading]",2025-04-23,scoring
2025-04-24,1,0.000,0,up,"NY Fed SRF total accepted 1.0$m on 2025-04-24 [archive import: scored retroactively, not a live reading]",2025-04-24,scoring
2025-04-25,0,0.000,0,flat,"NY Fed SRF total accepted 0.0$m on 2025-04-25 [archive import: scored retroactively, not a live reading]",2025-04-25,scoring
2025-04-28,0,0.000,0,flat,"NY Fed SRF total accepted 0.0$m on 2025-04-28 [archive import: scored retroactively, not a live reading]",2025-04-28,scoring
2025-04-29,0,0.000,0,flat,"NY Fed SRF total accepted 0.0$m on 2025-04-29 [archive import: scored retroactively, not a live reading]",2025-04-29,scoring
2025-04-30,110,0.011,0,up,"NY Fed SRF total accepted 110.0$m on 2025-04-30 [archive import: scored retroactively, not a live reading]",2025-04-30,scoring
2025-05-01,0,0.000,0,flat,"NY Fed SRF total accepted 0.0$m on 2025-05-01 [archive import: scored retroactively, not a live reading]",2025-05-01,scoring
2025-05-02,0,0.000,0,flat,"NY Fed SRF total accepted 0.0$m on 2025-05-02 [archive import: scored retroactively, not a live reading]",2025-05-02,scoring
2025-05-05,0,0.000,0,flat,"NY Fed SRF total accepted 0.0$m on 2025-05-05 [archive import: scored retroactively, not a live reading]",2025-05-05,scoring
2025-05-06,100,0.010,0,up,"NY Fed SRF total accepted 100.0$m on 2025-05-06 [archive import: scored retroactively, not a live reading]",2025-05-06,scoring
2025-05-07,6,0.001,0,up,"NY Fed SRF total accepted 6.0$m on 2025-05-07 [archive import: scored retroactively, not a live reading]",2025-05-07,scoring
2025-05-08,3,0.000,0,up,"NY Fed SRF total accepted 3.0$m on 2025-05-08 [archive import: scored retroactively, not a live reading]",2025-05-08,scoring
2025-05-09,0,0.000,0,flat,"NY Fed SRF total accepted 0.0$m on 2025-05-09 [archive import: scored retroactively, not a live reading]",2025-05-09,scoring
2025-05-12,0,0.000,0,flat,"NY Fed SRF total accepted 0.0$m on 2025-05-12 [archive import: scored retroactively, not a live reading]",2025-05-12,scoring
2025-05-13,5,0.001,0,up,"NY Fed SRF total accepted 5.0$m on 2025-05-13 [archive import: scored retroactively, not a live reading]",2025-05-13,scoring
2025-05-14,1,0.000,0,up,"NY Fed SRF total accepted 1.0$m on 2025-05-14 [archive import: scored retroactively, not a live reading]",2025-05-14,scoring
2025-05-15,2,0.000,0,up,"NY Fed SRF total accepted 2.0$m on 2025-05-15 [archive import: scored retroactively, not a live reading]",2025-05-15,scoring
2025-05-16,0,0.000,0,flat,"NY Fed SRF total accepted 0.0$m on 2025-05-16 [archive import: scored retroactively, not a live reading]",2025-05-16,scoring
2025-05-19,1,0.000,0,up,"NY Fed SRF total accepted 1.0$m on 2025-05-19 [archive import: scored retroactively, not a live reading]",2025-05-19,scoring
2025-05-20,0,0.000,0,flat,"NY Fed SRF total accepted 0.0$m on 2025-05-20 [archive import: scored retroactively, not a live reading]",2025-05-20,scoring
2025-05-21,1,0.000,0,up,"NY Fed SRF total accepted 1.0$m on 2025-05-21 [archive import: scored retroactively, not a live reading]",2025-05-21,scoring
2025-05-22,3,0.000,0,up,"NY Fed SRF total accepted 3.0$m on 2025-05-22 [archive import: scored retroactively, not a live reading]",2025-05-22,scoring
2025-05-23,0,0.000,0,flat,"NY Fed SRF total accepted 0.0$m on 2025-05-23 [archive import: scored retroactively, not a live reading]",2025-05-23,scoring
2025-05-27,0,0.000,0,flat,"NY Fed SRF total accepted 0.0$m on 2025-05-27 [archive import: scored retroactively, not a live reading]",2025-05-27,scoring
2025-05-28,1,0.000,0,up,"NY Fed SRF total accepted 1.0$m on 2025-05-28 [archive import: scored retroactively, not a live reading]",2025-05-28,scoring
2025-05-29,1,0.000,0,up,"NY Fed SRF total accepted 1.0$m on 2025-05-29 [archive import: scored retroactively, not a live reading]",2025-05-29,scoring
2025-05-30,0,0.000,0,flat,"NY Fed SRF total accepted 0.0$m on 2025-05-30 [archive import: scored retroactively, not a live reading]",2025-05-30,scoring
2025-06-02,5,0.001,0,up,"NY Fed SRF total accepted 5.0$m on 2025-06-02 [archive import: scored retroactively, not a live reading]",2025-06-02,scoring
2025-06-03,2,0.000,0,up,"NY Fed SRF total accepted 2.0$m on 2025-06-03 [archive import: scored retroactively, not a live reading]",2025-06-03,scoring
2025-06-04,0,0.000,0,flat,"NY Fed SRF total accepted 0.0$m on 2025-06-04 [archive import: scored retroactively, not a live reading]",2025-06-04,scoring
2025-06-05,4,0.000,0,up,"NY Fed SRF total accepted 4.0$m on 2025-06-05 [archive import: scored retroactively, not a live reading]",2025-06-05,scoring
2025-06-06,0,0.000,0,flat,"NY Fed SRF total accepted 0.0$m on 2025-06-06 [archive import: scored retroactively, not a live reading]",2025-06-06,scoring
2025-06-09,5,0.001,0,up,"NY Fed SRF total accepted 5.0$m on 2025-06-09 [archive import: scored retroactively, not a live reading]",2025-06-09,scoring
2025-06-10,105,0.011,0,up,"NY Fed SRF total accepted 105.0$m on 2025-06-10 [archive import: scored retroactively, not a live reading]",2025-06-10,scoring
2025-06-11,0,0.000,0,flat,"NY Fed SRF total accepted 0.0$m on 2025-06-11 [archive import: scored retroactively, not a live reading]",2025-06-11,scoring
2025-06-12,2,0.000,0,up,"NY Fed SRF total accepted 2.0$m on 2025-06-12 [archive import: scored retroactively, not a live reading]",2025-06-12,scoring
2025-06-13,0,0.000,0,flat,"NY Fed SRF total accepted 0.0$m on 2025-06-13 [archive import: scored retroactively, not a live reading]",2025-06-13,scoring
2025-06-16,1,0.000,0,up,"NY Fed SRF total accepted 1.0$m on 2025-06-16 [archive import: scored retroactively, not a live reading]",2025-06-16,scoring
2025-06-17,0,0.000,0,flat,"NY Fed SRF total accepted 0.0$m on 2025-06-17 [archive import: scored retroactively, not a live reading]",2025-06-17,scoring
2025-06-18,0,0.000,0,flat,"NY Fed SRF total accepted 0.0$m on 2025-06-18 [archive import: scored retroactively, not a live reading]",2025-06-18,scoring
2025-06-20,0,0.000,0,flat,"NY Fed SRF total accepted 0.0$m on 2025-06-20 [archive import: scored retroactively, not a live reading]",2025-06-20,scoring
2025-06-23,0,0.000,0,flat,"NY Fed SRF total accepted 0.0$m on 2025-06-23 [archive import: scored retroactively, not a live reading]",2025-06-23,scoring
2025-06-24,0,0.000,0,flat,"NY Fed SRF total accepted 0.0$m on 2025-06-24 [archive import: scored retroactively, not a live reading]",2025-06-24,scoring
2025-06-25,16,0.002,0,up,"NY Fed SRF total accepted 16.0$m on 2025-06-25 [archive import: scored retroactively, not a live reading]",2025-06-25,scoring
2025-06-26,3,0.000,0,up,"NY Fed SRF total accepted 3.0$m on 2025-06-26 [archive import: scored retroactively, not a live reading]",2025-06-26,scoring
2025-06-27,0,0.000,0,flat,"NY Fed SRF total accepted 0.0$m on 2025-06-27 [archive import: scored retroactively, not a live reading]",2025-06-27,scoring
2025-06-30,11075,1.107,0,up,"NY Fed SRF total accepted 11,075.0$m on 2025-06-30 [archive import: scored retroactively, not a live reading]",2025-06-30,scoring
2025-07-01,0,0.000,0,flat,"NY Fed SRF total accepted 0.0$m on 2025-07-01 [archive import: scored retroactively, not a live reading]",2025-07-01,scoring
2025-07-02,0,0.000,0,flat,"NY Fed SRF total accepted 0.0$m on 2025-07-02 [archive import: scored retroactively, not a live reading]",2025-07-02,scoring
2025-07-03,0,0.000,0,flat,"NY Fed SRF total accepted 0.0$m on 2025-07-03 [archive import: scored retroactively, not a live reading]",2025-07-03,scoring
2025-07-07,2,0.000,0,up,"NY Fed SRF total accepted 2.0$m on 2025-07-07 [archive import: scored retroactively, not a live reading]",2025-07-07,scoring
2025-07-08,100,0.010,0,up,"NY Fed SRF total accepted 100.0$m on 2025-07-08 [archive import: scored retroactively, not a live reading]",2025-07-08,scoring
2025-07-09,0,0.000,0,flat,"NY Fed SRF total accepted 0.0$m on 2025-07-09 [archive import: scored retroactively, not a live reading]",2025-07-09,scoring
2025-07-10,0,0.000,0,flat,"NY Fed SRF total accepted 0.0$m on 2025-07-10 [archive import: scored retroactively, not a live reading]",2025-07-10,scoring
2025-07-11,0,0.000,0,flat,"NY Fed SRF total accepted 0.0$m on 2025-07-11 [archive import: scored retroactively, not a live reading]",2025-07-11,scoring
2025-07-14,22,0.002,0,up,"NY Fed SRF total accepted 22.0$m on 2025-07-14 [archive import: scored retroactively, not a live reading]",2025-07-14,scoring
2025-07-15,1,0.000,0,up,"NY Fed SRF total accepted 1.0$m on 2025-07-15 [archive import: scored retroactively, not a live reading]",2025-07-15,scoring
2025-07-16,0,0.000,0,flat,"NY Fed SRF total accepted 0.0$m on 2025-07-16 [archive import: scored retroactively, not a live reading]",2025-07-16,scoring
2025-07-17,0,0.000,0,flat,"NY Fed SRF total accepted 0.0$m on 2025-07-17 [archive import: scored retroactively, not a live reading]",2025-07-17,scoring
2025-07-18,0,0.000,0,flat,"NY Fed SRF total accepted 0.0$m on 2025-07-18 [archive import: scored retroactively, not a live reading]",2025-07-18,scoring
2025-07-21,0,0.000,0,flat,"NY Fed SRF total accepted 0.0$m on 2025-07-21 [archive import: scored retroactively, not a live reading]",2025-07-21,scoring
2025-07-22,1,0.000,0,up,"NY Fed SRF total accepted 1.0$m on 2025-07-22 [archive import: scored retroactively, not a live reading]",2025-07-22,scoring
2025-07-23,3,0.000,0,up,"NY Fed SRF total accepted 3.0$m on 2025-07-23 [archive import: scored retroactively, not a live reading]",2025-07-23,scoring
2025-07-24,0,0.000,0,flat,"NY Fed SRF total accepted 0.0$m on 2025-07-24 [archive import: scored retroactively, not a live reading]",2025-07-24,scoring
2025-07-25,0,0.000,0,flat,"NY Fed SRF total accepted 0.0$m on 2025-07-25 [archive import: scored retroactively, not a live reading]",2025-07-25,scoring
2025-07-28,1,0.000,0,up,"NY Fed SRF total accepted 1.0$m on 2025-07-28 [archive import: scored retroactively, not a live reading]",2025-07-28,scoring
2025-07-29,5,0.001,0,up,"NY Fed SRF total accepted 5.0$m on 2025-07-29 [archive import: scored retroactively, not a live reading]",2025-07-29,scoring
2025-07-30,0,0.000,0,flat,"NY Fed SRF total accepted 0.0$m on 2025-07-30 [archive import: scored retroactively, not a live reading]",2025-07-30,scoring
2025-07-31,0,0.000,0,flat,"NY Fed SRF total accepted 0.0$m on 2025-07-31 [archive import: scored retroactively, not a live reading]",2025-07-31,scoring
2025-08-01,0,0.000,0,flat,"NY Fed SRF total accepted 0.0$m on 2025-08-01 [archive import: scored retroactively, not a live reading]",2025-08-01,scoring
2025-08-04,1,0.000,0,up,"NY Fed SRF total accepted 1.0$m on 2025-08-04 [archive import: scored retroactively, not a live reading]",2025-08-04,scoring
2025-08-05,1,0.000,0,up,"NY Fed SRF total accepted 1.0$m on 2025-08-05 [archive import: scored retroactively, not a live reading]",2025-08-05,scoring
2025-08-06,5,0.001,0,up,"NY Fed SRF total accepted 5.0$m on 2025-08-06 [archive import: scored retroactively, not a live reading]",2025-08-06,scoring
2025-08-07,44,0.004,0,up,"NY Fed SRF total accepted 44.0$m on 2025-08-07 [archive import: scored retroactively, not a live reading]",2025-08-07,scoring
2025-08-08,0,0.000,0,flat,"NY Fed SRF total accepted 0.0$m on 2025-08-08 [archive import: scored retroactively, not a live reading]",2025-08-08,scoring
2025-08-11,1,0.000,0,up,"NY Fed SRF total accepted 1.0$m on 2025-08-11 [archive import: scored retroactively, not a live reading]",2025-08-11,scoring
2025-08-12,101,0.010,0,up,"NY Fed SRF total accepted 101.0$m on 2025-08-12 [archive import: scored retroactively, not a live reading]",2025-08-12,scoring
2025-08-13,1,0.000,0,up,"NY Fed SRF total accepted 1.0$m on 2025-08-13 [archive import: scored retroactively, not a live reading]",2025-08-13,scoring
2025-08-14,1,0.000,0,up,"NY Fed SRF total accepted 1.0$m on 2025-08-14 [archive import: scored retroactively, not a live reading]",2025-08-14,scoring
2025-08-15,0,0.000,0,flat,"NY Fed SRF total accepted 0.0$m on 2025-08-15 [archive import: scored retroactively, not a live reading]",2025-08-15,scoring
2025-08-18,0,0.000,0,flat,"NY Fed SRF total accepted 0.0$m on 2025-08-18 [archive import: scored retroactively, not a live reading]",2025-08-18,scoring
2025-08-19,0,0.000,0,flat,"NY Fed SRF total accepted 0.0$m on 2025-08-19 [archive import: scored retroactively, not a live reading]",2025-08-19,scoring
2025-08-20,201,0.020,0,up,"NY Fed SRF total accepted 201.0$m on 2025-08-20 [archive import: scored retroactively, not a live reading]",2025-08-20,scoring
2025-08-21,62,0.006,0,up,"NY Fed SRF total accepted 62.0$m on 2025-08-21 [archive import: scored retroactively, not a live reading]",2025-08-21,scoring
2025-08-22,0,0.000,0,flat,"NY Fed SRF total accepted 0.0$m on 2025-08-22 [archive import: scored retroactively, not a live reading]",2025-08-22,scoring
2025-08-25,23,0.002,0,up,"NY Fed SRF total accepted 23.0$m on 2025-08-25 [archive import: scored retroactively, not a live reading]",2025-08-25,scoring
2025-08-26,1,0.000,0,up,"NY Fed SRF total accepted 1.0$m on 2025-08-26 [archive import: scored retroactively, not a live reading]",2025-08-26,scoring
2025-08-27,21,0.002,0,up,"NY Fed SRF total accepted 21.0$m on 2025-08-27 [archive import: scored retroactively, not a live reading]",2025-08-27,scoring
2025-08-28,0,0.000,0,flat,"NY Fed SRF total accepted 0.0$m on 2025-08-28 [archive import: scored retroactively, not a live reading]",2025-08-28,scoring
2025-08-29,0,0.000,0,flat,"NY Fed SRF total accepted 0.0$m on 2025-08-29 [archive import: scored retroactively, not a live reading]",2025-08-29,scoring
2025-09-02,0,0.000,0,flat,"NY Fed SRF total accepted 0.0$m on 2025-09-02 [archive import: scored retroactively, not a live reading]",2025-09-02,scoring
2025-09-03,3,0.000,0,up,"NY Fed SRF total accepted 3.0$m on 2025-09-03 [archive import: scored retroactively, not a live reading]",2025-09-03,scoring
2025-09-04,0,0.000,0,flat,"NY Fed SRF total accepted 0.0$m on 2025-09-04 [archive import: scored retroactively, not a live reading]",2025-09-04,scoring
2025-09-05,0,0.000,0,flat,"NY Fed SRF total accepted 0.0$m on 2025-09-05 [archive import: scored retroactively, not a live reading]",2025-09-05,scoring
2025-09-08,1,0.000,0,up,"NY Fed SRF total accepted 1.0$m on 2025-09-08 [archive import: scored retroactively, not a live reading]",2025-09-08,scoring
2025-09-09,101,0.010,0,up,"NY Fed SRF total accepted 101.0$m on 2025-09-09 [archive import: scored retroactively, not a live reading]",2025-09-09,scoring
2025-09-10,12,0.001,0,up,"NY Fed SRF total accepted 12.0$m on 2025-09-10 [archive import: scored retroactively, not a live reading]",2025-09-10,scoring
2025-09-11,0,0.000,0,flat,"NY Fed SRF total accepted 0.0$m on 2025-09-11 [archive import: scored retroactively, not a live reading]",2025-09-11,scoring
2025-09-12,0,0.000,0,flat,"NY Fed SRF total accepted 0.0$m on 2025-09-12 [archive import: scored retroactively, not a live reading]",2025-09-12,scoring
2025-09-15,1500,0.150,0,up,"NY Fed SRF total accepted 1,500.0$m on 2025-09-15 [archive import: scored retroactively, not a live reading]",2025-09-15,scoring
2025-09-16,3,0.000,0,up,"NY Fed SRF total accepted 3.0$m on 2025-09-16 [archive import: scored retroactively, not a live reading]",2025-09-16,scoring
2025-09-17,1,0.000,0,up,"NY Fed SRF total accepted 1.0$m on 2025-09-17 [archive import: scored retroactively, not a live reading]",2025-09-17,scoring
2025-09-18,0,0.000,0,flat,"NY Fed SRF total accepted 0.0$m on 2025-09-18 [archive import: scored retroactively, not a live reading]",2025-09-18,scoring
2025-09-19,0,0.000,0,flat,"NY Fed SRF total accepted 0.0$m on 2025-09-19 [archive import: scored retroactively, not a live reading]",2025-09-19,scoring
2025-09-22,30,0.003,0,up,"NY Fed SRF total accepted 30.0$m on 2025-09-22 [archive import: scored retroactively, not a live reading]",2025-09-22,scoring
2025-09-23,0,0.000,0,flat,"NY Fed SRF total accepted 0.0$m on 2025-09-23 [archive import: scored retroactively, not a live reading]",2025-09-23,scoring
2025-09-24,1,0.000,0,up,"NY Fed SRF total accepted 1.0$m on 2025-09-24 [archive import: scored retroactively, not a live reading]",2025-09-24,scoring
2025-09-25,1,0.000,0,up,"NY Fed SRF total accepted 1.0$m on 2025-09-25 [archive import: scored retroactively, not a live reading]",2025-09-25,scoring
2025-09-26,0,0.000,0,flat,"NY Fed SRF total accepted 0.0$m on 2025-09-26 [archive import: scored retroactively, not a live reading]",2025-09-26,scoring
2025-09-29,0,0.000,0,flat,"NY Fed SRF total accepted 0.0$m on 2025-09-29 [archive import: scored retroactively, not a live reading]",2025-09-29,scoring
2025-09-30,6000,0.600,0,up,"NY Fed SRF total accepted 6,000.0$m on 2025-09-30 [archive import: scored retroactively, not a live reading]",2025-09-30,scoring
2025-10-01,0,0.000,0,flat,"NY Fed SRF total accepted 0.0$m on 2025-10-01 [archive import: scored retroactively, not a live reading]",2025-10-01,scoring
2025-10-02,3,0.000,0,up,"NY Fed SRF total accepted 3.0$m on 2025-10-02 [archive import: scored retroactively, not a live reading]",2025-10-02,scoring
2025-10-03,105,0.011,0,up,"NY Fed SRF total accepted 105.0$m on 2025-10-03 [archive import: scored retroactively, not a live reading]",2025-10-03,scoring
2025-10-06,20,0.002,0,up,"NY Fed SRF total accepted 20.0$m on 2025-10-06 [archive import: scored retroactively, not a live reading]",2025-10-06,scoring
2025-10-07,2,0.000,0,up,"NY Fed SRF total accepted 2.0$m on 2025-10-07 [archive import: scored retroactively, not a live reading]",2025-10-07,scoring
2025-10-08,98,0.010,0,up,"NY Fed SRF total accepted 98.0$m on 2025-10-08 [archive import: scored retroactively, not a live reading]",2025-10-08,scoring
2025-10-09,2,0.000,0,up,"NY Fed SRF total accepted 2.0$m on 2025-10-09 [archive import: scored retroactively, not a live reading]",2025-10-09,scoring
2025-10-10,0,0.000,0,flat,"NY Fed SRF total accepted 0.0$m on 2025-10-10 [archive import: scored retroactively, not a live reading]",2025-10-10,scoring
2025-10-14,0,0.000,0,flat,"NY Fed SRF total accepted 0.0$m on 2025-10-14 [archive import: scored retroactively, not a live reading]",2025-10-14,scoring
2025-10-15,6750,0.675,0,up,"NY Fed SRF total accepted 6,750.0$m on 2025-10-15 [archive import: scored retroactively, not a live reading]",2025-10-15,scoring
2025-10-16,8350,0.835,0,up,"NY Fed SRF total accepted 8,350.0$m on 2025-10-16 [archive import: scored retroactively, not a live reading]",2025-10-16,scoring
2025-10-17,0,0.000,0,flat,"NY Fed SRF total accepted 0.0$m on 2025-10-17 [archive import: scored retroactively, not a live reading]",2025-10-17,scoring
2025-10-20,2001,0.200,0,up,"NY Fed SRF total accepted 2,001.0$m on 2025-10-20 [archive import: scored retroactively, not a live reading]",2025-10-20,scoring
2025-10-21,3000,0.300,0,up,"NY Fed SRF total accepted 3,000.0$m on 2025-10-21 [archive import: scored retroactively, not a live reading]",2025-10-21,scoring
2025-10-22,1,0.000,0,up,"NY Fed SRF total accepted 1.0$m on 2025-10-22 [archive import: scored retroactively, not a live reading]",2025-10-22,scoring
2025-10-23,3003,0.300,0,up,"NY Fed SRF total accepted 3,003.0$m on 2025-10-23 [archive import: scored retroactively, not a live reading]",2025-10-23,scoring
2025-10-24,0,0.000,0,flat,"NY Fed SRF total accepted 0.0$m on 2025-10-24 [archive import: scored retroactively, not a live reading]",2025-10-24,scoring
2025-10-27,8400,0.840,0,up,"NY Fed SRF total accepted 8,400.0$m on 2025-10-27 [archive import: scored retroactively, not a live reading]",2025-10-27,scoring
2025-10-28,7753,0.775,0,up,"NY Fed SRF total accepted 7,753.0$m on 2025-10-28 [archive import: scored retroactively, not a live reading]",2025-10-28,scoring
2025-10-29,10311,1.031,0,up,"NY Fed SRF total accepted 10,311.0$m on 2025-10-29 [archive import: scored retroactively, not a live reading]",2025-10-29,scoring
2025-10-30,6200,0.620,0,up,"NY Fed SRF total accepted 6,200.0$m on 2025-10-30 [archive import: scored retroactively, not a live reading]",2025-10-30,scoring
2025-10-31,50350,5.035,1,up,"NY Fed SRF total accepted 50,350.0$m on 2025-10-31 [archive import: scored retroactively, not a live reading]",2025-10-31,scoring
2025-11-03,22000,2.200,0,up,"NY Fed SRF total accepted 22,000.0$m on 2025-11-03 [archive import: scored retroactively, not a live reading]",2025-11-03,scoring
2025-11-04,4802,0.480,0,up,"NY Fed SRF total accepted 4,802.0$m on 2025-11-04 [archive import: scored retroactively, not a live reading]",2025-11-04,scoring
2025-11-05,102,0.010,0,up,"NY Fed SRF total accepted 102.0$m on 2025-11-05 [archive import: scored retroactively, not a live reading]",2025-11-05,scoring
2025-11-06,1,0.000,0,up,"NY Fed SRF total accepted 1.0$m on 2025-11-06 [archive import: scored retroactively, not a live reading]",2025-11-06,scoring
2025-11-07,2000,0.200,0,up,"NY Fed SRF total accepted 2,000.0$m on 2025-11-07 [archive import: scored retroactively, not a live reading]",2025-11-07,scoring
2025-11-10,3,0.000,0,up,"NY Fed SRF total accepted 3.0$m on 2025-11-10 [archive import: scored retroactively, not a live reading]",2025-11-10,scoring
2025-11-12,6052,0.605,0,up,"NY Fed SRF total accepted 6,052.0$m on 2025-11-12 [archive import: scored retroactively, not a live reading]",2025-11-12,scoring
2025-11-13,3900,0.390,0,up,"NY Fed SRF total accepted 3,900.0$m on 2025-11-13 [archive import: scored retroactively, not a live reading]",2025-11-13,scoring
2025-11-14,20,0.002,0,up,"NY Fed SRF total accepted 20.0$m on 2025-11-14 [archive import: scored retroactively, not a live reading]",2025-11-14,scoring
2025-11-17,5573,0.557,0,up,"NY Fed SRF total accepted 5,573.0$m on 2025-11-17 [archive import: scored retroactively, not a live reading]",2025-11-17,scoring
2025-11-18,8,0.001,0,up,"NY Fed SRF total accepted 8.0$m on 2025-11-18 [archive import: scored retroactively, not a live reading]",2025-11-18,scoring
2025-11-19,6,0.001,0,up,"NY Fed SRF total accepted 6.0$m on 2025-11-19 [archive import: scored retroactively, not a live reading]",2025-11-19,scoring
2025-11-20,1,0.000,0,up,"NY Fed SRF total accepted 1.0$m on 2025-11-20 [archive import: scored retroactively, not a live reading]",2025-11-20,scoring
2025-11-21,0,0.000,0,flat,"NY Fed SRF total accepted 0.0$m on 2025-11-21 [archive import: scored retroactively, not a live reading]",2025-11-21,scoring
2025-11-24,1,0.000,0,up,"NY Fed SRF total accepted 1.0$m on 2025-11-24 [archive import: scored retroactively, not a live reading]",2025-11-24,scoring
2025-11-25,10600,1.060,0,up,"NY Fed SRF total accepted 10,600.0$m on 2025-11-25 [archive import: scored retroactively, not a live reading]",2025-11-25,scoring
2025-11-26,14000,1.400,0,up,"NY Fed SRF total accepted 14,000.0$m on 2025-11-26 [archive import: scored retroactively, not a live reading]",2025-11-26,scoring
2025-11-28,24400,2.440,0,up,"NY Fed SRF total accepted 24,400.0$m on 2025-11-28 [archive import: scored retroactively, not a live reading]",2025-11-28,scoring
2025-12-01,26000,2.600,0,up,"NY Fed SRF total accepted 26,000.0$m on 2025-12-01 [archive import: scored retroactively, not a live reading]",2025-12-01,scoring
2025-12-02,10257,1.026,0,up,"NY Fed SRF total accepted 10,257.0$m on 2025-12-02 [archive import: scored retroactively, not a live reading]",2025-12-02,scoring
2025-12-03,1,0.000,0,up,"NY Fed SRF total accepted 1.0$m on 2025-12-03 [archive import: scored retroactively, not a live reading]",2025-12-03,scoring
2025-12-04,2,0.000,0,up,"NY Fed SRF total accepted 2.0$m on 2025-12-04 [archive import: scored retroactively, not a live reading]",2025-12-04,scoring
2025-12-05,2,0.000,0,up,"NY Fed SRF total accepted 2.0$m on 2025-12-05 [archive import: scored retroactively, not a live reading]",2025-12-05,scoring
2025-12-08,0,0.000,0,flat,"NY Fed SRF total accepted 0.0$m on 2025-12-08 [archive import: scored retroactively, not a live reading]",2025-12-08,scoring
2025-12-09,107,0.011,0,up,"NY Fed SRF total accepted 107.0$m on 2025-12-09 [archive import: scored retroactively, not a live reading]",2025-12-09,scoring
2025-12-10,1,0.000,0,up,"NY Fed SRF total accepted 1.0$m on 2025-12-10 [archive import: scored retroactively, not a live reading]",2025-12-10,scoring
2025-12-11,1,0.000,0,up,"NY Fed SRF total accepted 1.0$m on 2025-12-11 [archive import: scored retroactively, not a live reading]",2025-12-11,scoring
2025-12-12,1,0.000,0,up,"NY Fed SRF total accepted 1.0$m on 2025-12-12 [archive import: scored retroactively, not a live reading]",2025-12-12,scoring
2025-12-15,16801,1.680,0,up,"NY Fed SRF total accepted 16,801.0$m on 2025-12-15 [archive import: scored retroactively, not a live reading]",2025-12-15,scoring
2025-12-16,4000,0.400,0,up,"NY Fed SRF total accepted 4,000.0$m on 2025-12-16 [archive import: scored retroactively, not a live reading]",2025-12-16,scoring
2025-12-17,1,0.000,0,up,"NY Fed SRF total accepted 1.0$m on 2025-12-17 [archive import: scored retroactively, not a live reading]",2025-12-17,scoring
2025-12-18,0,0.000,0,flat,"NY Fed SRF total accepted 0.0$m on 2025-12-18 [archive import: scored retroactively, not a live reading]",2025-12-18,scoring
2025-12-19,0,0.000,0,flat,"NY Fed SRF total accepted 0.0$m on 2025-12-19 [archive import: scored retroactively, not a live reading]",2025-12-19,scoring
2025-12-22,0,0.000,0,flat,"NY Fed SRF total accepted 0.0$m on 2025-12-22 [archive import: scored retroactively, not a live reading]",2025-12-22,scoring
2025-12-23,6,0.001,0,up,"NY Fed SRF total accepted 6.0$m on 2025-12-23 [archive import: scored retroactively, not a live reading]",2025-12-23,scoring
2025-12-24,503,0.050,0,up,"NY Fed SRF total accepted 503.0$m on 2025-12-24 [archive import: scored retroactively, not a live reading]",2025-12-24,scoring
2025-12-26,17251,1.725,0,up,"NY Fed SRF total accepted 17,251.0$m on 2025-12-26 [archive import: scored retroactively, not a live reading]",2025-12-26,scoring
2025-12-29,25950,2.595,0,up,"NY Fed SRF total accepted 25,950.0$m on 2025-12-29 [archive import: scored retroactively, not a live reading]",2025-12-29,scoring
2025-12-30,3000,0.300,0,up,"NY Fed SRF total accepted 3,000.0$m on 2025-12-30 [archive import: scored retroactively, not a live reading]",2025-12-30,scoring
2025-12-31,74600,7.460,1,up,"NY Fed SRF total accepted 74,600.0$m on 2025-12-31 [archive import: scored retroactively, not a live reading]",2025-12-31,scoring
2026-01-02,22800,2.280,0,up,"NY Fed SRF total accepted 22,800.0$m on 2026-01-02 [archive import: scored retroactively, not a live reading]",2026-01-02,scoring
2026-01-05,20,0.002,0,up,"NY Fed SRF total accepted 20.0$m on 2026-01-05 [archive import: scored retroactively, not a live reading]",2026-01-05,scoring
2026-01-06,0,0.000,0,flat,"NY Fed SRF total accepted 0.0$m on 2026-01-06 [archive import: scored retroactively, not a live reading]",2026-01-06,scoring
2026-01-07,0,0.000,0,flat,"NY Fed SRF total accepted 0.0$m on 2026-01-07 [archive import: scored retroactively, not a live reading]",2026-01-07,scoring
2026-01-08,0,0.000,0,flat,"NY Fed SRF total accepted 0.0$m on 2026-01-08 [archive import: scored retroactively, not a live reading]",2026-01-08,scoring
2026-01-09,0,0.000,0,flat,"NY Fed SRF total accepted 0.0$m on 2026-01-09 [archive import: scored retroactively, not a live reading]",2026-01-09,scoring
2026-01-12,1,0.000,0,up,"NY Fed SRF total accepted 1.0$m on 2026-01-12 [archive import: scored retroactively, not a live reading]",2026-01-12,scoring
2026-01-13,102,0.010,0,up,"NY Fed SRF total accepted 102.0$m on 2026-01-13 [archive import: scored retroactively, not a live reading]",2026-01-13,scoring
2026-01-14,0,0.000,0,flat,"NY Fed SRF total accepted 0.0$m on 2026-01-14 [archive import: scored retroactively, not a live reading]",2026-01-14,scoring
2026-01-15,0,0.000,0,flat,"NY Fed SRF total accepted 0.0$m on 2026-01-15 [archive import: scored retroactively, not a live reading]",2026-01-15,scoring
2026-01-16,0,0.000,0,flat,"NY Fed SRF total accepted 0.0$m on 2026-01-16 [archive import: scored retroactively, not a live reading]",2026-01-16,scoring
2026-01-20,0,0.000,0,flat,"NY Fed SRF total accepted 0.0$m on 2026-01-20 [archive import: scored retroactively, not a live reading]",2026-01-20,scoring
2026-01-21,1,0.000,0,up,"NY Fed SRF total accepted 1.0$m on 2026-01-21 [archive import: scored retroactively, not a live reading]",2026-01-21,scoring
2026-01-22,0,0.000,0,flat,"NY Fed SRF total accepted 0.0$m on 2026-01-22 [archive import: scored retroactively, not a live reading]",2026-01-22,scoring
2026-01-23,0,0.000,0,flat,"NY Fed SRF total accepted 0.0$m on 2026-01-23 [archive import: scored retroactively, not a live reading]",2026-01-23,scoring
2026-01-26,1,0.000,0,up,"NY Fed SRF total accepted 1.0$m on 2026-01-26 [archive import: scored retroactively, not a live reading]",2026-01-26,scoring
2026-01-27,1,0.000,0,up,"NY Fed SRF total accepted 1.0$m on 2026-01-27 [archive import: scored retroactively, not a live reading]",2026-01-27,scoring
2026-01-28,6,0.001,0,up,"NY Fed SRF total accepted 6.0$m on 2026-01-28 [archive import: scored retroactively, not a live reading]",2026-01-28,scoring
2026-01-29,0,0.000,0,flat,"NY Fed SRF total accepted 0.0$m on 2026-01-29 [archive import: scored retroactively, not a live reading]",2026-01-29,scoring
2026-01-30,0,0.000,0,flat,"NY Fed SRF total accepted 0.0$m on 2026-01-30 [archive import: scored retroactively, not a live reading]",2026-01-30,scoring
2026-02-02,25,0.003,0,up,"NY Fed SRF total accepted 25.0$m on 2026-02-02 [archive import: scored retroactively, not a live reading]",2026-02-02,scoring
2026-02-03,2,0.000,0,up,"NY Fed SRF total accepted 2.0$m on 2026-02-03 [archive import: scored retroactively, not a live reading]",2026-02-03,scoring
2026-02-04,1,0.000,0,up,"NY Fed SRF total accepted 1.0$m on 2026-02-04 [archive import: scored retroactively, not a live reading]",2026-02-04,scoring
2026-02-05,3,0.000,0,up,"NY Fed SRF total accepted 3.0$m on 2026-02-05 [archive import: scored retroactively, not a live reading]",2026-02-05,scoring
2026-02-06,1,0.000,0,up,"NY Fed SRF total accepted 1.0$m on 2026-02-06 [archive import: scored retroactively, not a live reading]",2026-02-06,scoring
2026-02-09,21,0.002,0,up,"NY Fed SRF total accepted 21.0$m on 2026-02-09 [archive import: scored retroactively, not a live reading]",2026-02-09,scoring
2026-02-10,100,0.010,0,up,"NY Fed SRF total accepted 100.0$m on 2026-02-10 [archive import: scored retroactively, not a live reading]",2026-02-10,scoring
2026-02-11,8,0.001,0,up,"NY Fed SRF total accepted 8.0$m on 2026-02-11 [archive import: scored retroactively, not a live reading]",2026-02-11,scoring
2026-02-12,0,0.000,0,flat,"NY Fed SRF total accepted 0.0$m on 2026-02-12 [archive import: scored retroactively, not a live reading]",2026-02-12,scoring
2026-02-13,0,0.000,0,flat,"NY Fed SRF total accepted 0.0$m on 2026-02-13 [archive import: scored retroactively, not a live reading]",2026-02-13,scoring
2026-02-17,30500,3.050,1,up,"NY Fed SRF total accepted 30,500.0$m on 2026-02-17 [archive import: scored retroactively, not a live reading]",2026-02-17,scoring
2026-02-18,60,0.006,0,up,"NY Fed SRF total accepted 60.0$m on 2026-02-18 [archive import: scored retroactively, not a live reading]",2026-02-18,scoring
2026-02-19,0,0.000,0,flat,"NY Fed SRF total accepted 0.0$m on 2026-02-19 [archive import: scored retroactively, not a live reading]",2026-02-19,scoring
2026-02-20,0,0.000,0,flat,"NY Fed SRF total accepted 0.0$m on 2026-02-20 [archive import: scored retroactively, not a live reading]",2026-02-20,scoring
2026-02-23,3,0.000,0,up,"NY Fed SRF total accepted 3.0$m on 2026-02-23 [archive import: scored retroactively, not a live reading]",2026-02-23,scoring
2026-02-24,0,0.000,0,flat,"NY Fed SRF total accepted 0.0$m on 2026-02-24 [archive import: scored retroactively, not a live reading]",2026-02-24,scoring
2026-02-25,3,0.000,0,up,"NY Fed SRF total accepted 3.0$m on 2026-02-25 [archive import: scored retroactively, not a live reading]",2026-02-25,scoring
2026-02-26,0,0.000,0,flat,"NY Fed SRF total accepted 0.0$m on 2026-02-26 [archive import: scored retroactively, not a live reading]",2026-02-26,scoring
2026-02-27,0,0.000,0,flat,"NY Fed SRF total accepted 0.0$m on 2026-02-27 [archive import: scored retroactively, not a live reading]",2026-02-27,scoring
2026-03-02,9000,0.900,0,up,"NY Fed SRF total accepted 9,000.0$m on 2026-03-02 [archive import: scored retroactively, not a live reading]",2026-03-02,scoring
2026-03-03,4,0.000,0,up,"NY Fed SRF total accepted 4.0$m on 2026-03-03 [archive import: scored retroactively, not a live reading]",2026-03-03,scoring
2026-03-04,6,0.001,0,up,"NY Fed SRF total accepted 6.0$m on 2026-03-04 [archive import: scored retroactively, not a live reading]",2026-03-04,scoring
2026-03-05,1,0.000,0,up,"NY Fed SRF total accepted 1.0$m on 2026-03-05 [archive import: scored retroactively, not a live reading]",2026-03-05,scoring
2026-03-06,1,0.000,0,up,"NY Fed SRF total accepted 1.0$m on 2026-03-06 [archive import: scored retroactively, not a live reading]",2026-03-06,scoring
2026-03-09,0,0.000,0,flat,"NY Fed SRF total accepted 0.0$m on 2026-03-09 [archive import: scored retroactively, not a live reading]",2026-03-09,scoring
2026-03-10,104,0.010,0,up,"NY Fed SRF total accepted 104.0$m on 2026-03-10 [archive import: scored retroactively, not a live reading]",2026-03-10,scoring
2026-03-11,1,0.000,0,up,"NY Fed SRF total accepted 1.0$m on 2026-03-11 [archive import: scored retroactively, not a live reading]",2026-03-11,scoring
2026-03-12,6,0.001,0,up,"NY Fed SRF total accepted 6.0$m on 2026-03-12 [archive import: scored retroactively, not a live reading]",2026-03-12,scoring
2026-03-13,0,0.000,0,flat,"NY Fed SRF total accepted 0.0$m on 2026-03-13 [archive import: scored retroactively, not a live reading]",2026-03-13,scoring
2026-03-16,0,0.000,0,flat,"NY Fed SRF total accepted 0.0$m on 2026-03-16 [archive import: scored retroactively, not a live reading]",2026-03-16,scoring
2026-03-17,0,0.000,0,flat,"NY Fed SRF total accepted 0.0$m on 2026-03-17 [archive import: scored retroactively, not a live reading]",2026-03-17,scoring
2026-03-18,6,0.001,0,up,"NY Fed SRF total accepted 6.0$m on 2026-03-18 [archive import: scored retroactively, not a live reading]",2026-03-18,scoring
2026-03-19,30,0.003,0,up,"NY Fed SRF total accepted 30.0$m on 2026-03-19 [archive import: scored retroactively, not a live reading]",2026-03-19,scoring
2026-03-20,0,0.000,0,flat,"NY Fed SRF total accepted 0.0$m on 2026-03-20 [archive import: scored retroactively, not a live reading]",2026-03-20,scoring
2026-03-23,20,0.002,0,up,"NY Fed SRF total accepted 20.0$m on 2026-03-23 [archive import: scored retroactively, not a live reading]",2026-03-23,scoring
2026-03-24,2,0.000,0,up,"NY Fed SRF total accepted 2.0$m on 2026-03-24 [archive import: scored retroactively, not a live reading]",2026-03-24,scoring
2026-03-25,1,0.000,0,up,"NY Fed SRF total accepted 1.0$m on 2026-03-25 [archive import: scored retroactively, not a live reading]",2026-03-25,scoring
2026-03-26,2,0.000,0,up,"NY Fed SRF total accepted 2.0$m on 2026-03-26 [archive import: scored retroactively, not a live reading]",2026-03-26,scoring
2026-03-27,0,0.000,0,flat,"NY Fed SRF total accepted 0.0$m on 2026-03-27 [archive import: scored retroactively, not a live reading]",2026-03-27,scoring
2026-03-30,3,0.000,0,up,"NY Fed SRF total accepted 3.0$m on 2026-03-30 [archive import: scored retroactively, not a live reading]",2026-03-30,scoring
2026-03-31,1,0.000,0,up,"NY Fed SRF total accepted 1.0$m on 2026-03-31 [archive import: scored retroactively, not a live reading]",2026-03-31,scoring
2026-04-01,750,0.075,0,up,"NY Fed SRF total accepted 750.0$m on 2026-04-01 [archive import: scored retroactively, not a live reading]",2026-04-01,scoring
2026-04-02,0,0.000,0,flat,"NY Fed SRF total accepted 0.0$m on 2026-04-02 [archive import: scored retroactively, not a live reading]",2026-04-02,scoring
2026-04-06,0,0.000,0,flat,"NY Fed SRF total accepted 0.0$m on 2026-04-06 [archive import: scored retroactively, not a live reading]",2026-04-06,scoring
2026-04-07,0,0.000,0,flat,"NY Fed SRF total accepted 0.0$m on 2026-04-07 [archive import: scored retroactively, not a live reading]",2026-04-07,scoring
2026-04-08,101,0.010,0,up,"NY Fed SRF total accepted 101.0$m on 2026-04-08 [archive import: scored retroactively, not a live reading]",2026-04-08,scoring
2026-04-09,0,0.000,0,flat,"NY Fed SRF total accepted 0.0$m on 2026-04-09 [archive import: scored retroactively, not a live reading]",2026-04-09,scoring
2026-04-10,0,0.000,0,flat,"NY Fed SRF total accepted 0.0$m on 2026-04-10 [archive import: scored retroactively, not a live reading]",2026-04-10,scoring
2026-04-13,0,0.000,0,flat,"NY Fed SRF total accepted 0.0$m on 2026-04-13 [archive import: scored retroactively, not a live reading]",2026-04-13,scoring
2026-04-14,2,0.000,0,up,"NY Fed SRF total accepted 2.0$m on 2026-04-14 [archive import: scored retroactively, not a live reading]",2026-04-14,scoring
2026-04-15,10463,1.046,0,up,"NY Fed SRF total accepted 10,463.0$m on 2026-04-15 [archive import: scored retroactively, not a live reading]",2026-04-15,scoring
2026-04-16,1,0.000,0,up,"NY Fed SRF total accepted 1.0$m on 2026-04-16 [archive import: scored retroactively, not a live reading]",2026-04-16,scoring
2026-04-17,0,0.000,0,flat,"NY Fed SRF total accepted 0.0$m on 2026-04-17 [archive import: scored retroactively, not a live reading]",2026-04-17,scoring
2026-04-20,0,0.000,0,flat,"NY Fed SRF total accepted 0.0$m on 2026-04-20 [archive import: scored retroactively, not a live reading]",2026-04-20,scoring
2026-04-21,2,0.000,0,up,"NY Fed SRF total accepted 2.0$m on 2026-04-21 [archive import: scored retroactively, not a live reading]",2026-04-21,scoring
2026-04-22,4,0.000,0,up,"NY Fed SRF total accepted 4.0$m on 2026-04-22 [archive import: scored retroactively, not a live reading]",2026-04-22,scoring
2026-04-23,0,0.000,0,flat,"NY Fed SRF total accepted 0.0$m on 2026-04-23 [archive import: scored retroactively, not a live reading]",2026-04-23,scoring
2026-04-24,0,0.000,0,flat,"NY Fed SRF total accepted 0.0$m on 2026-04-24 [archive import: scored retroactively, not a live reading]",2026-04-24,scoring
2026-04-27,1,0.000,0,up,"NY Fed SRF total accepted 1.0$m on 2026-04-27 [archive import: scored retroactively, not a live reading]",2026-04-27,scoring
2026-04-28,6,0.001,0,up,"NY Fed SRF total accepted 6.0$m on 2026-04-28 [archive import: scored retroactively, not a live reading]",2026-04-28,scoring
2026-04-29,1,0.000,0,up,"NY Fed SRF total accepted 1.0$m on 2026-04-29 [archive import: scored retroactively, not a live reading]",2026-04-29,scoring
2026-04-30,0,0.000,0,flat,"NY Fed SRF total accepted 0.0$m on 2026-04-30 [archive import: scored retroactively, not a live reading]",2026-04-30,scoring
2026-05-01,3,0.000,0,up,"NY Fed SRF total accepted 3.0$m on 2026-05-01 [archive import: scored retroactively, not a live reading]",2026-05-01,scoring
2026-05-04,20,0.002,0,up,"NY Fed SRF total accepted 20.0$m on 2026-05-04 [archive import: scored retroactively, not a live reading]",2026-05-04,scoring
2026-05-05,2,0.000,0,up,"NY Fed SRF total accepted 2.0$m on 2026-05-05 [archive import: scored retroactively, not a live reading]",2026-05-05,scoring
2026-05-06,0,0.000,0,flat,"NY Fed SRF total accepted 0.0$m on 2026-05-06 [archive import: scored retroactively, not a live reading]",2026-05-06,scoring
2026-05-07,1,0.000,0,up,"NY Fed SRF total accepted 1.0$m on 2026-05-07 [archive import: scored retroactively, not a live reading]",2026-05-07,scoring
2026-05-08,0,0.000,0,flat,"NY Fed SRF total accepted 0.0$m on 2026-05-08 [archive import: scored retroactively, not a live reading]",2026-05-08,scoring
2026-05-11,0,0.000,0,flat,"NY Fed SRF total accepted 0.0$m on 2026-05-11 [archive import: scored retroactively, not a live reading]",2026-05-11,scoring
2026-05-12,101,0.010,0,up,"NY Fed SRF total accepted 101.0$m on 2026-05-12 [archive import: scored retroactively, not a live reading]",2026-05-12,scoring
2026-05-13,4,0.000,0,up,"NY Fed SRF total accepted 4.0$m on 2026-05-13 [archive import: scored retroactively, not a live reading]",2026-05-13,scoring
2026-05-14,0,0.000,0,flat,"NY Fed SRF total accepted 0.0$m on 2026-05-14 [archive import: scored retroactively, not a live reading]",2026-05-14,scoring
2026-05-15,0,0.000,0,flat,"NY Fed SRF total accepted 0.0$m on 2026-05-15 [archive import: scored retroactively, not a live reading]",2026-05-15,scoring
2026-05-18,1,0.000,0,up,"NY Fed SRF total accepted 1.0$m on 2026-05-18 [archive import: scored retroactively, not a live reading]",2026-05-18,scoring
2026-05-19,3,0.000,0,up,"NY Fed SRF total accepted 3.0$m on 2026-05-19 [archive import: scored retroactively, not a live reading]",2026-05-19,scoring
2026-05-20,7,0.001,0,up,"NY Fed SRF total accepted 7.0$m on 2026-05-20 [archive import: scored retroactively, not a live reading]",2026-05-20,scoring
2026-05-21,3,0.000,0,up,"NY Fed SRF total accepted 3.0$m on 2026-05-21 [archive import: scored retroactively, not a live reading]",2026-05-21,scoring
2026-05-22,300,0.030,0,up,"NY Fed SRF total accepted 300.0$m on 2026-05-22 [archive import: scored retroactively, not a live reading]",2026-05-22,scoring
2026-05-26,31,0.003,0,up,"NY Fed SRF total accepted 31.0$m on 2026-05-26 [archive import: scored retroactively, not a live reading]",2026-05-26,scoring
2026-05-27,111,0.011,0,up,"NY Fed SRF total accepted 111.0$m on 2026-05-27 [archive import: scored retroactively, not a live reading]",2026-05-27,scoring
2026-05-28,1,0.000,0,up,"NY Fed SRF total accepted 1.0$m on 2026-05-28 [archive import: scored retroactively, not a live reading]",2026-05-28,scoring
2026-05-29,5,0.001,0,up,"NY Fed SRF total accepted 5.0$m on 2026-05-29 [archive import: scored retroactively, not a live reading]",2026-05-29,scoring
2026-06-01,0,0.000,0,flat,"NY Fed SRF total accepted 0.0$m on 2026-06-01 [archive import: scored retroactively, not a live reading]",2026-06-01,scoring
2026-06-02,12,0.001,0,up,"NY Fed SRF total accepted 12.0$m on 2026-06-02 [archive import: scored retroactively, not a live reading]",2026-06-02,scoring
2026-06-03,4,0.000,0,up,"NY Fed SRF total accepted 4.0$m on 2026-06-03 [archive import: scored retroactively, not a live reading]",2026-06-03,scoring
2026-06-04,3,0.000,0,up,"NY Fed SRF total accepted 3.0$m on 2026-06-04 [archive import: scored retroactively, not a live reading]",2026-06-04,scoring
2026-06-05,4,0.000,0,up,"NY Fed SRF total accepted 4.0$m on 2026-06-05 [archive import: scored retroactively, not a live reading]",2026-06-05,scoring
2026-06-08,0,0.000,0,flat,"NY Fed SRF total accepted 0.0$m on 2026-06-08 [archive import: scored retroactively, not a live reading]",2026-06-08,scoring
2026-06-09,103,0.010,0,up,"NY Fed SRF total accepted 103.0$m on 2026-06-09 [archive import: scored retroactively, not a live reading]",2026-06-09,scoring
2026-06-10,4,0.000,0,up,"NY Fed SRF total accepted 4.0$m on 2026-06-10 [archive import: scored retroactively, not a live reading]",2026-06-10,scoring
2026-06-11,1,0.000,0,up,"NY Fed SRF total accepted 1.0$m on 2026-06-11 [archive import: scored retroactively, not a live reading]",2026-06-11,scoring
2026-06-12,0,0.000,0,flat,"NY Fed SRF total accepted 0.0$m on 2026-06-12 [archive import: scored retroactively, not a live reading]",2026-06-12,scoring
2026-06-15,1,0.000,0,up,"NY Fed SRF total accepted 1.0$m on 2026-06-15 [archive import: scored retroactively, not a live reading]",2026-06-15,scoring
2026-06-16,21,0.002,0,up,"NY Fed SRF total accepted 21.0$m on 2026-06-16 [archive import: scored retroactively, not a live reading]",2026-06-16,scoring
2026-06-17,2,0.000,0,up,"NY Fed SRF total accepted 2.0$m on 2026-06-17 [archive import: scored retroactively, not a live reading]",2026-06-17,scoring
2026-06-18,1,0.000,0,up,"NY Fed SRF total accepted 1.0$m on 2026-06-18 [archive import: scored retroactively, not a live reading]",2026-06-18,scoring
2026-06-22,0,0.000,0,flat,"NY Fed SRF total accepted 0.0$m on 2026-06-22 [archive import: scored retroactively, not a live reading]",2026-06-22,scoring
2026-06-23,0,0.000,0,flat,"NY Fed SRF total accepted 0.0$m on 2026-06-23 [archive import: scored retroactively, not a live reading]",2026-06-23,scoring
2026-06-24,4,0.000,0,up,"NY Fed SRF total accepted 4.0$m on 2026-06-24 [archive import: scored retroactively, not a live reading]",2026-06-24,scoring
2026-06-25,2,0.000,0,up,"NY Fed SRF total accepted 2.0$m on 2026-06-25 [archive import: scored retroactively, not a live reading]",2026-06-25,scoring
2026-06-26,0,0.000,0,flat,"NY Fed SRF total accepted 0.0$m on 2026-06-26 [archive import: scored retroactively, not a live reading]",2026-06-26,scoring
2026-06-29,0,0.000,0,flat,"NY Fed SRF total accepted 0.0$m on 2026-06-29 [archive import: scored retroactively, not a live reading]",2026-06-29,scoring
2026-06-30,0,0.000,0,flat,"NY Fed SRF total accepted 0.0$m on 2026-06-30 [archive import: scored retroactively, not a live reading]",2026-06-30,scoring
2026-07-01,1,0.000,0,up,"NY Fed SRF total accepted 1.0$m on 2026-07-01 [archive import: scored retroactively, not a live reading]",2026-07-01,scoring
2026-07-02,0,0.000,0,flat,"NY Fed SRF total accepted 0.0$m on 2026-07-02 [archive import: scored retroactively, not a live reading]",2026-07-02,scoring
2026-07-06,3,0.000,0,up,"NY Fed SRF total accepted 3.0$m on 2026-07-06 [archive import: scored retroactively, not a live reading]",2026-07-06,scoring
2026-07-07,3,0.000,0,up,"NY Fed SRF total accepted 3.0$m on 2026-07-07 [archive import: scored retroactively, not a live reading]",2026-07-07,scoring
2026-07-08,0,0.000,0,flat,"NY Fed SRF total accepted 0.0$m on 2026-07-08 [archive import: scored retroactively, not a live reading]",2026-07-08,scoring
2026-07-09,0,0.000,0,flat,"NY Fed SRF total accepted 0.0$m on 2026-07-09 [archive import: scored retroactively, not a live reading]",2026-07-09,scoring
2026-07-10,0,0.000,0,flat,"NY Fed SRF total accepted 0.0$m on 2026-07-10 [archive import: scored retroactively, not a live reading]",2026-07-10,scoring
2026-07-13,0,0.000,0,flat,"NY Fed SRF total accepted 0.0$m on 2026-07-13 [archive import: scored retroactively, not a live reading]",2026-07-13,scoring
2026-07-14,101,0.010,0,up,"NY Fed SRF total accepted 101.0$m on 2026-07-14 [archive import: scored retroactively, not a live reading]",2026-07-14,scoring
2026-07-15,102,0.010,0,up,"NY Fed SRF total accepted 102.0$m on 2026-07-15 [archive import: scored retroactively, not a live reading]",2026-07-15,scoring
2026-07-16,0,0.000,0,flat,"NY Fed SRF total accepted 0.0$m on 2026-07-16 [archive import: scored retroactively, not a live reading]",2026-07-16,scoring
2026-07-17,0,0.000,0,flat,"NY Fed SRF total accepted 0.0$m on 2026-07-17 [archive import: scored retroactively, not a live reading]",2026-07-17,scoring
2026-07-20,0,0.000,0,flat,"NY Fed SRF total accepted 0.0$m on 2026-07-20 [archive import: scored retroactively, not a live reading]",2026-07-20,scoring
2026-07-21,0,0.000,0,flat,"NY Fed SRF total accepted 0.0$m on 2026-07-21 [archive import: scored retroactively, not a live reading]",2026-07-21,scoring
2026-07-22,0,0.000,0,flat,"NY Fed SRF total accepted 0.0$m on 2026-07-22 [archive import: scored retroactively, not a live reading]",2026-07-22,scoring
2026-07-23,7,0.001,0,up,"NY Fed SRF total accepted 7.0$m on 2026-07-23 [archive import: scored retroactively, not a live reading]",2026-07-23,scoring
2026-07-24,1,0.000,0,up,"NY Fed SRF total accepted 1.0$m on 2026-07-24 [archive import: scored retroactively, not a live reading]",2026-07-24,scoring
2026-07-27,20,0.002,0,up,"NY Fed SRF total accepted 20.0$m on 2026-07-27 [archive import: scored retroactively, not a live reading]",2026-07-27,scoring
2026-07-28,9,0.001,0,up,"NY Fed SRF total accepted 9.0$m on 2026-07-28 [archive import: scored retroactively, not a live reading]",2026-07-28,scoring
2026-07-29,3,0.000,0,up,"NY Fed SRF total accepted 3.0$m on 2026-07-29 [archive import: scored retroactively, not a live reading]",2026-07-29,scoring
2026-07-30,8,0.001,0,up,"NY Fed SRF total accepted 8.0$m on 2026-07-30 [archive import: scored retroactively, not a live reading]",2026-07-30,scoring
2026-07-31,0,0.000,0,flat,"NY Fed SRF total accepted 0.0$m on 2026-07-31 [archive import: scored retroactively, not a live reading]",2026-07-31,scoring
2026-08-03,0,0.000,0,flat,"NY Fed SRF total accepted 0.0$m on 2026-08-03 [archive import: scored retroactively, not a live reading]",2026-08-03,scoring
2026-08-04,1,0.000,0,up,"NY Fed SRF total accepted 1.0$m on 2026-08-04 [archive import: scored retroactively, not a live reading]",2026-08-04,scoring
2026-08-05,1,0.000,0,up,"NY Fed SRF total accepted 1.0$m on 2026-08-05 [archive import: scored retroactively, not a live reading]",2026-08-05,scoring
2026-08-06,0,0.000,0,flat,"NY Fed SRF total accepted 0.0$m on 2026-08-06 [archive import: scored retroactively, not a live reading]",2026-08-06,scoring
2026-08-07,0,0.000,0,flat,"NY Fed SRF total accepted 0.0$m on 2026-08-07 [archive import: scored retroactively, not a live reading]",2026-08-07,scoring
2026-08-10,0,0.000,0,flat,"NY Fed SRF total accepted 0.0$m on 2026-08-10 [archive import: scored retroactively, not a live reading]",2026-08-10,scoring
2026-08-11,100,0.010,0,up,"NY Fed SRF total accepted 100.0$m on 2026-08-11 [archive import: scored retroactively, not a live reading]",2026-08-11,scoring
2026-08-12,0,0.000,0,flat,"NY Fed SRF total accepted 0.0$m on 2026-08-12 [archive import: scored retroactively, not a live reading]",2026-08-12,scoring
2026-08-13,2,0.000,0,up,"NY Fed SRF total accepted 2.0$m on 2026-08-13 [archive import: scored retroactively, not a live reading]",2026-08-13,scoring
2026-08-14,0,0.000,0,flat,"NY Fed SRF total accepted 0.0$m on 2026-08-14 [archive import: scored retroactively, not a live reading]",2026-08-14,scoring
2026-08-17,1,0.000,0,up,"NY Fed SRF total accepted 1.0$m on 2026-08-17 [archive import: scored retroactively, not a live reading]",2026-08-17,scoring
2026-08-18,1,0.000,0,up,"NY Fed SRF total accepted 1.0$m on 2026-08-18 [archive import: scored retroactively, not a live reading]",2026-08-18,scoring
2026-08-20,1,,0,,NY Fed SRF total accepted 1.0$m across 2 repo op(s) on 2026-08-18 [sampled 22:29:35Z] [stale: observation already recorded],2026-08-18,stale
2026-08-21,1,0.000,0,up,NY Fed SRF total accepted 1.0$m across 2 repo op(s) on 2026-08-19 [sampled 22:32:42Z],2026-08-19,scoring
2026-08-22,0,0.000,0,flat,NY Fed SRF total accepted 0.0$m across 2 repo op(s) on 2026-08-20 [sampled 22:30:30Z],2026-08-20,scoring
