date,raw_value,z_score,trembling,direction,source_note,obs_date,status
2022-07-27,0.1893,,0,,"GPSJam 2022-07-27: 5085/2686002 aircraft with bad GPS [archive import: scored retroactively, not a live reading]",2022-07-27,warming-up
2022-07-28,0.1866,,0,,"GPSJam 2022-07-28: 5180/2776316 aircraft with bad GPS [archive import: scored retroactively, not a live reading]",2022-07-28,warming-up
2022-07-29,0.187,,0,,"GPSJam 2022-07-29: 5123/2739761 aircraft with bad GPS [archive import: scored retroactively, not a live reading]",2022-07-29,warming-up
2022-07-30,0.1847,,0,,"GPSJam 2022-07-30: 4981/2697219 aircraft with bad GPS [archive import: scored retroactively, not a live reading]",2022-07-30,warming-up
2022-07-31,0.1963,,0,,"GPSJam 2022-07-31: 5323/2711416 aircraft with bad GPS [archive import: scored retroactively, not a live reading]",2022-07-31,warming-up
2022-08-01,0.2598,,0,,"GPSJam 2022-08-01: 6871/2645034 aircraft with bad GPS [archive import: scored retroactively, not a live reading]",2022-08-01,warming-up
2022-08-02,0.2508,,0,,"GPSJam 2022-08-02: 6425/2562075 aircraft with bad GPS [archive import: scored retroactively, not a live reading]",2022-08-02,warming-up
2022-08-03,0.3085,,0,,"GPSJam 2022-08-03: 8207/2660416 aircraft with bad GPS [archive import: scored retroactively, not a live reading]",2022-08-03,warming-up
2022-08-04,0.2846,,0,,"GPSJam 2022-08-04: 7459/2620446 aircraft with bad GPS [archive import: scored retroactively, not a live reading]",2022-08-04,warming-up
2022-08-05,0.2897,,0,,"GPSJam 2022-08-05: 7856/2711392 aircraft with bad GPS [archive import: scored retroactively, not a live reading]",2022-08-05,warming-up
2022-08-06,0.242,0.462,0,up,"GPSJam 2022-08-06: 6236/2577016 aircraft with bad GPS [archive import: scored retroactively, not a live reading]",2022-08-06,scoring
2022-08-07,0.2593,0.467,0,up,"GPSJam 2022-08-07: 6884/2655239 aircraft with bad GPS [archive import: scored retroactively, not a live reading]",2022-08-07,scoring
2022-08-08,0.2287,-0.415,0,down,"GPSJam 2022-08-08: 5957/2604357 aircraft with bad GPS [archive import: scored retroactively, not a live reading]",2022-08-08,scoring
2022-08-09,0.2344,-0.159,0,down,"GPSJam 2022-08-09: 6157/2627055 aircraft with bad GPS [archive import: scored retroactively, not a live reading]",2022-08-09,scoring
2022-08-10,0.2194,-0.424,0,down,"GPSJam 2022-08-10: 5838/2660636 aircraft with bad GPS [archive import: scored retroactively, not a live reading]",2022-08-10,scoring
2022-08-11,0.25,0.321,0,up,"GPSJam 2022-08-11: 6741/2696369 aircraft with bad GPS [archive import: scored retroactively, not a live reading]",2022-08-11,scoring
2022-08-12,0.2322,-0.134,0,down,"GPSJam 2022-08-12: 6283/2705897 aircraft with bad GPS [archive import: scored retroactively, not a live reading]",2022-08-12,scoring
2022-08-13,0.2464,0.274,0,up,"GPSJam 2022-08-13: 6328/2568290 aircraft with bad GPS [archive import: scored retroactively, not a live reading]",2022-08-13,scoring
2022-08-14,0.233,-0.128,0,down,"GPSJam 2022-08-14: 5960/2557770 aircraft with bad GPS [archive import: scored retroactively, not a live reading]",2022-08-14,scoring
2022-08-15,0.3108,2.134,0,up,"GPSJam 2022-08-15: 8148/2621617 aircraft with bad GPS [archive import: scored retroactively, not a live reading]",2022-08-15,scoring
2022-08-16,0.2853,1.141,0,up,"GPSJam 2022-08-16: 7486/2623754 aircraft with bad GPS [archive import: scored retroactively, not a live reading]",2022-08-16,scoring
2022-08-17,0.2453,0.075,0,up,"GPSJam 2022-08-17: 6462/2634434 aircraft with bad GPS [archive import: scored retroactively, not a live reading]",2022-08-17,scoring
2022-08-18,0.2296,-0.348,0,down,"GPSJam 2022-08-18: 6066/2641887 aircraft with bad GPS [archive import: scored retroactively, not a live reading]",2022-08-18,scoring
2022-08-19,0.2647,0.626,0,up,"GPSJam 2022-08-19: 7136/2695480 aircraft with bad GPS [archive import: scored retroactively, not a live reading]",2022-08-19,scoring
2022-08-20,0.2622,0.498,0,up,"GPSJam 2022-08-20: 6766/2580740 aircraft with bad GPS [archive import: scored retroactively, not a live reading]",2022-08-20,scoring
2022-08-21,0.2299,-0.414,0,down,"GPSJam 2022-08-21: 5982/2602371 aircraft with bad GPS [archive import: scored retroactively, not a live reading]",2022-08-21,scoring
2022-08-22,0.2533,0.272,0,up,"GPSJam 2022-08-22: 6436/2541115 aircraft with bad GPS [archive import: scored retroactively, not a live reading]",2022-08-22,scoring
2022-08-23,0.2492,0.111,0,up,"GPSJam 2022-08-23: 6376/2558464 aircraft with bad GPS [archive import: scored retroactively, not a live reading]",2022-08-23,scoring
2022-08-24,0.2318,-0.425,0,down,"GPSJam 2022-08-24: 5874/2534207 aircraft with bad GPS [archive import: scored retroactively, not a live reading]",2022-08-24,scoring
2022-08-25,0.2647,0.594,0,up,"GPSJam 2022-08-25: 7077/2673821 aircraft with bad GPS [archive import: scored retroactively, not a live reading]",2022-08-25,scoring
2022-08-26,0.2123,-1.031,0,down,"GPSJam 2022-08-26: 5712/2690636 aircraft with bad GPS [archive import: scored retroactively, not a live reading]",2022-08-26,scoring
2022-08-27,0.2298,-0.450,0,down,"GPSJam 2022-08-27: 5711/2485032 aircraft with bad GPS [archive import: scored retroactively, not a live reading]",2022-08-27,scoring
2022-08-28,0.2386,-0.151,0,down,"GPSJam 2022-08-28: 6141/2573434 aircraft with bad GPS [archive import: scored retroactively, not a live reading]",2022-08-28,scoring
2022-08-29,0.2248,-0.538,0,down,"GPSJam 2022-08-29: 5743/2554352 aircraft with bad GPS [archive import: scored retroactively, not a live reading]",2022-08-29,scoring
2022-08-30,0.2438,0.112,0,up,"GPSJam 2022-08-30: 6251/2564359 aircraft with bad GPS [archive import: scored retroactively, not a live reading]",2022-08-30,scoring
2022-08-31,0.2702,0.943,0,up,"GPSJam 2022-08-31: 7062/2613480 aircraft with bad GPS [archive import: scored retroactively, not a live reading]",2022-08-31,scoring
2022-09-01,0.3188,2.452,0,up,"GPSJam 2022-09-01: 8570/2688230 aircraft with bad GPS [archive import: scored retroactively, not a live reading]",2022-09-01,scoring
2022-09-02,0.2567,0.399,0,up,"GPSJam 2022-09-02: 6872/2677498 aircraft with bad GPS [archive import: scored retroactively, not a live reading]",2022-09-02,scoring
2022-09-03,0.28,1.132,0,up,"GPSJam 2022-09-03: 6933/2476269 aircraft with bad GPS [archive import: scored retroactively, not a live reading]",2022-09-03,scoring
2022-09-04,0.2676,0.689,0,up,"GPSJam 2022-09-04: 6408/2394397 aircraft with bad GPS [archive import: scored retroactively, not a live reading]",2022-09-04,scoring
2022-09-05,0.2262,-0.605,0,down,"GPSJam 2022-09-05: 5664/2503935 aircraft with bad GPS [archive import: scored retroactively, not a live reading]",2022-09-05,scoring
2022-09-06,0.2069,-1.184,0,down,"GPSJam 2022-09-06: 4993/2413589 aircraft with bad GPS [archive import: scored retroactively, not a live reading]",2022-09-06,scoring
2022-09-07,0.1901,-1.620,0,down,"GPSJam 2022-09-07: 4873/2564039 aircraft with bad GPS [archive import: scored retroactively, not a live reading]",2022-09-07,scoring
2022-09-08,0.2607,0.491,0,up,"GPSJam 2022-09-08: 6822/2617081 aircraft with bad GPS [archive import: scored retroactively, not a live reading]",2022-09-08,scoring
2022-09-09,0.2594,0.432,0,up,"GPSJam 2022-09-09: 6893/2657699 aircraft with bad GPS [archive import: scored retroactively, not a live reading]",2022-09-09,scoring
2022-09-10,0.28,1.039,0,up,"GPSJam 2022-09-10: 6891/2460965 aircraft with bad GPS [archive import: scored retroactively, not a live reading]",2022-09-10,scoring
2022-09-11,0.2921,1.358,0,up,"GPSJam 2022-09-11: 7199/2464153 aircraft with bad GPS [archive import: scored retroactively, not a live reading]",2022-09-11,scoring
2022-09-12,0.2586,0.349,0,up,"GPSJam 2022-09-12: 6554/2534781 aircraft with bad GPS [archive import: scored retroactively, not a live reading]",2022-09-12,scoring
2022-09-13,0.2589,0.325,0,up,"GPSJam 2022-09-13: 6499/2510045 aircraft with bad GPS [archive import: scored retroactively, not a live reading]",2022-09-13,scoring
2022-09-14,0.2229,-0.785,0,down,"GPSJam 2022-09-14: 5663/2540347 aircraft with bad GPS [archive import: scored retroactively, not a live reading]",2022-09-14,scoring
2022-09-15,0.2238,-0.717,0,down,"GPSJam 2022-09-15: 5804/2593666 aircraft with bad GPS [archive import: scored retroactively, not a live reading]",2022-09-15,scoring
2022-09-16,0.2048,-1.249,0,down,"GPSJam 2022-09-16: 5384/2629231 aircraft with bad GPS [archive import: scored retroactively, not a live reading]",2022-09-16,scoring
2022-09-17,0.2138,-0.932,0,down,"GPSJam 2022-09-17: 5334/2494534 aircraft with bad GPS [archive import: scored retroactively, not a live reading]",2022-09-17,scoring
2022-09-18,0.2214,-0.699,0,down,"GPSJam 2022-09-18: 5637/2546567 aircraft with bad GPS [archive import: scored retroactively, not a live reading]",2022-09-18,scoring
2022-09-19,0.1789,-1.905,0,down,"GPSJam 2022-09-19: 4511/2521110 aircraft with bad GPS [archive import: scored retroactively, not a live reading]",2022-09-19,scoring
2022-09-20,0.2138,-0.855,0,down,"GPSJam 2022-09-20: 5453/2551075 aircraft with bad GPS [archive import: scored retroactively, not a live reading]",2022-09-20,scoring
2022-09-21,0.2302,-0.361,0,down,"GPSJam 2022-09-21: 5937/2579186 aircraft with bad GPS [archive import: scored retroactively, not a live reading]",2022-09-21,scoring
2022-09-22,0.2012,-1.176,0,down,"GPSJam 2022-09-22: 5351/2658943 aircraft with bad GPS [archive import: scored retroactively, not a live reading]",2022-09-22,scoring
2022-09-23,0.2195,-0.594,0,down,"GPSJam 2022-09-23: 5955/2713024 aircraft with bad GPS [archive import: scored retroactively, not a live reading]",2022-09-23,scoring
2022-09-24,0.2323,-0.181,0,down,"GPSJam 2022-09-24: 5628/2422759 aircraft with bad GPS [archive import: scored retroactively, not a live reading]",2022-09-24,scoring
2022-09-25,0.2454,0.260,0,up,"GPSJam 2022-09-25: 6223/2536222 aircraft with bad GPS [archive import: scored retroactively, not a live reading]",2022-09-25,scoring
2022-09-26,0.2085,-0.894,0,down,"GPSJam 2022-09-26: 5273/2528508 aircraft with bad GPS [archive import: scored retroactively, not a live reading]",2022-09-26,scoring
2022-09-27,0.2966,1.783,0,up,"GPSJam 2022-09-27: 7445/2510452 aircraft with bad GPS [archive import: scored retroactively, not a live reading]",2022-09-27,scoring
2022-09-28,0.3079,2.018,0,up,"GPSJam 2022-09-28: 7511/2439142 aircraft with bad GPS [archive import: scored retroactively, not a live reading]",2022-09-28,scoring
2022-09-29,0.2751,0.988,0,up,"GPSJam 2022-09-29: 6883/2502021 aircraft with bad GPS [archive import: scored retroactively, not a live reading]",2022-09-29,scoring
2022-09-30,0.2059,-1.012,0,down,"GPSJam 2022-09-30: 5338/2593079 aircraft with bad GPS [archive import: scored retroactively, not a live reading]",2022-09-30,scoring
2022-10-01,0.1968,-1.225,0,down,"GPSJam 2022-10-01: 4810/2443748 aircraft with bad GPS [archive import: scored retroactively, not a live reading]",2022-10-01,scoring
2022-10-02,0.2545,0.440,0,up,"GPSJam 2022-10-02: 6341/2491419 aircraft with bad GPS [archive import: scored retroactively, not a live reading]",2022-10-02,scoring
2022-10-03,0.2262,-0.396,0,down,"GPSJam 2022-10-03: 5427/2399427 aircraft with bad GPS [archive import: scored retroactively, not a live reading]",2022-10-03,scoring
2022-10-04,0.2259,-0.356,0,down,"GPSJam 2022-10-04: 5495/2432481 aircraft with bad GPS [archive import: scored retroactively, not a live reading]",2022-10-04,scoring
2022-10-05,0.2227,-0.394,0,down,"GPSJam 2022-10-05: 5366/2409935 aircraft with bad GPS [archive import: scored retroactively, not a live reading]",2022-10-05,scoring
2022-10-06,0.1947,-1.146,0,down,"GPSJam 2022-10-06: 5027/2581978 aircraft with bad GPS [archive import: scored retroactively, not a live reading]",2022-10-06,scoring
2022-10-07,0.2112,-0.642,0,down,"GPSJam 2022-10-07: 5433/2572622 aircraft with bad GPS [archive import: scored retroactively, not a live reading]",2022-10-07,scoring
2022-10-08,0.2499,0.484,0,up,"GPSJam 2022-10-08: 6094/2438188 aircraft with bad GPS [archive import: scored retroactively, not a live reading]",2022-10-08,scoring
2022-10-09,0.2595,0.740,0,up,"GPSJam 2022-10-09: 6482/2497577 aircraft with bad GPS [archive import: scored retroactively, not a live reading]",2022-10-09,scoring
2022-10-10,0.2342,-0.006,0,down,"GPSJam 2022-10-10: 5786/2470129 aircraft with bad GPS [archive import: scored retroactively, not a live reading]",2022-10-10,scoring
2022-10-11,0.2285,-0.171,0,down,"GPSJam 2022-10-11: 5623/2461296 aircraft with bad GPS [archive import: scored retroactively, not a live reading]",2022-10-11,scoring
2022-10-12,0.2185,-0.461,0,down,"GPSJam 2022-10-12: 5457/2497973 aircraft with bad GPS [archive import: scored retroactively, not a live reading]",2022-10-12,scoring
2022-10-13,0.222,-0.347,0,down,"GPSJam 2022-10-13: 1036/466770 aircraft with bad GPS [archive import: scored retroactively, not a live reading]",2022-10-13,scoring
2022-10-14,0.2026,-0.910,0,down,"GPSJam 2022-10-14: 2681/1323210 aircraft with bad GPS [archive import: scored retroactively, not a live reading]",2022-10-14,scoring
2022-10-15,0.2384,0.173,0,up,"GPSJam 2022-10-15: 5858/2457669 aircraft with bad GPS [archive import: scored retroactively, not a live reading]",2022-10-15,scoring
2022-10-16,0.2169,-0.482,0,down,"GPSJam 2022-10-16: 5501/2535712 aircraft with bad GPS [archive import: scored retroactively, not a live reading]",2022-10-16,scoring
2022-10-17,0.2575,0.755,0,up,"GPSJam 2022-10-17: 6316/2452578 aircraft with bad GPS [archive import: scored retroactively, not a live reading]",2022-10-17,scoring
2022-10-18,0.2774,1.355,0,up,"GPSJam 2022-10-18: 6632/2391202 aircraft with bad GPS [archive import: scored retroactively, not a live reading]",2022-10-18,scoring
2022-10-19,0.2085,-0.762,0,down,"GPSJam 2022-10-19: 5199/2493770 aircraft with bad GPS [archive import: scored retroactively, not a live reading]",2022-10-19,scoring
2022-10-20,0.2201,-0.388,0,down,"GPSJam 2022-10-20: 5718/2597374 aircraft with bad GPS [archive import: scored retroactively, not a live reading]",2022-10-20,scoring
2022-10-21,0.2341,0.045,0,up,"GPSJam 2022-10-21: 6077/2596365 aircraft with bad GPS [archive import: scored retroactively, not a live reading]",2022-10-21,scoring
2022-10-22,0.2188,-0.439,0,down,"GPSJam 2022-10-22: 5338/2440128 aircraft with bad GPS [archive import: scored retroactively, not a live reading]",2022-10-22,scoring
2022-10-23,0.2132,-0.609,0,down,"GPSJam 2022-10-23: 5318/2494921 aircraft with bad GPS [archive import: scored retroactively, not a live reading]",2022-10-23,scoring
2022-10-24,0.2311,-0.038,0,down,"GPSJam 2022-10-24: 5634/2438287 aircraft with bad GPS [archive import: scored retroactively, not a live reading]",2022-10-24,scoring
2022-10-25,0.2086,-0.755,0,down,"GPSJam 2022-10-25: 5047/2419603 aircraft with bad GPS [archive import: scored retroactively, not a live reading]",2022-10-25,scoring
2022-10-26,0.2481,0.509,0,up,"GPSJam 2022-10-26: 6183/2492343 aircraft with bad GPS [archive import: scored retroactively, not a live reading]",2022-10-26,scoring
2022-10-27,0.2649,1.065,0,up,"GPSJam 2022-10-27: 6827/2577685 aircraft with bad GPS [archive import: scored retroactively, not a live reading]",2022-10-27,scoring
2022-10-28,0.2204,-0.437,0,down,"GPSJam 2022-10-28: 5525/2507091 aircraft with bad GPS [archive import: scored retroactively, not a live reading]",2022-10-28,scoring
2022-10-29,0.2496,0.554,0,up,"GPSJam 2022-10-29: 6067/2431090 aircraft with bad GPS [archive import: scored retroactively, not a live reading]",2022-10-29,scoring
2022-10-30,0.2053,-1.010,0,down,"GPSJam 2022-10-30: 4898/2385495 aircraft with bad GPS [archive import: scored retroactively, not a live reading]",2022-10-30,scoring
2022-10-31,0.2016,-1.110,0,down,"GPSJam 2022-10-31: 4635/2299552 aircraft with bad GPS [archive import: scored retroactively, not a live reading]",2022-10-31,scoring
2022-11-01,0.237,0.151,0,up,"GPSJam 2022-11-01: 5304/2237881 aircraft with bad GPS [archive import: scored retroactively, not a live reading]",2022-11-01,scoring
2022-11-02,0.2245,-0.294,0,down,"GPSJam 2022-11-02: 5270/2347639 aircraft with bad GPS [archive import: scored retroactively, not a live reading]",2022-11-02,scoring
2022-11-03,0.2263,-0.220,0,down,"GPSJam 2022-11-03: 5338/2359052 aircraft with bad GPS [archive import: scored retroactively, not a live reading]",2022-11-03,scoring
2022-11-04,0.2327,0.026,0,up,"GPSJam 2022-11-04: 5789/2487684 aircraft with bad GPS [archive import: scored retroactively, not a live reading]",2022-11-04,scoring
2022-11-05,0.2351,0.117,0,up,"GPSJam 2022-11-05: 5405/2299128 aircraft with bad GPS [archive import: scored retroactively, not a live reading]",2022-11-05,scoring
2022-11-06,0.236,0.154,0,up,"GPSJam 2022-11-06: 5576/2362397 aircraft with bad GPS [archive import: scored retroactively, not a live reading]",2022-11-06,scoring
2022-11-07,0.2342,0.074,0,up,"GPSJam 2022-11-07: 5465/2333005 aircraft with bad GPS [archive import: scored retroactively, not a live reading]",2022-11-07,scoring
2022-11-08,0.2297,-0.097,0,down,"GPSJam 2022-11-08: 5252/2286258 aircraft with bad GPS [archive import: scored retroactively, not a live reading]",2022-11-08,scoring
2022-11-09,0.2185,-0.529,0,down,"GPSJam 2022-11-09: 5012/2294182 aircraft with bad GPS [archive import: scored retroactively, not a live reading]",2022-11-09,scoring
2022-11-10,0.2303,-0.065,0,down,"GPSJam 2022-11-10: 5401/2345178 aircraft with bad GPS [archive import: scored retroactively, not a live reading]",2022-11-10,scoring
2022-11-11,0.2018,-1.140,0,down,"GPSJam 2022-11-11: 4871/2413930 aircraft with bad GPS [archive import: scored retroactively, not a live reading]",2022-11-11,scoring
2022-11-12,0.19,-1.578,0,down,"GPSJam 2022-11-12: 4318/2272441 aircraft with bad GPS [archive import: scored retroactively, not a live reading]",2022-11-12,scoring
2022-11-13,0.2015,-1.088,0,down,"GPSJam 2022-11-13: 4266/2116621 aircraft with bad GPS [archive import: scored retroactively, not a live reading]",2022-11-13,scoring
2022-11-14,0.2175,-0.483,0,down,"GPSJam 2022-11-14: 5118/2353616 aircraft with bad GPS [archive import: scored retroactively, not a live reading]",2022-11-14,scoring
2022-11-15,0.2311,0.049,0,up,"GPSJam 2022-11-15: 5288/2288086 aircraft with bad GPS [archive import: scored retroactively, not a live reading]",2022-11-15,scoring
2022-11-16,0.2067,-0.936,0,down,"GPSJam 2022-11-16: 4830/2336353 aircraft with bad GPS [archive import: scored retroactively, not a live reading]",2022-11-16,scoring
2022-11-17,0.2141,-0.626,0,down,"GPSJam 2022-11-17: 5213/2434298 aircraft with bad GPS [archive import: scored retroactively, not a live reading]",2022-11-17,scoring
2022-11-18,0.2002,-1.195,0,down,"GPSJam 2022-11-18: 5063/2528931 aircraft with bad GPS [archive import: scored retroactively, not a live reading]",2022-11-18,scoring
2022-11-19,0.2121,-0.687,0,down,"GPSJam 2022-11-19: 5047/2379996 aircraft with bad GPS [archive import: scored retroactively, not a live reading]",2022-11-19,scoring
2022-11-20,0.2291,0.069,0,up,"GPSJam 2022-11-20: 5255/2293474 aircraft with bad GPS [archive import: scored retroactively, not a live reading]",2022-11-20,scoring
2022-11-21,0.199,-1.158,0,down,"GPSJam 2022-11-21: 4674/2348327 aircraft with bad GPS [archive import: scored retroactively, not a live reading]",2022-11-21,scoring
2022-11-22,0.2029,-0.952,0,down,"GPSJam 2022-11-22: 4819/2374524 aircraft with bad GPS [archive import: scored retroactively, not a live reading]",2022-11-22,scoring
2022-11-23,0.2432,0.693,0,up,"GPSJam 2022-11-23: 5849/2404594 aircraft with bad GPS [archive import: scored retroactively, not a live reading]",2022-11-23,scoring
2022-11-24,0.2719,1.864,0,up,"GPSJam 2022-11-24: 5634/2071960 aircraft with bad GPS [archive import: scored retroactively, not a live reading]",2022-11-24,scoring
2022-11-25,0.2364,0.407,0,up,"GPSJam 2022-11-25: 4974/2104321 aircraft with bad GPS [archive import: scored retroactively, not a live reading]",2022-11-25,scoring
2022-11-26,0.2023,-0.952,0,down,"GPSJam 2022-11-26: 4704/2325377 aircraft with bad GPS [archive import: scored retroactively, not a live reading]",2022-11-26,scoring
2022-11-27,0.1999,-1.045,0,down,"GPSJam 2022-11-27: 4941/2471618 aircraft with bad GPS [archive import: scored retroactively, not a live reading]",2022-11-27,scoring
2022-11-28,0.2052,-0.821,0,down,"GPSJam 2022-11-28: 4983/2427842 aircraft with bad GPS [archive import: scored retroactively, not a live reading]",2022-11-28,scoring
2022-11-29,0.1977,-1.127,0,down,"GPSJam 2022-11-29: 4549/2301273 aircraft with bad GPS [archive import: scored retroactively, not a live reading]",2022-11-29,scoring
2022-11-30,0.2074,-0.714,0,down,"GPSJam 2022-11-30: 4796/2312409 aircraft with bad GPS [archive import: scored retroactively, not a live reading]",2022-11-30,scoring
2022-12-01,0.236,0.488,0,up,"GPSJam 2022-12-01: 5722/2424474 aircraft with bad GPS [archive import: scored retroactively, not a live reading]",2022-12-01,scoring
2022-12-02,0.2122,-0.496,0,down,"GPSJam 2022-12-02: 5185/2443026 aircraft with bad GPS [archive import: scored retroactively, not a live reading]",2022-12-02,scoring
2022-12-03,0.2172,-0.262,0,down,"GPSJam 2022-12-03: 4870/2242082 aircraft with bad GPS [archive import: scored retroactively, not a live reading]",2022-12-03,scoring
2022-12-04,0.2277,0.215,0,up,"GPSJam 2022-12-04: 5301/2328290 aircraft with bad GPS [archive import: scored retroactively, not a live reading]",2022-12-04,scoring
2022-12-05,0.2075,-0.671,0,down,"GPSJam 2022-12-05: 4800/2312834 aircraft with bad GPS [archive import: scored retroactively, not a live reading]",2022-12-05,scoring
2022-12-06,0.2312,0.368,0,up,"GPSJam 2022-12-06: 5278/2283167 aircraft with bad GPS [archive import: scored retroactively, not a live reading]",2022-12-06,scoring
2022-12-07,0.2144,-0.400,0,down,"GPSJam 2022-12-07: 4986/2325348 aircraft with bad GPS [archive import: scored retroactively, not a live reading]",2022-12-07,scoring
2022-12-08,0.2304,0.350,0,up,"GPSJam 2022-12-08: 5605/2432768 aircraft with bad GPS [archive import: scored retroactively, not a live reading]",2022-12-08,scoring
2022-12-09,0.2047,-0.849,0,down,"GPSJam 2022-12-09: 5038/2461584 aircraft with bad GPS [archive import: scored retroactively, not a live reading]",2022-12-09,scoring
2022-12-10,0.213,-0.452,0,down,"GPSJam 2022-12-10: 4816/2260718 aircraft with bad GPS [archive import: scored retroactively, not a live reading]",2022-12-10,scoring
2022-12-11,0.2546,1.659,0,up,"GPSJam 2022-12-11: 5829/2289568 aircraft with bad GPS [archive import: scored retroactively, not a live reading]",2022-12-11,scoring
2022-12-12,0.2423,1.039,0,up,"GPSJam 2022-12-12: 5629/2323043 aircraft with bad GPS [archive import: scored retroactively, not a live reading]",2022-12-12,scoring
2022-12-13,0.2565,1.774,0,up,"GPSJam 2022-12-13: 5964/2325555 aircraft with bad GPS [archive import: scored retroactively, not a live reading]",2022-12-13,scoring
2022-12-14,0.2664,2.184,0,up,"GPSJam 2022-12-14: 6262/2350850 aircraft with bad GPS [archive import: scored retroactively, not a live reading]",2022-12-14,scoring
2022-12-15,0.2685,2.240,0,up,"GPSJam 2022-12-15: 6564/2444628 aircraft with bad GPS [archive import: scored retroactively, not a live reading]",2022-12-15,scoring
2022-12-16,0.2138,-0.401,0,down,"GPSJam 2022-12-16: 5492/2569329 aircraft with bad GPS [archive import: scored retroactively, not a live reading]",2022-12-16,scoring
2022-12-17,0.2206,-0.082,0,down,"GPSJam 2022-12-17: 5518/2500988 aircraft with bad GPS [archive import: scored retroactively, not a live reading]",2022-12-17,scoring
2022-12-18,0.2264,0.190,0,up,"GPSJam 2022-12-18: 5515/2435923 aircraft with bad GPS [archive import: scored retroactively, not a live reading]",2022-12-18,scoring
2022-12-19,0.2361,0.604,0,up,"GPSJam 2022-12-19: 5726/2424926 aircraft with bad GPS [archive import: scored retroactively, not a live reading]",2022-12-19,scoring
2022-12-20,0.2165,-0.416,0,down,"GPSJam 2022-12-20: 5204/2404197 aircraft with bad GPS [archive import: scored retroactively, not a live reading]",2022-12-20,scoring
2022-12-21,0.2056,-0.862,0,down,"GPSJam 2022-12-21: 5046/2454840 aircraft with bad GPS [archive import: scored retroactively, not a live reading]",2022-12-21,scoring
2022-12-22,0.2292,0.271,0,up,"GPSJam 2022-12-22: 5628/2454974 aircraft with bad GPS [archive import: scored retroactively, not a live reading]",2022-12-22,scoring
2022-12-23,0.2214,-0.184,0,down,"GPSJam 2022-12-23: 4965/2242953 aircraft with bad GPS [archive import: scored retroactively, not a live reading]",2022-12-23,scoring
2022-12-24,0.2711,2.297,0,up,"GPSJam 2022-12-24: 5466/2016584 aircraft with bad GPS [archive import: scored retroactively, not a live reading]",2022-12-24,scoring
2022-12-25,0.3368,5.474,1,up,"GPSJam 2022-12-25: 5859/1739691 aircraft with bad GPS [archive import: scored retroactively, not a live reading]",2022-12-25,scoring
2022-12-26,0.2067,-0.868,0,down,"GPSJam 2022-12-26: 4689/2269030 aircraft with bad GPS [archive import: scored retroactively, not a live reading]",2022-12-26,scoring
2022-12-27,0.1952,-1.373,0,down,"GPSJam 2022-12-27: 3489/1787269 aircraft with bad GPS [archive import: scored retroactively, not a live reading]",2022-12-27,scoring
2022-12-28,0.1872,-1.717,0,down,"GPSJam 2022-12-28: 4566/2438848 aircraft with bad GPS [archive import: scored retroactively, not a live reading]",2022-12-28,scoring
2022-12-29,0.2034,-0.894,0,down,"GPSJam 2022-12-29: 4921/2418845 aircraft with bad GPS [archive import: scored retroactively, not a live reading]",2022-12-29,scoring
2022-12-30,0.199,-1.098,0,down,"GPSJam 2022-12-30: 4869/2446325 aircraft with bad GPS [archive import: scored retroactively, not a live reading]",2022-12-30,scoring
2022-12-31,0.2005,-1.036,0,down,"GPSJam 2022-12-31: 4386/2187360 aircraft with bad GPS [archive import: scored retroactively, not a live reading]",2022-12-31,scoring
2023-01-01,0.1997,-1.063,0,down,"GPSJam 2023-01-01: 4220/2113443 aircraft with bad GPS [archive import: scored retroactively, not a live reading]",2023-01-01,scoring
2023-01-02,0.2004,-0.992,0,down,"GPSJam 2023-01-02: 4926/2457824 aircraft with bad GPS [archive import: scored retroactively, not a live reading]",2023-01-02,scoring
2023-01-03,0.2302,0.486,0,up,"GPSJam 2023-01-03: 5568/2418766 aircraft with bad GPS [archive import: scored retroactively, not a live reading]",2023-01-03,scoring
2023-01-04,0.2456,1.239,0,up,"GPSJam 2023-01-04: 5819/2369718 aircraft with bad GPS [archive import: scored retroactively, not a live reading]",2023-01-04,scoring
2023-01-05,0.2618,2.018,0,up,"GPSJam 2023-01-05: 6286/2400835 aircraft with bad GPS [archive import: scored retroactively, not a live reading]",2023-01-05,scoring
2023-01-06,0.3066,4.097,1,up,"GPSJam 2023-01-06: 7482/2440577 aircraft with bad GPS [archive import: scored retroactively, not a live reading]",2023-01-06,scoring
2023-01-07,0.2545,1.587,0,up,"GPSJam 2023-01-07: 6063/2382416 aircraft with bad GPS [archive import: scored retroactively, not a live reading]",2023-01-07,scoring
2023-01-08,0.2609,1.890,0,up,"GPSJam 2023-01-08: 6243/2393072 aircraft with bad GPS [archive import: scored retroactively, not a live reading]",2023-01-08,scoring
2023-01-09,0.2982,3.585,1,up,"GPSJam 2023-01-09: 6971/2337778 aircraft with bad GPS [archive import: scored retroactively, not a live reading]",2023-01-09,scoring
2023-01-10,0.2552,1.528,0,up,"GPSJam 2023-01-10: 5808/2275697 aircraft with bad GPS [archive import: scored retroactively, not a live reading]",2023-01-10,scoring
2023-01-11,0.2836,2.714,0,up,"GPSJam 2023-01-11: 6310/2225085 aircraft with bad GPS [archive import: scored retroactively, not a live reading]",2023-01-11,scoring
2023-01-12,0.2298,0.287,0,up,"GPSJam 2023-01-12: 5510/2397952 aircraft with bad GPS [archive import: scored retroactively, not a live reading]",2023-01-12,scoring
2023-01-13,0.2197,-0.239,0,down,"GPSJam 2023-01-13: 5398/2456852 aircraft with bad GPS [archive import: scored retroactively, not a live reading]",2023-01-13,scoring
2023-01-14,0.2364,0.568,0,up,"GPSJam 2023-01-14: 5442/2302421 aircraft with bad GPS [archive import: scored retroactively, not a live reading]",2023-01-14,scoring
2023-01-15,0.2514,1.089,0,up,"GPSJam 2023-01-15: 5640/2243023 aircraft with bad GPS [archive import: scored retroactively, not a live reading]",2023-01-15,scoring
2023-01-16,0.2161,-0.389,0,down,"GPSJam 2023-01-16: 4975/2301876 aircraft with bad GPS [archive import: scored retroactively, not a live reading]",2023-01-16,scoring
2023-01-17,0.2132,-0.423,0,down,"GPSJam 2023-01-17: 4808/2254720 aircraft with bad GPS [archive import: scored retroactively, not a live reading]",2023-01-17,scoring
2023-01-18,0.2051,-0.768,0,down,"GPSJam 2023-01-18: 4568/2227482 aircraft with bad GPS [archive import: scored retroactively, not a live reading]",2023-01-18,scoring
2023-01-19,0.2368,0.602,0,up,"GPSJam 2023-01-19: 5532/2336335 aircraft with bad GPS [archive import: scored retroactively, not a live reading]",2023-01-19,scoring
2023-01-20,0.2566,1.461,0,up,"GPSJam 2023-01-20: 6211/2420118 aircraft with bad GPS [archive import: scored retroactively, not a live reading]",2023-01-20,scoring
2023-01-21,0.2605,1.483,0,up,"GPSJam 2023-01-21: 5905/2266970 aircraft with bad GPS [archive import: scored retroactively, not a live reading]",2023-01-21,scoring
2023-01-22,0.2568,1.264,0,up,"GPSJam 2023-01-22: 5748/2238236 aircraft with bad GPS [archive import: scored retroactively, not a live reading]",2023-01-22,scoring
2023-01-23,0.2412,0.606,0,up,"GPSJam 2023-01-23: 5491/2276198 aircraft with bad GPS [archive import: scored retroactively, not a live reading]",2023-01-23,scoring
2023-01-24,0.247,0.807,0,up,"GPSJam 2023-01-24: 5512/2231277 aircraft with bad GPS [archive import: scored retroactively, not a live reading]",2023-01-24,scoring
2023-01-25,0.2417,0.592,0,up,"GPSJam 2023-01-25: 5366/2220339 aircraft with bad GPS [archive import: scored retroactively, not a live reading]",2023-01-25,scoring
2023-01-26,0.252,1.018,0,up,"GPSJam 2023-01-26: 5415/2149108 aircraft with bad GPS [archive import: scored retroactively, not a live reading]",2023-01-26,scoring
2023-01-27,0.2337,0.214,0,up,"GPSJam 2023-01-27: 5667/2425390 aircraft with bad GPS [archive import: scored retroactively, not a live reading]",2023-01-27,scoring
2023-01-28,0.2266,-0.073,0,down,"GPSJam 2023-01-28: 5121/2259515 aircraft with bad GPS [archive import: scored retroactively, not a live reading]",2023-01-28,scoring
2023-01-29,0.1891,-1.603,0,down,"GPSJam 2023-01-29: 4251/2248258 aircraft with bad GPS [archive import: scored retroactively, not a live reading]",2023-01-29,scoring
2023-01-30,0.1904,-1.523,0,down,"GPSJam 2023-01-30: 4241/2227948 aircraft with bad GPS [archive import: scored retroactively, not a live reading]",2023-01-30,scoring
2023-01-31,0.2093,-0.710,0,down,"GPSJam 2023-01-31: 4425/2114242 aircraft with bad GPS [archive import: scored retroactively, not a live reading]",2023-01-31,scoring
2023-02-01,0.2116,-0.618,0,down,"GPSJam 2023-02-01: 4561/2155578 aircraft with bad GPS [archive import: scored retroactively, not a live reading]",2023-02-01,scoring
2023-02-02,0.2268,-0.014,0,down,"GPSJam 2023-02-02: 5155/2273386 aircraft with bad GPS [archive import: scored retroactively, not a live reading]",2023-02-02,scoring
2023-02-03,0.2161,-0.421,0,down,"GPSJam 2023-02-03: 5171/2393143 aircraft with bad GPS [archive import: scored retroactively, not a live reading]",2023-02-03,scoring
2023-02-04,0.1986,-1.119,0,down,"GPSJam 2023-02-04: 4479/2255597 aircraft with bad GPS [archive import: scored retroactively, not a live reading]",2023-02-04,scoring
2023-02-05,0.1982,-1.030,0,down,"GPSJam 2023-02-05: 4511/2275642 aircraft with bad GPS [archive import: scored retroactively, not a live reading]",2023-02-05,scoring
2023-02-06,0.1746,-1.860,0,down,"GPSJam 2023-02-06: 4070/2330982 aircraft with bad GPS [archive import: scored retroactively, not a live reading]",2023-02-06,scoring
2023-02-07,0.1896,-1.204,0,down,"GPSJam 2023-02-07: 4295/2264705 aircraft with bad GPS [archive import: scored retroactively, not a live reading]",2023-02-07,scoring
2023-02-08,0.196,-0.944,0,down,"GPSJam 2023-02-08: 4526/2309416 aircraft with bad GPS [archive import: scored retroactively, not a live reading]",2023-02-08,scoring
2023-02-09,0.1973,-0.833,0,down,"GPSJam 2023-02-09: 4712/2387794 aircraft with bad GPS [archive import: scored retroactively, not a live reading]",2023-02-09,scoring
2023-02-10,0.1837,-1.364,0,down,"GPSJam 2023-02-10: 4605/2506479 aircraft with bad GPS [archive import: scored retroactively, not a live reading]",2023-02-10,scoring
2023-02-11,0.1993,-0.742,0,down,"GPSJam 2023-02-11: 4644/2330066 aircraft with bad GPS [archive import: scored retroactively, not a live reading]",2023-02-11,scoring
2023-02-12,0.1963,-0.850,0,down,"GPSJam 2023-02-12: 4535/2309989 aircraft with bad GPS [archive import: scored retroactively, not a live reading]",2023-02-12,scoring
2023-02-13,0.17,-1.863,0,down,"GPSJam 2023-02-13: 4054/2384643 aircraft with bad GPS [archive import: scored retroactively, not a live reading]",2023-02-13,scoring
2023-02-14,0.1925,-0.906,0,down,"GPSJam 2023-02-14: 4312/2239596 aircraft with bad GPS [archive import: scored retroactively, not a live reading]",2023-02-14,scoring
2023-02-15,0.1792,-1.391,0,down,"GPSJam 2023-02-15: 4165/2324638 aircraft with bad GPS [archive import: scored retroactively, not a live reading]",2023-02-15,scoring
2023-02-16,0.2028,-0.507,0,down,"GPSJam 2023-02-16: 4972/2451571 aircraft with bad GPS [archive import: scored retroactively, not a live reading]",2023-02-16,scoring
2023-02-17,0.1942,-0.817,0,down,"GPSJam 2023-02-17: 4878/2511847 aircraft with bad GPS [archive import: scored retroactively, not a live reading]",2023-02-17,scoring
2023-02-18,0.1894,-0.983,0,down,"GPSJam 2023-02-18: 4657/2459107 aircraft with bad GPS [archive import: scored retroactively, not a live reading]",2023-02-18,scoring
2023-02-19,0.1841,-1.153,0,down,"GPSJam 2023-02-19: 4348/2361391 aircraft with bad GPS [archive import: scored retroactively, not a live reading]",2023-02-19,scoring
2023-02-20,0.1727,-1.538,0,down,"GPSJam 2023-02-20: 4198/2430406 aircraft with bad GPS [archive import: scored retroactively, not a live reading]",2023-02-20,scoring
2023-02-21,0.1688,-1.638,0,down,"GPSJam 2023-02-21: 4001/2370821 aircraft with bad GPS [archive import: scored retroactively, not a live reading]",2023-02-21,scoring
2023-02-22,0.1891,-0.911,0,down,"GPSJam 2023-02-22: 4346/2297705 aircraft with bad GPS [archive import: scored retroactively, not a live reading]",2023-02-22,scoring
2023-02-23,0.2334,0.621,0,up,"GPSJam 2023-02-23: 5527/2368136 aircraft with bad GPS [archive import: scored retroactively, not a live reading]",2023-02-23,scoring
2023-02-24,0.1941,-0.729,0,down,"GPSJam 2023-02-24: 4798/2471808 aircraft with bad GPS [archive import: scored retroactively, not a live reading]",2023-02-24,scoring
2023-02-25,0.1798,-1.214,0,down,"GPSJam 2023-02-25: 4237/2356994 aircraft with bad GPS [archive import: scored retroactively, not a live reading]",2023-02-25,scoring
2023-02-26,0.186,-0.980,0,down,"GPSJam 2023-02-26: 4496/2416876 aircraft with bad GPS [archive import: scored retroactively, not a live reading]",2023-02-26,scoring
2023-02-27,0.1771,-1.269,0,down,"GPSJam 2023-02-27: 4222/2384395 aircraft with bad GPS [archive import: scored retroactively, not a live reading]",2023-02-27,scoring
2023-02-28,0.1954,-0.651,0,down,"GPSJam 2023-02-28: 4534/2320428 aircraft with bad GPS [archive import: scored retroactively, not a live reading]",2023-02-28,scoring
2023-03-01,0.202,-0.432,0,down,"GPSJam 2023-03-01: 4855/2403346 aircraft with bad GPS [archive import: scored retroactively, not a live reading]",2023-03-01,scoring
2023-03-02,0.1771,-1.231,0,down,"GPSJam 2023-03-02: 4348/2455589 aircraft with bad GPS [archive import: scored retroactively, not a live reading]",2023-03-02,scoring
2023-03-03,0.1845,-0.971,0,down,"GPSJam 2023-03-03: 4570/2477596 aircraft with bad GPS [archive import: scored retroactively, not a live reading]",2023-03-03,scoring
2023-03-04,0.2122,-0.042,0,down,"GPSJam 2023-03-04: 4964/2339479 aircraft with bad GPS [archive import: scored retroactively, not a live reading]",2023-03-04,scoring
2023-03-05,0.194,-0.627,0,down,"GPSJam 2023-03-05: 4691/2418011 aircraft with bad GPS [archive import: scored retroactively, not a live reading]",2023-03-05,scoring
2023-03-06,0.1903,-0.748,0,down,"GPSJam 2023-03-06: 4579/2406173 aircraft with bad GPS [archive import: scored retroactively, not a live reading]",2023-03-06,scoring
2023-03-07,0.1772,-1.178,0,down,"GPSJam 2023-03-07: 4107/2317596 aircraft with bad GPS [archive import: scored retroactively, not a live reading]",2023-03-07,scoring
2023-03-08,0.2038,-0.268,0,down,"GPSJam 2023-03-08: 4840/2375447 aircraft with bad GPS [archive import: scored retroactively, not a live reading]",2023-03-08,scoring
2023-03-09,0.2079,-0.085,0,down,"GPSJam 2023-03-09: 5145/2475059 aircraft with bad GPS [archive import: scored retroactively, not a live reading]",2023-03-09,scoring
2023-03-10,0.2409,1.028,0,up,"GPSJam 2023-03-10: 6049/2511412 aircraft with bad GPS [archive import: scored retroactively, not a live reading]",2023-03-10,scoring
2023-03-11,0.2084,-0.068,0,down,"GPSJam 2023-03-11: 5104/2449705 aircraft with bad GPS [archive import: scored retroactively, not a live reading]",2023-03-11,scoring
2023-03-12,0.1964,-0.423,0,down,"GPSJam 2023-03-12: 4860/2474583 aircraft with bad GPS [archive import: scored retroactively, not a live reading]",2023-03-12,scoring
2023-03-13,0.2055,-0.092,0,down,"GPSJam 2023-03-13: 4881/2375157 aircraft with bad GPS [archive import: scored retroactively, not a live reading]",2023-03-13,scoring
2023-03-14,0.2044,-0.102,0,down,"GPSJam 2023-03-14: 4758/2328174 aircraft with bad GPS [archive import: scored retroactively, not a live reading]",2023-03-14,scoring
2023-03-15,0.2342,1.020,0,up,"GPSJam 2023-03-15: 5677/2423494 aircraft with bad GPS [archive import: scored retroactively, not a live reading]",2023-03-15,scoring
2023-03-16,0.2231,0.626,0,up,"GPSJam 2023-03-16: 5586/2503308 aircraft with bad GPS [archive import: scored retroactively, not a live reading]",2023-03-16,scoring
2023-03-17,0.2099,0.137,0,up,"GPSJam 2023-03-17: 5312/2530556 aircraft with bad GPS [archive import: scored retroactively, not a live reading]",2023-03-17,scoring
2023-03-18,0.1838,-0.825,0,down,"GPSJam 2023-03-18: 4522/2460295 aircraft with bad GPS [archive import: scored retroactively, not a live reading]",2023-03-18,scoring
2023-03-19,0.1797,-0.962,0,down,"GPSJam 2023-03-19: 4523/2517441 aircraft with bad GPS [archive import: scored retroactively, not a live reading]",2023-03-19,scoring
2023-03-20,0.2275,0.833,0,up,"GPSJam 2023-03-20: 5389/2368779 aircraft with bad GPS [archive import: scored retroactively, not a live reading]",2023-03-20,scoring
2023-03-21,0.2255,0.758,0,up,"GPSJam 2023-03-21: 5261/2332874 aircraft with bad GPS [archive import: scored retroactively, not a live reading]",2023-03-21,scoring
2023-03-22,0.21,0.174,0,up,"GPSJam 2023-03-22: 5032/2396196 aircraft with bad GPS [archive import: scored retroactively, not a live reading]",2023-03-22,scoring
2023-03-23,0.2033,-0.074,0,down,"GPSJam 2023-03-23: 5111/2513519 aircraft with bad GPS [archive import: scored retroactively, not a live reading]",2023-03-23,scoring
2023-03-24,0.2475,1.604,0,up,"GPSJam 2023-03-24: 6374/2575538 aircraft with bad GPS [archive import: scored retroactively, not a live reading]",2023-03-24,scoring
2023-03-25,0.2554,1.932,0,up,"GPSJam 2023-03-25: 6174/2417591 aircraft with bad GPS [archive import: scored retroactively, not a live reading]",2023-03-25,scoring
2023-03-26,0.2248,0.784,0,up,"GPSJam 2023-03-26: 5406/2404919 aircraft with bad GPS [archive import: scored retroactively, not a live reading]",2023-03-26,scoring
2023-03-27,0.2536,1.863,0,up,"GPSJam 2023-03-27: 6101/2405385 aircraft with bad GPS [archive import: scored retroactively, not a live reading]",2023-03-27,scoring
2023-03-28,0.2653,2.234,0,up,"GPSJam 2023-03-28: 6401/2413032 aircraft with bad GPS [archive import: scored retroactively, not a live reading]",2023-03-28,scoring
2023-03-29,0.216,0.336,0,up,"GPSJam 2023-03-29: 5489/2540868 aircraft with bad GPS [archive import: scored retroactively, not a live reading]",2023-03-29,scoring
2023-03-30,0.2216,0.478,0,up,"GPSJam 2023-03-30: 5676/2560908 aircraft with bad GPS [archive import: scored retroactively, not a live reading]",2023-03-30,scoring
2023-03-31,0.2123,0.122,0,up,"GPSJam 2023-03-31: 5565/2621641 aircraft with bad GPS [archive import: scored retroactively, not a live reading]",2023-03-31,scoring
2023-04-01,0.2417,1.124,0,up,"GPSJam 2023-04-01: 5968/2468985 aircraft with bad GPS [archive import: scored retroactively, not a live reading]",2023-04-01,scoring
2023-04-02,0.2508,1.399,0,up,"GPSJam 2023-04-02: 6435/2566172 aircraft with bad GPS [archive import: scored retroactively, not a live reading]",2023-04-02,scoring
2023-04-03,0.2499,1.329,0,up,"GPSJam 2023-04-03: 6266/2507382 aircraft with bad GPS [archive import: scored retroactively, not a live reading]",2023-04-03,scoring
2023-04-04,0.2593,1.661,0,up,"GPSJam 2023-04-04: 6497/2505583 aircraft with bad GPS [archive import: scored retroactively, not a live reading]",2023-04-04,scoring
2023-04-05,0.2584,1.618,0,up,"GPSJam 2023-04-05: 6561/2538894 aircraft with bad GPS [archive import: scored retroactively, not a live reading]",2023-04-05,scoring
2023-04-06,0.2533,1.445,0,up,"GPSJam 2023-04-06: 6204/2449352 aircraft with bad GPS [archive import: scored retroactively, not a live reading]",2023-04-06,scoring
2023-04-07,0.2747,2.204,0,up,"GPSJam 2023-04-07: 7168/2609333 aircraft with bad GPS [archive import: scored retroactively, not a live reading]",2023-04-07,scoring
2023-04-08,0.2682,1.951,0,up,"GPSJam 2023-04-08: 6598/2459747 aircraft with bad GPS [archive import: scored retroactively, not a live reading]",2023-04-08,scoring
2023-04-09,0.2947,2.831,0,up,"GPSJam 2023-04-09: 7123/2417050 aircraft with bad GPS [archive import: scored retroactively, not a live reading]",2023-04-09,scoring
2023-04-10,0.2352,0.823,0,up,"GPSJam 2023-04-10: 6119/2602152 aircraft with bad GPS [archive import: scored retroactively, not a live reading]",2023-04-10,scoring
2023-04-11,0.2542,1.465,0,up,"GPSJam 2023-04-11: 6252/2459721 aircraft with bad GPS [archive import: scored retroactively, not a live reading]",2023-04-11,scoring
2023-04-12,0.239,0.966,0,up,"GPSJam 2023-04-12: 5941/2485528 aircraft with bad GPS [archive import: scored retroactively, not a live reading]",2023-04-12,scoring
2023-04-13,0.2575,1.599,0,up,"GPSJam 2023-04-13: 6636/2577091 aircraft with bad GPS [archive import: scored retroactively, not a live reading]",2023-04-13,scoring
2023-04-14,0.2938,2.842,0,up,"GPSJam 2023-04-14: 7786/2650165 aircraft with bad GPS [archive import: scored retroactively, not a live reading]",2023-04-14,scoring
2023-04-15,0.2441,1.124,0,up,"GPSJam 2023-04-15: 6129/2511008 aircraft with bad GPS [archive import: scored retroactively, not a live reading]",2023-04-15,scoring
2023-04-16,0.251,1.357,0,up,"GPSJam 2023-04-16: 6392/2546635 aircraft with bad GPS [archive import: scored retroactively, not a live reading]",2023-04-16,scoring
2023-04-17,0.2318,0.704,0,up,"GPSJam 2023-04-17: 5863/2529512 aircraft with bad GPS [archive import: scored retroactively, not a live reading]",2023-04-17,scoring
2023-04-18,0.2596,1.623,0,up,"GPSJam 2023-04-18: 6567/2529255 aircraft with bad GPS [archive import: scored retroactively, not a live reading]",2023-04-18,scoring
2023-04-19,0.2326,0.684,0,up,"GPSJam 2023-04-19: 5943/2554972 aircraft with bad GPS [archive import: scored retroactively, not a live reading]",2023-04-19,scoring
2023-04-20,0.2159,0.132,0,up,"GPSJam 2023-04-20: 5698/2639368 aircraft with bad GPS [archive import: scored retroactively, not a live reading]",2023-04-20,scoring
2023-04-21,0.2393,0.905,0,up,"GPSJam 2023-04-21: 6391/2670827 aircraft with bad GPS [archive import: scored retroactively, not a live reading]",2023-04-21,scoring
2023-04-22,0.296,2.798,0,up,"GPSJam 2023-04-22: 7329/2476363 aircraft with bad GPS [archive import: scored retroactively, not a live reading]",2023-04-22,scoring
2023-04-23,0.2983,2.834,0,up,"GPSJam 2023-04-23: 7681/2574942 aircraft with bad GPS [archive import: scored retroactively, not a live reading]",2023-04-23,scoring
2023-04-24,0.2502,1.239,0,up,"GPSJam 2023-04-24: 6138/2453397 aircraft with bad GPS [archive import: scored retroactively, not a live reading]",2023-04-24,scoring
2023-04-25,0.2482,1.174,0,up,"GPSJam 2023-04-25: 6290/2534593 aircraft with bad GPS [archive import: scored retroactively, not a live reading]",2023-04-25,scoring
2023-04-26,0.2325,0.666,0,up,"GPSJam 2023-04-26: 6000/2580661 aircraft with bad GPS [archive import: scored retroactively, not a live reading]",2023-04-26,scoring
2023-04-27,0.2325,0.662,0,up,"GPSJam 2023-04-27: 6036/2595912 aircraft with bad GPS [archive import: scored retroactively, not a live reading]",2023-04-27,scoring
2023-04-28,0.2462,1.102,0,up,"GPSJam 2023-04-28: 6685/2715469 aircraft with bad GPS [archive import: scored retroactively, not a live reading]",2023-04-28,scoring
2023-04-29,0.2113,-0.019,0,down,"GPSJam 2023-04-29: 5326/2520744 aircraft with bad GPS [archive import: scored retroactively, not a live reading]",2023-04-29,scoring
2023-04-30,0.2286,0.533,0,up,"GPSJam 2023-04-30: 5735/2508446 aircraft with bad GPS [archive import: scored retroactively, not a live reading]",2023-04-30,scoring
2023-05-01,0.2569,1.406,0,up,"GPSJam 2023-05-01: 5910/2300121 aircraft with bad GPS [archive import: scored retroactively, not a live reading]",2023-05-01,scoring
2023-05-02,0.256,1.310,0,up,"GPSJam 2023-05-02: 6535/2552599 aircraft with bad GPS [archive import: scored retroactively, not a live reading]",2023-05-02,scoring
2023-05-03,0.2876,2.241,0,up,"GPSJam 2023-05-03: 7560/2628575 aircraft with bad GPS [archive import: scored retroactively, not a live reading]",2023-05-03,scoring
2023-05-04,0.2736,1.767,0,up,"GPSJam 2023-05-04: 7392/2701902 aircraft with bad GPS [archive import: scored retroactively, not a live reading]",2023-05-04,scoring
2023-05-05,0.2466,0.922,0,up,"GPSJam 2023-05-05: 6626/2686989 aircraft with bad GPS [archive import: scored retroactively, not a live reading]",2023-05-05,scoring
2023-05-06,0.3128,2.808,0,up,"GPSJam 2023-05-06: 7841/2507044 aircraft with bad GPS [archive import: scored retroactively, not a live reading]",2023-05-06,scoring
2023-05-07,0.2603,1.106,0,up,"GPSJam 2023-05-07: 6677/2564637 aircraft with bad GPS [archive import: scored retroactively, not a live reading]",2023-05-07,scoring
2023-05-08,0.286,1.819,0,up,"GPSJam 2023-05-08: 7374/2578223 aircraft with bad GPS [archive import: scored retroactively, not a live reading]",2023-05-08,scoring
2023-05-09,0.2557,0.868,0,up,"GPSJam 2023-05-09: 6591/2577169 aircraft with bad GPS [archive import: scored retroactively, not a live reading]",2023-05-09,scoring
2023-05-10,0.2636,1.048,0,up,"GPSJam 2023-05-10: 6842/2595425 aircraft with bad GPS [archive import: scored retroactively, not a live reading]",2023-05-10,scoring
2023-05-11,0.2671,1.097,0,up,"GPSJam 2023-05-11: 7182/2688703 aircraft with bad GPS [archive import: scored retroactively, not a live reading]",2023-05-11,scoring
2023-05-12,0.2813,1.435,0,up,"GPSJam 2023-05-12: 7560/2687123 aircraft with bad GPS [archive import: scored retroactively, not a live reading]",2023-05-12,scoring
2023-05-13,0.2967,1.781,0,up,"GPSJam 2023-05-13: 7443/2508290 aircraft with bad GPS [archive import: scored retroactively, not a live reading]",2023-05-13,scoring
2023-05-14,0.2649,0.873,0,up,"GPSJam 2023-05-14: 6570/2480628 aircraft with bad GPS [archive import: scored retroactively, not a live reading]",2023-05-14,scoring
2023-05-15,0.2844,1.414,0,up,"GPSJam 2023-05-15: 7406/2603673 aircraft with bad GPS [archive import: scored retroactively, not a live reading]",2023-05-15,scoring
2023-05-16,0.3125,2.143,0,up,"GPSJam 2023-05-16: 8110/2595085 aircraft with bad GPS [archive import: scored retroactively, not a live reading]",2023-05-16,scoring
2023-05-17,0.2609,0.722,0,up,"GPSJam 2023-05-17: 6974/2672960 aircraft with bad GPS [archive import: scored retroactively, not a live reading]",2023-05-17,scoring
2023-05-18,0.2452,0.280,0,up,"GPSJam 2023-05-18: 6711/2736809 aircraft with bad GPS [archive import: scored retroactively, not a live reading]",2023-05-18,scoring
2023-05-19,0.2313,-0.156,0,down,"GPSJam 2023-05-19: 6209/2684382 aircraft with bad GPS [archive import: scored retroactively, not a live reading]",2023-05-19,scoring
2023-05-20,0.2254,-0.315,0,down,"GPSJam 2023-05-20: 5718/2536866 aircraft with bad GPS [archive import: scored retroactively, not a live reading]",2023-05-20,scoring
2023-05-21,0.2382,0.030,0,up,"GPSJam 2023-05-21: 6313/2650404 aircraft with bad GPS [archive import: scored retroactively, not a live reading]",2023-05-21,scoring
2023-05-22,0.2201,-0.517,0,down,"GPSJam 2023-05-22: 5811/2640397 aircraft with bad GPS [archive import: scored retroactively, not a live reading]",2023-05-22,scoring
2023-05-23,0.2164,-0.631,0,down,"GPSJam 2023-05-23: 5657/2613681 aircraft with bad GPS [archive import: scored retroactively, not a live reading]",2023-05-23,scoring
2023-05-24,0.2426,0.114,0,up,"GPSJam 2023-05-24: 6512/2683868 aircraft with bad GPS [archive import: scored retroactively, not a live reading]",2023-05-24,scoring
2023-05-25,0.2433,0.120,0,up,"GPSJam 2023-05-25: 6807/2797637 aircraft with bad GPS [archive import: scored retroactively, not a live reading]",2023-05-25,scoring
2023-05-26,0.2198,-0.595,0,down,"GPSJam 2023-05-26: 6194/2817700 aircraft with bad GPS [archive import: scored retroactively, not a live reading]",2023-05-26,scoring
2023-05-27,0.2954,1.652,0,up,"GPSJam 2023-05-27: 7613/2577617 aircraft with bad GPS [archive import: scored retroactively, not a live reading]",2023-05-27,scoring
2023-05-28,0.3476,3.156,1,up,"GPSJam 2023-05-28: 8699/2502817 aircraft with bad GPS [archive import: scored retroactively, not a live reading]",2023-05-28,scoring
2023-05-29,0.2772,1.041,0,up,"GPSJam 2023-05-29: 7315/2638530 aircraft with bad GPS [archive import: scored retroactively, not a live reading]",2023-05-29,scoring
2023-05-30,0.3169,2.182,0,up,"GPSJam 2023-05-30: 8358/2637748 aircraft with bad GPS [archive import: scored retroactively, not a live reading]",2023-05-30,scoring
2023-05-31,0.3168,2.130,0,up,"GPSJam 2023-05-31: 8485/2678048 aircraft with bad GPS [archive import: scored retroactively, not a live reading]",2023-05-31,scoring
2023-06-01,0.2914,1.354,0,up,"GPSJam 2023-06-01: 8062/2766385 aircraft with bad GPS [archive import: scored retroactively, not a live reading]",2023-06-01,scoring
2023-06-02,0.3395,2.733,0,up,"GPSJam 2023-06-02: 9487/2794335 aircraft with bad GPS [archive import: scored retroactively, not a live reading]",2023-06-02,scoring
2023-06-03,0.3233,2.199,0,up,"GPSJam 2023-06-03: 8446/2612770 aircraft with bad GPS [archive import: scored retroactively, not a live reading]",2023-06-03,scoring
2023-06-04,0.3497,2.901,0,up,"GPSJam 2023-06-04: 9478/2710016 aircraft with bad GPS [archive import: scored retroactively, not a live reading]",2023-06-04,scoring
2023-06-05,0.3733,3.545,1,up,"GPSJam 2023-06-05: 10099/2705240 aircraft with bad GPS [archive import: scored retroactively, not a live reading]",2023-06-05,scoring
2023-06-06,0.3266,2.191,0,up,"GPSJam 2023-06-06: 8757/2681085 aircraft with bad GPS [archive import: scored retroactively, not a live reading]",2023-06-06,scoring
2023-06-07,0.3301,2.248,0,up,"GPSJam 2023-06-07: 9129/2765601 aircraft with bad GPS [archive import: scored retroactively, not a live reading]",2023-06-07,scoring
2023-06-08,0.3673,3.223,1,up,"GPSJam 2023-06-08: 10310/2806732 aircraft with bad GPS [archive import: scored retroactively, not a live reading]",2023-06-08,scoring
2023-06-09,0.3531,2.724,0,up,"GPSJam 2023-06-09: 10044/2844267 aircraft with bad GPS [archive import: scored retroactively, not a live reading]",2023-06-09,scoring
2023-06-10,0.3939,3.735,1,up,"GPSJam 2023-06-10: 10699/2716470 aircraft with bad GPS [archive import: scored retroactively, not a live reading]",2023-06-10,scoring
2023-06-11,0.3741,3.162,1,up,"GPSJam 2023-06-11: 10249/2739905 aircraft with bad GPS [archive import: scored retroactively, not a live reading]",2023-06-11,scoring
2023-06-12,0.3671,2.917,0,up,"GPSJam 2023-06-12: 9826/2676414 aircraft with bad GPS [archive import: scored retroactively, not a live reading]",2023-06-12,scoring
2023-06-13,0.3677,2.894,0,up,"GPSJam 2023-06-13: 10099/2746505 aircraft with bad GPS [archive import: scored retroactively, not a live reading]",2023-06-13,scoring
2023-06-14,0.381,3.130,1,up,"GPSJam 2023-06-14: 10520/2761025 aircraft with bad GPS [archive import: scored retroactively, not a live reading]",2023-06-14,scoring
2023-06-15,0.3836,3.121,1,up,"GPSJam 2023-06-15: 10926/2848586 aircraft with bad GPS [archive import: scored retroactively, not a live reading]",2023-06-15,scoring
2023-06-16,0.3157,1.433,0,up,"GPSJam 2023-06-16: 8825/2795187 aircraft with bad GPS [archive import: scored retroactively, not a live reading]",2023-06-16,scoring
2023-06-17,0.3365,1.937,0,up,"GPSJam 2023-06-17: 9280/2758024 aircraft with bad GPS [archive import: scored retroactively, not a live reading]",2023-06-17,scoring
2023-06-18,0.3081,1.232,0,up,"GPSJam 2023-06-18: 8400/2726086 aircraft with bad GPS [archive import: scored retroactively, not a live reading]",2023-06-18,scoring
2023-06-19,0.3442,2.064,0,up,"GPSJam 2023-06-19: 9516/2764928 aircraft with bad GPS [archive import: scored retroactively, not a live reading]",2023-06-19,scoring
2023-06-20,0.3569,2.320,0,up,"GPSJam 2023-06-20: 9814/2749888 aircraft with bad GPS [archive import: scored retroactively, not a live reading]",2023-06-20,scoring
2023-06-21,0.3671,2.538,0,up,"GPSJam 2023-06-21: 10340/2816472 aircraft with bad GPS [archive import: scored retroactively, not a live reading]",2023-06-21,scoring
2023-06-22,0.3617,2.407,0,up,"GPSJam 2023-06-22: 10384/2870555 aircraft with bad GPS [archive import: scored retroactively, not a live reading]",2023-06-22,scoring
2023-06-23,0.3167,1.252,0,up,"GPSJam 2023-06-23: 9194/2902838 aircraft with bad GPS [archive import: scored retroactively, not a live reading]",2023-06-23,scoring
2023-06-24,0.3862,2.737,0,up,"GPSJam 2023-06-24: 10668/2762602 aircraft with bad GPS [archive import: scored retroactively, not a live reading]",2023-06-24,scoring
2023-06-25,0.4004,3.008,1,up,"GPSJam 2023-06-25: 10819/2701858 aircraft with bad GPS [archive import: scored retroactively, not a live reading]",2023-06-25,scoring
2023-06-26,0.4147,3.195,1,up,"GPSJam 2023-06-26: 11389/2746142 aircraft with bad GPS [archive import: scored retroactively, not a live reading]",2023-06-26,scoring
2023-06-27,0.3363,1.431,0,up,"GPSJam 2023-06-27: 9278/2758740 aircraft with bad GPS [archive import: scored retroactively, not a live reading]",2023-06-27,scoring
2023-06-28,0.4278,3.256,1,up,"GPSJam 2023-06-28: 12039/2814482 aircraft with bad GPS [archive import: scored retroactively, not a live reading]",2023-06-28,scoring
2023-06-29,0.3314,1.168,0,up,"GPSJam 2023-06-29: 9645/2910788 aircraft with bad GPS [archive import: scored retroactively, not a live reading]",2023-06-29,scoring
2023-06-30,0.3418,1.343,0,up,"GPSJam 2023-06-30: 10208/2986150 aircraft with bad GPS [archive import: scored retroactively, not a live reading]",2023-06-30,scoring
2023-07-01,0.3736,1.883,0,up,"GPSJam 2023-07-01: 10761/2880314 aircraft with bad GPS [archive import: scored retroactively, not a live reading]",2023-07-01,scoring
2023-07-02,0.4377,3.001,1,up,"GPSJam 2023-07-02: 12021/2746643 aircraft with bad GPS [archive import: scored retroactively, not a live reading]",2023-07-02,scoring
2023-07-03,0.3754,1.686,0,up,"GPSJam 2023-07-03: 10045/2675465 aircraft with bad GPS [archive import: scored retroactively, not a live reading]",2023-07-03,scoring
2023-07-04,0.3794,1.697,0,up,"GPSJam 2023-07-04: 9678/2551063 aircraft with bad GPS [archive import: scored retroactively, not a live reading]",2023-07-04,scoring
2023-07-05,0.3994,1.975,0,up,"GPSJam 2023-07-05: 11081/2774193 aircraft with bad GPS [archive import: scored retroactively, not a live reading]",2023-07-05,scoring
2023-07-06,0.4175,2.194,0,up,"GPSJam 2023-07-06: 12151/2910401 aircraft with bad GPS [archive import: scored retroactively, not a live reading]",2023-07-06,scoring
2023-07-07,0.4289,2.322,0,up,"GPSJam 2023-07-07: 12546/2925350 aircraft with bad GPS [archive import: scored retroactively, not a live reading]",2023-07-07,scoring
2023-07-08,0.3106,0.261,0,up,"GPSJam 2023-07-08: 8864/2853783 aircraft with bad GPS [archive import: scored retroactively, not a live reading]",2023-07-08,scoring
2023-07-09,0.3283,0.548,0,up,"GPSJam 2023-07-09: 9274/2825111 aircraft with bad GPS [archive import: scored retroactively, not a live reading]",2023-07-09,scoring
2023-07-10,0.3385,0.699,0,up,"GPSJam 2023-07-10: 9546/2819701 aircraft with bad GPS [archive import: scored retroactively, not a live reading]",2023-07-10,scoring
2023-07-11,0.2999,0.040,0,up,"GPSJam 2023-07-11: 8633/2878990 aircraft with bad GPS [archive import: scored retroactively, not a live reading]",2023-07-11,scoring
2023-07-12,0.3486,0.812,0,up,"GPSJam 2023-07-12: 10126/2904729 aircraft with bad GPS [archive import: scored retroactively, not a live reading]",2023-07-12,scoring
2023-07-13,0.342,0.617,0,up,"GPSJam 2023-07-13: 10149/2967603 aircraft with bad GPS [archive import: scored retroactively, not a live reading]",2023-07-13,scoring
2023-07-14,0.3532,0.714,0,up,"GPSJam 2023-07-14: 10456/2960604 aircraft with bad GPS [archive import: scored retroactively, not a live reading]",2023-07-14,scoring
2023-07-15,0.3827,1.155,0,up,"GPSJam 2023-07-15: 10815/2826005 aircraft with bad GPS [archive import: scored retroactively, not a live reading]",2023-07-15,scoring
2023-07-16,0.3787,1.061,0,up,"GPSJam 2023-07-16: 10702/2825654 aircraft with bad GPS [archive import: scored retroactively, not a live reading]",2023-07-16,scoring
2023-07-17,0.361,0.748,0,up,"GPSJam 2023-07-17: 10358/2868992 aircraft with bad GPS [archive import: scored retroactively, not a live reading]",2023-07-17,scoring
2023-07-18,0.3373,0.338,0,up,"GPSJam 2023-07-18: 9722/2882169 aircraft with bad GPS [archive import: scored retroactively, not a live reading]",2023-07-18,scoring
2023-07-19,0.3507,0.545,0,up,"GPSJam 2023-07-19: 10188/2905182 aircraft with bad GPS [archive import: scored retroactively, not a live reading]",2023-07-19,scoring
2023-07-20,0.335,0.298,0,up,"GPSJam 2023-07-20: 10025/2992114 aircraft with bad GPS [archive import: scored retroactively, not a live reading]",2023-07-20,scoring
2023-07-21,0.3665,0.766,0,up,"GPSJam 2023-07-21: 11038/3011821 aircraft with bad GPS [archive import: scored retroactively, not a live reading]",2023-07-21,scoring
2023-07-22,0.4096,1.403,0,up,"GPSJam 2023-07-22: 11815/2884589 aircraft with bad GPS [archive import: scored retroactively, not a live reading]",2023-07-22,scoring
2023-07-23,0.4447,1.937,0,up,"GPSJam 2023-07-23: 12864/2892558 aircraft with bad GPS [archive import: scored retroactively, not a live reading]",2023-07-23,scoring
2023-07-24,0.4127,1.346,0,up,"GPSJam 2023-07-24: 11923/2888885 aircraft with bad GPS [archive import: scored retroactively, not a live reading]",2023-07-24,scoring
2023-07-25,0.3839,0.848,0,up,"GPSJam 2023-07-25: 11044/2876542 aircraft with bad GPS [archive import: scored retroactively, not a live reading]",2023-07-25,scoring
2023-07-26,0.4387,1.689,0,up,"GPSJam 2023-07-26: 13046/2973804 aircraft with bad GPS [archive import: scored retroactively, not a live reading]",2023-07-26,scoring
2023-07-27,0.417,1.289,0,up,"GPSJam 2023-07-27: 12651/3033823 aircraft with bad GPS [archive import: scored retroactively, not a live reading]",2023-07-27,scoring
2023-07-28,0.3831,0.733,0,up,"GPSJam 2023-07-28: 11587/3024590 aircraft with bad GPS [archive import: scored retroactively, not a live reading]",2023-07-28,scoring
2023-07-29,0.3755,0.618,0,up,"GPSJam 2023-07-29: 10897/2902185 aircraft with bad GPS [archive import: scored retroactively, not a live reading]",2023-07-29,scoring
2023-07-30,0.395,0.927,0,up,"GPSJam 2023-07-30: 11689/2959444 aircraft with bad GPS [archive import: scored retroactively, not a live reading]",2023-07-30,scoring
2023-07-31,0.4001,1.002,0,up,"GPSJam 2023-07-31: 11708/2926036 aircraft with bad GPS [archive import: scored retroactively, not a live reading]",2023-07-31,scoring
2023-08-01,0.4353,1.563,0,up,"GPSJam 2023-08-01: 12636/2902676 aircraft with bad GPS [archive import: scored retroactively, not a live reading]",2023-08-01,scoring
2023-08-02,0.3757,0.554,0,up,"GPSJam 2023-08-02: 10895/2899730 aircraft with bad GPS [archive import: scored retroactively, not a live reading]",2023-08-02,scoring
2023-08-03,0.3881,0.751,0,up,"GPSJam 2023-08-03: 11441/2948074 aircraft with bad GPS [archive import: scored retroactively, not a live reading]",2023-08-03,scoring
2023-08-04,0.371,0.425,0,up,"GPSJam 2023-08-04: 11030/2972960 aircraft with bad GPS [archive import: scored retroactively, not a live reading]",2023-08-04,scoring
2023-08-05,0.3987,0.869,0,up,"GPSJam 2023-08-05: 11472/2877445 aircraft with bad GPS [archive import: scored retroactively, not a live reading]",2023-08-05,scoring
2023-08-06,0.3848,0.624,0,up,"GPSJam 2023-08-06: 11101/2885014 aircraft with bad GPS [archive import: scored retroactively, not a live reading]",2023-08-06,scoring
2023-08-07,0.4477,1.719,0,up,"GPSJam 2023-08-07: 12865/2873595 aircraft with bad GPS [archive import: scored retroactively, not a live reading]",2023-08-07,scoring
2023-08-08,0.435,1.460,0,up,"GPSJam 2023-08-08: 12436/2859072 aircraft with bad GPS [archive import: scored retroactively, not a live reading]",2023-08-08,scoring
2023-08-09,0.4072,0.953,0,up,"GPSJam 2023-08-09: 11794/2896715 aircraft with bad GPS [archive import: scored retroactively, not a live reading]",2023-08-09,scoring
2023-08-10,0.4481,1.660,0,up,"GPSJam 2023-08-10: 13238/2953973 aircraft with bad GPS [archive import: scored retroactively, not a live reading]",2023-08-10,scoring
2023-08-11,0.4207,1.101,0,up,"GPSJam 2023-08-11: 12615/2998787 aircraft with bad GPS [archive import: scored retroactively, not a live reading]",2023-08-11,scoring
2023-08-12,0.3908,0.527,0,up,"GPSJam 2023-08-12: 11212/2868741 aircraft with bad GPS [archive import: scored retroactively, not a live reading]",2023-08-12,scoring
2023-08-13,0.4808,2.147,0,up,"GPSJam 2023-08-13: 13918/2894466 aircraft with bad GPS [archive import: scored retroactively, not a live reading]",2023-08-13,scoring
2023-08-14,0.4921,2.287,0,up,"GPSJam 2023-08-14: 14043/2853553 aircraft with bad GPS [archive import: scored retroactively, not a live reading]",2023-08-14,scoring
2023-08-15,0.5336,2.981,0,up,"GPSJam 2023-08-15: 15260/2859697 aircraft with bad GPS [archive import: scored retroactively, not a live reading]",2023-08-15,scoring
2023-08-16,0.5012,2.399,0,up,"GPSJam 2023-08-16: 14535/2899833 aircraft with bad GPS [archive import: scored retroactively, not a live reading]",2023-08-16,scoring
2023-08-17,0.4856,2.098,0,up,"GPSJam 2023-08-17: 14370/2959272 aircraft with bad GPS [archive import: scored retroactively, not a live reading]",2023-08-17,scoring
2023-08-18,0.4836,2.022,0,up,"GPSJam 2023-08-18: 14305/2957915 aircraft with bad GPS [archive import: scored retroactively, not a live reading]",2023-08-18,scoring
2023-08-19,0.493,2.131,0,up,"GPSJam 2023-08-19: 13967/2833091 aircraft with bad GPS [archive import: scored retroactively, not a live reading]",2023-08-19,scoring
2023-08-20,0.4472,1.301,0,up,"GPSJam 2023-08-20: 12776/2856573 aircraft with bad GPS [archive import: scored retroactively, not a live reading]",2023-08-20,scoring
2023-08-21,0.3998,0.459,0,up,"GPSJam 2023-08-21: 11244/2812535 aircraft with bad GPS [archive import: scored retroactively, not a live reading]",2023-08-21,scoring
2023-08-22,0.4398,1.187,0,up,"GPSJam 2023-08-22: 12462/2833742 aircraft with bad GPS [archive import: scored retroactively, not a live reading]",2023-08-22,scoring
2023-08-23,0.4392,1.177,0,up,"GPSJam 2023-08-23: 12498/2845916 aircraft with bad GPS [archive import: scored retroactively, not a live reading]",2023-08-23,scoring
2023-08-24,0.4895,2.129,0,up,"GPSJam 2023-08-24: 14322/2925684 aircraft with bad GPS [archive import: scored retroactively, not a live reading]",2023-08-24,scoring
2023-08-25,0.4587,1.529,0,up,"GPSJam 2023-08-25: 13460/2934126 aircraft with bad GPS [archive import: scored retroactively, not a live reading]",2023-08-25,scoring
2023-08-26,0.4745,1.791,0,up,"GPSJam 2023-08-26: 13273/2797102 aircraft with bad GPS [archive import: scored retroactively, not a live reading]",2023-08-26,scoring
2023-08-27,0.465,1.566,0,up,"GPSJam 2023-08-27: 13113/2820136 aircraft with bad GPS [archive import: scored retroactively, not a live reading]",2023-08-27,scoring
2023-08-28,0.4335,0.961,0,up,"GPSJam 2023-08-28: 12034/2775972 aircraft with bad GPS [archive import: scored retroactively, not a live reading]",2023-08-28,scoring
2023-08-29,0.4039,0.391,0,up,"GPSJam 2023-08-29: 11486/2843775 aircraft with bad GPS [archive import: scored retroactively, not a live reading]",2023-08-29,scoring
2023-08-30,0.4767,1.745,0,up,"GPSJam 2023-08-30: 13378/2806318 aircraft with bad GPS [archive import: scored retroactively, not a live reading]",2023-08-30,scoring
2023-08-31,0.4074,0.446,0,up,"GPSJam 2023-08-31: 12029/2952300 aircraft with bad GPS [archive import: scored retroactively, not a live reading]",2023-08-31,scoring
2023-09-01,0.4408,1.063,0,up,"GPSJam 2023-09-01: 12915/2930067 aircraft with bad GPS [archive import: scored retroactively, not a live reading]",2023-09-01,scoring
2023-09-02,0.4282,0.808,0,up,"GPSJam 2023-09-02: 11745/2742743 aircraft with bad GPS [archive import: scored retroactively, not a live reading]",2023-09-02,scoring
2023-09-03,0.4066,0.365,0,up,"GPSJam 2023-09-03: 10838/2665293 aircraft with bad GPS [archive import: scored retroactively, not a live reading]",2023-09-03,scoring
2023-09-04,0.3923,0.053,0,up,"GPSJam 2023-09-04: 11005/2805427 aircraft with bad GPS [archive import: scored retroactively, not a live reading]",2023-09-04,scoring
2023-09-05,0.3503,-0.783,0,down,"GPSJam 2023-09-05: 9746/2782320 aircraft with bad GPS [archive import: scored retroactively, not a live reading]",2023-09-05,scoring
2023-09-06,0.3418,-0.952,0,down,"GPSJam 2023-09-06: 9515/2783621 aircraft with bad GPS [archive import: scored retroactively, not a live reading]",2023-09-06,scoring
2023-09-07,0.3399,-0.981,0,down,"GPSJam 2023-09-07: 9641/2836770 aircraft with bad GPS [archive import: scored retroactively, not a live reading]",2023-09-07,scoring
2023-09-08,0.3328,-1.102,0,down,"GPSJam 2023-09-08: 9477/2847794 aircraft with bad GPS [archive import: scored retroactively, not a live reading]",2023-09-08,scoring
2023-09-09,0.3537,-0.665,0,down,"GPSJam 2023-09-09: 9510/2688471 aircraft with bad GPS [archive import: scored retroactively, not a live reading]",2023-09-09,scoring
2023-09-10,0.3327,-1.056,0,down,"GPSJam 2023-09-10: 9223/2772233 aircraft with bad GPS [archive import: scored retroactively, not a live reading]",2023-09-10,scoring
2023-09-11,0.3093,-1.492,0,down,"GPSJam 2023-09-11: 8582/2774642 aircraft with bad GPS [archive import: scored retroactively, not a live reading]",2023-09-11,scoring
2023-09-12,0.3201,-1.261,0,down,"GPSJam 2023-09-12: 8865/2769226 aircraft with bad GPS [archive import: scored retroactively, not a live reading]",2023-09-12,scoring
2023-09-13,0.5055,2.086,0,up,"GPSJam 2023-09-13: 14038/2777301 aircraft with bad GPS [archive import: scored retroactively, not a live reading]",2023-09-13,scoring
2023-09-14,0.3636,-0.489,0,down,"GPSJam 2023-09-14: 10495/2886410 aircraft with bad GPS [archive import: scored retroactively, not a live reading]",2023-09-14,scoring
2023-09-15,0.3299,-1.091,0,down,"GPSJam 2023-09-15: 9577/2903374 aircraft with bad GPS [archive import: scored retroactively, not a live reading]",2023-09-15,scoring
2023-09-16,0.315,-1.355,0,down,"GPSJam 2023-09-16: 8414/2671166 aircraft with bad GPS [archive import: scored retroactively, not a live reading]",2023-09-16,scoring
2023-09-17,0.3003,-1.621,0,down,"GPSJam 2023-09-17: 8262/2751171 aircraft with bad GPS [archive import: scored retroactively, not a live reading]",2023-09-17,scoring
2023-09-18,0.315,-1.335,0,down,"GPSJam 2023-09-18: 8775/2785337 aircraft with bad GPS [archive import: scored retroactively, not a live reading]",2023-09-18,scoring
2023-09-19,0.3622,-0.506,0,down,"GPSJam 2023-09-19: 10027/2768660 aircraft with bad GPS [archive import: scored retroactively, not a live reading]",2023-09-19,scoring
2023-09-20,0.3743,-0.299,0,down,"GPSJam 2023-09-20: 10389/2775448 aircraft with bad GPS [archive import: scored retroactively, not a live reading]",2023-09-20,scoring
2023-09-21,0.3609,-0.531,0,down,"GPSJam 2023-09-21: 10410/2884819 aircraft with bad GPS [archive import: scored retroactively, not a live reading]",2023-09-21,scoring
2023-09-22,0.3431,-0.845,0,down,"GPSJam 2023-09-22: 10016/2919188 aircraft with bad GPS [archive import: scored retroactively, not a live reading]",2023-09-22,scoring
2023-09-23,0.3223,-1.199,0,down,"GPSJam 2023-09-23: 8628/2677020 aircraft with bad GPS [archive import: scored retroactively, not a live reading]",2023-09-23,scoring
2023-09-24,0.2744,-1.984,0,down,"GPSJam 2023-09-24: 3889/1417261 aircraft with bad GPS [archive import: scored retroactively, not a live reading]",2023-09-24,scoring
2023-09-25,0.3005,-1.435,0,down,"GPSJam 2023-09-25: 8247/2744621 aircraft with bad GPS [archive import: scored retroactively, not a live reading]",2023-09-25,scoring
2023-09-26,0.3102,-1.259,0,down,"GPSJam 2023-09-26: 8542/2754103 aircraft with bad GPS [archive import: scored retroactively, not a live reading]",2023-09-26,scoring
2023-09-27,0.3317,-0.861,0,down,"GPSJam 2023-09-27: 9207/2775945 aircraft with bad GPS [archive import: scored retroactively, not a live reading]",2023-09-27,scoring
2023-09-28,0.2914,-1.519,0,down,"GPSJam 2023-09-28: 8349/2864719 aircraft with bad GPS [archive import: scored retroactively, not a live reading]",2023-09-28,scoring
2023-09-29,0.3827,-0.027,0,down,"GPSJam 2023-09-29: 10967/2865900 aircraft with bad GPS [archive import: scored retroactively, not a live reading]",2023-09-29,scoring
2023-09-30,0.3146,-1.124,0,down,"GPSJam 2023-09-30: 8524/2709732 aircraft with bad GPS [archive import: scored retroactively, not a live reading]",2023-09-30,scoring
2023-10-01,0.3252,-0.943,0,down,"GPSJam 2023-10-01: 8981/2761703 aircraft with bad GPS [archive import: scored retroactively, not a live reading]",2023-10-01,scoring
2023-10-02,0.2827,-1.625,0,down,"GPSJam 2023-10-02: 7714/2728508 aircraft with bad GPS [archive import: scored retroactively, not a live reading]",2023-10-02,scoring
2023-10-03,0.2877,-1.518,0,down,"GPSJam 2023-10-03: 7724/2684628 aircraft with bad GPS [archive import: scored retroactively, not a live reading]",2023-10-03,scoring
2023-10-04,0.3004,-1.281,0,down,"GPSJam 2023-10-04: 8180/2723095 aircraft with bad GPS [archive import: scored retroactively, not a live reading]",2023-10-04,scoring
2023-10-05,0.3322,-0.774,0,down,"GPSJam 2023-10-05: 9361/2818273 aircraft with bad GPS [archive import: scored retroactively, not a live reading]",2023-10-05,scoring
2023-10-06,0.2671,-1.764,0,down,"GPSJam 2023-10-06: 7682/2875727 aircraft with bad GPS [archive import: scored retroactively, not a live reading]",2023-10-06,scoring
2023-10-07,0.3105,-1.059,0,down,"GPSJam 2023-10-07: 8272/2664173 aircraft with bad GPS [archive import: scored retroactively, not a live reading]",2023-10-07,scoring
2023-10-08,0.2954,-1.278,0,down,"GPSJam 2023-10-08: 8017/2713857 aircraft with bad GPS [archive import: scored retroactively, not a live reading]",2023-10-08,scoring
2023-10-09,0.2985,-1.224,0,down,"GPSJam 2023-10-09: 8176/2738775 aircraft with bad GPS [archive import: scored retroactively, not a live reading]",2023-10-09,scoring
2023-10-10,0.2951,-1.275,0,down,"GPSJam 2023-10-10: 8021/2718477 aircraft with bad GPS [archive import: scored retroactively, not a live reading]",2023-10-10,scoring
2023-10-11,0.2867,-1.387,0,down,"GPSJam 2023-10-11: 7765/2708213 aircraft with bad GPS [archive import: scored retroactively, not a live reading]",2023-10-11,scoring
2023-10-12,0.2995,-1.190,0,down,"GPSJam 2023-10-12: 8379/2797359 aircraft with bad GPS [archive import: scored retroactively, not a live reading]",2023-10-12,scoring
2023-10-13,0.3525,-0.410,0,down,"GPSJam 2023-10-13: 9920/2814506 aircraft with bad GPS [archive import: scored retroactively, not a live reading]",2023-10-13,scoring
2023-10-14,0.3477,-0.428,0,down,"GPSJam 2023-10-14: 9113/2620589 aircraft with bad GPS [archive import: scored retroactively, not a live reading]",2023-10-14,scoring
2023-10-15,0.3329,-0.618,0,down,"GPSJam 2023-10-15: 9123/2740064 aircraft with bad GPS [archive import: scored retroactively, not a live reading]",2023-10-15,scoring
2023-10-16,0.3223,-0.772,0,down,"GPSJam 2023-10-16: 8742/2712057 aircraft with bad GPS [archive import: scored retroactively, not a live reading]",2023-10-16,scoring
2023-10-17,0.306,-1.011,0,down,"GPSJam 2023-10-17: 8221/2686961 aircraft with bad GPS [archive import: scored retroactively, not a live reading]",2023-10-17,scoring
2023-10-18,0.325,-0.735,0,down,"GPSJam 2023-10-18: 8875/2730976 aircraft with bad GPS [archive import: scored retroactively, not a live reading]",2023-10-18,scoring
2023-10-19,0.3166,-0.857,0,down,"GPSJam 2023-10-19: 8955/2828717 aircraft with bad GPS [archive import: scored retroactively, not a live reading]",2023-10-19,scoring
2023-10-20,0.3452,-0.447,0,down,"GPSJam 2023-10-20: 9769/2829901 aircraft with bad GPS [archive import: scored retroactively, not a live reading]",2023-10-20,scoring
2023-10-21,0.2988,-1.119,0,down,"GPSJam 2023-10-21: 7846/2625844 aircraft with bad GPS [archive import: scored retroactively, not a live reading]",2023-10-21,scoring
2023-10-22,0.3115,-0.911,0,down,"GPSJam 2023-10-22: 8439/2709220 aircraft with bad GPS [archive import: scored retroactively, not a live reading]",2023-10-22,scoring
2023-10-23,0.2811,-1.288,0,down,"GPSJam 2023-10-23: 7621/2711473 aircraft with bad GPS [archive import: scored retroactively, not a live reading]",2023-10-23,scoring
2023-10-24,0.2919,-1.061,0,down,"GPSJam 2023-10-24: 7798/2671140 aircraft with bad GPS [archive import: scored retroactively, not a live reading]",2023-10-24,scoring
2023-10-25,0.2974,-0.968,0,down,"GPSJam 2023-10-25: 8058/2709450 aircraft with bad GPS [archive import: scored retroactively, not a live reading]",2023-10-25,scoring
2023-10-26,0.2708,-1.313,0,down,"GPSJam 2023-10-26: 7537/2783378 aircraft with bad GPS [archive import: scored retroactively, not a live reading]",2023-10-26,scoring
2023-10-27,0.2876,-0.988,0,down,"GPSJam 2023-10-27: 8113/2820509 aircraft with bad GPS [archive import: scored retroactively, not a live reading]",2023-10-27,scoring
2023-10-28,0.3166,-0.528,0,down,"GPSJam 2023-10-28: 8248/2604890 aircraft with bad GPS [archive import: scored retroactively, not a live reading]",2023-10-28,scoring
2023-10-29,0.2775,-1.114,0,down,"GPSJam 2023-10-29: 7108/2561227 aircraft with bad GPS [archive import: scored retroactively, not a live reading]",2023-10-29,scoring
2023-10-30,0.2747,-1.126,0,down,"GPSJam 2023-10-30: 7029/2558514 aircraft with bad GPS [archive import: scored retroactively, not a live reading]",2023-10-30,scoring
2023-10-31,0.308,-0.571,0,down,"GPSJam 2023-10-31: 7687/2495471 aircraft with bad GPS [archive import: scored retroactively, not a live reading]",2023-10-31,scoring
2023-11-01,0.3044,-0.613,0,down,"GPSJam 2023-11-01: 7789/2558673 aircraft with bad GPS [archive import: scored retroactively, not a live reading]",2023-11-01,scoring
2023-11-02,0.2956,-0.747,0,down,"GPSJam 2023-11-02: 7808/2641399 aircraft with bad GPS [archive import: scored retroactively, not a live reading]",2023-11-02,scoring
2023-11-03,0.2894,-0.787,0,down,"GPSJam 2023-11-03: 7831/2706029 aircraft with bad GPS [archive import: scored retroactively, not a live reading]",2023-11-03,scoring
2023-11-04,0.3088,-0.415,0,down,"GPSJam 2023-11-04: 7819/2531690 aircraft with bad GPS [archive import: scored retroactively, not a live reading]",2023-11-04,scoring
2023-11-05,0.2956,-0.658,0,down,"GPSJam 2023-11-05: 7590/2567744 aircraft with bad GPS [archive import: scored retroactively, not a live reading]",2023-11-05,scoring
2023-11-06,0.3014,-0.576,0,down,"GPSJam 2023-11-06: 7734/2565989 aircraft with bad GPS [archive import: scored retroactively, not a live reading]",2023-11-06,scoring
2023-11-07,0.3095,-0.426,0,down,"GPSJam 2023-11-07: 7665/2476256 aircraft with bad GPS [archive import: scored retroactively, not a live reading]",2023-11-07,scoring
2023-11-08,0.3377,0.136,0,up,"GPSJam 2023-11-08: 8552/2532556 aircraft with bad GPS [archive import: scored retroactively, not a live reading]",2023-11-08,scoring
2023-11-09,0.2618,-1.389,0,down,"GPSJam 2023-11-09: 6801/2597603 aircraft with bad GPS [archive import: scored retroactively, not a live reading]",2023-11-09,scoring
2023-11-10,0.2807,-0.939,0,down,"GPSJam 2023-11-10: 7472/2661671 aircraft with bad GPS [archive import: scored retroactively, not a live reading]",2023-11-10,scoring
2023-11-11,0.2776,-0.973,0,down,"GPSJam 2023-11-11: 6820/2456733 aircraft with bad GPS [archive import: scored retroactively, not a live reading]",2023-11-11,scoring
2023-11-12,0.2799,-0.904,0,down,"GPSJam 2023-11-12: 7084/2530887 aircraft with bad GPS [archive import: scored retroactively, not a live reading]",2023-11-12,scoring
2023-11-13,0.2495,-1.552,0,down,"GPSJam 2023-11-13: 6320/2532920 aircraft with bad GPS [archive import: scored retroactively, not a live reading]",2023-11-13,scoring
2023-11-14,0.263,-1.241,0,down,"GPSJam 2023-11-14: 6473/2461108 aircraft with bad GPS [archive import: scored retroactively, not a live reading]",2023-11-14,scoring
2023-11-15,0.2693,-1.055,0,down,"GPSJam 2023-11-15: 6777/2516499 aircraft with bad GPS [archive import: scored retroactively, not a live reading]",2023-11-15,scoring
2023-11-16,0.2651,-1.118,0,down,"GPSJam 2023-11-16: 6917/2609539 aircraft with bad GPS [archive import: scored retroactively, not a live reading]",2023-11-16,scoring
2023-11-17,0.2641,-1.139,0,down,"GPSJam 2023-11-17: 7183/2719436 aircraft with bad GPS [archive import: scored retroactively, not a live reading]",2023-11-17,scoring
2023-11-18,0.278,-0.819,0,down,"GPSJam 2023-11-18: 7108/2556450 aircraft with bad GPS [archive import: scored retroactively, not a live reading]",2023-11-18,scoring
2023-11-19,0.2322,-1.854,0,down,"GPSJam 2023-11-19: 5970/2571253 aircraft with bad GPS [archive import: scored retroactively, not a live reading]",2023-11-19,scoring
2023-11-20,0.2417,-1.601,0,down,"GPSJam 2023-11-20: 6192/2562287 aircraft with bad GPS [archive import: scored retroactively, not a live reading]",2023-11-20,scoring
2023-11-21,0.2414,-1.555,0,down,"GPSJam 2023-11-21: 6075/2516603 aircraft with bad GPS [archive import: scored retroactively, not a live reading]",2023-11-21,scoring
2023-11-22,0.2433,-1.498,0,down,"GPSJam 2023-11-22: 6307/2591906 aircraft with bad GPS [archive import: scored retroactively, not a live reading]",2023-11-22,scoring
2023-11-23,0.2999,-0.223,0,down,"GPSJam 2023-11-23: 6713/2238311 aircraft with bad GPS [archive import: scored retroactively, not a live reading]",2023-11-23,scoring
2023-11-24,0.3134,0.092,0,up,"GPSJam 2023-11-24: 7051/2249746 aircraft with bad GPS [archive import: scored retroactively, not a live reading]",2023-11-24,scoring
2023-11-25,0.2944,-0.359,0,down,"GPSJam 2023-11-25: 7399/2513208 aircraft with bad GPS [archive import: scored retroactively, not a live reading]",2023-11-25,scoring
2023-11-26,0.2452,-1.585,0,down,"GPSJam 2023-11-26: 6549/2670740 aircraft with bad GPS [archive import: scored retroactively, not a live reading]",2023-11-26,scoring
2023-11-27,0.2282,-2.001,0,down,"GPSJam 2023-11-27: 5957/2610686 aircraft with bad GPS [archive import: scored retroactively, not a live reading]",2023-11-27,scoring
2023-11-28,0.2603,-1.171,0,down,"GPSJam 2023-11-28: 6476/2488306 aircraft with bad GPS [archive import: scored retroactively, not a live reading]",2023-11-28,scoring
2023-11-29,0.2824,-0.584,0,down,"GPSJam 2023-11-29: 7052/2497298 aircraft with bad GPS [archive import: scored retroactively, not a live reading]",2023-11-29,scoring
2023-11-30,0.2655,-0.986,0,down,"GPSJam 2023-11-30: 6822/2569405 aircraft with bad GPS [archive import: scored retroactively, not a live reading]",2023-11-30,scoring
2023-12-01,0.2746,-0.698,0,down,"GPSJam 2023-12-01: 7133/2598014 aircraft with bad GPS [archive import: scored retroactively, not a live reading]",2023-12-01,scoring
2023-12-02,0.3331,0.880,0,up,"GPSJam 2023-12-02: 7896/2370747 aircraft with bad GPS [archive import: scored retroactively, not a live reading]",2023-12-02,scoring
2023-12-03,0.3196,0.525,0,up,"GPSJam 2023-12-03: 7761/2428065 aircraft with bad GPS [archive import: scored retroactively, not a live reading]",2023-12-03,scoring
2023-12-04,0.2842,-0.459,0,down,"GPSJam 2023-12-04: 7134/2509793 aircraft with bad GPS [archive import: scored retroactively, not a live reading]",2023-12-04,scoring
2023-12-05,0.325,0.714,0,up,"GPSJam 2023-12-05: 8022/2467972 aircraft with bad GPS [archive import: scored retroactively, not a live reading]",2023-12-05,scoring
2023-12-06,0.3258,0.741,0,up,"GPSJam 2023-12-06: 8166/2506603 aircraft with bad GPS [archive import: scored retroactively, not a live reading]",2023-12-06,scoring
2023-12-07,0.3052,0.142,0,up,"GPSJam 2023-12-07: 7957/2607388 aircraft with bad GPS [archive import: scored retroactively, not a live reading]",2023-12-07,scoring
2023-12-08,0.2994,-0.028,0,down,"GPSJam 2023-12-08: 7917/2643861 aircraft with bad GPS [archive import: scored retroactively, not a live reading]",2023-12-08,scoring
2023-12-09,0.2959,-0.129,0,down,"GPSJam 2023-12-09: 7215/2438155 aircraft with bad GPS [archive import: scored retroactively, not a live reading]",2023-12-09,scoring
2023-12-10,0.2778,-0.680,0,down,"GPSJam 2023-12-10: 6882/2477147 aircraft with bad GPS [archive import: scored retroactively, not a live reading]",2023-12-10,scoring
2023-12-11,0.2948,-0.143,0,down,"GPSJam 2023-12-11: 7570/2567759 aircraft with bad GPS [archive import: scored retroactively, not a live reading]",2023-12-11,scoring
2023-12-12,0.2813,-0.553,0,down,"GPSJam 2023-12-12: 7071/2513490 aircraft with bad GPS [archive import: scored retroactively, not a live reading]",2023-12-12,scoring
2023-12-13,0.2946,-0.129,0,down,"GPSJam 2023-12-13: 7494/2543870 aircraft with bad GPS [archive import: scored retroactively, not a live reading]",2023-12-13,scoring
2023-12-14,0.2814,-0.539,0,down,"GPSJam 2023-12-14: 7447/2646601 aircraft with bad GPS [archive import: scored retroactively, not a live reading]",2023-12-14,scoring
2023-12-15,0.2884,-0.271,0,down,"GPSJam 2023-12-15: 7914/2744414 aircraft with bad GPS [archive import: scored retroactively, not a live reading]",2023-12-15,scoring
2023-12-16,0.2857,-0.337,0,down,"GPSJam 2023-12-16: 7421/2597599 aircraft with bad GPS [archive import: scored retroactively, not a live reading]",2023-12-16,scoring
2023-12-17,0.293,-0.087,0,down,"GPSJam 2023-12-17: 7412/2529265 aircraft with bad GPS [archive import: scored retroactively, not a live reading]",2023-12-17,scoring
2023-12-18,0.2937,-0.061,0,down,"GPSJam 2023-12-18: 7487/2548893 aircraft with bad GPS [archive import: scored retroactively, not a live reading]",2023-12-18,scoring
2023-12-19,0.2822,-0.457,0,down,"GPSJam 2023-12-19: 7337/2599949 aircraft with bad GPS [archive import: scored retroactively, not a live reading]",2023-12-19,scoring
2023-12-20,0.2981,0.113,0,up,"GPSJam 2023-12-20: 7966/2672181 aircraft with bad GPS [archive import: scored retroactively, not a live reading]",2023-12-20,scoring
2023-12-21,0.2959,0.035,0,up,"GPSJam 2023-12-21: 8008/2706297 aircraft with bad GPS [archive import: scored retroactively, not a live reading]",2023-12-21,scoring
2023-12-22,0.3018,0.259,0,up,"GPSJam 2023-12-22: 8330/2760485 aircraft with bad GPS [archive import: scored retroactively, not a live reading]",2023-12-22,scoring
2023-12-23,0.2601,-1.351,0,down,"GPSJam 2023-12-23: 6910/2656835 aircraft with bad GPS [archive import: scored retroactively, not a live reading]",2023-12-23,scoring
2023-12-24,0.3078,0.490,0,up,"GPSJam 2023-12-24: 7073/2297871 aircraft with bad GPS [archive import: scored retroactively, not a live reading]",2023-12-24,scoring
2023-12-25,0.4218,4.798,1,up,"GPSJam 2023-12-25: 8407/1993187 aircraft with bad GPS [archive import: scored retroactively, not a live reading]",2023-12-25,scoring
2023-12-26,0.4258,4.833,1,up,"GPSJam 2023-12-26: 10824/2541787 aircraft with bad GPS [archive import: scored retroactively, not a live reading]",2023-12-26,scoring
2023-12-27,0.2768,-0.660,0,down,"GPSJam 2023-12-27: 7694/2779702 aircraft with bad GPS [archive import: scored retroactively, not a live reading]",2023-12-27,scoring
2023-12-28,0.3253,1.095,0,up,"GPSJam 2023-12-28: 8848/2719640 aircraft with bad GPS [archive import: scored retroactively, not a live reading]",2023-12-28,scoring
2023-12-29,0.4054,4.048,1,up,"GPSJam 2023-12-29: 10907/2690465 aircraft with bad GPS [archive import: scored retroactively, not a live reading]",2023-12-29,scoring
2023-12-30,0.3448,1.799,0,up,"GPSJam 2023-12-30: 9000/2610315 aircraft with bad GPS [archive import: scored retroactively, not a live reading]",2023-12-30,scoring
2023-12-31,0.3166,0.775,0,up,"GPSJam 2023-12-31: 7475/2361155 aircraft with bad GPS [archive import: scored retroactively, not a live reading]",2023-12-31,scoring
2024-01-01,0.3004,0.183,0,up,"GPSJam 2024-01-01: 7007/2332199 aircraft with bad GPS [archive import: scored retroactively, not a live reading]",2024-01-01,scoring
2024-01-02,0.3042,0.307,0,up,"GPSJam 2024-01-02: 8008/2632117 aircraft with bad GPS [archive import: scored retroactively, not a live reading]",2024-01-02,scoring
2024-01-03,0.3099,0.508,0,up,"GPSJam 2024-01-03: 8190/2642625 aircraft with bad GPS [archive import: scored retroactively, not a live reading]",2024-01-03,scoring
2024-01-04,0.3331,1.346,0,up,"GPSJam 2024-01-04: 8734/2621884 aircraft with bad GPS [archive import: scored retroactively, not a live reading]",2024-01-04,scoring
2024-01-05,0.3469,1.823,0,up,"GPSJam 2024-01-05: 9187/2648611 aircraft with bad GPS [archive import: scored retroactively, not a live reading]",2024-01-05,scoring
2024-01-06,0.3344,1.348,0,up,"GPSJam 2024-01-06: 8541/2554153 aircraft with bad GPS [archive import: scored retroactively, not a live reading]",2024-01-06,scoring
2024-01-07,0.3423,1.594,0,up,"GPSJam 2024-01-07: 8804/2571647 aircraft with bad GPS [archive import: scored retroactively, not a live reading]",2024-01-07,scoring
2024-01-08,0.3543,1.948,0,up,"GPSJam 2024-01-08: 8975/2533127 aircraft with bad GPS [archive import: scored retroactively, not a live reading]",2024-01-08,scoring
2024-01-09,0.3508,1.764,0,up,"GPSJam 2024-01-09: 8181/2332271 aircraft with bad GPS [archive import: scored retroactively, not a live reading]",2024-01-09,scoring
2024-01-10,0.4042,3.386,1,up,"GPSJam 2024-01-10: 9730/2407199 aircraft with bad GPS [archive import: scored retroactively, not a live reading]",2024-01-10,scoring
2024-01-11,0.3012,0.139,0,up,"GPSJam 2024-01-11: 7520/2496839 aircraft with bad GPS [archive import: scored retroactively, not a live reading]",2024-01-11,scoring
2024-01-12,0.2992,0.080,0,up,"GPSJam 2024-01-12: 7472/2496926 aircraft with bad GPS [archive import: scored retroactively, not a live reading]",2024-01-12,scoring
2024-01-13,0.3194,0.726,0,up,"GPSJam 2024-01-13: 7514/2352668 aircraft with bad GPS [archive import: scored retroactively, not a live reading]",2024-01-13,scoring
2024-01-14,0.3111,0.464,0,up,"GPSJam 2024-01-14: 7225/2322117 aircraft with bad GPS [archive import: scored retroactively, not a live reading]",2024-01-14,scoring
2024-01-15,0.2915,-0.167,0,down,"GPSJam 2024-01-15: 6742/2312897 aircraft with bad GPS [archive import: scored retroactively, not a live reading]",2024-01-15,scoring
2024-01-16,0.3672,2.323,0,up,"GPSJam 2024-01-16: 8189/2230214 aircraft with bad GPS [archive import: scored retroactively, not a live reading]",2024-01-16,scoring
2024-01-17,0.3754,2.554,0,up,"GPSJam 2024-01-17: 8616/2295178 aircraft with bad GPS [archive import: scored retroactively, not a live reading]",2024-01-17,scoring
2024-01-18,0.3215,0.811,0,up,"GPSJam 2024-01-18: 7782/2420398 aircraft with bad GPS [archive import: scored retroactively, not a live reading]",2024-01-18,scoring
2024-01-19,0.4063,3.523,1,up,"GPSJam 2024-01-19: 10191/2508014 aircraft with bad GPS [archive import: scored retroactively, not a live reading]",2024-01-19,scoring
2024-01-20,0.3413,1.401,0,up,"GPSJam 2024-01-20: 8277/2425296 aircraft with bad GPS [archive import: scored retroactively, not a live reading]",2024-01-20,scoring
2024-01-21,0.3337,1.151,0,up,"GPSJam 2024-01-21: 8015/2401525 aircraft with bad GPS [archive import: scored retroactively, not a live reading]",2024-01-21,scoring
2024-01-22,0.3084,0.351,0,up,"GPSJam 2024-01-22: 7362/2387476 aircraft with bad GPS [archive import: scored retroactively, not a live reading]",2024-01-22,scoring
2024-01-23,0.3395,1.239,0,up,"GPSJam 2024-01-23: 7833/2307059 aircraft with bad GPS [archive import: scored retroactively, not a live reading]",2024-01-23,scoring
2024-01-24,0.3356,1.070,0,up,"GPSJam 2024-01-24: 7756/2311111 aircraft with bad GPS [archive import: scored retroactively, not a live reading]",2024-01-24,scoring
2024-01-25,0.298,-0.037,0,down,"GPSJam 2024-01-25: 7233/2427221 aircraft with bad GPS [archive import: scored retroactively, not a live reading]",2024-01-25,scoring
2024-01-26,0.2808,-0.532,0,down,"GPSJam 2024-01-26: 7151/2547018 aircraft with bad GPS [archive import: scored retroactively, not a live reading]",2024-01-26,scoring
2024-01-27,0.3274,0.832,0,up,"GPSJam 2024-01-27: 7851/2398326 aircraft with bad GPS [archive import: scored retroactively, not a live reading]",2024-01-27,scoring
2024-01-28,0.3452,1.321,0,up,"GPSJam 2024-01-28: 6114/1771146 aircraft with bad GPS [archive import: scored retroactively, not a live reading]",2024-01-28,scoring
2024-01-29,0.3024,0.078,0,up,"GPSJam 2024-01-29: 7115/2352818 aircraft with bad GPS [archive import: scored retroactively, not a live reading]",2024-01-29,scoring
2024-01-30,0.2767,-0.652,0,down,"GPSJam 2024-01-30: 3774/1364163 aircraft with bad GPS [archive import: scored retroactively, not a live reading]",2024-01-30,scoring
2024-01-31,0.3697,1.989,0,up,"GPSJam 2024-01-31: 9012/2437825 aircraft with bad GPS [archive import: scored retroactively, not a live reading]",2024-01-31,scoring
2024-02-01,0.3483,1.342,0,up,"GPSJam 2024-02-01: 8785/2522368 aircraft with bad GPS [archive import: scored retroactively, not a live reading]",2024-02-01,scoring
2024-02-02,0.4197,3.223,1,up,"GPSJam 2024-02-02: 10851/2585574 aircraft with bad GPS [archive import: scored retroactively, not a live reading]",2024-02-02,scoring
2024-02-03,0.3226,0.592,0,up,"GPSJam 2024-02-03: 7847/2432113 aircraft with bad GPS [archive import: scored retroactively, not a live reading]",2024-02-03,scoring
2024-02-04,0.3055,0.122,0,up,"GPSJam 2024-02-04: 7520/2461512 aircraft with bad GPS [archive import: scored retroactively, not a live reading]",2024-02-04,scoring
2024-02-05,0.286,-0.386,0,down,"GPSJam 2024-02-05: 7070/2472263 aircraft with bad GPS [archive import: scored retroactively, not a live reading]",2024-02-05,scoring
2024-02-06,0.3108,0.278,0,up,"GPSJam 2024-02-06: 7509/2416225 aircraft with bad GPS [archive import: scored retroactively, not a live reading]",2024-02-06,scoring
2024-02-07,0.3286,0.750,0,up,"GPSJam 2024-02-07: 7996/2433302 aircraft with bad GPS [archive import: scored retroactively, not a live reading]",2024-02-07,scoring
2024-02-08,0.301,0.005,0,up,"GPSJam 2024-02-08: 7709/2561468 aircraft with bad GPS [archive import: scored retroactively, not a live reading]",2024-02-08,scoring
2024-02-09,0.3407,1.049,0,up,"GPSJam 2024-02-09: 9068/2661815 aircraft with bad GPS [archive import: scored retroactively, not a live reading]",2024-02-09,scoring
2024-02-10,0.3809,2.092,0,up,"GPSJam 2024-02-10: 9525/2500561 aircraft with bad GPS [archive import: scored retroactively, not a live reading]",2024-02-10,scoring
2024-02-11,0.3353,0.851,0,up,"GPSJam 2024-02-11: 8190/2442948 aircraft with bad GPS [archive import: scored retroactively, not a live reading]",2024-02-11,scoring
2024-02-12,0.2797,-0.615,0,down,"GPSJam 2024-02-12: 6998/2501740 aircraft with bad GPS [archive import: scored retroactively, not a live reading]",2024-02-12,scoring
2024-02-13,0.323,0.519,0,up,"GPSJam 2024-02-13: 7747/2398094 aircraft with bad GPS [archive import: scored retroactively, not a live reading]",2024-02-13,scoring
2024-02-14,0.4583,4.071,1,up,"GPSJam 2024-02-14: 11366/2480177 aircraft with bad GPS [archive import: scored retroactively, not a live reading]",2024-02-14,scoring
2024-02-15,0.3001,-0.138,0,down,"GPSJam 2024-02-15: 7854/2617278 aircraft with bad GPS [archive import: scored retroactively, not a live reading]",2024-02-15,scoring
2024-02-16,0.2727,-0.870,0,down,"GPSJam 2024-02-16: 7482/2743793 aircraft with bad GPS [archive import: scored retroactively, not a live reading]",2024-02-16,scoring
2024-02-17,0.2661,-1.040,0,down,"GPSJam 2024-02-17: 6844/2571843 aircraft with bad GPS [archive import: scored retroactively, not a live reading]",2024-02-17,scoring
2024-02-18,0.3124,0.189,0,up,"GPSJam 2024-02-18: 7905/2530517 aircraft with bad GPS [archive import: scored retroactively, not a live reading]",2024-02-18,scoring
2024-02-19,0.2931,-0.374,0,down,"GPSJam 2024-02-19: 7731/2637229 aircraft with bad GPS [archive import: scored retroactively, not a live reading]",2024-02-19,scoring
2024-02-20,0.3102,0.101,0,up,"GPSJam 2024-02-20: 7942/2560662 aircraft with bad GPS [archive import: scored retroactively, not a live reading]",2024-02-20,scoring
2024-02-21,0.2846,-0.689,0,down,"GPSJam 2024-02-21: 7228/2539387 aircraft with bad GPS [archive import: scored retroactively, not a live reading]",2024-02-21,scoring
2024-02-22,0.3104,0.067,0,up,"GPSJam 2024-02-22: 8100/2609407 aircraft with bad GPS [archive import: scored retroactively, not a live reading]",2024-02-22,scoring
2024-02-23,0.2999,-0.239,0,down,"GPSJam 2024-02-23: 8027/2676390 aircraft with bad GPS [archive import: scored retroactively, not a live reading]",2024-02-23,scoring
2024-02-24,0.2871,-0.608,0,down,"GPSJam 2024-02-24: 7409/2580802 aircraft with bad GPS [archive import: scored retroactively, not a live reading]",2024-02-24,scoring
2024-02-25,0.3127,0.139,0,up,"GPSJam 2024-02-25: 8226/2630762 aircraft with bad GPS [archive import: scored retroactively, not a live reading]",2024-02-25,scoring
2024-02-26,0.3052,-0.123,0,down,"GPSJam 2024-02-26: 7839/2568254 aircraft with bad GPS [archive import: scored retroactively, not a live reading]",2024-02-26,scoring
2024-02-27,0.3375,0.905,0,up,"GPSJam 2024-02-27: 8289/2455785 aircraft with bad GPS [archive import: scored retroactively, not a live reading]",2024-02-27,scoring
2024-02-28,0.3466,1.166,0,up,"GPSJam 2024-02-28: 8637/2492042 aircraft with bad GPS [archive import: scored retroactively, not a live reading]",2024-02-28,scoring
2024-02-29,0.3495,1.259,0,up,"GPSJam 2024-02-29: 9283/2656450 aircraft with bad GPS [archive import: scored retroactively, not a live reading]",2024-02-29,scoring
2024-03-01,0.4785,5.394,1,up,"GPSJam 2024-03-01: 12929/2701758 aircraft with bad GPS [archive import: scored retroactively, not a live reading]",2024-03-01,scoring
2024-03-02,0.4762,5.213,1,up,"GPSJam 2024-03-02: 11915/2501983 aircraft with bad GPS [archive import: scored retroactively, not a live reading]",2024-03-02,scoring
2024-03-03,0.3838,2.244,0,up,"GPSJam 2024-03-03: 9797/2552510 aircraft with bad GPS [archive import: scored retroactively, not a live reading]",2024-03-03,scoring
2024-03-04,0.3221,0.333,0,up,"GPSJam 2024-03-04: 8339/2589119 aircraft with bad GPS [archive import: scored retroactively, not a live reading]",2024-03-04,scoring
2024-03-05,0.3313,0.612,0,up,"GPSJam 2024-03-05: 8263/2494175 aircraft with bad GPS [archive import: scored retroactively, not a live reading]",2024-03-05,scoring
2024-03-06,0.2923,-0.557,0,down,"GPSJam 2024-03-06: 7417/2537109 aircraft with bad GPS [archive import: scored retroactively, not a live reading]",2024-03-06,scoring
2024-03-07,0.2986,-0.371,0,down,"GPSJam 2024-03-07: 7886/2641250 aircraft with bad GPS [archive import: scored retroactively, not a live reading]",2024-03-07,scoring
2024-03-08,0.3067,-0.128,0,down,"GPSJam 2024-03-08: 8379/2731705 aircraft with bad GPS [archive import: scored retroactively, not a live reading]",2024-03-08,scoring
2024-03-09,0.2817,-0.874,0,down,"GPSJam 2024-03-09: 7300/2591699 aircraft with bad GPS [archive import: scored retroactively, not a live reading]",2024-03-09,scoring
2024-03-10,0.3153,0.131,0,up,"GPSJam 2024-03-10: 8555/2712968 aircraft with bad GPS [archive import: scored retroactively, not a live reading]",2024-03-10,scoring
2024-03-11,0.3135,0.052,0,up,"GPSJam 2024-03-11: 8238/2627348 aircraft with bad GPS [archive import: scored retroactively, not a live reading]",2024-03-11,scoring
2024-03-12,0.2941,-0.558,0,down,"GPSJam 2024-03-12: 7501/2550329 aircraft with bad GPS [archive import: scored retroactively, not a live reading]",2024-03-12,scoring
2024-03-13,0.4775,4.992,1,up,"GPSJam 2024-03-13: 12454/2608246 aircraft with bad GPS [archive import: scored retroactively, not a live reading]",2024-03-13,scoring
2024-03-14,0.3077,-0.158,0,down,"GPSJam 2024-03-14: 8194/2662586 aircraft with bad GPS [archive import: scored retroactively, not a live reading]",2024-03-14,scoring
2024-03-15,0.4437,3.877,1,up,"GPSJam 2024-03-15: 12234/2757433 aircraft with bad GPS [archive import: scored retroactively, not a live reading]",2024-03-15,scoring
2024-03-16,0.433,3.413,1,up,"GPSJam 2024-03-16: 11583/2675104 aircraft with bad GPS [archive import: scored retroactively, not a live reading]",2024-03-16,scoring
2024-03-17,0.3133,-0.074,0,down,"GPSJam 2024-03-17: 8392/2678182 aircraft with bad GPS [archive import: scored retroactively, not a live reading]",2024-03-17,scoring
2024-03-18,0.3393,0.660,0,up,"GPSJam 2024-03-18: 9012/2655711 aircraft with bad GPS [archive import: scored retroactively, not a live reading]",2024-03-18,scoring
2024-03-19,0.3465,0.805,0,up,"GPSJam 2024-03-19: 8992/2594787 aircraft with bad GPS [archive import: scored retroactively, not a live reading]",2024-03-19,scoring
2024-03-20,0.315,-0.151,0,down,"GPSJam 2024-03-20: 8277/2627751 aircraft with bad GPS [archive import: scored retroactively, not a live reading]",2024-03-20,scoring
2024-03-21,0.2873,-0.926,0,down,"GPSJam 2024-03-21: 7882/2743884 aircraft with bad GPS [archive import: scored retroactively, not a live reading]",2024-03-21,scoring
2024-03-22,0.3223,0.051,0,up,"GPSJam 2024-03-22: 9043/2806152 aircraft with bad GPS [archive import: scored retroactively, not a live reading]",2024-03-22,scoring
2024-03-23,0.4353,3.246,1,up,"GPSJam 2024-03-23: 11636/2672845 aircraft with bad GPS [archive import: scored retroactively, not a live reading]",2024-03-23,scoring
2024-03-24,0.3699,1.308,0,up,"GPSJam 2024-03-24: 10096/2729313 aircraft with bad GPS [archive import: scored retroactively, not a live reading]",2024-03-24,scoring
2024-03-25,0.3331,0.299,0,up,"GPSJam 2024-03-25: 8903/2672850 aircraft with bad GPS [archive import: scored retroactively, not a live reading]",2024-03-25,scoring
2024-03-26,0.2627,-1.681,0,down,"GPSJam 2024-03-26: 6823/2597115 aircraft with bad GPS [archive import: scored retroactively, not a live reading]",2024-03-26,scoring
2024-03-27,0.3567,0.963,0,up,"GPSJam 2024-03-27: 9489/2660328 aircraft with bad GPS [archive import: scored retroactively, not a live reading]",2024-03-27,scoring
2024-03-28,0.3133,-0.244,0,down,"GPSJam 2024-03-28: 8787/2804658 aircraft with bad GPS [archive import: scored retroactively, not a live reading]",2024-03-28,scoring
2024-03-29,0.3038,-0.512,0,down,"GPSJam 2024-03-29: 8513/2802524 aircraft with bad GPS [archive import: scored retroactively, not a live reading]",2024-03-29,scoring
2024-03-30,0.3163,-0.119,0,down,"GPSJam 2024-03-30: 8374/2647780 aircraft with bad GPS [archive import: scored retroactively, not a live reading]",2024-03-30,scoring
2024-03-31,0.3469,0.761,0,up,"GPSJam 2024-03-31: 9213/2655799 aircraft with bad GPS [archive import: scored retroactively, not a live reading]",2024-03-31,scoring
2024-04-01,0.3109,-0.308,0,down,"GPSJam 2024-04-01: 8537/2745504 aircraft with bad GPS [archive import: scored retroactively, not a live reading]",2024-04-01,scoring
2024-04-02,0.3198,-0.057,0,down,"GPSJam 2024-04-02: 8688/2716997 aircraft with bad GPS [archive import: scored retroactively, not a live reading]",2024-04-02,scoring
2024-04-03,0.3872,1.859,0,up,"GPSJam 2024-04-03: 10284/2656028 aircraft with bad GPS [archive import: scored retroactively, not a live reading]",2024-04-03,scoring
2024-04-04,0.3951,2.023,0,up,"GPSJam 2024-04-04: 11032/2791964 aircraft with bad GPS [archive import: scored retroactively, not a live reading]",2024-04-04,scoring
2024-04-05,0.3681,1.248,0,up,"GPSJam 2024-04-05: 10527/2859725 aircraft with bad GPS [archive import: scored retroactively, not a live reading]",2024-04-05,scoring
2024-04-06,0.3595,0.993,0,up,"GPSJam 2024-04-06: 9987/2777685 aircraft with bad GPS [archive import: scored retroactively, not a live reading]",2024-04-06,scoring
2024-04-07,0.3949,1.926,0,up,"GPSJam 2024-04-07: 11227/2842837 aircraft with bad GPS [archive import: scored retroactively, not a live reading]",2024-04-07,scoring
2024-04-08,0.3951,1.900,0,up,"GPSJam 2024-04-08: 11173/2827885 aircraft with bad GPS [archive import: scored retroactively, not a live reading]",2024-04-08,scoring
2024-04-09,0.3827,1.561,0,up,"GPSJam 2024-04-09: 10628/2777471 aircraft with bad GPS [archive import: scored retroactively, not a live reading]",2024-04-09,scoring
2024-04-10,0.3976,1.954,0,up,"GPSJam 2024-04-10: 10827/2723407 aircraft with bad GPS [archive import: scored retroactively, not a live reading]",2024-04-10,scoring
2024-04-11,0.3824,1.510,0,up,"GPSJam 2024-04-11: 10560/2761285 aircraft with bad GPS [archive import: scored retroactively, not a live reading]",2024-04-11,scoring
2024-04-12,0.3532,0.751,0,up,"GPSJam 2024-04-12: 9649/2731717 aircraft with bad GPS [archive import: scored retroactively, not a live reading]",2024-04-12,scoring
2024-04-13,0.4419,2.865,0,up,"GPSJam 2024-04-13: 12052/2727571 aircraft with bad GPS [archive import: scored retroactively, not a live reading]",2024-04-13,scoring
2024-04-14,0.4295,2.422,0,up,"GPSJam 2024-04-14: 11757/2737278 aircraft with bad GPS [archive import: scored retroactively, not a live reading]",2024-04-14,scoring
2024-04-15,0.3428,0.337,0,up,"GPSJam 2024-04-15: 9539/2782497 aircraft with bad GPS [archive import: scored retroactively, not a live reading]",2024-04-15,scoring
2024-04-16,0.3868,1.352,0,up,"GPSJam 2024-04-16: 10658/2755428 aircraft with bad GPS [archive import: scored retroactively, not a live reading]",2024-04-16,scoring
2024-04-17,0.3972,1.591,0,up,"GPSJam 2024-04-17: 10836/2728288 aircraft with bad GPS [archive import: scored retroactively, not a live reading]",2024-04-17,scoring
2024-04-18,0.3555,0.571,0,up,"GPSJam 2024-04-18: 10126/2848480 aircraft with bad GPS [archive import: scored retroactively, not a live reading]",2024-04-18,scoring
2024-04-19,0.4006,1.601,0,up,"GPSJam 2024-04-19: 11500/2871026 aircraft with bad GPS [archive import: scored retroactively, not a live reading]",2024-04-19,scoring
2024-04-20,0.3979,1.511,0,up,"GPSJam 2024-04-20: 10634/2672743 aircraft with bad GPS [archive import: scored retroactively, not a live reading]",2024-04-20,scoring
2024-04-21,0.3804,1.101,0,up,"GPSJam 2024-04-21: 10560/2775755 aircraft with bad GPS [archive import: scored retroactively, not a live reading]",2024-04-21,scoring
2024-04-22,0.3457,0.288,0,up,"GPSJam 2024-04-22: 9612/2780545 aircraft with bad GPS [archive import: scored retroactively, not a live reading]",2024-04-22,scoring
2024-04-23,0.3717,0.838,0,up,"GPSJam 2024-04-23: 10180/2738730 aircraft with bad GPS [archive import: scored retroactively, not a live reading]",2024-04-23,scoring
2024-04-24,0.3848,1.101,0,up,"GPSJam 2024-04-24: 10641/2765556 aircraft with bad GPS [archive import: scored retroactively, not a live reading]",2024-04-24,scoring
2024-04-25,0.3827,0.993,0,up,"GPSJam 2024-04-25: 10794/2820580 aircraft with bad GPS [archive import: scored retroactively, not a live reading]",2024-04-25,scoring
2024-04-26,0.4091,1.489,0,up,"GPSJam 2024-04-26: 11770/2877125 aircraft with bad GPS [archive import: scored retroactively, not a live reading]",2024-04-26,scoring
2024-04-27,0.4163,1.568,0,up,"GPSJam 2024-04-27: 11284/2710728 aircraft with bad GPS [archive import: scored retroactively, not a live reading]",2024-04-27,scoring
2024-04-28,0.4213,1.655,0,up,"GPSJam 2024-04-28: 11675/2771365 aircraft with bad GPS [archive import: scored retroactively, not a live reading]",2024-04-28,scoring
2024-04-29,0.3722,0.624,0,up,"GPSJam 2024-04-29: 10389/2790952 aircraft with bad GPS [archive import: scored retroactively, not a live reading]",2024-04-29,scoring
2024-04-30,0.3781,0.710,0,up,"GPSJam 2024-04-30: 10495/2776031 aircraft with bad GPS [archive import: scored retroactively, not a live reading]",2024-04-30,scoring
2024-05-01,0.394,1.021,0,up,"GPSJam 2024-05-01: 11139/2826987 aircraft with bad GPS [archive import: scored retroactively, not a live reading]",2024-05-01,scoring
2024-05-02,0.4079,1.293,0,up,"GPSJam 2024-05-02: 11776/2886857 aircraft with bad GPS [archive import: scored retroactively, not a live reading]",2024-05-02,scoring
2024-05-03,0.3866,0.880,0,up,"GPSJam 2024-05-03: 11293/2921199 aircraft with bad GPS [archive import: scored retroactively, not a live reading]",2024-05-03,scoring
2024-05-04,0.3803,0.699,0,up,"GPSJam 2024-05-04: 10288/2705414 aircraft with bad GPS [archive import: scored retroactively, not a live reading]",2024-05-04,scoring
2024-05-05,0.4035,1.108,0,up,"GPSJam 2024-05-05: 11268/2792746 aircraft with bad GPS [archive import: scored retroactively, not a live reading]",2024-05-05,scoring
2024-05-06,0.3929,0.898,0,up,"GPSJam 2024-05-06: 11036/2809202 aircraft with bad GPS [archive import: scored retroactively, not a live reading]",2024-05-06,scoring
2024-05-07,0.4002,1.032,0,up,"GPSJam 2024-05-07: 11250/2811302 aircraft with bad GPS [archive import: scored retroactively, not a live reading]",2024-05-07,scoring
2024-05-08,0.3995,0.986,0,up,"GPSJam 2024-05-08: 11396/2852802 aircraft with bad GPS [archive import: scored retroactively, not a live reading]",2024-05-08,scoring
2024-05-09,0.4091,1.110,0,up,"GPSJam 2024-05-09: 11905/2910307 aircraft with bad GPS [archive import: scored retroactively, not a live reading]",2024-05-09,scoring
2024-05-10,0.404,0.954,0,up,"GPSJam 2024-05-10: 11938/2954811 aircraft with bad GPS [archive import: scored retroactively, not a live reading]",2024-05-10,scoring
2024-05-11,0.4064,1.001,0,up,"GPSJam 2024-05-11: 11394/2803764 aircraft with bad GPS [archive import: scored retroactively, not a live reading]",2024-05-11,scoring
2024-05-12,0.413,1.094,0,up,"GPSJam 2024-05-12: 11519/2789411 aircraft with bad GPS [archive import: scored retroactively, not a live reading]",2024-05-12,scoring
2024-05-13,0.402,0.851,0,up,"GPSJam 2024-05-13: 11311/2813689 aircraft with bad GPS [archive import: scored retroactively, not a live reading]",2024-05-13,scoring
2024-05-14,0.4368,1.415,0,up,"GPSJam 2024-05-14: 12294/2814611 aircraft with bad GPS [archive import: scored retroactively, not a live reading]",2024-05-14,scoring
2024-05-15,0.3936,0.578,0,up,"GPSJam 2024-05-15: 11111/2822623 aircraft with bad GPS [archive import: scored retroactively, not a live reading]",2024-05-15,scoring
2024-05-16,0.3961,0.530,0,up,"GPSJam 2024-05-16: 11651/2941541 aircraft with bad GPS [archive import: scored retroactively, not a live reading]",2024-05-16,scoring
2024-05-17,0.4189,0.964,0,up,"GPSJam 2024-05-17: 12430/2967109 aircraft with bad GPS [archive import: scored retroactively, not a live reading]",2024-05-17,scoring
2024-05-18,0.4489,1.569,0,up,"GPSJam 2024-05-18: 12456/2774732 aircraft with bad GPS [archive import: scored retroactively, not a live reading]",2024-05-18,scoring
2024-05-19,0.4118,0.735,0,up,"GPSJam 2024-05-19: 11709/2843658 aircraft with bad GPS [archive import: scored retroactively, not a live reading]",2024-05-19,scoring
2024-05-20,0.3638,-0.309,0,down,"GPSJam 2024-05-20: 10442/2869937 aircraft with bad GPS [archive import: scored retroactively, not a live reading]",2024-05-20,scoring
2024-05-21,0.3282,-1.022,0,down,"GPSJam 2024-05-21: 9360/2851974 aircraft with bad GPS [archive import: scored retroactively, not a live reading]",2024-05-21,scoring
2024-05-22,0.3438,-0.722,0,down,"GPSJam 2024-05-22: 9918/2885012 aircraft with bad GPS [archive import: scored retroactively, not a live reading]",2024-05-22,scoring
2024-05-23,0.3475,-0.644,0,down,"GPSJam 2024-05-23: 10360/2981541 aircraft with bad GPS [archive import: scored retroactively, not a live reading]",2024-05-23,scoring
2024-05-24,0.3415,-0.762,0,down,"GPSJam 2024-05-24: 10346/3029250 aircraft with bad GPS [archive import: scored retroactively, not a live reading]",2024-05-24,scoring
2024-05-25,0.3588,-0.418,0,down,"GPSJam 2024-05-25: 10098/2814719 aircraft with bad GPS [archive import: scored retroactively, not a live reading]",2024-05-25,scoring
2024-05-26,0.3813,0.043,0,up,"GPSJam 2024-05-26: 10296/2699997 aircraft with bad GPS [archive import: scored retroactively, not a live reading]",2024-05-26,scoring
2024-05-27,0.3699,-0.219,0,down,"GPSJam 2024-05-27: 10281/2779625 aircraft with bad GPS [archive import: scored retroactively, not a live reading]",2024-05-27,scoring
2024-05-28,0.3995,0.401,0,up,"GPSJam 2024-05-28: 11230/2811325 aircraft with bad GPS [archive import: scored retroactively, not a live reading]",2024-05-28,scoring
2024-05-29,0.4232,0.911,0,up,"GPSJam 2024-05-29: 12119/2863660 aircraft with bad GPS [archive import: scored retroactively, not a live reading]",2024-05-29,scoring
2024-05-30,0.4163,0.738,0,up,"GPSJam 2024-05-30: 12295/2953615 aircraft with bad GPS [archive import: scored retroactively, not a live reading]",2024-05-30,scoring
2024-05-31,0.3857,0.085,0,up,"GPSJam 2024-05-31: 11417/2960446 aircraft with bad GPS [archive import: scored retroactively, not a live reading]",2024-05-31,scoring
2024-06-01,0.4441,1.424,0,up,"GPSJam 2024-06-01: 12642/2846646 aircraft with bad GPS [archive import: scored retroactively, not a live reading]",2024-06-01,scoring
2024-06-02,0.4429,1.351,0,up,"GPSJam 2024-06-02: 12769/2883185 aircraft with bad GPS [archive import: scored retroactively, not a live reading]",2024-06-02,scoring
2024-06-03,0.3734,-0.202,0,down,"GPSJam 2024-06-03: 10738/2875367 aircraft with bad GPS [archive import: scored retroactively, not a live reading]",2024-06-03,scoring
2024-06-04,0.4126,0.665,0,up,"GPSJam 2024-06-04: 11920/2888777 aircraft with bad GPS [archive import: scored retroactively, not a live reading]",2024-06-04,scoring
2024-06-05,0.4403,1.305,0,up,"GPSJam 2024-06-05: 12851/2918615 aircraft with bad GPS [archive import: scored retroactively, not a live reading]",2024-06-05,scoring
2024-06-06,0.3785,-0.118,0,down,"GPSJam 2024-06-06: 11477/3031849 aircraft with bad GPS [archive import: scored retroactively, not a live reading]",2024-06-06,scoring
2024-06-07,0.3777,-0.139,0,down,"GPSJam 2024-06-07: 11578/3065212 aircraft with bad GPS [archive import: scored retroactively, not a live reading]",2024-06-07,scoring
2024-06-08,0.4323,1.168,0,up,"GPSJam 2024-06-08: 12633/2922329 aircraft with bad GPS [archive import: scored retroactively, not a live reading]",2024-06-08,scoring
2024-06-09,0.4183,0.799,0,up,"GPSJam 2024-06-09: 12258/2930309 aircraft with bad GPS [archive import: scored retroactively, not a live reading]",2024-06-09,scoring
2024-06-10,0.3892,0.075,0,up,"GPSJam 2024-06-10: 11644/2992006 aircraft with bad GPS [archive import: scored retroactively, not a live reading]",2024-06-10,scoring
2024-06-11,0.387,0.008,0,up,"GPSJam 2024-06-11: 11442/2956469 aircraft with bad GPS [archive import: scored retroactively, not a live reading]",2024-06-11,scoring
2024-06-12,0.4134,0.704,0,up,"GPSJam 2024-06-12: 12362/2990216 aircraft with bad GPS [archive import: scored retroactively, not a live reading]",2024-06-12,scoring
2024-06-13,0.4267,1.073,0,up,"GPSJam 2024-06-13: 13095/3068805 aircraft with bad GPS [archive import: scored retroactively, not a live reading]",2024-06-13,scoring
2024-06-14,0.4144,0.746,0,up,"GPSJam 2024-06-14: 12870/3105496 aircraft with bad GPS [archive import: scored retroactively, not a live reading]",2024-06-14,scoring
2024-06-15,0.3614,-0.699,0,down,"GPSJam 2024-06-15: 10688/2957550 aircraft with bad GPS [archive import: scored retroactively, not a live reading]",2024-06-15,scoring
2024-06-16,0.3935,0.183,0,up,"GPSJam 2024-06-16: 11577/2941825 aircraft with bad GPS [archive import: scored retroactively, not a live reading]",2024-06-16,scoring
2024-06-17,0.4186,0.885,0,up,"GPSJam 2024-06-17: 12434/2970438 aircraft with bad GPS [archive import: scored retroactively, not a live reading]",2024-06-17,scoring
2024-06-18,0.3853,-0.082,0,down,"GPSJam 2024-06-18: 11291/2930590 aircraft with bad GPS [archive import: scored retroactively, not a live reading]",2024-06-18,scoring
2024-06-19,0.3897,0.044,0,up,"GPSJam 2024-06-19: 11806/3029690 aircraft with bad GPS [archive import: scored retroactively, not a live reading]",2024-06-19,scoring
2024-06-20,0.4004,0.334,0,up,"GPSJam 2024-06-20: 12345/3083325 aircraft with bad GPS [archive import: scored retroactively, not a live reading]",2024-06-20,scoring
2024-06-21,0.3978,0.203,0,up,"GPSJam 2024-06-21: 12308/3094326 aircraft with bad GPS [archive import: scored retroactively, not a live reading]",2024-06-21,scoring
2024-06-22,0.4499,1.857,0,up,"GPSJam 2024-06-22: 13387/2975788 aircraft with bad GPS [archive import: scored retroactively, not a live reading]",2024-06-22,scoring
2024-06-23,0.4626,2.185,0,up,"GPSJam 2024-06-23: 13950/3015722 aircraft with bad GPS [archive import: scored retroactively, not a live reading]",2024-06-23,scoring
2024-06-24,0.402,0.266,0,up,"GPSJam 2024-06-24: 12280/3054951 aircraft with bad GPS [archive import: scored retroactively, not a live reading]",2024-06-24,scoring
2024-06-25,0.3976,0.122,0,up,"GPSJam 2024-06-25: 12132/3051584 aircraft with bad GPS [archive import: scored retroactively, not a live reading]",2024-06-25,scoring
2024-06-26,0.3845,-0.326,0,down,"GPSJam 2024-06-26: 11788/3066142 aircraft with bad GPS [archive import: scored retroactively, not a live reading]",2024-06-26,scoring
2024-06-27,0.413,0.631,0,up,"GPSJam 2024-06-27: 12996/3146539 aircraft with bad GPS [archive import: scored retroactively, not a live reading]",2024-06-27,scoring
2024-06-28,0.4017,0.231,0,up,"GPSJam 2024-06-28: 12745/3172742 aircraft with bad GPS [archive import: scored retroactively, not a live reading]",2024-06-28,scoring
2024-06-29,0.3818,-0.476,0,down,"GPSJam 2024-06-29: 11445/2997464 aircraft with bad GPS [archive import: scored retroactively, not a live reading]",2024-06-29,scoring
2024-06-30,0.4,0.178,0,up,"GPSJam 2024-06-30: 11894/2973741 aircraft with bad GPS [archive import: scored retroactively, not a live reading]",2024-06-30,scoring
2024-07-01,0.4329,1.389,0,up,"GPSJam 2024-07-01: 13049/3014439 aircraft with bad GPS [archive import: scored retroactively, not a live reading]",2024-07-01,scoring
2024-07-02,0.4163,0.737,0,up,"GPSJam 2024-07-02: 12487/2999767 aircraft with bad GPS [archive import: scored retroactively, not a live reading]",2024-07-02,scoring
2024-07-03,0.4349,1.385,0,up,"GPSJam 2024-07-03: 13319/3062566 aircraft with bad GPS [archive import: scored retroactively, not a live reading]",2024-07-03,scoring
2024-07-04,0.4767,2.876,0,up,"GPSJam 2024-07-04: 13564/2845433 aircraft with bad GPS [archive import: scored retroactively, not a live reading]",2024-07-04,scoring
2024-07-05,0.4767,2.829,0,up,"GPSJam 2024-07-05: 13575/2847969 aircraft with bad GPS [archive import: scored retroactively, not a live reading]",2024-07-05,scoring
2024-07-06,0.4839,3.058,1,up,"GPSJam 2024-07-06: 14302/2955693 aircraft with bad GPS [archive import: scored retroactively, not a live reading]",2024-07-06,scoring
2024-07-07,0.4418,1.487,0,up,"GPSJam 2024-07-07: 13614/3081598 aircraft with bad GPS [archive import: scored retroactively, not a live reading]",2024-07-07,scoring
2024-07-08,0.4639,2.158,0,up,"GPSJam 2024-07-08: 13967/3010589 aircraft with bad GPS [archive import: scored retroactively, not a live reading]",2024-07-08,scoring
2024-07-09,0.4382,1.261,0,up,"GPSJam 2024-07-09: 13269/3027840 aircraft with bad GPS [archive import: scored retroactively, not a live reading]",2024-07-09,scoring
2024-07-10,0.4455,1.459,0,up,"GPSJam 2024-07-10: 13609/3054535 aircraft with bad GPS [archive import: scored retroactively, not a live reading]",2024-07-10,scoring
2024-07-11,0.426,0.815,0,up,"GPSJam 2024-07-11: 13407/3146944 aircraft with bad GPS [archive import: scored retroactively, not a live reading]",2024-07-11,scoring
2024-07-12,0.4119,0.366,0,up,"GPSJam 2024-07-12: 12923/3137229 aircraft with bad GPS [archive import: scored retroactively, not a live reading]",2024-07-12,scoring
2024-07-13,0.4336,1.086,0,up,"GPSJam 2024-07-13: 13213/3047472 aircraft with bad GPS [archive import: scored retroactively, not a live reading]",2024-07-13,scoring
2024-07-14,0.4626,2.023,0,up,"GPSJam 2024-07-14: 6506/1406274 aircraft with bad GPS [archive import: scored retroactively, not a live reading]",2024-07-14,scoring
2024-07-15,0.3693,-1.045,0,down,"GPSJam 2024-07-15: 5572/1508781 aircraft with bad GPS [archive import: scored retroactively, not a live reading]",2024-07-15,scoring
2024-07-16,0.3941,-0.225,0,down,"GPSJam 2024-07-16: 12091/3068300 aircraft with bad GPS [archive import: scored retroactively, not a live reading]",2024-07-16,scoring
2024-07-17,0.4207,0.628,0,up,"GPSJam 2024-07-17: 13080/3109091 aircraft with bad GPS [archive import: scored retroactively, not a live reading]",2024-07-17,scoring
2024-07-18,0.399,-0.093,0,down,"GPSJam 2024-07-18: 12761/3198471 aircraft with bad GPS [archive import: scored retroactively, not a live reading]",2024-07-18,scoring
2024-07-19,0.4541,1.714,0,up,"GPSJam 2024-07-19: 13873/3054870 aircraft with bad GPS [archive import: scored retroactively, not a live reading]",2024-07-19,scoring
2024-07-20,0.4639,1.975,0,up,"GPSJam 2024-07-20: 14140/3047782 aircraft with bad GPS [archive import: scored retroactively, not a live reading]",2024-07-20,scoring
2024-07-21,0.4763,2.315,0,up,"GPSJam 2024-07-21: 14571/3059104 aircraft with bad GPS [archive import: scored retroactively, not a live reading]",2024-07-21,scoring
2024-07-22,0.4207,0.534,0,up,"GPSJam 2024-07-22: 12834/3050601 aircraft with bad GPS [archive import: scored retroactively, not a live reading]",2024-07-22,scoring
2024-07-23,0.4369,1.005,0,up,"GPSJam 2024-07-23: 13396/3066495 aircraft with bad GPS [archive import: scored retroactively, not a live reading]",2024-07-23,scoring
2024-07-24,0.4411,1.062,0,up,"GPSJam 2024-07-24: 13693/3104562 aircraft with bad GPS [archive import: scored retroactively, not a live reading]",2024-07-24,scoring
2024-07-25,0.4354,0.841,0,up,"GPSJam 2024-07-25: 13882/3188623 aircraft with bad GPS [archive import: scored retroactively, not a live reading]",2024-07-25,scoring
2024-07-26,0.4587,1.549,0,up,"GPSJam 2024-07-26: 14558/3173747 aircraft with bad GPS [archive import: scored retroactively, not a live reading]",2024-07-26,scoring
2024-07-27,0.4921,2.530,0,up,"GPSJam 2024-07-27: 15027/3053613 aircraft with bad GPS [archive import: scored retroactively, not a live reading]",2024-07-27,scoring
2024-07-28,0.524,3.407,1,up,"GPSJam 2024-07-28: 16098/3072334 aircraft with bad GPS [archive import: scored retroactively, not a live reading]",2024-07-28,scoring
2024-07-29,0.4557,1.310,0,up,"GPSJam 2024-07-29: 13841/3037367 aircraft with bad GPS [archive import: scored retroactively, not a live reading]",2024-07-29,scoring
2024-07-30,0.4241,0.353,0,up,"GPSJam 2024-07-30: 12894/3040246 aircraft with bad GPS [archive import: scored retroactively, not a live reading]",2024-07-30,scoring
2024-07-31,0.4564,1.271,0,up,"GPSJam 2024-07-31: 14100/3089129 aircraft with bad GPS [archive import: scored retroactively, not a live reading]",2024-07-31,scoring
2024-08-01,0.4883,2.121,0,up,"GPSJam 2024-08-01: 15325/3138395 aircraft with bad GPS [archive import: scored retroactively, not a live reading]",2024-08-01,scoring
2024-08-02,0.4629,1.369,0,up,"GPSJam 2024-08-02: 14503/3132860 aircraft with bad GPS [archive import: scored retroactively, not a live reading]",2024-08-02,scoring
2024-08-03,0.5163,2.812,0,up,"GPSJam 2024-08-03: 15513/3004625 aircraft with bad GPS [archive import: scored retroactively, not a live reading]",2024-08-03,scoring
2024-08-04,0.4852,1.868,0,up,"GPSJam 2024-08-04: 14462/2980870 aircraft with bad GPS [archive import: scored retroactively, not a live reading]",2024-08-04,scoring
2024-08-05,0.4424,0.690,0,up,"GPSJam 2024-08-05: 13247/2994249 aircraft with bad GPS [archive import: scored retroactively, not a live reading]",2024-08-05,scoring
2024-08-06,0.4745,1.476,0,up,"GPSJam 2024-08-06: 14184/2989095 aircraft with bad GPS [archive import: scored retroactively, not a live reading]",2024-08-06,scoring
2024-08-07,0.441,0.591,0,up,"GPSJam 2024-08-07: 13375/3033086 aircraft with bad GPS [archive import: scored retroactively, not a live reading]",2024-08-07,scoring
2024-08-08,0.4639,1.128,0,up,"GPSJam 2024-08-08: 14407/3105438 aircraft with bad GPS [archive import: scored retroactively, not a live reading]",2024-08-08,scoring
2024-08-09,0.4386,0.482,0,up,"GPSJam 2024-08-09: 13623/3106024 aircraft with bad GPS [archive import: scored retroactively, not a live reading]",2024-08-09,scoring
2024-08-10,0.4118,-0.194,0,down,"GPSJam 2024-08-10: 12545/3046696 aircraft with bad GPS [archive import: scored retroactively, not a live reading]",2024-08-10,scoring
2024-08-11,0.4609,0.999,0,up,"GPSJam 2024-08-11: 13996/3036887 aircraft with bad GPS [archive import: scored retroactively, not a live reading]",2024-08-11,scoring
2024-08-12,0.4496,0.692,0,up,"GPSJam 2024-08-12: 13710/3049576 aircraft with bad GPS [archive import: scored retroactively, not a live reading]",2024-08-12,scoring
2024-08-13,0.4129,-0.187,0,down,"GPSJam 2024-08-13: 12428/3009696 aircraft with bad GPS [archive import: scored retroactively, not a live reading]",2024-08-13,scoring
2024-08-14,0.4268,0.147,0,up,"GPSJam 2024-08-14: 13005/3046963 aircraft with bad GPS [archive import: scored retroactively, not a live reading]",2024-08-14,scoring
2024-08-15,0.4217,-0.006,0,down,"GPSJam 2024-08-15: 13131/3113832 aircraft with bad GPS [archive import: scored retroactively, not a live reading]",2024-08-15,scoring
2024-08-16,0.4763,1.302,0,up,"GPSJam 2024-08-16: 14720/3090732 aircraft with bad GPS [archive import: scored retroactively, not a live reading]",2024-08-16,scoring
2024-08-17,0.4951,1.730,0,up,"GPSJam 2024-08-17: 14690/2967266 aircraft with bad GPS [archive import: scored retroactively, not a live reading]",2024-08-17,scoring
2024-08-18,0.4784,1.284,0,up,"GPSJam 2024-08-18: 14127/2953121 aircraft with bad GPS [archive import: scored retroactively, not a live reading]",2024-08-18,scoring
2024-08-19,0.4822,1.347,0,up,"GPSJam 2024-08-19: 14516/3010521 aircraft with bad GPS [archive import: scored retroactively, not a live reading]",2024-08-19,scoring
2024-08-20,0.5069,1.918,0,up,"GPSJam 2024-08-20: 15250/3008767 aircraft with bad GPS [archive import: scored retroactively, not a live reading]",2024-08-20,scoring
2024-08-21,0.5598,3.168,1,up,"GPSJam 2024-08-21: 16757/2993246 aircraft with bad GPS [archive import: scored retroactively, not a live reading]",2024-08-21,scoring
2024-08-22,0.4668,0.887,0,up,"GPSJam 2024-08-22: 14482/3102706 aircraft with bad GPS [archive import: scored retroactively, not a live reading]",2024-08-22,scoring
2024-08-23,0.4596,0.656,0,up,"GPSJam 2024-08-23: 14344/3120915 aircraft with bad GPS [archive import: scored retroactively, not a live reading]",2024-08-23,scoring
2024-08-24,0.5123,1.972,0,up,"GPSJam 2024-08-24: 11147/2175960 aircraft with bad GPS [archive import: scored retroactively, not a live reading]",2024-08-24,scoring
2024-08-25,0.4477,0.329,0,up,"GPSJam 2024-08-25: 13267/2963573 aircraft with bad GPS [archive import: scored retroactively, not a live reading]",2024-08-25,scoring
2024-08-26,0.4805,1.132,0,up,"GPSJam 2024-08-26: 14179/2950757 aircraft with bad GPS [archive import: scored retroactively, not a live reading]",2024-08-26,scoring
2024-08-27,0.4437,0.188,0,up,"GPSJam 2024-08-27: 12997/2929046 aircraft with bad GPS [archive import: scored retroactively, not a live reading]",2024-08-27,scoring
2024-08-28,0.4499,0.308,0,up,"GPSJam 2024-08-28: 13230/2940980 aircraft with bad GPS [archive import: scored retroactively, not a live reading]",2024-08-28,scoring
2024-08-29,0.4506,0.304,0,up,"GPSJam 2024-08-29: 13740/3049124 aircraft with bad GPS [archive import: scored retroactively, not a live reading]",2024-08-29,scoring
2024-08-30,0.4081,-0.791,0,down,"GPSJam 2024-08-30: 12757/3126063 aircraft with bad GPS [archive import: scored retroactively, not a live reading]",2024-08-30,scoring
2024-08-31,0.4374,-0.025,0,down,"GPSJam 2024-08-31: 12673/2897079 aircraft with bad GPS [archive import: scored retroactively, not a live reading]",2024-08-31,scoring
2024-09-01,0.4751,0.941,0,up,"GPSJam 2024-09-01: 13244/2787690 aircraft with bad GPS [archive import: scored retroactively, not a live reading]",2024-09-01,scoring
2024-09-02,0.4747,0.920,0,up,"GPSJam 2024-09-02: 9342/1967989 aircraft with bad GPS [archive import: scored retroactively, not a live reading]",2024-09-02,scoring
2024-09-03,0.3494,-2.283,0,down,"GPSJam 2024-09-03: 3029/866922 aircraft with bad GPS [archive import: scored retroactively, not a live reading]",2024-09-03,scoring
2024-09-04,0.5235,2.112,0,up,"GPSJam 2024-09-04: 15098/2883937 aircraft with bad GPS [archive import: scored retroactively, not a live reading]",2024-09-04,scoring
2024-09-05,0.4501,0.254,0,up,"GPSJam 2024-09-05: 13374/2971244 aircraft with bad GPS [archive import: scored retroactively, not a live reading]",2024-09-05,scoring
2024-09-06,0.4132,-0.699,0,down,"GPSJam 2024-09-06: 12389/2998293 aircraft with bad GPS [archive import: scored retroactively, not a live reading]",2024-09-06,scoring
2024-09-07,0.402,-0.974,0,down,"GPSJam 2024-09-07: 11351/2823760 aircraft with bad GPS [archive import: scored retroactively, not a live reading]",2024-09-07,scoring
2024-09-08,0.4095,-0.787,0,down,"GPSJam 2024-09-08: 12069/2947044 aircraft with bad GPS [archive import: scored retroactively, not a live reading]",2024-09-08,scoring
2024-09-09,0.4011,-1.007,0,down,"GPSJam 2024-09-09: 11837/2951250 aircraft with bad GPS [archive import: scored retroactively, not a live reading]",2024-09-09,scoring
2024-09-10,0.4532,0.310,0,up,"GPSJam 2024-09-10: 13178/2907617 aircraft with bad GPS [archive import: scored retroactively, not a live reading]",2024-09-10,scoring
2024-09-11,0.4916,1.278,0,up,"GPSJam 2024-09-11: 14204/2889585 aircraft with bad GPS [archive import: scored retroactively, not a live reading]",2024-09-11,scoring
2024-09-12,0.4172,-0.628,0,down,"GPSJam 2024-09-12: 12486/2992481 aircraft with bad GPS [archive import: scored retroactively, not a live reading]",2024-09-12,scoring
2024-09-13,0.4265,-0.393,0,down,"GPSJam 2024-09-13: 13015/3051598 aircraft with bad GPS [archive import: scored retroactively, not a live reading]",2024-09-13,scoring
2024-09-14,0.4633,0.549,0,up,"GPSJam 2024-09-14: 13151/2838704 aircraft with bad GPS [archive import: scored retroactively, not a live reading]",2024-09-14,scoring
2024-09-15,0.4615,0.489,0,up,"GPSJam 2024-09-15: 13473/2919490 aircraft with bad GPS [archive import: scored retroactively, not a live reading]",2024-09-15,scoring
2024-09-16,0.3954,-1.311,0,down,"GPSJam 2024-09-16: 11580/2928337 aircraft with bad GPS [archive import: scored retroactively, not a live reading]",2024-09-16,scoring
2024-09-17,0.4167,-0.748,0,down,"GPSJam 2024-09-17: 12123/2909443 aircraft with bad GPS [archive import: scored retroactively, not a live reading]",2024-09-17,scoring
2024-09-18,0.4485,0.106,0,up,"GPSJam 2024-09-18: 13046/2908906 aircraft with bad GPS [archive import: scored retroactively, not a live reading]",2024-09-18,scoring
2024-09-19,0.4116,-0.960,0,down,"GPSJam 2024-09-19: 12427/3019072 aircraft with bad GPS [archive import: scored retroactively, not a live reading]",2024-09-19,scoring
2024-09-20,0.4399,-0.185,0,down,"GPSJam 2024-09-20: 13562/3082730 aircraft with bad GPS [archive import: scored retroactively, not a live reading]",2024-09-20,scoring
2024-09-21,0.4166,-0.768,0,down,"GPSJam 2024-09-21: 11959/2870712 aircraft with bad GPS [archive import: scored retroactively, not a live reading]",2024-09-21,scoring
2024-09-22,0.4167,-0.719,0,down,"GPSJam 2024-09-22: 12259/2941862 aircraft with bad GPS [archive import: scored retroactively, not a live reading]",2024-09-22,scoring
2024-09-23,0.4355,-0.207,0,down,"GPSJam 2024-09-23: 12689/2913426 aircraft with bad GPS [archive import: scored retroactively, not a live reading]",2024-09-23,scoring
2024-09-24,0.4504,0.203,0,up,"GPSJam 2024-09-24: 12903/2864591 aircraft with bad GPS [archive import: scored retroactively, not a live reading]",2024-09-24,scoring
2024-09-25,0.4723,0.787,0,up,"GPSJam 2024-09-25: 13654/2891162 aircraft with bad GPS [archive import: scored retroactively, not a live reading]",2024-09-25,scoring
2024-09-26,0.4761,0.839,0,up,"GPSJam 2024-09-26: 13910/2921477 aircraft with bad GPS [archive import: scored retroactively, not a live reading]",2024-09-26,scoring
2024-09-27,0.4625,0.412,0,up,"GPSJam 2024-09-27: 13685/2959214 aircraft with bad GPS [archive import: scored retroactively, not a live reading]",2024-09-27,scoring
2024-09-28,0.4672,0.539,0,up,"GPSJam 2024-09-28: 13308/2848344 aircraft with bad GPS [archive import: scored retroactively, not a live reading]",2024-09-28,scoring
2024-09-29,0.4685,0.567,0,up,"GPSJam 2024-09-29: 13799/2945226 aircraft with bad GPS [archive import: scored retroactively, not a live reading]",2024-09-29,scoring
2024-09-30,0.4012,-1.486,0,down,"GPSJam 2024-09-30: 11767/2932616 aircraft with bad GPS [archive import: scored retroactively, not a live reading]",2024-09-30,scoring
2024-10-01,0.3626,-2.645,0,down,"GPSJam 2024-10-01: 10228/2820860 aircraft with bad GPS [archive import: scored retroactively, not a live reading]",2024-10-01,scoring
2024-10-02,0.3524,-2.861,0,down,"GPSJam 2024-10-02: 9980/2832324 aircraft with bad GPS [archive import: scored retroactively, not a live reading]",2024-10-02,scoring
2024-10-03,0.3599,-2.554,0,down,"GPSJam 2024-10-03: 10597/2944627 aircraft with bad GPS [archive import: scored retroactively, not a live reading]",2024-10-03,scoring
2024-10-04,0.3519,-2.696,0,down,"GPSJam 2024-10-04: 10582/3007020 aircraft with bad GPS [archive import: scored retroactively, not a live reading]",2024-10-04,scoring
2024-10-05,0.4829,0.955,0,up,"GPSJam 2024-10-05: 13611/2818401 aircraft with bad GPS [archive import: scored retroactively, not a live reading]",2024-10-05,scoring
2024-10-06,0.4614,0.337,0,up,"GPSJam 2024-10-06: 13392/2902352 aircraft with bad GPS [archive import: scored retroactively, not a live reading]",2024-10-06,scoring
2024-10-07,0.3786,-1.921,0,down,"GPSJam 2024-10-07: 11170/2950601 aircraft with bad GPS [archive import: scored retroactively, not a live reading]",2024-10-07,scoring
2024-10-08,0.4039,-1.197,0,down,"GPSJam 2024-10-08: 11738/2906517 aircraft with bad GPS [archive import: scored retroactively, not a live reading]",2024-10-08,scoring
2024-10-09,0.4321,-0.444,0,down,"GPSJam 2024-10-09: 12052/2789254 aircraft with bad GPS [archive import: scored retroactively, not a live reading]",2024-10-09,scoring
2024-10-10,0.4189,-0.786,0,down,"GPSJam 2024-10-10: 12057/2877983 aircraft with bad GPS [archive import: scored retroactively, not a live reading]",2024-10-10,scoring
2024-10-11,0.3979,-1.333,0,down,"GPSJam 2024-10-11: 12103/3041825 aircraft with bad GPS [archive import: scored retroactively, not a live reading]",2024-10-11,scoring
2024-10-12,0.3834,-1.683,0,down,"GPSJam 2024-10-12: 11035/2878032 aircraft with bad GPS [archive import: scored retroactively, not a live reading]",2024-10-12,scoring
2024-10-13,0.3936,-1.360,0,down,"GPSJam 2024-10-13: 11402/2896802 aircraft with bad GPS [archive import: scored retroactively, not a live reading]",2024-10-13,scoring
2024-10-14,0.3569,-2.288,0,down,"GPSJam 2024-10-14: 10447/2926796 aircraft with bad GPS [archive import: scored retroactively, not a live reading]",2024-10-14,scoring
2024-10-15,0.3696,-1.959,0,down,"GPSJam 2024-10-15: 10718/2899621 aircraft with bad GPS [archive import: scored retroactively, not a live reading]",2024-10-15,scoring
2024-10-16,0.3648,-2.056,0,down,"GPSJam 2024-10-16: 10604/2907118 aircraft with bad GPS [archive import: scored retroactively, not a live reading]",2024-10-16,scoring
2024-10-17,0.3761,-1.759,0,down,"GPSJam 2024-10-17: 11275/2997827 aircraft with bad GPS [archive import: scored retroactively, not a live reading]",2024-10-17,scoring
2024-10-18,0.3711,-1.776,0,down,"GPSJam 2024-10-18: 11329/3052955 aircraft with bad GPS [archive import: scored retroactively, not a live reading]",2024-10-18,scoring
2024-10-19,0.3537,-2.065,0,down,"GPSJam 2024-10-19: 10196/2883069 aircraft with bad GPS [archive import: scored retroactively, not a live reading]",2024-10-19,scoring
2024-10-20,0.3516,-2.043,0,down,"GPSJam 2024-10-20: 10359/2946016 aircraft with bad GPS [archive import: scored retroactively, not a live reading]",2024-10-20,scoring
2024-10-21,0.3874,-1.203,0,down,"GPSJam 2024-10-21: 11454/2956504 aircraft with bad GPS [archive import: scored retroactively, not a live reading]",2024-10-21,scoring
2024-10-22,0.4135,-0.616,0,down,"GPSJam 2024-10-22: 11958/2891918 aircraft with bad GPS [archive import: scored retroactively, not a live reading]",2024-10-22,scoring
2024-10-23,0.4102,-0.681,0,down,"GPSJam 2024-10-23: 11922/2906382 aircraft with bad GPS [archive import: scored retroactively, not a live reading]",2024-10-23,scoring
2024-10-24,0.4315,-0.218,0,down,"GPSJam 2024-10-24: 12835/2974239 aircraft with bad GPS [archive import: scored retroactively, not a live reading]",2024-10-24,scoring
2024-10-25,0.4331,-0.157,0,down,"GPSJam 2024-10-25: 13236/3056392 aircraft with bad GPS [archive import: scored retroactively, not a live reading]",2024-10-25,scoring
2024-10-26,0.41,-0.638,0,down,"GPSJam 2024-10-26: 11680/2849031 aircraft with bad GPS [archive import: scored retroactively, not a live reading]",2024-10-26,scoring
2024-10-27,0.391,-1.050,0,down,"GPSJam 2024-10-27: 11231/2872657 aircraft with bad GPS [archive import: scored retroactively, not a live reading]",2024-10-27,scoring
2024-10-28,0.3764,-1.316,0,down,"GPSJam 2024-10-28: 10593/2814169 aircraft with bad GPS [archive import: scored retroactively, not a live reading]",2024-10-28,scoring
2024-10-29,0.368,-1.480,0,down,"GPSJam 2024-10-29: 10010/2719865 aircraft with bad GPS [archive import: scored retroactively, not a live reading]",2024-10-29,scoring
2024-10-30,0.3555,-1.680,0,down,"GPSJam 2024-10-30: 9763/2746152 aircraft with bad GPS [archive import: scored retroactively, not a live reading]",2024-10-30,scoring
2024-10-31,0.379,-1.138,0,down,"GPSJam 2024-10-31: 10481/2765098 aircraft with bad GPS [archive import: scored retroactively, not a live reading]",2024-10-31,scoring
2024-11-01,0.3646,-1.395,0,down,"GPSJam 2024-11-01: 10264/2814767 aircraft with bad GPS [archive import: scored retroactively, not a live reading]",2024-11-01,scoring
2024-11-02,0.3686,-1.285,0,down,"GPSJam 2024-11-02: 9957/2701382 aircraft with bad GPS [archive import: scored retroactively, not a live reading]",2024-11-02,scoring
2024-11-03,0.3906,-0.765,0,down,"GPSJam 2024-11-03: 10627/2720740 aircraft with bad GPS [archive import: scored retroactively, not a live reading]",2024-11-03,scoring
2024-11-04,0.3688,-1.168,0,down,"GPSJam 2024-11-04: 10006/2713340 aircraft with bad GPS [archive import: scored retroactively, not a live reading]",2024-11-04,scoring
2024-11-05,0.3754,-0.949,0,down,"GPSJam 2024-11-05: 9642/2568574 aircraft with bad GPS [archive import: scored retroactively, not a live reading]",2024-11-05,scoring
2024-11-06,0.3524,-1.387,0,down,"GPSJam 2024-11-06: 8687/2464775 aircraft with bad GPS [archive import: scored retroactively, not a live reading]",2024-11-06,scoring
2024-11-07,0.2737,-2.986,0,down,"GPSJam 2024-11-07: 7550/2758539 aircraft with bad GPS [archive import: scored retroactively, not a live reading]",2024-11-07,scoring
2024-11-08,0.2953,-2.476,0,down,"GPSJam 2024-11-08: 8314/2815384 aircraft with bad GPS [archive import: scored retroactively, not a live reading]",2024-11-08,scoring
2024-11-09,0.3755,-0.819,0,down,"GPSJam 2024-11-09: 9934/2645195 aircraft with bad GPS [archive import: scored retroactively, not a live reading]",2024-11-09,scoring
2024-11-10,0.3729,-0.870,0,down,"GPSJam 2024-11-10: 10023/2688096 aircraft with bad GPS [archive import: scored retroactively, not a live reading]",2024-11-10,scoring
2024-11-11,0.3529,-1.241,0,down,"GPSJam 2024-11-11: 9662/2737562 aircraft with bad GPS [archive import: scored retroactively, not a live reading]",2024-11-11,scoring
2024-11-12,0.3698,-0.896,0,down,"GPSJam 2024-11-12: 9822/2655956 aircraft with bad GPS [archive import: scored retroactively, not a live reading]",2024-11-12,scoring
2024-11-13,0.3892,-0.480,0,down,"GPSJam 2024-11-13: 10304/2647758 aircraft with bad GPS [archive import: scored retroactively, not a live reading]",2024-11-13,scoring
2024-11-14,0.3937,-0.373,0,down,"GPSJam 2024-11-14: 10997/2793458 aircraft with bad GPS [archive import: scored retroactively, not a live reading]",2024-11-14,scoring
2024-11-15,0.3747,-0.732,0,down,"GPSJam 2024-11-15: 10798/2882005 aircraft with bad GPS [archive import: scored retroactively, not a live reading]",2024-11-15,scoring
2024-11-16,0.3889,-0.434,0,down,"GPSJam 2024-11-16: 10237/2632278 aircraft with bad GPS [archive import: scored retroactively, not a live reading]",2024-11-16,scoring
2024-11-17,0.4153,0.115,0,up,"GPSJam 2024-11-17: 11217/2701216 aircraft with bad GPS [archive import: scored retroactively, not a live reading]",2024-11-17,scoring
2024-11-18,0.359,-1.063,0,down,"GPSJam 2024-11-18: 9763/2719166 aircraft with bad GPS [archive import: scored retroactively, not a live reading]",2024-11-18,scoring
2024-11-19,0.381,-0.598,0,down,"GPSJam 2024-11-19: 9981/2619986 aircraft with bad GPS [archive import: scored retroactively, not a live reading]",2024-11-19,scoring
2024-11-20,0.404,-0.045,0,down,"GPSJam 2024-11-20: 10554/2612507 aircraft with bad GPS [archive import: scored retroactively, not a live reading]",2024-11-20,scoring
2024-11-21,0.3943,-0.216,0,down,"GPSJam 2024-11-21: 10719/2718413 aircraft with bad GPS [archive import: scored retroactively, not a live reading]",2024-11-21,scoring
2024-11-22,0.368,-0.792,0,down,"GPSJam 2024-11-22: 10642/2892023 aircraft with bad GPS [archive import: scored retroactively, not a live reading]",2024-11-22,scoring
2024-11-23,0.353,-1.140,0,down,"GPSJam 2024-11-23: 9740/2758961 aircraft with bad GPS [archive import: scored retroactively, not a live reading]",2024-11-23,scoring
2024-11-24,0.3725,-0.675,0,down,"GPSJam 2024-11-24: 10292/2763001 aircraft with bad GPS [archive import: scored retroactively, not a live reading]",2024-11-24,scoring
2024-11-25,0.38,-0.471,0,down,"GPSJam 2024-11-25: 10320/2715983 aircraft with bad GPS [archive import: scored retroactively, not a live reading]",2024-11-25,scoring
2024-11-26,0.3459,-1.240,0,down,"GPSJam 2024-11-26: 9376/2710847 aircraft with bad GPS [archive import: scored retroactively, not a live reading]",2024-11-26,scoring
2024-11-27,0.3332,-1.506,0,down,"GPSJam 2024-11-27: 9160/2748823 aircraft with bad GPS [archive import: scored retroactively, not a live reading]",2024-11-27,scoring
2024-11-28,0.4014,0.179,0,up,"GPSJam 2024-11-28: 9551/2379609 aircraft with bad GPS [archive import: scored retroactively, not a live reading]",2024-11-28,scoring
2024-11-29,0.3816,-0.300,0,down,"GPSJam 2024-11-29: 9295/2436095 aircraft with bad GPS [archive import: scored retroactively, not a live reading]",2024-11-29,scoring
2024-11-30,0.368,-0.633,0,down,"GPSJam 2024-11-30: 9987/2714014 aircraft with bad GPS [archive import: scored retroactively, not a live reading]",2024-11-30,scoring
2024-12-01,0.384,-0.208,0,down,"GPSJam 2024-12-01: 11242/2927353 aircraft with bad GPS [archive import: scored retroactively, not a live reading]",2024-12-01,scoring
2024-12-02,0.3863,-0.117,0,down,"GPSJam 2024-12-02: 10918/2826004 aircraft with bad GPS [archive import: scored retroactively, not a live reading]",2024-12-02,scoring
2024-12-03,0.376,-0.390,0,down,"GPSJam 2024-12-03: 10044/2671095 aircraft with bad GPS [archive import: scored retroactively, not a live reading]",2024-12-03,scoring
2024-12-04,0.3992,0.254,0,up,"GPSJam 2024-12-04: 10519/2635048 aircraft with bad GPS [archive import: scored retroactively, not a live reading]",2024-12-04,scoring
2024-12-05,0.389,-0.025,0,down,"GPSJam 2024-12-05: 10698/2749874 aircraft with bad GPS [archive import: scored retroactively, not a live reading]",2024-12-05,scoring
2024-12-06,0.3717,-0.495,0,down,"GPSJam 2024-12-06: 10152/2731286 aircraft with bad GPS [archive import: scored retroactively, not a live reading]",2024-12-06,scoring
2024-12-07,0.4172,0.803,0,up,"GPSJam 2024-12-07: 10919/2617119 aircraft with bad GPS [archive import: scored retroactively, not a live reading]",2024-12-07,scoring
2024-12-08,0.3845,-0.127,0,down,"GPSJam 2024-12-08: 10303/2679348 aircraft with bad GPS [archive import: scored retroactively, not a live reading]",2024-12-08,scoring
2024-12-09,0.3579,-0.865,0,down,"GPSJam 2024-12-09: 9702/2710987 aircraft with bad GPS [archive import: scored retroactively, not a live reading]",2024-12-09,scoring
2024-12-10,0.3794,-0.214,0,down,"GPSJam 2024-12-10: 9945/2621494 aircraft with bad GPS [archive import: scored retroactively, not a live reading]",2024-12-10,scoring
2024-12-11,0.4032,0.532,0,up,"GPSJam 2024-12-11: 10715/2657511 aircraft with bad GPS [archive import: scored retroactively, not a live reading]",2024-12-11,scoring
2024-12-12,0.3929,0.226,0,up,"GPSJam 2024-12-12: 11031/2807699 aircraft with bad GPS [archive import: scored retroactively, not a live reading]",2024-12-12,scoring
2024-12-13,0.3598,-0.780,0,down,"GPSJam 2024-12-13: 10313/2865980 aircraft with bad GPS [archive import: scored retroactively, not a live reading]",2024-12-13,scoring
2024-12-14,0.3377,-1.446,0,down,"GPSJam 2024-12-14: 8964/2654108 aircraft with bad GPS [archive import: scored retroactively, not a live reading]",2024-12-14,scoring
2024-12-15,0.369,-0.454,0,down,"GPSJam 2024-12-15: 9769/2647694 aircraft with bad GPS [archive import: scored retroactively, not a live reading]",2024-12-15,scoring
2024-12-16,0.3889,0.199,0,up,"GPSJam 2024-12-16: 10522/2705647 aircraft with bad GPS [archive import: scored retroactively, not a live reading]",2024-12-16,scoring
2024-12-17,0.3739,-0.271,0,down,"GPSJam 2024-12-17: 10078/2695356 aircraft with bad GPS [archive import: scored retroactively, not a live reading]",2024-12-17,scoring
2024-12-18,0.3676,-0.446,0,down,"GPSJam 2024-12-18: 10068/2738621 aircraft with bad GPS [archive import: scored retroactively, not a live reading]",2024-12-18,scoring
2024-12-19,0.3996,0.631,0,up,"GPSJam 2024-12-19: 11674/2921056 aircraft with bad GPS [archive import: scored retroactively, not a live reading]",2024-12-19,scoring
2024-12-20,0.3574,-0.780,0,down,"GPSJam 2024-12-20: 10818/3027246 aircraft with bad GPS [archive import: scored retroactively, not a live reading]",2024-12-20,scoring
2024-12-21,0.3884,0.300,0,up,"GPSJam 2024-12-21: 11557/2975393 aircraft with bad GPS [archive import: scored retroactively, not a live reading]",2024-12-21,scoring
2024-12-22,0.3675,-0.427,0,down,"GPSJam 2024-12-22: 10662/2901252 aircraft with bad GPS [archive import: scored retroactively, not a live reading]",2024-12-22,scoring
2024-12-23,0.3484,-1.120,0,down,"GPSJam 2024-12-23: 9767/2803416 aircraft with bad GPS [archive import: scored retroactively, not a live reading]",2024-12-23,scoring
2024-12-24,0.4012,0.827,0,up,"GPSJam 2024-12-24: 9814/2446227 aircraft with bad GPS [archive import: scored retroactively, not a live reading]",2024-12-24,scoring
2024-12-25,0.4766,3.670,1,up,"GPSJam 2024-12-25: 10124/2124040 aircraft with bad GPS [archive import: scored retroactively, not a live reading]",2024-12-25,scoring
2024-12-26,0.3821,0.124,0,up,"GPSJam 2024-12-26: 10454/2736118 aircraft with bad GPS [archive import: scored retroactively, not a live reading]",2024-12-26,scoring
2024-12-27,0.3405,-1.473,0,down,"GPSJam 2024-12-27: 10145/2979458 aircraft with bad GPS [archive import: scored retroactively, not a live reading]",2024-12-27,scoring
2024-12-28,0.3733,-0.163,0,down,"GPSJam 2024-12-28: 10726/2873590 aircraft with bad GPS [archive import: scored retroactively, not a live reading]",2024-12-28,scoring
2024-12-29,0.3977,0.853,0,up,"GPSJam 2024-12-29: 11049/2778567 aircraft with bad GPS [archive import: scored retroactively, not a live reading]",2024-12-29,scoring
2024-12-30,0.4071,1.237,0,up,"GPSJam 2024-12-30: 11313/2778672 aircraft with bad GPS [archive import: scored retroactively, not a live reading]",2024-12-30,scoring
2024-12-31,0.3897,0.477,0,up,"GPSJam 2024-12-31: 9962/2556091 aircraft with bad GPS [archive import: scored retroactively, not a live reading]",2024-12-31,scoring
2025-01-01,0.3691,-0.386,0,down,"GPSJam 2025-01-01: 8882/2406187 aircraft with bad GPS [archive import: scored retroactively, not a live reading]",2025-01-01,scoring
2025-01-02,0.3632,-0.625,0,down,"GPSJam 2025-01-02: 10206/2810226 aircraft with bad GPS [archive import: scored retroactively, not a live reading]",2025-01-02,scoring
2025-01-03,0.3992,0.832,0,up,"GPSJam 2025-01-03: 11608/2907626 aircraft with bad GPS [archive import: scored retroactively, not a live reading]",2025-01-03,scoring
2025-01-04,0.3797,0.038,0,up,"GPSJam 2025-01-04: 11069/2915183 aircraft with bad GPS [archive import: scored retroactively, not a live reading]",2025-01-04,scoring
2025-01-05,0.4322,2.298,0,up,"GPSJam 2025-01-05: 12404/2869712 aircraft with bad GPS [archive import: scored retroactively, not a live reading]",2025-01-05,scoring
2025-01-06,0.4122,1.382,0,up,"GPSJam 2025-01-06: 11060/2683307 aircraft with bad GPS [archive import: scored retroactively, not a live reading]",2025-01-06,scoring
2025-01-07,0.4195,1.673,0,up,"GPSJam 2025-01-07: 10928/2605006 aircraft with bad GPS [archive import: scored retroactively, not a live reading]",2025-01-07,scoring
2025-01-08,0.3999,0.859,0,up,"GPSJam 2025-01-08: 1370/342575 aircraft with bad GPS [archive import: scored retroactively, not a live reading]",2025-01-08,scoring
2025-01-09,0.3214,-2.443,0,down,"GPSJam 2025-01-09: 3767/1172241 aircraft with bad GPS [archive import: scored retroactively, not a live reading]",2025-01-09,scoring
2025-01-10,0.4696,3.781,1,up,"GPSJam 2025-01-10: 12086/2573841 aircraft with bad GPS [archive import: scored retroactively, not a live reading]",2025-01-10,scoring
2025-01-11,0.4213,1.748,0,up,"GPSJam 2025-01-11: 10520/2497113 aircraft with bad GPS [archive import: scored retroactively, not a live reading]",2025-01-11,scoring
2025-01-12,0.4118,1.344,0,up,"GPSJam 2025-01-12: 10838/2631609 aircraft with bad GPS [archive import: scored retroactively, not a live reading]",2025-01-12,scoring
2025-01-13,0.4348,2.173,0,up,"GPSJam 2025-01-13: 11432/2628991 aircraft with bad GPS [archive import: scored retroactively, not a live reading]",2025-01-13,scoring
2025-01-14,0.4212,1.588,0,up,"GPSJam 2025-01-14: 10507/2494377 aircraft with bad GPS [archive import: scored retroactively, not a live reading]",2025-01-14,scoring
2025-01-15,0.3883,0.317,0,up,"GPSJam 2025-01-15: 9877/2543466 aircraft with bad GPS [archive import: scored retroactively, not a live reading]",2025-01-15,scoring
2025-01-16,0.4366,2.088,0,up,"GPSJam 2025-01-16: 11723/2684862 aircraft with bad GPS [archive import: scored retroactively, not a live reading]",2025-01-16,scoring
2025-01-17,0.4411,2.158,0,up,"GPSJam 2025-01-17: 12384/2807244 aircraft with bad GPS [archive import: scored retroactively, not a live reading]",2025-01-17,scoring
2025-01-18,0.4391,2.066,0,up,"GPSJam 2025-01-18: 11253/2562746 aircraft with bad GPS [archive import: scored retroactively, not a live reading]",2025-01-18,scoring
2025-01-19,0.4356,1.882,0,up,"GPSJam 2025-01-19: 10913/2505507 aircraft with bad GPS [archive import: scored retroactively, not a live reading]",2025-01-19,scoring
2025-01-20,0.4043,0.738,0,up,"GPSJam 2025-01-20: 10621/2626765 aircraft with bad GPS [archive import: scored retroactively, not a live reading]",2025-01-20,scoring
2025-01-21,0.4418,2.041,0,up,"GPSJam 2025-01-21: 10934/2474959 aircraft with bad GPS [archive import: scored retroactively, not a live reading]",2025-01-21,scoring
2025-01-22,0.4367,1.850,0,up,"GPSJam 2025-01-22: 10712/2453105 aircraft with bad GPS [archive import: scored retroactively, not a live reading]",2025-01-22,scoring
2025-01-23,0.4042,0.729,0,up,"GPSJam 2025-01-23: 10728/2653919 aircraft with bad GPS [archive import: scored retroactively, not a live reading]",2025-01-23,scoring
2025-01-24,0.4183,1.225,0,up,"GPSJam 2025-01-24: 11606/2774688 aircraft with bad GPS [archive import: scored retroactively, not a live reading]",2025-01-24,scoring
2025-01-25,0.3967,0.471,0,up,"GPSJam 2025-01-25: 10344/2607529 aircraft with bad GPS [archive import: scored retroactively, not a live reading]",2025-01-25,scoring
2025-01-26,0.4021,0.652,0,up,"GPSJam 2025-01-26: 10665/2652047 aircraft with bad GPS [archive import: scored retroactively, not a live reading]",2025-01-26,scoring
2025-01-27,0.3795,-0.160,0,down,"GPSJam 2025-01-27: 10016/2638939 aircraft with bad GPS [archive import: scored retroactively, not a live reading]",2025-01-27,scoring
2025-01-28,0.3871,0.097,0,up,"GPSJam 2025-01-28: 9681/2500884 aircraft with bad GPS [archive import: scored retroactively, not a live reading]",2025-01-28,scoring
2025-01-29,0.3734,-0.414,0,down,"GPSJam 2025-01-29: 9414/2521493 aircraft with bad GPS [archive import: scored retroactively, not a live reading]",2025-01-29,scoring
2025-01-30,0.3666,-0.644,0,down,"GPSJam 2025-01-30: 9807/2674821 aircraft with bad GPS [archive import: scored retroactively, not a live reading]",2025-01-30,scoring
2025-01-31,0.3506,-1.200,0,down,"GPSJam 2025-01-31: 9592/2736170 aircraft with bad GPS [archive import: scored retroactively, not a live reading]",2025-01-31,scoring
2025-02-01,0.3683,-0.573,0,down,"GPSJam 2025-02-01: 9605/2607944 aircraft with bad GPS [archive import: scored retroactively, not a live reading]",2025-02-01,scoring
2025-02-02,0.369,-0.511,0,down,"GPSJam 2025-02-02: 9716/2633382 aircraft with bad GPS [archive import: scored retroactively, not a live reading]",2025-02-02,scoring
2025-02-03,0.3304,-1.804,0,down,"GPSJam 2025-02-03: 8711/2636637 aircraft with bad GPS [archive import: scored retroactively, not a live reading]",2025-02-03,scoring
2025-02-04,0.3468,-1.220,0,down,"GPSJam 2025-02-04: 8769/2528763 aircraft with bad GPS [archive import: scored retroactively, not a live reading]",2025-02-04,scoring
2025-02-05,0.3421,-1.373,0,down,"GPSJam 2025-02-05: 8733/2552548 aircraft with bad GPS [archive import: scored retroactively, not a live reading]",2025-02-05,scoring
2025-02-06,0.314,-2.304,0,down,"GPSJam 2025-02-06: 8363/2663468 aircraft with bad GPS [archive import: scored retroactively, not a live reading]",2025-02-06,scoring
2025-02-07,0.3135,-2.321,0,down,"GPSJam 2025-02-07: 8873/2830304 aircraft with bad GPS [archive import: scored retroactively, not a live reading]",2025-02-07,scoring
2025-02-08,0.3263,-1.837,0,down,"GPSJam 2025-02-08: 8552/2620822 aircraft with bad GPS [archive import: scored retroactively, not a live reading]",2025-02-08,scoring
2025-02-09,0.3658,-0.573,0,down,"GPSJam 2025-02-09: 9460/2586196 aircraft with bad GPS [archive import: scored retroactively, not a live reading]",2025-02-09,scoring
2025-02-10,0.3322,-1.628,0,down,"GPSJam 2025-02-10: 9082/2733731 aircraft with bad GPS [archive import: scored retroactively, not a live reading]",2025-02-10,scoring
2025-02-11,0.3393,-1.396,0,down,"GPSJam 2025-02-11: 8690/2560894 aircraft with bad GPS [archive import: scored retroactively, not a live reading]",2025-02-11,scoring
2025-02-12,0.3638,-0.586,0,down,"GPSJam 2025-02-12: 9309/2559065 aircraft with bad GPS [archive import: scored retroactively, not a live reading]",2025-02-12,scoring
2025-02-13,0.3314,-1.527,0,down,"GPSJam 2025-02-13: 9152/2761858 aircraft with bad GPS [archive import: scored retroactively, not a live reading]",2025-02-13,scoring
2025-02-14,0.3135,-2.029,0,down,"GPSJam 2025-02-14: 9329/2975989 aircraft with bad GPS [archive import: scored retroactively, not a live reading]",2025-02-14,scoring
2025-02-15,0.3381,-1.243,0,down,"GPSJam 2025-02-15: 9279/2744557 aircraft with bad GPS [archive import: scored retroactively, not a live reading]",2025-02-15,scoring
2025-02-16,0.3728,-0.220,0,down,"GPSJam 2025-02-16: 9808/2631244 aircraft with bad GPS [archive import: scored retroactively, not a live reading]",2025-02-16,scoring
2025-02-17,0.334,-1.346,0,down,"GPSJam 2025-02-17: 9393/2811883 aircraft with bad GPS [archive import: scored retroactively, not a live reading]",2025-02-17,scoring
2025-02-18,0.3337,-1.304,0,down,"GPSJam 2025-02-18: 9227/2765413 aircraft with bad GPS [archive import: scored retroactively, not a live reading]",2025-02-18,scoring
2025-02-19,0.3541,-0.708,0,down,"GPSJam 2025-02-19: 9506/2684258 aircraft with bad GPS [archive import: scored retroactively, not a live reading]",2025-02-19,scoring
2025-02-20,0.334,-1.261,0,down,"GPSJam 2025-02-20: 9431/2823395 aircraft with bad GPS [archive import: scored retroactively, not a live reading]",2025-02-20,scoring
2025-02-21,0.3053,-2.034,0,down,"GPSJam 2025-02-21: 8989/2944356 aircraft with bad GPS [archive import: scored retroactively, not a live reading]",2025-02-21,scoring
2025-02-22,0.3229,-1.524,0,down,"GPSJam 2025-02-22: 9124/2826009 aircraft with bad GPS [archive import: scored retroactively, not a live reading]",2025-02-22,scoring
2025-02-23,0.3259,-1.411,0,down,"GPSJam 2025-02-23: 9286/2849692 aircraft with bad GPS [archive import: scored retroactively, not a live reading]",2025-02-23,scoring
2025-02-24,0.3449,-0.855,0,down,"GPSJam 2025-02-24: 9649/2797923 aircraft with bad GPS [archive import: scored retroactively, not a live reading]",2025-02-24,scoring
2025-02-25,0.3575,-0.526,0,down,"GPSJam 2025-02-25: 9709/2715584 aircraft with bad GPS [archive import: scored retroactively, not a live reading]",2025-02-25,scoring
2025-02-26,0.368,-0.253,0,down,"GPSJam 2025-02-26: 10141/2755583 aircraft with bad GPS [archive import: scored retroactively, not a live reading]",2025-02-26,scoring
2025-02-27,0.3504,-0.643,0,down,"GPSJam 2025-02-27: 9963/2843466 aircraft with bad GPS [archive import: scored retroactively, not a live reading]",2025-02-27,scoring
2025-02-28,0.3407,-0.859,0,down,"GPSJam 2025-02-28: 10083/2959377 aircraft with bad GPS [archive import: scored retroactively, not a live reading]",2025-02-28,scoring
2025-03-01,0.3467,-0.698,0,down,"GPSJam 2025-03-01: 9749/2812090 aircraft with bad GPS [archive import: scored retroactively, not a live reading]",2025-03-01,scoring
2025-03-02,0.3682,-0.132,0,down,"GPSJam 2025-03-02: 10447/2837679 aircraft with bad GPS [archive import: scored retroactively, not a live reading]",2025-03-02,scoring
2025-03-03,0.37,-0.078,0,down,"GPSJam 2025-03-03: 10344/2795931 aircraft with bad GPS [archive import: scored retroactively, not a live reading]",2025-03-03,scoring
2025-03-04,0.3545,-0.452,0,down,"GPSJam 2025-03-04: 9452/2666110 aircraft with bad GPS [archive import: scored retroactively, not a live reading]",2025-03-04,scoring
2025-03-05,0.3567,-0.363,0,down,"GPSJam 2025-03-05: 9579/2685730 aircraft with bad GPS [archive import: scored retroactively, not a live reading]",2025-03-05,scoring
2025-03-06,0.3488,-0.535,0,down,"GPSJam 2025-03-06: 9959/2854963 aircraft with bad GPS [archive import: scored retroactively, not a live reading]",2025-03-06,scoring
2025-03-07,0.3426,-0.678,0,down,"GPSJam 2025-03-07: 10136/2958591 aircraft with bad GPS [archive import: scored retroactively, not a live reading]",2025-03-07,scoring
2025-03-08,0.3465,-0.583,0,down,"GPSJam 2025-03-08: 9909/2859477 aircraft with bad GPS [archive import: scored retroactively, not a live reading]",2025-03-08,scoring
2025-03-09,0.3431,-0.662,0,down,"GPSJam 2025-03-09: 10080/2938315 aircraft with bad GPS [archive import: scored retroactively, not a live reading]",2025-03-09,scoring
2025-03-10,0.3658,-0.073,0,down,"GPSJam 2025-03-10: 10215/2792249 aircraft with bad GPS [archive import: scored retroactively, not a live reading]",2025-03-10,scoring
2025-03-11,0.3694,0.030,0,up,"GPSJam 2025-03-11: 9979/2701123 aircraft with bad GPS [archive import: scored retroactively, not a live reading]",2025-03-11,scoring
2025-03-12,0.3725,0.111,0,up,"GPSJam 2025-03-12: 10403/2792399 aircraft with bad GPS [archive import: scored retroactively, not a live reading]",2025-03-12,scoring
2025-03-13,0.3626,-0.150,0,down,"GPSJam 2025-03-13: 10536/2905498 aircraft with bad GPS [archive import: scored retroactively, not a live reading]",2025-03-13,scoring
2025-03-14,0.3671,-0.030,0,down,"GPSJam 2025-03-14: 10742/2925796 aircraft with bad GPS [archive import: scored retroactively, not a live reading]",2025-03-14,scoring
2025-03-15,0.3678,-0.012,0,down,"GPSJam 2025-03-15: 10416/2832240 aircraft with bad GPS [archive import: scored retroactively, not a live reading]",2025-03-15,scoring
2025-03-16,0.3802,0.322,0,up,"GPSJam 2025-03-16: 10762/2830576 aircraft with bad GPS [archive import: scored retroactively, not a live reading]",2025-03-16,scoring
2025-03-17,0.3543,-0.372,0,down,"GPSJam 2025-03-17: 9914/2798515 aircraft with bad GPS [archive import: scored retroactively, not a live reading]",2025-03-17,scoring
2025-03-18,0.3607,-0.196,0,down,"GPSJam 2025-03-18: 9737/2699327 aircraft with bad GPS [archive import: scored retroactively, not a live reading]",2025-03-18,scoring
2025-03-19,0.3622,-0.155,0,down,"GPSJam 2025-03-19: 10169/2807401 aircraft with bad GPS [archive import: scored retroactively, not a live reading]",2025-03-19,scoring
2025-03-20,0.33,-1.039,0,down,"GPSJam 2025-03-20: 9730/2948332 aircraft with bad GPS [archive import: scored retroactively, not a live reading]",2025-03-20,scoring
2025-03-21,0.3219,-1.248,0,down,"GPSJam 2025-03-21: 9638/2994301 aircraft with bad GPS [archive import: scored retroactively, not a live reading]",2025-03-21,scoring
2025-03-22,0.3309,-0.993,0,down,"GPSJam 2025-03-22: 9623/2908370 aircraft with bad GPS [archive import: scored retroactively, not a live reading]",2025-03-22,scoring
2025-03-23,0.3309,-0.969,0,down,"GPSJam 2025-03-23: 9691/2928499 aircraft with bad GPS [archive import: scored retroactively, not a live reading]",2025-03-23,scoring
2025-03-24,0.3432,-0.638,0,down,"GPSJam 2025-03-24: 9735/2836733 aircraft with bad GPS [archive import: scored retroactively, not a live reading]",2025-03-24,scoring
2025-03-25,0.347,-0.524,0,down,"GPSJam 2025-03-25: 9848/2838131 aircraft with bad GPS [archive import: scored retroactively, not a live reading]",2025-03-25,scoring
2025-03-26,0.346,-0.556,0,down,"GPSJam 2025-03-26: 10008/2892625 aircraft with bad GPS [archive import: scored retroactively, not a live reading]",2025-03-26,scoring
2025-03-27,0.3425,-0.630,0,down,"GPSJam 2025-03-27: 10012/2922799 aircraft with bad GPS [archive import: scored retroactively, not a live reading]",2025-03-27,scoring
2025-03-28,0.3195,-1.280,0,down,"GPSJam 2025-03-28: 9666/3024963 aircraft with bad GPS [archive import: scored retroactively, not a live reading]",2025-03-28,scoring
2025-03-29,0.3387,-0.697,0,down,"GPSJam 2025-03-29: 9713/2867530 aircraft with bad GPS [archive import: scored retroactively, not a live reading]",2025-03-29,scoring
2025-03-30,0.3216,-1.181,0,down,"GPSJam 2025-03-30: 9329/2900379 aircraft with bad GPS [archive import: scored retroactively, not a live reading]",2025-03-30,scoring
2025-03-31,0.3415,-0.601,0,down,"GPSJam 2025-03-31: 9841/2881504 aircraft with bad GPS [archive import: scored retroactively, not a live reading]",2025-03-31,scoring
2025-04-01,0.3814,0.585,0,up,"GPSJam 2025-04-01: 11192/2934657 aircraft with bad GPS [archive import: scored retroactively, not a live reading]",2025-04-01,scoring
2025-04-02,0.3583,-0.092,0,down,"GPSJam 2025-04-02: 10447/2915375 aircraft with bad GPS [archive import: scored retroactively, not a live reading]",2025-04-02,scoring
2025-04-03,0.3613,0.053,0,up,"GPSJam 2025-04-03: 10904/3018225 aircraft with bad GPS [archive import: scored retroactively, not a live reading]",2025-04-03,scoring
2025-04-04,0.3893,0.896,0,up,"GPSJam 2025-04-04: 12061/3098215 aircraft with bad GPS [archive import: scored retroactively, not a live reading]",2025-04-04,scoring
2025-04-05,0.4039,1.318,0,up,"GPSJam 2025-04-05: 11825/2927428 aircraft with bad GPS [archive import: scored retroactively, not a live reading]",2025-04-05,scoring
2025-04-06,0.3799,0.606,0,up,"GPSJam 2025-04-06: 11342/2985338 aircraft with bad GPS [archive import: scored retroactively, not a live reading]",2025-04-06,scoring
2025-04-07,0.3667,0.216,0,up,"GPSJam 2025-04-07: 10888/2969554 aircraft with bad GPS [archive import: scored retroactively, not a live reading]",2025-04-07,scoring
2025-04-08,0.3652,0.175,0,up,"GPSJam 2025-04-08: 10857/2972894 aircraft with bad GPS [archive import: scored retroactively, not a live reading]",2025-04-08,scoring
2025-04-09,0.4087,1.539,0,up,"GPSJam 2025-04-09: 11909/2913542 aircraft with bad GPS [archive import: scored retroactively, not a live reading]",2025-04-09,scoring
2025-04-10,0.3506,-0.321,0,down,"GPSJam 2025-04-10: 10688/3048659 aircraft with bad GPS [archive import: scored retroactively, not a live reading]",2025-04-10,scoring
2025-04-11,0.357,-0.080,0,down,"GPSJam 2025-04-11: 11216/3142109 aircraft with bad GPS [archive import: scored retroactively, not a live reading]",2025-04-11,scoring
2025-04-12,0.3388,-0.631,0,down,"GPSJam 2025-04-12: 10155/2997154 aircraft with bad GPS [archive import: scored retroactively, not a live reading]",2025-04-12,scoring
2025-04-13,0.3712,0.474,0,up,"GPSJam 2025-04-13: 10967/2954208 aircraft with bad GPS [archive import: scored retroactively, not a live reading]",2025-04-13,scoring
2025-04-14,0.3821,0.870,0,up,"GPSJam 2025-04-14: 11438/2993662 aircraft with bad GPS [archive import: scored retroactively, not a live reading]",2025-04-14,scoring
2025-04-15,0.3864,1.036,0,up,"GPSJam 2025-04-15: 11247/2910458 aircraft with bad GPS [archive import: scored retroactively, not a live reading]",2025-04-15,scoring
2025-04-16,0.3724,0.538,0,up,"GPSJam 2025-04-16: 11175/3001173 aircraft with bad GPS [archive import: scored retroactively, not a live reading]",2025-04-16,scoring
2025-04-17,0.3792,0.804,0,up,"GPSJam 2025-04-17: 11857/3126741 aircraft with bad GPS [archive import: scored retroactively, not a live reading]",2025-04-17,scoring
2025-04-18,0.3626,0.199,0,up,"GPSJam 2025-04-18: 10926/3012891 aircraft with bad GPS [archive import: scored retroactively, not a live reading]",2025-04-18,scoring
2025-04-19,0.4105,2.031,0,up,"GPSJam 2025-04-19: 11759/2864385 aircraft with bad GPS [archive import: scored retroactively, not a live reading]",2025-04-19,scoring
2025-04-20,0.3986,1.590,0,up,"GPSJam 2025-04-20: 11316/2838860 aircraft with bad GPS [archive import: scored retroactively, not a live reading]",2025-04-20,scoring
2025-04-21,0.3543,-0.113,0,down,"GPSJam 2025-04-21: 10866/3066506 aircraft with bad GPS [archive import: scored retroactively, not a live reading]",2025-04-21,scoring
2025-04-22,0.3722,0.605,0,up,"GPSJam 2025-04-22: 11081/2977076 aircraft with bad GPS [archive import: scored retroactively, not a live reading]",2025-04-22,scoring
2025-04-23,0.3778,0.840,0,up,"GPSJam 2025-04-23: 11247/2977007 aircraft with bad GPS [archive import: scored retroactively, not a live reading]",2025-04-23,scoring
2025-04-24,0.3995,1.740,0,up,"GPSJam 2025-04-24: 12197/3053313 aircraft with bad GPS [archive import: scored retroactively, not a live reading]",2025-04-24,scoring
2025-04-25,0.3835,1.087,0,up,"GPSJam 2025-04-25: 11853/3091074 aircraft with bad GPS [archive import: scored retroactively, not a live reading]",2025-04-25,scoring
2025-04-26,0.407,2.082,0,up,"GPSJam 2025-04-26: 11845/2910061 aircraft with bad GPS [archive import: scored retroactively, not a live reading]",2025-04-26,scoring
2025-04-27,0.3809,0.998,0,up,"GPSJam 2025-04-27: 11490/3016642 aircraft with bad GPS [archive import: scored retroactively, not a live reading]",2025-04-27,scoring
2025-04-28,0.3668,0.409,0,up,"GPSJam 2025-04-28: 10646/2902366 aircraft with bad GPS [archive import: scored retroactively, not a live reading]",2025-04-28,scoring
2025-04-29,0.3817,1.041,0,up,"GPSJam 2025-04-29: 11163/2924465 aircraft with bad GPS [archive import: scored retroactively, not a live reading]",2025-04-29,scoring
2025-04-30,0.3523,-0.189,0,down,"GPSJam 2025-04-30: 10220/2901215 aircraft with bad GPS [archive import: scored retroactively, not a live reading]",2025-04-30,scoring
2025-05-01,0.3557,0.004,0,up,"GPSJam 2025-05-01: 10925/3071639 aircraft with bad GPS [archive import: scored retroactively, not a live reading]",2025-05-01,scoring
2025-05-02,0.3958,1.644,0,up,"GPSJam 2025-05-02: 12128/3064162 aircraft with bad GPS [archive import: scored retroactively, not a live reading]",2025-05-02,scoring
2025-05-03,0.3903,1.391,0,up,"GPSJam 2025-05-03: 11377/2914811 aircraft with bad GPS [archive import: scored retroactively, not a live reading]",2025-05-03,scoring
2025-05-04,0.3643,0.325,0,up,"GPSJam 2025-05-04: 11021/3025055 aircraft with bad GPS [archive import: scored retroactively, not a live reading]",2025-05-04,scoring
2025-05-05,0.3635,0.269,0,up,"GPSJam 2025-05-05: 10869/2990475 aircraft with bad GPS [archive import: scored retroactively, not a live reading]",2025-05-05,scoring
2025-05-06,0.3517,-0.226,0,down,"GPSJam 2025-05-06: 10059/2860046 aircraft with bad GPS [archive import: scored retroactively, not a live reading]",2025-05-06,scoring
2025-05-07,0.3728,0.634,0,up,"GPSJam 2025-05-07: 11266/3022138 aircraft with bad GPS [archive import: scored retroactively, not a live reading]",2025-05-07,scoring
2025-05-08,0.4025,1.868,0,up,"GPSJam 2025-05-08: 12506/3106861 aircraft with bad GPS [archive import: scored retroactively, not a live reading]",2025-05-08,scoring
2025-05-09,0.3973,1.583,0,up,"GPSJam 2025-05-09: 12406/3122959 aircraft with bad GPS [archive import: scored retroactively, not a live reading]",2025-05-09,scoring
2025-05-10,0.3932,1.337,0,up,"GPSJam 2025-05-10: 11379/2893872 aircraft with bad GPS [archive import: scored retroactively, not a live reading]",2025-05-10,scoring
2025-05-11,0.3746,0.555,0,up,"GPSJam 2025-05-11: 10906/2911472 aircraft with bad GPS [archive import: scored retroactively, not a live reading]",2025-05-11,scoring
2025-05-12,0.3661,0.179,0,up,"GPSJam 2025-05-12: 11011/3007485 aircraft with bad GPS [archive import: scored retroactively, not a live reading]",2025-05-12,scoring
2025-05-13,0.4053,1.765,0,up,"GPSJam 2025-05-13: 11947/2947713 aircraft with bad GPS [archive import: scored retroactively, not a live reading]",2025-05-13,scoring
2025-05-14,0.4079,1.840,0,up,"GPSJam 2025-05-14: 11961/2932235 aircraft with bad GPS [archive import: scored retroactively, not a live reading]",2025-05-14,scoring
2025-05-15,0.4021,1.584,0,up,"GPSJam 2025-05-15: 12348/3070670 aircraft with bad GPS [archive import: scored retroactively, not a live reading]",2025-05-15,scoring
2025-05-16,0.4348,2.901,0,up,"GPSJam 2025-05-16: 8582/1973881 aircraft with bad GPS [archive import: scored retroactively, not a live reading]",2025-05-16,scoring
2025-05-18,0.4322,2.715,0,up,"GPSJam 2025-05-18: 12641/2924816 aircraft with bad GPS [archive import: scored retroactively, not a live reading]",2025-05-18,scoring
2025-05-19,0.3808,0.655,0,up,"GPSJam 2025-05-19: 11613/3049360 aircraft with bad GPS [archive import: scored retroactively, not a live reading]",2025-05-19,scoring
2025-05-20,0.3872,0.870,0,up,"GPSJam 2025-05-20: 11732/3029806 aircraft with bad GPS [archive import: scored retroactively, not a live reading]",2025-05-20,scoring
2025-05-21,0.4228,2.221,0,up,"GPSJam 2025-05-21: 12726/3010242 aircraft with bad GPS [archive import: scored retroactively, not a live reading]",2025-05-21,scoring
2025-05-22,0.6468,10.624,1,up,"GPSJam 2025-05-22: 20662/3194394 aircraft with bad GPS [archive import: scored retroactively, not a live reading]",2025-05-22,scoring
2025-05-23,0.3727,0.235,0,up,"GPSJam 2025-05-23: 12143/3258543 aircraft with bad GPS [archive import: scored retroactively, not a live reading]",2025-05-23,scoring
2025-05-24,0.4214,2.101,0,up,"GPSJam 2025-05-24: 12726/3019969 aircraft with bad GPS [archive import: scored retroactively, not a live reading]",2025-05-24,scoring
2025-05-25,0.4261,2.256,0,up,"GPSJam 2025-05-25: 12416/2913711 aircraft with bad GPS [archive import: scored retroactively, not a live reading]",2025-05-25,scoring
2025-05-26,0.4062,1.478,0,up,"GPSJam 2025-05-26: 12332/3035836 aircraft with bad GPS [archive import: scored retroactively, not a live reading]",2025-05-26,scoring
2025-05-27,0.3687,0.030,0,up,"GPSJam 2025-05-27: 11135/3020183 aircraft with bad GPS [archive import: scored retroactively, not a live reading]",2025-05-27,scoring
2025-05-28,0.3844,0.617,0,up,"GPSJam 2025-05-28: 11461/2981463 aircraft with bad GPS [archive import: scored retroactively, not a live reading]",2025-05-28,scoring
2025-05-29,0.3782,0.366,0,up,"GPSJam 2025-05-29: 11921/3151707 aircraft with bad GPS [archive import: scored retroactively, not a live reading]",2025-05-29,scoring
2025-05-30,0.3833,0.535,0,up,"GPSJam 2025-05-30: 12165/3174079 aircraft with bad GPS [archive import: scored retroactively, not a live reading]",2025-05-30,scoring
2025-05-31,0.4414,2.712,0,up,"GPSJam 2025-05-31: 13553/3070213 aircraft with bad GPS [archive import: scored retroactively, not a live reading]",2025-05-31,scoring
2025-06-01,0.4126,1.551,0,up,"GPSJam 2025-06-01: 12896/3125247 aircraft with bad GPS [archive import: scored retroactively, not a live reading]",2025-06-01,scoring
2025-06-02,0.3757,0.144,0,up,"GPSJam 2025-06-02: 11786/3137159 aircraft with bad GPS [archive import: scored retroactively, not a live reading]",2025-06-02,scoring
2025-06-03,0.4169,1.597,0,up,"GPSJam 2025-06-03: 12970/3111212 aircraft with bad GPS [archive import: scored retroactively, not a live reading]",2025-06-03,scoring
2025-06-04,0.4085,1.262,0,up,"GPSJam 2025-06-04: 12757/3122617 aircraft with bad GPS [archive import: scored retroactively, not a live reading]",2025-06-04,scoring
2025-06-05,0.3909,0.636,0,up,"GPSJam 2025-06-05: 12598/3222435 aircraft with bad GPS [archive import: scored retroactively, not a live reading]",2025-06-05,scoring
2025-06-06,0.4099,1.291,0,up,"GPSJam 2025-06-06: 13319/3248940 aircraft with bad GPS [archive import: scored retroactively, not a live reading]",2025-06-06,scoring
2025-06-07,0.4111,1.299,0,up,"GPSJam 2025-06-07: 12740/3098804 aircraft with bad GPS [archive import: scored retroactively, not a live reading]",2025-06-07,scoring
2025-06-08,0.3881,0.450,0,up,"GPSJam 2025-06-08: 12211/3146434 aircraft with bad GPS [archive import: scored retroactively, not a live reading]",2025-06-08,scoring
2025-06-09,0.3797,0.103,0,up,"GPSJam 2025-06-09: 12019/3165286 aircraft with bad GPS [archive import: scored retroactively, not a live reading]",2025-06-09,scoring
2025-06-10,0.3908,0.451,0,up,"GPSJam 2025-06-10: 12393/3171326 aircraft with bad GPS [archive import: scored retroactively, not a live reading]",2025-06-10,scoring
2025-06-11,0.3777,-0.035,0,down,"GPSJam 2025-06-11: 12155/3218409 aircraft with bad GPS [archive import: scored retroactively, not a live reading]",2025-06-11,scoring
2025-06-12,0.3859,0.250,0,up,"GPSJam 2025-06-12: 12734/3300082 aircraft with bad GPS [archive import: scored retroactively, not a live reading]",2025-06-12,scoring
2025-06-13,0.4374,2.029,0,up,"GPSJam 2025-06-13: 14323/3274788 aircraft with bad GPS [archive import: scored retroactively, not a live reading]",2025-06-13,scoring
2025-06-14,0.4735,3.185,1,up,"GPSJam 2025-06-14: 14889/3144561 aircraft with bad GPS [archive import: scored retroactively, not a live reading]",2025-06-14,scoring
2025-06-15,0.5052,4.077,1,up,"GPSJam 2025-06-15: 15718/3111489 aircraft with bad GPS [archive import: scored retroactively, not a live reading]",2025-06-15,scoring
2025-06-16,0.5228,4.484,1,up,"GPSJam 2025-06-16: 16825/3218182 aircraft with bad GPS [archive import: scored retroactively, not a live reading]",2025-06-16,scoring
2025-06-17,0.467,2.659,0,up,"GPSJam 2025-06-17: 14407/3084958 aircraft with bad GPS [archive import: scored retroactively, not a live reading]",2025-06-17,scoring
2025-06-18,0.5649,5.561,1,up,"GPSJam 2025-06-18: 18222/3225587 aircraft with bad GPS [archive import: scored retroactively, not a live reading]",2025-06-18,scoring
2025-06-19,0.5107,3.810,1,up,"GPSJam 2025-06-19: 16862/3302061 aircraft with bad GPS [archive import: scored retroactively, not a live reading]",2025-06-19,scoring
2025-06-20,0.5251,4.172,1,up,"GPSJam 2025-06-20: 17404/3314463 aircraft with bad GPS [archive import: scored retroactively, not a live reading]",2025-06-20,scoring
2025-06-21,0.4988,3.383,1,up,"GPSJam 2025-06-21: 15833/3174282 aircraft with bad GPS [archive import: scored retroactively, not a live reading]",2025-06-21,scoring
2025-06-22,0.5108,3.689,1,up,"GPSJam 2025-06-22: 16361/3202933 aircraft with bad GPS [archive import: scored retroactively, not a live reading]",2025-06-22,scoring
2025-06-23,0.5268,4.136,1,up,"GPSJam 2025-06-23: 16822/3193319 aircraft with bad GPS [archive import: scored retroactively, not a live reading]",2025-06-23,scoring
2025-06-24,0.5197,3.825,1,up,"GPSJam 2025-06-24: 16135/3104662 aircraft with bad GPS [archive import: scored retroactively, not a live reading]",2025-06-24,scoring
2025-06-25,0.4493,1.784,0,up,"GPSJam 2025-06-25: 14491/3225329 aircraft with bad GPS [archive import: scored retroactively, not a live reading]",2025-06-25,scoring
2025-06-26,0.4397,1.486,0,up,"GPSJam 2025-06-26: 14688/3340161 aircraft with bad GPS [archive import: scored retroactively, not a live reading]",2025-06-26,scoring
2025-06-27,0.4265,1.078,0,up,"GPSJam 2025-06-27: 13986/3279244 aircraft with bad GPS [archive import: scored retroactively, not a live reading]",2025-06-27,scoring
2025-06-28,0.3997,0.311,0,up,"GPSJam 2025-06-28: 12905/3228735 aircraft with bad GPS [archive import: scored retroactively, not a live reading]",2025-06-28,scoring
2025-06-29,0.3826,-0.208,0,down,"GPSJam 2025-06-29: 12443/3252643 aircraft with bad GPS [archive import: scored retroactively, not a live reading]",2025-06-29,scoring
2025-06-30,0.3827,-0.213,0,down,"GPSJam 2025-06-30: 12344/3225734 aircraft with bad GPS [archive import: scored retroactively, not a live reading]",2025-06-30,scoring
2025-07-01,0.3698,-0.613,0,down,"GPSJam 2025-07-01: 11901/3218282 aircraft with bad GPS [archive import: scored retroactively, not a live reading]",2025-07-01,scoring
2025-07-02,0.4096,0.607,0,up,"GPSJam 2025-07-02: 13396/3270710 aircraft with bad GPS [archive import: scored retroactively, not a live reading]",2025-07-02,scoring
2025-07-03,0.4578,2.062,0,up,"GPSJam 2025-07-03: 15092/3296935 aircraft with bad GPS [archive import: scored retroactively, not a live reading]",2025-07-03,scoring
2025-07-04,0.4455,1.654,0,up,"GPSJam 2025-07-04: 13890/3117949 aircraft with bad GPS [archive import: scored retroactively, not a live reading]",2025-07-04,scoring
2025-07-05,0.4187,0.781,0,up,"GPSJam 2025-07-05: 12875/3074947 aircraft with bad GPS [archive import: scored retroactively, not a live reading]",2025-07-05,scoring
2025-07-06,0.3699,-0.645,0,down,"GPSJam 2025-07-06: 12147/3283779 aircraft with bad GPS [archive import: scored retroactively, not a live reading]",2025-07-06,scoring
2025-07-07,0.3828,-0.269,0,down,"GPSJam 2025-07-07: 12615/3295687 aircraft with bad GPS [archive import: scored retroactively, not a live reading]",2025-07-07,scoring
2025-07-08,0.4061,0.412,0,up,"GPSJam 2025-07-08: 13404/3301071 aircraft with bad GPS [archive import: scored retroactively, not a live reading]",2025-07-08,scoring
2025-07-09,0.427,0.947,0,up,"GPSJam 2025-07-09: 14087/3298709 aircraft with bad GPS [archive import: scored retroactively, not a live reading]",2025-07-09,scoring
2025-07-10,0.4411,1.349,0,up,"GPSJam 2025-07-10: 14986/3397257 aircraft with bad GPS [archive import: scored retroactively, not a live reading]",2025-07-10,scoring
2025-07-11,0.447,1.461,0,up,"GPSJam 2025-07-11: 15257/3413166 aircraft with bad GPS [archive import: scored retroactively, not a live reading]",2025-07-11,scoring
2025-07-12,0.4529,1.572,0,up,"GPSJam 2025-07-12: 14905/3291194 aircraft with bad GPS [archive import: scored retroactively, not a live reading]",2025-07-12,scoring
2025-07-13,0.3702,-0.835,0,down,"GPSJam 2025-07-13: 12154/3282981 aircraft with bad GPS [archive import: scored retroactively, not a live reading]",2025-07-13,scoring
2025-07-14,0.3679,-0.902,0,down,"GPSJam 2025-07-14: 12176/3309792 aircraft with bad GPS [archive import: scored retroactively, not a live reading]",2025-07-14,scoring
2025-07-15,0.4071,0.230,0,up,"GPSJam 2025-07-15: 13477/3310415 aircraft with bad GPS [archive import: scored retroactively, not a live reading]",2025-07-15,scoring
2025-07-16,0.4111,0.327,0,up,"GPSJam 2025-07-16: 13687/3329543 aircraft with bad GPS [archive import: scored retroactively, not a live reading]",2025-07-16,scoring
2025-07-17,0.3872,-0.387,0,down,"GPSJam 2025-07-17: 13327/3442145 aircraft with bad GPS [archive import: scored retroactively, not a live reading]",2025-07-17,scoring
2025-07-18,0.3796,-0.598,0,down,"GPSJam 2025-07-18: 13261/3493573 aircraft with bad GPS [archive import: scored retroactively, not a live reading]",2025-07-18,scoring
2025-07-19,0.3763,-0.699,0,down,"GPSJam 2025-07-19: 12442/3306613 aircraft with bad GPS [archive import: scored retroactively, not a live reading]",2025-07-19,scoring
2025-07-20,0.3747,-0.721,0,down,"GPSJam 2025-07-20: 12392/3307220 aircraft with bad GPS [archive import: scored retroactively, not a live reading]",2025-07-20,scoring
2025-07-21,0.3643,-1.022,0,down,"GPSJam 2025-07-21: 12155/3336617 aircraft with bad GPS [archive import: scored retroactively, not a live reading]",2025-07-21,scoring
2025-07-22,0.34,-1.736,0,down,"GPSJam 2025-07-22: 11342/3336063 aircraft with bad GPS [archive import: scored retroactively, not a live reading]",2025-07-22,scoring
2025-07-23,0.315,-2.405,0,down,"GPSJam 2025-07-23: 10422/3309078 aircraft with bad GPS [archive import: scored retroactively, not a live reading]",2025-07-23,scoring
2025-07-24,0.3386,-1.664,0,down,"GPSJam 2025-07-24: 11675/3447617 aircraft with bad GPS [archive import: scored retroactively, not a live reading]",2025-07-24,scoring
2025-07-25,0.3344,-1.699,0,down,"GPSJam 2025-07-25: 11563/3458055 aircraft with bad GPS [archive import: scored retroactively, not a live reading]",2025-07-25,scoring
2025-07-26,0.3688,-0.761,0,down,"GPSJam 2025-07-26: 12347/3348062 aircraft with bad GPS [archive import: scored retroactively, not a live reading]",2025-07-26,scoring
2025-07-27,0.4156,0.491,0,up,"GPSJam 2025-07-27: 8333/2005221 aircraft with bad GPS [archive import: scored retroactively, not a live reading]",2025-07-27,scoring
2025-07-28,0.4195,0.532,0,up,"GPSJam 2025-07-28: 13776/3283900 aircraft with bad GPS [archive import: scored retroactively, not a live reading]",2025-07-28,scoring
2025-07-29,0.4268,0.657,0,up,"GPSJam 2025-07-29: 14201/3327339 aircraft with bad GPS [archive import: scored retroactively, not a live reading]",2025-07-29,scoring
2025-07-30,0.4122,0.244,0,up,"GPSJam 2025-07-30: 13693/3322325 aircraft with bad GPS [archive import: scored retroactively, not a live reading]",2025-07-30,scoring
2025-07-31,0.4029,-0.025,0,down,"GPSJam 2025-07-31: 13591/3373674 aircraft with bad GPS [archive import: scored retroactively, not a live reading]",2025-07-31,scoring
2025-08-01,0.4179,0.352,0,up,"GPSJam 2025-08-01: 14303/3422784 aircraft with bad GPS [archive import: scored retroactively, not a live reading]",2025-08-01,scoring
2025-08-02,0.4243,0.472,0,up,"GPSJam 2025-08-02: 14138/3331776 aircraft with bad GPS [archive import: scored retroactively, not a live reading]",2025-08-02,scoring
2025-08-03,0.4541,1.209,0,up,"GPSJam 2025-08-03: 15212/3350056 aircraft with bad GPS [archive import: scored retroactively, not a live reading]",2025-08-03,scoring
2025-08-04,0.5158,2.695,0,up,"GPSJam 2025-08-04: 17163/3327254 aircraft with bad GPS [archive import: scored retroactively, not a live reading]",2025-08-04,scoring
2025-08-05,0.4435,0.880,0,up,"GPSJam 2025-08-05: 14572/3286051 aircraft with bad GPS [archive import: scored retroactively, not a live reading]",2025-08-05,scoring
2025-08-06,0.4052,-0.074,0,down,"GPSJam 2025-08-06: 13406/3308719 aircraft with bad GPS [archive import: scored retroactively, not a live reading]",2025-08-06,scoring
2025-08-07,0.3864,-0.538,0,down,"GPSJam 2025-08-07: 13131/3398414 aircraft with bad GPS [archive import: scored retroactively, not a live reading]",2025-08-07,scoring
2025-08-08,0.3745,-0.832,0,down,"GPSJam 2025-08-08: 12766/3408541 aircraft with bad GPS [archive import: scored retroactively, not a live reading]",2025-08-08,scoring
2025-08-09,0.3979,-0.254,0,down,"GPSJam 2025-08-09: 13006/3268867 aircraft with bad GPS [archive import: scored retroactively, not a live reading]",2025-08-09,scoring
2025-08-10,0.367,-1.012,0,down,"GPSJam 2025-08-10: 12217/3328787 aircraft with bad GPS [archive import: scored retroactively, not a live reading]",2025-08-10,scoring
2025-08-11,0.3652,-1.045,0,down,"GPSJam 2025-08-11: 12153/3327702 aircraft with bad GPS [archive import: scored retroactively, not a live reading]",2025-08-11,scoring
2025-08-12,0.3917,-0.401,0,down,"GPSJam 2025-08-12: 12777/3261964 aircraft with bad GPS [archive import: scored retroactively, not a live reading]",2025-08-12,scoring
2025-08-13,0.3531,-1.346,0,down,"GPSJam 2025-08-13: 11536/3267091 aircraft with bad GPS [archive import: scored retroactively, not a live reading]",2025-08-13,scoring
2025-08-14,0.3191,-2.134,0,down,"GPSJam 2025-08-14: 10762/3372240 aircraft with bad GPS [archive import: scored retroactively, not a live reading]",2025-08-14,scoring
2025-08-15,0.3999,-0.183,0,down,"GPSJam 2025-08-15: 13668/3417786 aircraft with bad GPS [archive import: scored retroactively, not a live reading]",2025-08-15,scoring
2025-08-16,0.4025,-0.097,0,down,"GPSJam 2025-08-16: 12863/3195891 aircraft with bad GPS [archive import: scored retroactively, not a live reading]",2025-08-16,scoring
2025-08-17,0.3972,-0.212,0,down,"GPSJam 2025-08-17: 12910/3250526 aircraft with bad GPS [archive import: scored retroactively, not a live reading]",2025-08-17,scoring
2025-08-18,0.4522,1.096,0,up,"GPSJam 2025-08-18: 14902/3295193 aircraft with bad GPS [archive import: scored retroactively, not a live reading]",2025-08-18,scoring
2025-08-19,0.3717,-0.812,0,down,"GPSJam 2025-08-19: 11985/3224747 aircraft with bad GPS [archive import: scored retroactively, not a live reading]",2025-08-19,scoring
2025-08-20,0.3622,-1.021,0,down,"GPSJam 2025-08-20: 11681/3224839 aircraft with bad GPS [archive import: scored retroactively, not a live reading]",2025-08-20,scoring
2025-08-21,0.337,-1.635,0,down,"GPSJam 2025-08-21: 11164/3313072 aircraft with bad GPS [archive import: scored retroactively, not a live reading]",2025-08-21,scoring
2025-08-22,0.3444,-1.422,0,down,"GPSJam 2025-08-22: 11750/3411737 aircraft with bad GPS [archive import: scored retroactively, not a live reading]",2025-08-22,scoring
2025-08-23,0.3422,-1.402,0,down,"GPSJam 2025-08-23: 10992/3211870 aircraft with bad GPS [archive import: scored retroactively, not a live reading]",2025-08-23,scoring
2025-08-24,0.318,-1.883,0,down,"GPSJam 2025-08-24: 10374/3262066 aircraft with bad GPS [archive import: scored retroactively, not a live reading]",2025-08-24,scoring
2025-08-25,0.3507,-1.092,0,down,"GPSJam 2025-08-25: 11542/3291161 aircraft with bad GPS [archive import: scored retroactively, not a live reading]",2025-08-25,scoring
2025-08-26,0.3546,-0.998,0,down,"GPSJam 2025-08-26: 11129/3138338 aircraft with bad GPS [archive import: scored retroactively, not a live reading]",2025-08-26,scoring
2025-08-27,0.385,-0.341,0,down,"GPSJam 2025-08-27: 12097/3141859 aircraft with bad GPS [archive import: scored retroactively, not a live reading]",2025-08-27,scoring
2025-08-28,0.3359,-1.380,0,down,"GPSJam 2025-08-28: 11306/3365662 aircraft with bad GPS [archive import: scored retroactively, not a live reading]",2025-08-28,scoring
2025-08-29,0.3183,-1.698,0,down,"GPSJam 2025-08-29: 10869/3415221 aircraft with bad GPS [archive import: scored retroactively, not a live reading]",2025-08-29,scoring
2025-08-30,0.364,-0.727,0,down,"GPSJam 2025-08-30: 11533/3168631 aircraft with bad GPS [archive import: scored retroactively, not a live reading]",2025-08-30,scoring
2025-08-31,0.4059,0.145,0,up,"GPSJam 2025-08-31: 12566/3095522 aircraft with bad GPS [archive import: scored retroactively, not a live reading]",2025-08-31,scoring
2025-09-01,0.3941,-0.116,0,down,"GPSJam 2025-09-01: 12745/3234214 aircraft with bad GPS [archive import: scored retroactively, not a live reading]",2025-09-01,scoring
2025-09-02,0.4124,0.280,0,up,"GPSJam 2025-09-02: 12939/3137582 aircraft with bad GPS [archive import: scored retroactively, not a live reading]",2025-09-02,scoring
2025-09-03,0.5027,2.128,0,up,"GPSJam 2025-09-03: 15725/3128318 aircraft with bad GPS [archive import: scored retroactively, not a live reading]",2025-09-03,scoring
2025-09-04,0.458,1.152,0,up,"GPSJam 2025-09-04: 14818/3235019 aircraft with bad GPS [archive import: scored retroactively, not a live reading]",2025-09-04,scoring
2025-09-05,0.3826,-0.336,0,down,"GPSJam 2025-09-05: 12468/3258817 aircraft with bad GPS [archive import: scored retroactively, not a live reading]",2025-09-05,scoring
2025-09-06,0.4354,0.721,0,up,"GPSJam 2025-09-06: 13397/3077044 aircraft with bad GPS [archive import: scored retroactively, not a live reading]",2025-09-06,scoring
2025-09-07,0.4534,1.039,0,up,"GPSJam 2025-09-07: 14465/3190414 aircraft with bad GPS [archive import: scored retroactively, not a live reading]",2025-09-07,scoring
2025-09-08,0.4365,0.670,0,up,"GPSJam 2025-09-08: 14094/3229099 aircraft with bad GPS [archive import: scored retroactively, not a live reading]",2025-09-08,scoring
2025-09-09,0.5158,2.105,0,up,"GPSJam 2025-09-09: 16093/3120075 aircraft with bad GPS [archive import: scored retroactively, not a live reading]",2025-09-09,scoring
2025-09-10,0.4273,0.424,0,up,"GPSJam 2025-09-10: 13317/3116240 aircraft with bad GPS [archive import: scored retroactively, not a live reading]",2025-09-10,scoring
2025-09-11,0.3901,-0.280,0,down,"GPSJam 2025-09-11: 12713/3258774 aircraft with bad GPS [archive import: scored retroactively, not a live reading]",2025-09-11,scoring
2025-09-12,0.4447,0.745,0,up,"GPSJam 2025-09-12: 14778/3323064 aircraft with bad GPS [archive import: scored retroactively, not a live reading]",2025-09-12,scoring
2025-09-13,0.4263,0.413,0,up,"GPSJam 2025-09-13: 13058/3063237 aircraft with bad GPS [archive import: scored retroactively, not a live reading]",2025-09-13,scoring
2025-09-14,0.3716,-0.614,0,down,"GPSJam 2025-09-14: 11898/3201772 aircraft with bad GPS [archive import: scored retroactively, not a live reading]",2025-09-14,scoring
2025-09-15,0.3842,-0.359,0,down,"GPSJam 2025-09-15: 12334/3210485 aircraft with bad GPS [archive import: scored retroactively, not a live reading]",2025-09-15,scoring
2025-09-16,0.3958,-0.108,0,down,"GPSJam 2025-09-16: 12355/3121872 aircraft with bad GPS [archive import: scored retroactively, not a live reading]",2025-09-16,scoring
2025-09-17,0.3947,-0.106,0,down,"GPSJam 2025-09-17: 12418/3145792 aircraft with bad GPS [archive import: scored retroactively, not a live reading]",2025-09-17,scoring
2025-09-18,0.3267,-1.530,0,down,"GPSJam 2025-09-18: 10642/3256925 aircraft with bad GPS [archive import: scored retroactively, not a live reading]",2025-09-18,scoring
2025-09-19,0.3639,-0.717,0,down,"GPSJam 2025-09-19: 12004/3298336 aircraft with bad GPS [archive import: scored retroactively, not a live reading]",2025-09-19,scoring
2025-09-20,0.3602,-0.796,0,down,"GPSJam 2025-09-20: 11012/3057231 aircraft with bad GPS [archive import: scored retroactively, not a live reading]",2025-09-20,scoring
2025-09-21,0.3216,-1.645,0,down,"GPSJam 2025-09-21: 10171/3162572 aircraft with bad GPS [archive import: scored retroactively, not a live reading]",2025-09-21,scoring
2025-09-22,0.3396,-1.230,0,down,"GPSJam 2025-09-22: 10666/3140306 aircraft with bad GPS [archive import: scored retroactively, not a live reading]",2025-09-22,scoring
2025-09-23,0.3217,-1.621,0,down,"GPSJam 2025-09-23: 9721/3021508 aircraft with bad GPS [archive import: scored retroactively, not a live reading]",2025-09-23,scoring
2025-09-24,0.4947,2.352,0,up,"GPSJam 2025-09-24: 14873/3006165 aircraft with bad GPS [archive import: scored retroactively, not a live reading]",2025-09-24,scoring
2025-09-25,0.3777,-0.295,0,down,"GPSJam 2025-09-25: 12205/3231455 aircraft with bad GPS [archive import: scored retroactively, not a live reading]",2025-09-25,scoring
2025-09-26,0.3259,-1.408,0,down,"GPSJam 2025-09-26: 10817/3319434 aircraft with bad GPS [archive import: scored retroactively, not a live reading]",2025-09-26,scoring
2025-09-27,0.3071,-1.772,0,down,"GPSJam 2025-09-27: 9554/3111350 aircraft with bad GPS [archive import: scored retroactively, not a live reading]",2025-09-27,scoring
2025-09-28,0.3291,-1.247,0,down,"GPSJam 2025-09-28: 10506/3192480 aircraft with bad GPS [archive import: scored retroactively, not a live reading]",2025-09-28,scoring
2025-09-29,0.3258,-1.295,0,down,"GPSJam 2025-09-29: 10436/3203130 aircraft with bad GPS [archive import: scored retroactively, not a live reading]",2025-09-29,scoring
2025-09-30,0.3527,-0.714,0,down,"GPSJam 2025-09-30: 11016/3122926 aircraft with bad GPS [archive import: scored retroactively, not a live reading]",2025-09-30,scoring
2025-10-01,0.3186,-1.405,0,down,"GPSJam 2025-10-01: 9777/3068775 aircraft with bad GPS [archive import: scored retroactively, not a live reading]",2025-10-01,scoring
2025-10-02,0.3453,-0.827,0,down,"GPSJam 2025-10-02: 11147/3228388 aircraft with bad GPS [archive import: scored retroactively, not a live reading]",2025-10-02,scoring
2025-10-03,0.3783,-0.110,0,down,"GPSJam 2025-10-03: 12373/3271090 aircraft with bad GPS [archive import: scored retroactively, not a live reading]",2025-10-03,scoring
2025-10-04,0.3871,0.094,0,up,"GPSJam 2025-10-04: 11841/3058916 aircraft with bad GPS [archive import: scored retroactively, not a live reading]",2025-10-04,scoring
2025-10-05,0.3123,-1.532,0,down,"GPSJam 2025-10-05: 9901/3170746 aircraft with bad GPS [archive import: scored retroactively, not a live reading]",2025-10-05,scoring
2025-10-06,0.3306,-1.111,0,down,"GPSJam 2025-10-06: 10506/3177928 aircraft with bad GPS [archive import: scored retroactively, not a live reading]",2025-10-06,scoring
2025-10-07,0.4151,0.709,0,up,"GPSJam 2025-10-07: 12884/3104030 aircraft with bad GPS [archive import: scored retroactively, not a live reading]",2025-10-07,scoring
2025-10-08,0.3473,-0.708,0,down,"GPSJam 2025-10-08: 10941/3150513 aircraft with bad GPS [archive import: scored retroactively, not a live reading]",2025-10-08,scoring
2025-10-09,0.2887,-1.916,0,down,"GPSJam 2025-10-09: 9304/3223273 aircraft with bad GPS [archive import: scored retroactively, not a live reading]",2025-10-09,scoring
2025-10-10,0.2971,-1.694,0,down,"GPSJam 2025-10-10: 9863/3320086 aircraft with bad GPS [archive import: scored retroactively, not a live reading]",2025-10-10,scoring
2025-10-11,0.2973,-1.669,0,down,"GPSJam 2025-10-11: 9152/3077920 aircraft with bad GPS [archive import: scored retroactively, not a live reading]",2025-10-11,scoring
2025-10-12,0.2485,-2.632,0,down,"GPSJam 2025-10-12: 6763/2721034 aircraft with bad GPS [archive import: scored retroactively, not a live reading]",2025-10-12,scoring
2025-10-13,0.262,-2.286,0,down,"GPSJam 2025-10-13: 8269/3155959 aircraft with bad GPS [archive import: scored retroactively, not a live reading]",2025-10-13,scoring
2025-10-14,0.3007,-1.450,0,down,"GPSJam 2025-10-14: 9086/3021525 aircraft with bad GPS [archive import: scored retroactively, not a live reading]",2025-10-14,scoring
2025-10-15,0.3148,-1.150,0,down,"GPSJam 2025-10-15: 9974/3167894 aircraft with bad GPS [archive import: scored retroactively, not a live reading]",2025-10-15,scoring
2025-10-16,0.288,-1.616,0,down,"GPSJam 2025-10-16: 9470/3287897 aircraft with bad GPS [archive import: scored retroactively, not a live reading]",2025-10-16,scoring
2025-10-17,0.3158,-1.040,0,down,"GPSJam 2025-10-17: 10508/3327060 aircraft with bad GPS [archive import: scored retroactively, not a live reading]",2025-10-17,scoring
2025-10-18,0.2893,-1.494,0,down,"GPSJam 2025-10-18: 9014/3116297 aircraft with bad GPS [archive import: scored retroactively, not a live reading]",2025-10-18,scoring
2025-10-19,0.2777,-1.627,0,down,"GPSJam 2025-10-19: 8806/3170836 aircraft with bad GPS [archive import: scored retroactively, not a live reading]",2025-10-19,scoring
2025-10-20,0.2799,-1.558,0,down,"GPSJam 2025-10-20: 8854/3162973 aircraft with bad GPS [archive import: scored retroactively, not a live reading]",2025-10-20,scoring
2025-10-21,0.3413,-0.460,0,down,"GPSJam 2025-10-21: 10556/3092942 aircraft with bad GPS [archive import: scored retroactively, not a live reading]",2025-10-21,scoring
2025-10-22,0.3507,-0.299,0,down,"GPSJam 2025-10-22: 10769/3070667 aircraft with bad GPS [archive import: scored retroactively, not a live reading]",2025-10-22,scoring
2025-10-23,0.3348,-0.573,0,down,"GPSJam 2025-10-23: 10840/3237586 aircraft with bad GPS [archive import: scored retroactively, not a live reading]",2025-10-23,scoring
2025-10-24,0.3113,-0.980,0,down,"GPSJam 2025-10-24: 10188/3273201 aircraft with bad GPS [archive import: scored retroactively, not a live reading]",2025-10-24,scoring
2025-10-25,0.2998,-1.143,0,down,"GPSJam 2025-10-25: 9184/3063851 aircraft with bad GPS [archive import: scored retroactively, not a live reading]",2025-10-25,scoring
2025-10-26,0.2823,-1.419,0,down,"GPSJam 2025-10-26: 8612/3050892 aircraft with bad GPS [archive import: scored retroactively, not a live reading]",2025-10-26,scoring
2025-10-27,0.2581,-1.812,0,down,"GPSJam 2025-10-27: 7858/3045092 aircraft with bad GPS [archive import: scored retroactively, not a live reading]",2025-10-27,scoring
2025-10-28,0.2683,-1.593,0,down,"GPSJam 2025-10-28: 7930/2955550 aircraft with bad GPS [archive import: scored retroactively, not a live reading]",2025-10-28,scoring
2025-10-29,0.2971,-1.059,0,down,"GPSJam 2025-10-29: 8853/2980166 aircraft with bad GPS [archive import: scored retroactively, not a live reading]",2025-10-29,scoring
2025-10-30,0.3144,-0.708,0,down,"GPSJam 2025-10-30: 9704/3086111 aircraft with bad GPS [archive import: scored retroactively, not a live reading]",2025-10-30,scoring
2025-10-31,0.3184,-0.590,0,down,"GPSJam 2025-10-31: 9882/3103474 aircraft with bad GPS [archive import: scored retroactively, not a live reading]",2025-10-31,scoring
2025-11-01,0.3707,0.303,0,up,"GPSJam 2025-11-01: 10798/2912556 aircraft with bad GPS [archive import: scored retroactively, not a live reading]",2025-11-01,scoring
2025-11-02,0.3044,-0.843,0,down,"GPSJam 2025-11-02: 9169/3012055 aircraft with bad GPS [archive import: scored retroactively, not a live reading]",2025-11-02,scoring
2025-11-03,0.2963,-0.988,0,down,"GPSJam 2025-11-03: 8995/3036059 aircraft with bad GPS [archive import: scored retroactively, not a live reading]",2025-11-03,scoring
2025-11-04,0.302,-0.879,0,down,"GPSJam 2025-11-04: 8838/2926741 aircraft with bad GPS [archive import: scored retroactively, not a live reading]",2025-11-04,scoring
2025-11-05,0.282,-1.228,0,down,"GPSJam 2025-11-05: 8290/2939767 aircraft with bad GPS [archive import: scored retroactively, not a live reading]",2025-11-05,scoring
2025-11-06,0.2753,-1.291,0,down,"GPSJam 2025-11-06: 8575/3115097 aircraft with bad GPS [archive import: scored retroactively, not a live reading]",2025-11-06,scoring
2025-11-07,0.3405,-0.078,0,down,"GPSJam 2025-11-07: 10772/3163752 aircraft with bad GPS [archive import: scored retroactively, not a live reading]",2025-11-07,scoring
2025-11-08,0.2847,-1.070,0,down,"GPSJam 2025-11-08: 8337/2927837 aircraft with bad GPS [archive import: scored retroactively, not a live reading]",2025-11-08,scoring
2025-11-09,0.339,-0.050,0,down,"GPSJam 2025-11-09: 10071/2970400 aircraft with bad GPS [archive import: scored retroactively, not a live reading]",2025-11-09,scoring
2025-11-10,0.3276,-0.244,0,down,"GPSJam 2025-11-10: 9756/2978245 aircraft with bad GPS [archive import: scored retroactively, not a live reading]",2025-11-10,scoring
2025-11-11,0.348,0.148,0,up,"GPSJam 2025-11-11: 9999/2873016 aircraft with bad GPS [archive import: scored retroactively, not a live reading]",2025-11-11,scoring
2025-11-12,0.3942,1.008,0,up,"GPSJam 2025-11-12: 11431/2899698 aircraft with bad GPS [archive import: scored retroactively, not a live reading]",2025-11-12,scoring
2025-11-13,0.3504,0.174,0,up,"GPSJam 2025-11-13: 10661/3042842 aircraft with bad GPS [archive import: scored retroactively, not a live reading]",2025-11-13,scoring
2025-11-14,0.3386,-0.043,0,down,"GPSJam 2025-11-14: 10662/3148629 aircraft with bad GPS [archive import: scored retroactively, not a live reading]",2025-11-14,scoring
2025-11-15,0.3399,-0.003,0,down,"GPSJam 2025-11-15: 9823/2890290 aircraft with bad GPS [archive import: scored retroactively, not a live reading]",2025-11-15,scoring
2025-11-16,0.3289,-0.209,0,down,"GPSJam 2025-11-16: 9755/2965742 aircraft with bad GPS [archive import: scored retroactively, not a live reading]",2025-11-16,scoring
2025-11-17,0.3243,-0.297,0,down,"GPSJam 2025-11-17: 9723/2997691 aircraft with bad GPS [archive import: scored retroactively, not a live reading]",2025-11-17,scoring
2025-11-18,0.3023,-0.732,0,down,"GPSJam 2025-11-18: 8534/2823403 aircraft with bad GPS [archive import: scored retroactively, not a live reading]",2025-11-18,scoring
2025-11-19,0.3435,0.115,0,up,"GPSJam 2025-11-19: 9980/2905803 aircraft with bad GPS [archive import: scored retroactively, not a live reading]",2025-11-19,scoring
2025-11-20,0.3525,0.273,0,up,"GPSJam 2025-11-20: 10636/3017337 aircraft with bad GPS [archive import: scored retroactively, not a live reading]",2025-11-20,scoring
2025-11-21,0.3591,0.403,0,up,"GPSJam 2025-11-21: 11273/3138848 aircraft with bad GPS [archive import: scored retroactively, not a live reading]",2025-11-21,scoring
2025-11-22,0.3548,0.317,0,up,"GPSJam 2025-11-22: 10786/3039921 aircraft with bad GPS [archive import: scored retroactively, not a live reading]",2025-11-22,scoring
2025-11-23,0.3745,0.688,0,up,"GPSJam 2025-11-23: 11511/3073614 aircraft with bad GPS [archive import: scored retroactively, not a live reading]",2025-11-23,scoring
2025-11-24,0.4291,1.748,0,up,"GPSJam 2025-11-24: 12821/2988172 aircraft with bad GPS [archive import: scored retroactively, not a live reading]",2025-11-24,scoring
2025-11-25,0.3834,0.844,0,up,"GPSJam 2025-11-25: 11404/2974811 aircraft with bad GPS [archive import: scored retroactively, not a live reading]",2025-11-25,scoring
2025-11-26,0.3554,0.310,0,up,"GPSJam 2025-11-26: 10568/2973941 aircraft with bad GPS [archive import: scored retroactively, not a live reading]",2025-11-26,scoring
2025-11-27,0.4453,2.013,0,up,"GPSJam 2025-11-27: 11826/2655612 aircraft with bad GPS [archive import: scored retroactively, not a live reading]",2025-11-27,scoring
2025-11-28,0.3414,0.022,0,up,"GPSJam 2025-11-28: 9224/2701460 aircraft with bad GPS [archive import: scored retroactively, not a live reading]",2025-11-28,scoring
2025-11-29,0.3647,0.458,0,up,"GPSJam 2025-11-29: 10668/2925184 aircraft with bad GPS [archive import: scored retroactively, not a live reading]",2025-11-29,scoring
2025-11-30,0.3315,-0.165,0,down,"GPSJam 2025-11-30: 10380/3131335 aircraft with bad GPS [archive import: scored retroactively, not a live reading]",2025-11-30,scoring
2025-12-01,0.3436,0.074,0,up,"GPSJam 2025-12-01: 10753/3129903 aircraft with bad GPS [archive import: scored retroactively, not a live reading]",2025-12-01,scoring
2025-12-02,0.3387,-0.021,0,down,"GPSJam 2025-12-02: 9880/2917454 aircraft with bad GPS [archive import: scored retroactively, not a live reading]",2025-12-02,scoring
2025-12-03,0.3485,0.187,0,up,"GPSJam 2025-12-03: 10187/2923289 aircraft with bad GPS [archive import: scored retroactively, not a live reading]",2025-12-03,scoring
2025-12-04,0.3499,0.223,0,up,"GPSJam 2025-12-04: 10647/3042735 aircraft with bad GPS [archive import: scored retroactively, not a live reading]",2025-12-04,scoring
2025-12-05,0.3504,0.237,0,up,"GPSJam 2025-12-05: 10743/3066294 aircraft with bad GPS [archive import: scored retroactively, not a live reading]",2025-12-05,scoring
2025-12-06,0.3488,0.207,0,up,"GPSJam 2025-12-06: 10061/2884143 aircraft with bad GPS [archive import: scored retroactively, not a live reading]",2025-12-06,scoring
2025-12-07,0.3629,0.527,0,up,"GPSJam 2025-12-07: 10627/2928302 aircraft with bad GPS [archive import: scored retroactively, not a live reading]",2025-12-07,scoring
2025-12-08,0.3535,0.327,0,up,"GPSJam 2025-12-08: 10808/3057621 aircraft with bad GPS [archive import: scored retroactively, not a live reading]",2025-12-08,scoring
2025-12-09,0.3663,0.643,0,up,"GPSJam 2025-12-09: 10724/2927867 aircraft with bad GPS [archive import: scored retroactively, not a live reading]",2025-12-09,scoring
2025-12-10,0.377,0.907,0,up,"GPSJam 2025-12-10: 11125/2951227 aircraft with bad GPS [archive import: scored retroactively, not a live reading]",2025-12-10,scoring
2025-12-11,0.3442,0.118,0,up,"GPSJam 2025-12-11: 10595/3078494 aircraft with bad GPS [archive import: scored retroactively, not a live reading]",2025-12-11,scoring
2025-12-12,0.3455,0.156,0,up,"GPSJam 2025-12-12: 10902/3155877 aircraft with bad GPS [archive import: scored retroactively, not a live reading]",2025-12-12,scoring
2025-12-13,0.3457,0.168,0,up,"GPSJam 2025-12-13: 10050/2906854 aircraft with bad GPS [archive import: scored retroactively, not a live reading]",2025-12-13,scoring
2025-12-14,0.3271,-0.323,0,down,"GPSJam 2025-12-14: 9454/2890522 aircraft with bad GPS [archive import: scored retroactively, not a live reading]",2025-12-14,scoring
2025-12-15,0.3344,-0.121,0,down,"GPSJam 2025-12-15: 10182/3045257 aircraft with bad GPS [archive import: scored retroactively, not a live reading]",2025-12-15,scoring
2025-12-16,0.3536,0.420,0,up,"GPSJam 2025-12-16: 10525/2976779 aircraft with bad GPS [archive import: scored retroactively, not a live reading]",2025-12-16,scoring
2025-12-17,0.3594,0.601,0,up,"GPSJam 2025-12-17: 10699/2977305 aircraft with bad GPS [archive import: scored retroactively, not a live reading]",2025-12-17,scoring
2025-12-18,0.3663,0.795,0,up,"GPSJam 2025-12-18: 11541/3150804 aircraft with bad GPS [archive import: scored retroactively, not a live reading]",2025-12-18,scoring
2025-12-19,0.3455,0.191,0,up,"GPSJam 2025-12-19: 11225/3249141 aircraft with bad GPS [archive import: scored retroactively, not a live reading]",2025-12-19,scoring
2025-12-20,0.3469,0.233,0,up,"GPSJam 2025-12-20: 11199/3228520 aircraft with bad GPS [archive import: scored retroactively, not a live reading]",2025-12-20,scoring
2025-12-21,0.3381,-0.035,0,down,"GPSJam 2025-12-21: 10613/3138556 aircraft with bad GPS [archive import: scored retroactively, not a live reading]",2025-12-21,scoring
2025-12-22,0.355,0.476,0,up,"GPSJam 2025-12-22: 11012/3101871 aircraft with bad GPS [archive import: scored retroactively, not a live reading]",2025-12-22,scoring
2025-12-23,0.3137,-0.764,0,down,"GPSJam 2025-12-23: 9626/3068736 aircraft with bad GPS [archive import: scored retroactively, not a live reading]",2025-12-23,scoring
2025-12-24,0.3329,-0.181,0,down,"GPSJam 2025-12-24: 9184/2758607 aircraft with bad GPS [archive import: scored retroactively, not a live reading]",2025-12-24,scoring
2025-12-25,0.3697,0.965,0,up,"GPSJam 2025-12-25: 8792/2378409 aircraft with bad GPS [archive import: scored retroactively, not a live reading]",2025-12-25,scoring
2025-12-26,0.3299,-0.276,0,down,"GPSJam 2025-12-26: 9839/2982310 aircraft with bad GPS [archive import: scored retroactively, not a live reading]",2025-12-26,scoring
2025-12-27,0.3614,0.700,0,up,"GPSJam 2025-12-27: 11516/3186719 aircraft with bad GPS [archive import: scored retroactively, not a live reading]",2025-12-27,scoring
2025-12-28,0.3889,1.536,0,up,"GPSJam 2025-12-28: 12265/3153966 aircraft with bad GPS [archive import: scored retroactively, not a live reading]",2025-12-28,scoring
2025-12-29,0.3729,0.990,0,up,"GPSJam 2025-12-29: 11223/3009305 aircraft with bad GPS [archive import: scored retroactively, not a live reading]",2025-12-29,scoring
2025-12-30,0.3738,0.998,0,up,"GPSJam 2025-12-30: 11446/3061822 aircraft with bad GPS [archive import: scored retroactively, not a live reading]",2025-12-30,scoring
2025-12-31,0.3932,1.553,0,up,"GPSJam 2025-12-31: 11122/2828624 aircraft with bad GPS [archive import: scored retroactively, not a live reading]",2025-12-31,scoring
2026-01-01,0.3753,0.996,0,up,"GPSJam 2026-01-01: 9888/2634669 aircraft with bad GPS [archive import: scored retroactively, not a live reading]",2026-01-01,scoring
2026-01-02,0.3887,1.384,0,up,"GPSJam 2026-01-02: 11790/3032989 aircraft with bad GPS [archive import: scored retroactively, not a live reading]",2026-01-02,scoring
2026-01-03,0.3558,0.431,0,up,"GPSJam 2026-01-03: 11129/3128165 aircraft with bad GPS [archive import: scored retroactively, not a live reading]",2026-01-03,scoring
2026-01-04,0.3925,1.509,0,up,"GPSJam 2026-01-04: 12590/3207601 aircraft with bad GPS [archive import: scored retroactively, not a live reading]",2026-01-04,scoring
2026-01-05,0.3798,1.081,0,up,"GPSJam 2026-01-05: 11724/3087088 aircraft with bad GPS [archive import: scored retroactively, not a live reading]",2026-01-05,scoring
2026-01-06,0.405,1.834,0,up,"GPSJam 2026-01-06: 11784/2909944 aircraft with bad GPS [archive import: scored retroactively, not a live reading]",2026-01-06,scoring
2026-01-07,0.5042,4.598,1,up,"GPSJam 2026-01-07: 13985/2773590 aircraft with bad GPS [archive import: scored retroactively, not a live reading]",2026-01-07,scoring
2026-01-08,0.4584,3.169,1,up,"GPSJam 2026-01-08: 13143/2867393 aircraft with bad GPS [archive import: scored retroactively, not a live reading]",2026-01-08,scoring
2026-01-09,0.4327,2.422,0,up,"GPSJam 2026-01-09: 12643/2921607 aircraft with bad GPS [archive import: scored retroactively, not a live reading]",2026-01-09,scoring
2026-01-10,0.4185,1.985,0,up,"GPSJam 2026-01-10: 10662/2547753 aircraft with bad GPS [archive import: scored retroactively, not a live reading]",2026-01-10,scoring
2026-01-11,0.4248,2.138,0,up,"GPSJam 2026-01-11: 12101/2848324 aircraft with bad GPS [archive import: scored retroactively, not a live reading]",2026-01-11,scoring
2026-01-12,0.329,-0.448,0,down,"GPSJam 2026-01-12: 9384/2852628 aircraft with bad GPS [archive import: scored retroactively, not a live reading]",2026-01-12,scoring
2026-01-13,0.3804,0.949,0,up,"GPSJam 2026-01-13: 10322/2713326 aircraft with bad GPS [archive import: scored retroactively, not a live reading]",2026-01-13,scoring
2026-01-14,0.3685,0.605,0,up,"GPSJam 2026-01-14: 10017/2718208 aircraft with bad GPS [archive import: scored retroactively, not a live reading]",2026-01-14,scoring
2026-01-15,0.3755,0.774,0,up,"GPSJam 2026-01-15: 10947/2915460 aircraft with bad GPS [archive import: scored retroactively, not a live reading]",2026-01-15,scoring
2026-01-16,0.3651,0.470,0,up,"GPSJam 2026-01-16: 11062/3029490 aircraft with bad GPS [archive import: scored retroactively, not a live reading]",2026-01-16,scoring
2026-01-17,0.3667,0.516,0,up,"GPSJam 2026-01-17: 10303/2809818 aircraft with bad GPS [archive import: scored retroactively, not a live reading]",2026-01-17,scoring
2026-01-18,0.3528,0.101,0,up,"GPSJam 2026-01-18: 9789/2774471 aircraft with bad GPS [archive import: scored retroactively, not a live reading]",2026-01-18,scoring
2026-01-19,0.3361,-0.420,0,down,"GPSJam 2026-01-19: 9773/2907632 aircraft with bad GPS [archive import: scored retroactively, not a live reading]",2026-01-19,scoring
2026-01-20,0.3958,1.355,0,up,"GPSJam 2026-01-20: 11063/2794961 aircraft with bad GPS [archive import: scored retroactively, not a live reading]",2026-01-20,scoring
2026-01-21,0.4229,2.106,0,up,"GPSJam 2026-01-21: 11514/2722570 aircraft with bad GPS [archive import: scored retroactively, not a live reading]",2026-01-21,scoring
2026-01-22,0.3892,1.096,0,up,"GPSJam 2026-01-22: 11247/2889790 aircraft with bad GPS [archive import: scored retroactively, not a live reading]",2026-01-22,scoring
2026-01-23,0.3778,0.749,0,up,"GPSJam 2026-01-23: 11089/2935052 aircraft with bad GPS [archive import: scored retroactively, not a live reading]",2026-01-23,scoring
2026-01-24,0.3886,1.035,0,up,"GPSJam 2026-01-24: 10271/2642751 aircraft with bad GPS [archive import: scored retroactively, not a live reading]",2026-01-24,scoring
2026-01-25,0.4379,2.469,0,up,"GPSJam 2026-01-25: 10230/2335994 aircraft with bad GPS [archive import: scored retroactively, not a live reading]",2026-01-25,scoring
2026-01-26,0.3977,1.294,0,up,"GPSJam 2026-01-26: 9790/2461908 aircraft with bad GPS [archive import: scored retroactively, not a live reading]",2026-01-26,scoring
2026-01-27,0.3843,0.888,0,up,"GPSJam 2026-01-27: 10071/2620743 aircraft with bad GPS [archive import: scored retroactively, not a live reading]",2026-01-27,scoring
2026-01-28,0.3924,1.113,0,up,"GPSJam 2026-01-28: 9985/2544750 aircraft with bad GPS [archive import: scored retroactively, not a live reading]",2026-01-28,scoring
2026-01-29,0.3762,0.627,0,up,"GPSJam 2026-01-29: 10985/2920269 aircraft with bad GPS [archive import: scored retroactively, not a live reading]",2026-01-29,scoring
2026-01-30,0.3854,0.908,0,up,"GPSJam 2026-01-30: 11540/2994623 aircraft with bad GPS [archive import: scored retroactively, not a live reading]",2026-01-30,scoring
2026-01-31,0.4149,1.795,0,up,"GPSJam 2026-01-31: 11469/2763952 aircraft with bad GPS [archive import: scored retroactively, not a live reading]",2026-01-31,scoring
2026-02-01,0.4416,2.547,0,up,"GPSJam 2026-02-01: 12455/2820553 aircraft with bad GPS [archive import: scored retroactively, not a live reading]",2026-02-01,scoring
2026-02-02,0.3655,0.189,0,up,"GPSJam 2026-02-02: 10206/2792710 aircraft with bad GPS [archive import: scored retroactively, not a live reading]",2026-02-02,scoring
2026-02-03,0.3741,0.431,0,up,"GPSJam 2026-02-03: 9751/2606572 aircraft with bad GPS [archive import: scored retroactively, not a live reading]",2026-02-03,scoring
2026-02-04,0.3399,-0.715,0,down,"GPSJam 2026-02-04: 8912/2621945 aircraft with bad GPS [archive import: scored retroactively, not a live reading]",2026-02-04,scoring
2026-02-05,0.357,-0.170,0,down,"GPSJam 2026-02-05: 10291/2882544 aircraft with bad GPS [archive import: scored retroactively, not a live reading]",2026-02-05,scoring
2026-02-06,0.3942,1.059,0,up,"GPSJam 2026-02-06: 11971/3037152 aircraft with bad GPS [archive import: scored retroactively, not a live reading]",2026-02-06,scoring
2026-02-07,0.3752,0.382,0,up,"GPSJam 2026-02-07: 10483/2794140 aircraft with bad GPS [archive import: scored retroactively, not a live reading]",2026-02-07,scoring
2026-02-08,0.3797,0.496,0,up,"GPSJam 2026-02-08: 9954/2621587 aircraft with bad GPS [archive import: scored retroactively, not a live reading]",2026-02-08,scoring
2026-02-09,0.3285,-1.251,0,down,"GPSJam 2026-02-09: 8543/2600351 aircraft with bad GPS [archive import: scored retroactively, not a live reading]",2026-02-09,scoring
2026-02-10,0.3466,-0.622,0,down,"GPSJam 2026-02-10: 9861/2845258 aircraft with bad GPS [archive import: scored retroactively, not a live reading]",2026-02-10,scoring
2026-02-11,0.3646,-0.010,0,down,"GPSJam 2026-02-11: 10474/2872397 aircraft with bad GPS [archive import: scored retroactively, not a live reading]",2026-02-11,scoring
2026-02-12,0.3391,-0.877,0,down,"GPSJam 2026-02-12: 10586/3121444 aircraft with bad GPS [archive import: scored retroactively, not a live reading]",2026-02-12,scoring
2026-02-13,0.3551,-0.333,0,down,"GPSJam 2026-02-13: 11640/3277844 aircraft with bad GPS [archive import: scored retroactively, not a live reading]",2026-02-13,scoring
2026-02-14,0.333,-1.084,0,down,"GPSJam 2026-02-14: 10200/3062686 aircraft with bad GPS [archive import: scored retroactively, not a live reading]",2026-02-14,scoring
2026-02-15,0.3373,-0.945,0,down,"GPSJam 2026-02-15: 9989/2961523 aircraft with bad GPS [archive import: scored retroactively, not a live reading]",2026-02-15,scoring
2026-02-16,0.3325,-1.126,0,down,"GPSJam 2026-02-16: 10227/3076189 aircraft with bad GPS [archive import: scored retroactively, not a live reading]",2026-02-16,scoring
2026-02-17,0.361,-0.138,0,down,"GPSJam 2026-02-17: 10656/2951962 aircraft with bad GPS [archive import: scored retroactively, not a live reading]",2026-02-17,scoring
2026-02-18,0.333,-1.117,0,down,"GPSJam 2026-02-18: 9623/2889690 aircraft with bad GPS [archive import: scored retroactively, not a live reading]",2026-02-18,scoring
2026-02-19,0.3407,-0.847,0,down,"GPSJam 2026-02-19: 10250/3008209 aircraft with bad GPS [archive import: scored retroactively, not a live reading]",2026-02-19,scoring
2026-02-20,0.352,-0.452,0,down,"GPSJam 2026-02-20: 10912/3099939 aircraft with bad GPS [archive import: scored retroactively, not a live reading]",2026-02-20,scoring
2026-02-21,0.3492,-0.550,0,down,"GPSJam 2026-02-21: 10601/3036022 aircraft with bad GPS [archive import: scored retroactively, not a live reading]",2026-02-21,scoring
2026-02-22,0.366,0.047,0,up,"GPSJam 2026-02-22: 10910/2981208 aircraft with bad GPS [archive import: scored retroactively, not a live reading]",2026-02-22,scoring
2026-02-23,0.3833,0.673,0,up,"GPSJam 2026-02-23: 10525/2745545 aircraft with bad GPS [archive import: scored retroactively, not a live reading]",2026-02-23,scoring
2026-02-24,0.3668,0.078,0,up,"GPSJam 2026-02-24: 10218/2785731 aircraft with bad GPS [archive import: scored retroactively, not a live reading]",2026-02-24,scoring
2026-02-25,0.3706,0.204,0,up,"GPSJam 2026-02-25: 10737/2896814 aircraft with bad GPS [archive import: scored retroactively, not a live reading]",2026-02-25,scoring
2026-02-26,0.3367,-1.042,0,down,"GPSJam 2026-02-26: 10364/3078453 aircraft with bad GPS [archive import: scored retroactively, not a live reading]",2026-02-26,scoring
2026-02-27,0.3496,-0.561,0,down,"GPSJam 2026-02-27: 11109/3177346 aircraft with bad GPS [archive import: scored retroactively, not a live reading]",2026-02-27,scoring
2026-02-28,0.2506,-4.187,1,down,"GPSJam 2026-02-28: 1515/604655 aircraft with bad GPS [archive import: scored retroactively, not a live reading]",2026-02-28,scoring
2026-03-01,0.3661,0.045,0,up,"GPSJam 2026-03-01: 10450/2854400 aircraft with bad GPS [archive import: scored retroactively, not a live reading]",2026-03-01,scoring
2026-03-02,0.3656,0.011,0,up,"GPSJam 2026-03-02: 10336/2827120 aircraft with bad GPS [archive import: scored retroactively, not a live reading]",2026-03-02,scoring
2026-03-03,0.4128,1.705,0,up,"GPSJam 2026-03-03: 11105/2690018 aircraft with bad GPS [archive import: scored retroactively, not a live reading]",2026-03-03,scoring
2026-03-04,0.4117,1.607,0,up,"GPSJam 2026-03-04: 11326/2750898 aircraft with bad GPS [archive import: scored retroactively, not a live reading]",2026-03-04,scoring
2026-03-05,0.4135,1.637,0,up,"GPSJam 2026-03-05: 11925/2884002 aircraft with bad GPS [archive import: scored retroactively, not a live reading]",2026-03-05,scoring
2026-03-06,0.4285,2.102,0,up,"GPSJam 2026-03-06: 12673/2957377 aircraft with bad GPS [archive import: scored retroactively, not a live reading]",2026-03-06,scoring
2026-03-07,0.443,2.552,0,up,"GPSJam 2026-03-07: 12488/2819180 aircraft with bad GPS [archive import: scored retroactively, not a live reading]",2026-03-07,scoring
2026-03-08,0.4215,1.767,0,up,"GPSJam 2026-03-08: 12039/2856200 aircraft with bad GPS [archive import: scored retroactively, not a live reading]",2026-03-08,scoring
2026-03-09,0.4378,2.237,0,up,"GPSJam 2026-03-09: 12818/2927732 aircraft with bad GPS [archive import: scored retroactively, not a live reading]",2026-03-09,scoring
2026-03-10,0.4714,3.140,1,up,"GPSJam 2026-03-10: 13218/2803885 aircraft with bad GPS [archive import: scored retroactively, not a live reading]",2026-03-10,scoring
2026-03-11,0.4312,1.875,0,up,"GPSJam 2026-03-11: 12014/2786233 aircraft with bad GPS [archive import: scored retroactively, not a live reading]",2026-03-11,scoring
2026-03-12,0.4428,2.121,0,up,"GPSJam 2026-03-12: 12979/2931046 aircraft with bad GPS [archive import: scored retroactively, not a live reading]",2026-03-12,scoring
2026-03-13,0.4183,1.352,0,up,"GPSJam 2026-03-13: 12634/3020283 aircraft with bad GPS [archive import: scored retroactively, not a live reading]",2026-03-13,scoring
2026-03-14,0.4294,1.591,0,up,"GPSJam 2026-03-14: 12602/2934857 aircraft with bad GPS [archive import: scored retroactively, not a live reading]",2026-03-14,scoring
2026-03-15,0.4114,1.050,0,up,"GPSJam 2026-03-15: 11709/2846368 aircraft with bad GPS [archive import: scored retroactively, not a live reading]",2026-03-15,scoring
2026-03-16,0.408,0.934,0,up,"GPSJam 2026-03-16: 11148/2732396 aircraft with bad GPS [archive import: scored retroactively, not a live reading]",2026-03-16,scoring
2026-03-17,0.3881,0.365,0,up,"GPSJam 2026-03-17: 11040/2844925 aircraft with bad GPS [archive import: scored retroactively, not a live reading]",2026-03-17,scoring
2026-03-18,0.4206,1.209,0,up,"GPSJam 2026-03-18: 12345/2935408 aircraft with bad GPS [archive import: scored retroactively, not a live reading]",2026-03-18,scoring
2026-03-19,0.4517,2.011,0,up,"GPSJam 2026-03-19: 13804/3055877 aircraft with bad GPS [archive import: scored retroactively, not a live reading]",2026-03-19,scoring
2026-03-20,0.4313,1.429,0,up,"GPSJam 2026-03-20: 13407/3108851 aircraft with bad GPS [archive import: scored retroactively, not a live reading]",2026-03-20,scoring
2026-03-21,0.4064,0.754,0,up,"GPSJam 2026-03-21: 12164/2993470 aircraft with bad GPS [archive import: scored retroactively, not a live reading]",2026-03-21,scoring
2026-03-22,0.4432,1.652,0,up,"GPSJam 2026-03-22: 13521/3050506 aircraft with bad GPS [archive import: scored retroactively, not a live reading]",2026-03-22,scoring
2026-03-23,0.4004,0.524,0,up,"GPSJam 2026-03-23: 11998/2996716 aircraft with bad GPS [archive import: scored retroactively, not a live reading]",2026-03-23,scoring
2026-03-24,0.436,1.441,0,up,"GPSJam 2026-03-24: 12716/2916508 aircraft with bad GPS [archive import: scored retroactively, not a live reading]",2026-03-24,scoring
2026-03-25,0.4068,0.647,0,up,"GPSJam 2026-03-25: 12056/2963397 aircraft with bad GPS [archive import: scored retroactively, not a live reading]",2026-03-25,scoring
2026-03-26,0.417,0.851,0,up,"GPSJam 2026-03-26: 12887/3090090 aircraft with bad GPS [archive import: scored retroactively, not a live reading]",2026-03-26,scoring
2026-03-27,0.3802,-0.121,0,down,"GPSJam 2026-03-27: 12082/3177952 aircraft with bad GPS [archive import: scored retroactively, not a live reading]",2026-03-27,scoring
2026-03-28,0.4427,1.508,0,up,"GPSJam 2026-03-28: 13414/3030350 aircraft with bad GPS [archive import: scored retroactively, not a live reading]",2026-03-28,scoring
2026-03-29,0.3857,0.022,0,up,"GPSJam 2026-03-29: 11855/3073758 aircraft with bad GPS [archive import: scored retroactively, not a live reading]",2026-03-29,scoring
2026-03-30,0.4419,1.444,0,up,"GPSJam 2026-03-30: 13374/3026754 aircraft with bad GPS [archive import: scored retroactively, not a live reading]",2026-03-30,scoring
2026-03-31,0.4121,0.636,0,up,"GPSJam 2026-03-31: 12282/2980640 aircraft with bad GPS [archive import: scored retroactively, not a live reading]",2026-03-31,scoring
2026-04-01,0.432,1.131,0,up,"GPSJam 2026-04-01: 13109/3034617 aircraft with bad GPS [archive import: scored retroactively, not a live reading]",2026-04-01,scoring
2026-04-02,0.3947,0.158,0,up,"GPSJam 2026-04-02: 12382/3136681 aircraft with bad GPS [archive import: scored retroactively, not a live reading]",2026-04-02,scoring
2026-04-03,0.4185,0.748,0,up,"GPSJam 2026-04-03: 12996/3105720 aircraft with bad GPS [archive import: scored retroactively, not a live reading]",2026-04-03,scoring
2026-04-04,0.429,1.001,0,up,"GPSJam 2026-04-04: 12806/2985343 aircraft with bad GPS [archive import: scored retroactively, not a live reading]",2026-04-04,scoring
2026-04-05,0.4082,0.482,0,up,"GPSJam 2026-04-05: 11876/2909587 aircraft with bad GPS [archive import: scored retroactively, not a live reading]",2026-04-05,scoring
2026-04-06,0.4161,0.625,0,up,"GPSJam 2026-04-06: 13131/3156080 aircraft with bad GPS [archive import: scored retroactively, not a live reading]",2026-04-06,scoring
2026-04-07,0.4243,0.831,0,up,"GPSJam 2026-04-07: 12932/3048080 aircraft with bad GPS [archive import: scored retroactively, not a live reading]",2026-04-07,scoring
2026-04-08,0.4163,0.657,0,up,"GPSJam 2026-04-08: 12768/3066767 aircraft with bad GPS [archive import: scored retroactively, not a live reading]",2026-04-08,scoring
2026-04-09,0.392,0.031,0,up,"GPSJam 2026-04-09: 12389/3160650 aircraft with bad GPS [archive import: scored retroactively, not a live reading]",2026-04-09,scoring
2026-04-10,0.3803,-0.270,0,down,"GPSJam 2026-04-10: 12071/3174339 aircraft with bad GPS [archive import: scored retroactively, not a live reading]",2026-04-10,scoring
2026-04-11,0.3986,0.256,0,up,"GPSJam 2026-04-11: 12248/3073024 aircraft with bad GPS [archive import: scored retroactively, not a live reading]",2026-04-11,scoring
2026-04-12,0.3569,-0.839,0,down,"GPSJam 2026-04-12: 10999/3082065 aircraft with bad GPS [archive import: scored retroactively, not a live reading]",2026-04-12,scoring
2026-04-13,0.388,-0.024,0,down,"GPSJam 2026-04-13: 11895/3065678 aircraft with bad GPS [archive import: scored retroactively, not a live reading]",2026-04-13,scoring
2026-04-14,0.3987,0.258,0,up,"GPSJam 2026-04-14: 11881/2979654 aircraft with bad GPS [archive import: scored retroactively, not a live reading]",2026-04-14,scoring
2026-04-16,0.418,0.722,0,up,"GPSJam 2026-04-16: 13058/3123833 aircraft with bad GPS [archive import: scored retroactively, not a live reading]",2026-04-16,scoring
2026-04-17,0.47,2.050,0,up,"GPSJam 2026-04-17: 14944/3179519 aircraft with bad GPS [archive import: scored retroactively, not a live reading]",2026-04-17,scoring
2026-04-18,0.4199,0.682,0,up,"GPSJam 2026-04-18: 12540/2986237 aircraft with bad GPS [archive import: scored retroactively, not a live reading]",2026-04-18,scoring
2026-04-19,0.37,-0.634,0,down,"GPSJam 2026-04-19: 11310/3057027 aircraft with bad GPS [archive import: scored retroactively, not a live reading]",2026-04-19,scoring
2026-04-20,0.3372,-1.492,0,down,"GPSJam 2026-04-20: 10373/3076244 aircraft with bad GPS [archive import: scored retroactively, not a live reading]",2026-04-20,scoring
2026-04-21,0.4663,1.872,0,up,"GPSJam 2026-04-21: 14051/3013337 aircraft with bad GPS [archive import: scored retroactively, not a live reading]",2026-04-21,scoring
2026-04-22,0.3875,-0.176,0,down,"GPSJam 2026-04-22: 11759/3034256 aircraft with bad GPS [archive import: scored retroactively, not a live reading]",2026-04-22,scoring
2026-04-23,0.3564,-0.931,0,down,"GPSJam 2026-04-23: 11329/3178506 aircraft with bad GPS [archive import: scored retroactively, not a live reading]",2026-04-23,scoring
2026-04-24,0.3762,-0.429,0,down,"GPSJam 2026-04-24: 12073/3208874 aircraft with bad GPS [archive import: scored retroactively, not a live reading]",2026-04-24,scoring
2026-04-25,0.444,1.272,0,up,"GPSJam 2026-04-25: 13103/2951074 aircraft with bad GPS [archive import: scored retroactively, not a live reading]",2026-04-25,scoring
2026-04-26,0.3871,-0.182,0,down,"GPSJam 2026-04-26: 11829/3056032 aircraft with bad GPS [archive import: scored retroactively, not a live reading]",2026-04-26,scoring
2026-04-27,0.3667,-0.664,0,down,"GPSJam 2026-04-27: 11251/3068100 aircraft with bad GPS [archive import: scored retroactively, not a live reading]",2026-04-27,scoring
2026-04-28,0.458,1.633,0,up,"GPSJam 2026-04-28: 13821/3017608 aircraft with bad GPS [archive import: scored retroactively, not a live reading]",2026-04-28,scoring
2026-04-29,0.455,1.507,0,up,"GPSJam 2026-04-29: 13936/3062880 aircraft with bad GPS [archive import: scored retroactively, not a live reading]",2026-04-29,scoring
2026-04-30,0.3967,0.054,0,up,"GPSJam 2026-04-30: 12956/3266068 aircraft with bad GPS [archive import: scored retroactively, not a live reading]",2026-04-30,scoring
2026-05-01,0.3684,-0.660,0,down,"GPSJam 2026-05-01: 11965/3247947 aircraft with bad GPS [archive import: scored retroactively, not a live reading]",2026-05-01,scoring
2026-05-02,0.4324,0.892,0,up,"GPSJam 2026-05-02: 12881/2979092 aircraft with bad GPS [archive import: scored retroactively, not a live reading]",2026-05-02,scoring
2026-05-03,0.423,0.660,0,up,"GPSJam 2026-05-03: 13185/3117125 aircraft with bad GPS [archive import: scored retroactively, not a live reading]",2026-05-03,scoring
2026-05-04,0.3578,-0.926,0,down,"GPSJam 2026-05-04: 11122/3108685 aircraft with bad GPS [archive import: scored retroactively, not a live reading]",2026-05-04,scoring
2026-05-05,0.4024,0.163,0,up,"GPSJam 2026-05-05: 12110/3009267 aircraft with bad GPS [archive import: scored retroactively, not a live reading]",2026-05-05,scoring
2026-05-06,0.4455,1.169,0,up,"GPSJam 2026-05-06: 13441/3017221 aircraft with bad GPS [archive import: scored retroactively, not a live reading]",2026-05-06,scoring
2026-05-07,0.399,0.009,0,up,"GPSJam 2026-05-07: 12553/3145894 aircraft with bad GPS [archive import: scored retroactively, not a live reading]",2026-05-07,scoring
2026-05-08,0.3983,-0.014,0,down,"GPSJam 2026-05-08: 12674/3181660 aircraft with bad GPS [archive import: scored retroactively, not a live reading]",2026-05-08,scoring
2026-05-09,0.4612,1.539,0,up,"GPSJam 2026-05-09: 11801/2558569 aircraft with bad GPS [archive import: scored retroactively, not a live reading]",2026-05-09,scoring
2026-05-10,0.4258,0.638,0,up,"GPSJam 2026-05-10: 12626/2965466 aircraft with bad GPS [archive import: scored retroactively, not a live reading]",2026-05-10,scoring
2026-05-11,0.4276,0.643,0,up,"GPSJam 2026-05-11: 13108/3065385 aircraft with bad GPS [archive import: scored retroactively, not a live reading]",2026-05-11,scoring
2026-05-12,0.4644,1.505,0,up,"GPSJam 2026-05-12: 13943/3002520 aircraft with bad GPS [archive import: scored retroactively, not a live reading]",2026-05-12,scoring
2026-05-13,0.4882,2.036,0,up,"GPSJam 2026-05-13: 14854/3042419 aircraft with bad GPS [archive import: scored retroactively, not a live reading]",2026-05-13,scoring
2026-05-14,0.4137,0.155,0,up,"GPSJam 2026-05-14: 13138/3175998 aircraft with bad GPS [archive import: scored retroactively, not a live reading]",2026-05-14,scoring
2026-05-15,0.4353,0.682,0,up,"GPSJam 2026-05-15: 13994/3214458 aircraft with bad GPS [archive import: scored retroactively, not a live reading]",2026-05-15,scoring
2026-05-16,0.4641,1.377,0,up,"GPSJam 2026-05-16: 14059/3029096 aircraft with bad GPS [archive import: scored retroactively, not a live reading]",2026-05-16,scoring
2026-05-17,0.4113,-0.006,0,down,"GPSJam 2026-05-17: 12758/3101725 aircraft with bad GPS [archive import: scored retroactively, not a live reading]",2026-05-17,scoring
2026-05-18,0.4182,0.172,0,up,"GPSJam 2026-05-18: 12981/3103836 aircraft with bad GPS [archive import: scored retroactively, not a live reading]",2026-05-18,scoring
2026-05-19,0.4599,1.279,0,up,"GPSJam 2026-05-19: 13974/3038656 aircraft with bad GPS [archive import: scored retroactively, not a live reading]",2026-05-19,scoring
2026-05-20,0.4045,-0.212,0,down,"GPSJam 2026-05-20: 12430/3073008 aircraft with bad GPS [archive import: scored retroactively, not a live reading]",2026-05-20,scoring
2026-05-21,0.4338,0.586,0,up,"GPSJam 2026-05-21: 13999/3226713 aircraft with bad GPS [archive import: scored retroactively, not a live reading]",2026-05-21,scoring
2026-05-22,0.4409,0.775,0,up,"GPSJam 2026-05-22: 14491/3287021 aircraft with bad GPS [archive import: scored retroactively, not a live reading]",2026-05-22,scoring
2026-05-23,0.4866,2.063,0,up,"GPSJam 2026-05-23: 14800/3041365 aircraft with bad GPS [archive import: scored retroactively, not a live reading]",2026-05-23,scoring
2026-05-24,0.5168,2.862,0,up,"GPSJam 2026-05-24: 15233/2947357 aircraft with bad GPS [archive import: scored retroactively, not a live reading]",2026-05-24,scoring
2026-05-25,0.5182,2.814,0,up,"GPSJam 2026-05-25: 15954/3078616 aircraft with bad GPS [archive import: scored retroactively, not a live reading]",2026-05-25,scoring
2026-05-26,0.517,2.721,0,up,"GPSJam 2026-05-26: 15939/3082838 aircraft with bad GPS [archive import: scored retroactively, not a live reading]",2026-05-26,scoring
2026-05-27,0.4262,0.233,0,up,"GPSJam 2026-05-27: 13143/3083597 aircraft with bad GPS [archive import: scored retroactively, not a live reading]",2026-05-27,scoring
2026-05-28,0.4447,0.730,0,up,"GPSJam 2026-05-28: 14324/3221156 aircraft with bad GPS [archive import: scored retroactively, not a live reading]",2026-05-28,scoring
2026-05-29,0.4108,-0.211,0,down,"GPSJam 2026-05-29: 13368/3254310 aircraft with bad GPS [archive import: scored retroactively, not a live reading]",2026-05-29,scoring
2026-05-30,0.4554,1.082,0,up,"GPSJam 2026-05-30: 14074/3090798 aircraft with bad GPS [archive import: scored retroactively, not a live reading]",2026-05-30,scoring
2026-05-31,0.4529,1.031,0,up,"GPSJam 2026-05-31: 14433/3186474 aircraft with bad GPS [archive import: scored retroactively, not a live reading]",2026-05-31,scoring
2026-06-01,0.436,0.505,0,up,"GPSJam 2026-06-01: 13900/3187926 aircraft with bad GPS [archive import: scored retroactively, not a live reading]",2026-06-01,scoring
2026-06-02,0.4451,0.762,0,up,"GPSJam 2026-06-02: 13872/3116514 aircraft with bad GPS [archive import: scored retroactively, not a live reading]",2026-06-02,scoring
2026-06-03,0.5228,3.099,1,up,"GPSJam 2026-06-03: 16469/3150245 aircraft with bad GPS [archive import: scored retroactively, not a live reading]",2026-06-03,scoring
2026-06-04,0.5272,3.077,1,up,"GPSJam 2026-06-04: 17371/3295182 aircraft with bad GPS [archive import: scored retroactively, not a live reading]",2026-06-04,scoring
2026-06-05,0.5305,3.038,1,up,"GPSJam 2026-06-05: 17408/3281727 aircraft with bad GPS [archive import: scored retroactively, not a live reading]",2026-06-05,scoring
2026-06-06,0.4739,1.378,0,up,"GPSJam 2026-06-06: 14826/3128521 aircraft with bad GPS [archive import: scored retroactively, not a live reading]",2026-06-06,scoring
2026-06-07,0.4291,0.146,0,up,"GPSJam 2026-06-07: 13693/3190933 aircraft with bad GPS [archive import: scored retroactively, not a live reading]",2026-06-07,scoring
2026-06-08,0.5337,2.912,0,up,"GPSJam 2026-06-08: 17044/3193437 aircraft with bad GPS [archive import: scored retroactively, not a live reading]",2026-06-08,scoring
2026-06-09,0.4424,0.457,0,up,"GPSJam 2026-06-09: 13965/3156947 aircraft with bad GPS [archive import: scored retroactively, not a live reading]",2026-06-09,scoring
2026-06-10,0.458,0.883,0,up,"GPSJam 2026-06-10: 14600/3188115 aircraft with bad GPS [archive import: scored retroactively, not a live reading]",2026-06-10,scoring
2026-06-11,0.4581,0.876,0,up,"GPSJam 2026-06-11: 15259/3331118 aircraft with bad GPS [archive import: scored retroactively, not a live reading]",2026-06-11,scoring
2026-06-12,0.4352,0.267,0,up,"GPSJam 2026-06-12: 14621/3359322 aircraft with bad GPS [archive import: scored retroactively, not a live reading]",2026-06-12,scoring
2026-06-13,0.409,-0.445,0,down,"GPSJam 2026-06-13: 13206/3228732 aircraft with bad GPS [archive import: scored retroactively, not a live reading]",2026-06-13,scoring
2026-06-14,0.4351,0.262,0,up,"GPSJam 2026-06-14: 14184/3259645 aircraft with bad GPS [archive import: scored retroactively, not a live reading]",2026-06-14,scoring
2026-06-15,0.353,-1.902,0,down,"GPSJam 2026-06-15: 11620/3292066 aircraft with bad GPS [archive import: scored retroactively, not a live reading]",2026-06-15,scoring
2026-06-16,0.3827,-1.110,0,down,"GPSJam 2026-06-16: 12440/3250482 aircraft with bad GPS [archive import: scored retroactively, not a live reading]",2026-06-16,scoring
2026-06-17,0.482,1.428,0,up,"GPSJam 2026-06-17: 15861/3290940 aircraft with bad GPS [archive import: scored retroactively, not a live reading]",2026-06-17,scoring
2026-06-18,0.5192,2.291,0,up,"GPSJam 2026-06-18: 17527/3376033 aircraft with bad GPS [archive import: scored retroactively, not a live reading]",2026-06-18,scoring
2026-06-19,0.5131,2.117,0,up,"GPSJam 2026-06-19: 17347/3380655 aircraft with bad GPS [archive import: scored retroactively, not a live reading]",2026-06-19,scoring
2026-06-20,0.4764,1.185,0,up,"GPSJam 2026-06-20: 15661/3287497 aircraft with bad GPS [archive import: scored retroactively, not a live reading]",2026-06-20,scoring
2026-06-22,0.4254,-0.069,0,down,GPSJam 2026-06-21: 14157/3328209 aircraft with bad GPS,2026-06-21,scoring
2026-06-23,0.4254,,0,,GPSJam 2026-06-21: 14157/3328209 aircraft with bad GPS [stale: observation already recorded],2026-06-21,stale
2026-06-24,0.47,1.026,0,up,GPSJam 2026-06-22: 15774/3355985 aircraft with bad GPS,2026-06-22,scoring
2026-06-25,0.4919,1.499,0,up,GPSJam 2026-06-23: 16405/3334988 aircraft with bad GPS,2026-06-23,scoring
2026-06-26,0.415,-0.300,0,down,GPSJam 2026-06-24: 14080/3392552 aircraft with bad GPS,2026-06-24,scoring
2026-06-27,0.3688,-1.355,0,down,GPSJam 2026-06-25: 12821/3476714 aircraft with bad GPS,2026-06-25,scoring
2026-06-28,0.3753,-1.178,0,down,GPSJam 2026-06-26: 13224/3523605 aircraft with bad GPS,2026-06-26,scoring
2026-06-29,0.3635,-1.434,0,down,GPSJam 2026-06-27: 12132/3337453 aircraft with bad GPS,2026-06-27,scoring
2026-06-30,0.3396,-1.896,0,down,GPSJam 2026-06-28: 11550/3401262 aircraft with bad GPS,2026-06-28,scoring
2026-07-01,0.4074,-0.418,0,down,GPSJam 2026-06-29: 13726/3369127 aircraft with bad GPS,2026-06-29,scoring
2026-07-02,0.3677,-1.249,0,down,GPSJam 2026-06-30: 12410/3374996 aircraft with bad GPS,2026-06-30,scoring
2026-07-03,0.438,0.252,0,up,GPSJam 2026-07-01: 15175/3464326 aircraft with bad GPS,2026-07-01,scoring
2026-07-04,0.5107,1.782,0,up,GPSJam 2026-07-02: 17816/3488305 aircraft with bad GPS,2026-07-02,scoring
2026-07-05,0.5073,1.661,0,up,GPSJam 2026-07-03: 17157/3382344 aircraft with bad GPS,2026-07-03,scoring
2026-07-06,0.5706,2.877,0,up,GPSJam 2026-07-04: 17897/3136385 aircraft with bad GPS,2026-07-04,scoring
2026-07-07,0.5183,1.751,0,up,GPSJam 2026-07-05: 17074/3294541 aircraft with bad GPS,2026-07-05,scoring
2026-07-08,0.4717,0.784,0,up,GPSJam 2026-07-06: 16070/3407045 aircraft with bad GPS,2026-07-06,scoring
2026-07-09,0.5855,2.871,0,up,GPSJam 2026-07-07: 20053/3425155 aircraft with bad GPS,2026-07-07,scoring
2026-07-10,0.5313,1.747,0,up,GPSJam 2026-07-09: 18396/3462724 aircraft with bad GPS,2026-07-09,scoring
2026-07-11,0.5313,,0,,GPSJam 2026-07-09: 18396/3462724 aircraft with bad GPS [stale: observation already recorded],2026-07-09,stale
2026-07-12,0.4746,0.701,0,up,GPSJam 2026-07-10: 16707/3520306 aircraft with bad GPS,2026-07-10,scoring
2026-07-13,0.5171,1.443,0,up,GPSJam 2026-07-11: 17363/3357733 aircraft with bad GPS,2026-07-11,scoring
2026-07-14,0.4802,0.783,0,up,GPSJam 2026-07-12: 16506/3437282 aircraft with bad GPS,2026-07-12,scoring
2026-07-15,0.4559,0.331,0,up,GPSJam 2026-07-13: 15694/3442275 aircraft with bad GPS,2026-07-13,scoring
2026-07-16,0.4755,0.643,0,up,GPSJam 2026-07-14: 16234/3414061 aircraft with bad GPS,2026-07-14,scoring
2026-07-17,0.4892,0.848,0,up,GPSJam 2026-07-15: 17008/3477023 aircraft with bad GPS,2026-07-15,scoring
2026-07-18,0.4523,0.162,0,up,GPSJam 2026-07-16: 16048/3548139 aircraft with bad GPS,2026-07-16,scoring
2026-07-19,0.5461,1.815,0,up,GPSJam 2026-07-17: 19318/3537600 aircraft with bad GPS,2026-07-17,scoring
2026-07-20,0.5413,1.697,0,up,GPSJam 2026-07-18: 18145/3351887 aircraft with bad GPS,2026-07-18,scoring
2026-07-21,0.5647,2.051,0,up,GPSJam 2026-07-19: 19129/3387280 aircraft with bad GPS,2026-07-19,scoring
2026-07-22,0.4668,0.364,0,up,GPSJam 2026-07-20: 10528/2255172 aircraft with bad GPS,2026-07-20,scoring
2026-07-23,0.508,1.031,0,up,GPSJam 2026-07-21: 16940/3334925 aircraft with bad GPS,2026-07-21,scoring
2026-07-24,0.502,0.916,0,up,GPSJam 2026-07-22: 17223/3430555 aircraft with bad GPS,2026-07-22,scoring
2026-07-25,0.4718,0.331,0,up,GPSJam 2026-07-23: 16844/3570301 aircraft with bad GPS,2026-07-23,scoring
2026-07-26,0.4866,0.574,0,up,GPSJam 2026-07-24: 17282/3551875 aircraft with bad GPS,2026-07-24,scoring
2026-07-27,0.4737,0.327,0,up,GPSJam 2026-07-25: 16138/3407000 aircraft with bad GPS,2026-07-25,scoring
2026-07-28,0.4802,0.431,0,up,GPSJam 2026-07-26: 16643/3465537 aircraft with bad GPS,2026-07-26,scoring
2026-07-29,0.4802,,0,,GPSJam 2026-07-26: 16643/3465537 aircraft with bad GPS [stale: observation already recorded],2026-07-26,stale
2026-07-30,0.4802,,0,,GPSJam 2026-07-26: 16643/3465537 aircraft with bad GPS [sampled 23:01:53Z] [stale: observation already recorded],2026-07-26,stale
2026-07-31,0.4649,0.141,0,up,GPSJam 2026-07-29: 16096/3461980 aircraft with bad GPS [sampled 23:12:16Z],2026-07-29,scoring
2026-08-01,0.4761,0.330,0,up,GPSJam 2026-07-30: 16926/3555436 aircraft with bad GPS [sampled 23:06:45Z],2026-07-30,scoring
2026-08-02,0.5021,0.795,0,up,GPSJam 2026-07-31: 17976/3580474 aircraft with bad GPS [sampled 22:58:33Z],2026-07-31,scoring
2026-08-03,0.5953,2.431,0,up,GPSJam 2026-08-01: 20527/3448134 aircraft with bad GPS [sampled 22:59:39Z],2026-08-01,scoring
2026-08-04,0.4468,-0.242,0,down,GPSJam 2026-08-03: 15350/3435821 aircraft with bad GPS [sampled 00:53:16Z],2026-08-03,scoring
2026-08-05,0.4468,,0,,GPSJam 2026-08-03: 15350/3435821 aircraft with bad GPS [sampled 23:07:04Z] [stale: observation already recorded],2026-08-03,stale
2026-08-06,0.4583,-0.041,0,down,GPSJam 2026-08-04: 15840/3455961 aircraft with bad GPS [sampled 23:05:21Z],2026-08-04,scoring
2026-08-07,0.5082,0.870,0,up,GPSJam 2026-08-06: 17792/3501098 aircraft with bad GPS [sampled 01:30:53Z],2026-08-06,scoring
2026-08-08,0.5082,,0,,GPSJam 2026-08-06: 17792/3501098 aircraft with bad GPS [sampled 22:41:40Z] [stale: observation already recorded],2026-08-06,stale
2026-08-09,0.4623,-0.006,0,down,GPSJam 2026-08-07: 16261/3517429 aircraft with bad GPS [sampled 22:34:21Z],2026-08-07,scoring
2026-08-10,0.4066,-1.066,0,down,GPSJam 2026-08-08: 13708/3371605 aircraft with bad GPS [sampled 22:35:50Z],2026-08-08,scoring
2026-08-11,0.4945,0.592,0,up,GPSJam 2026-08-09: 16852/3407605 aircraft with bad GPS [sampled 22:42:25Z],2026-08-09,scoring
2026-08-12,0.4787,0.272,0,up,GPSJam 2026-08-10: 16423/3431004 aircraft with bad GPS [sampled 22:49:26Z],2026-08-10,scoring
2026-08-13,0.4743,0.186,0,up,GPSJam 2026-08-11: 16182/3411533 aircraft with bad GPS [sampled 22:47:15Z],2026-08-11,scoring
2026-08-14,0.4787,0.252,0,up,GPSJam 2026-08-12: 16466/3439739 aircraft with bad GPS [sampled 22:49:22Z],2026-08-12,scoring
2026-08-15,0.4336,-0.683,0,down,GPSJam 2026-08-13: 15259/3518856 aircraft with bad GPS [sampled 22:28:09Z],2026-08-13,scoring
2026-08-16,0.4406,-0.546,0,down,GPSJam 2026-08-14: 15681/3558740 aircraft with bad GPS [sampled 22:26:40Z],2026-08-14,scoring
2026-08-17,0.4347,-0.661,0,down,GPSJam 2026-08-15: 14724/3387057 aircraft with bad GPS [sampled 22:26:30Z],2026-08-15,scoring
2026-08-18,0.4993,0.601,0,up,GPSJam 2026-08-16: 17030/3410881 aircraft with bad GPS [sampled 22:28:59Z],2026-08-16,scoring
2026-08-19,0.5035,0.683,0,up,GPSJam 2026-08-17: 17424/3460421 aircraft with bad GPS [sampled 22:28:29Z],2026-08-17,scoring
2026-08-20,0.4544,-0.323,0,down,GPSJam 2026-08-18: 15430/3395745 aircraft with bad GPS [sampled 22:28:49Z],2026-08-18,scoring
2026-08-21,0.4752,0.086,0,up,GPSJam 2026-08-19: 16056/3378953 aircraft with bad GPS [sampled 22:32:20Z],2026-08-19,scoring
2026-08-22,0.4501,-0.427,0,down,GPSJam 2026-08-20: 15517/3447688 aircraft with bad GPS [sampled 22:29:41Z],2026-08-20,scoring
2026-08-23,0.5112,0.794,0,up,GPSJam 2026-08-21: 17970/3515137 aircraft with bad GPS [sampled 22:26:35Z],2026-08-21,scoring
2026-08-24,0.5533,1.622,0,up,GPSJam 2026-08-22: 18384/3322527 aircraft with bad GPS [sampled 22:26:37Z],2026-08-22,scoring
2026-08-25,0.4572,-0.326,0,down,GPSJam 2026-08-23: 11399/2493177 aircraft with bad GPS [sampled 22:31:18Z],2026-08-23,scoring
2026-08-26,0.4853,0.232,0,up,GPSJam 2026-08-24: 16611/3422618 aircraft with bad GPS [sampled 22:31:53Z],2026-08-24,scoring
2026-08-27,0.4929,0.382,0,up,GPSJam 2026-08-26: 16580/3364099 aircraft with bad GPS [sampled 02:48:04Z],2026-08-26,scoring
2026-08-28,0.4155,-1.202,0,down,GPSJam 2026-08-27: 14330/3448848 aircraft with bad GPS [sampled 05:54:28Z],2026-08-27,scoring
2026-08-29,0.4104,-1.282,0,down,GPSJam 2026-08-28: 14429/3515583 aircraft with bad GPS [sampled 03:27:00Z],2026-08-28,scoring
2026-08-30,0.4104,,0,,GPSJam 2026-08-28: 14429/3515583 aircraft with bad GPS [sampled 23:50:34Z] [stale: observation already recorded],2026-08-28,stale
