date,raw_value,z_score,trembling,direction,source_note,obs_date,status
2022-02-09,0.916,-0.840,0,down,"IODA bgp worst-of route visibility 0.9160 of normal, driven by SY (daily-min ÷ 28d median), across 153/153 countries (settled UTC day 2022-02-09) [archive import: scored retroactively, not a live reading]",2022-02-09,scoring
2022-02-10,0.916,-0.840,0,down,"IODA bgp worst-of route visibility 0.9160 of normal, driven by SY (daily-min ÷ 28d median), across 153/153 countries (settled UTC day 2022-02-10) [archive import: scored retroactively, not a live reading]",2022-02-10,scoring
2022-02-11,0.9481,-0.519,0,down,"IODA bgp worst-of route visibility 0.9481 of normal, driven by NP (daily-min ÷ 28d median), across 153/153 countries (settled UTC day 2022-02-11) [archive import: scored retroactively, not a live reading]",2022-02-11,scoring
2022-02-12,0.9303,-0.697,0,down,"IODA bgp worst-of route visibility 0.9303 of normal, driven by VE (daily-min ÷ 28d median), across 153/153 countries (settled UTC day 2022-02-12) [archive import: scored retroactively, not a live reading]",2022-02-12,scoring
2022-02-13,0.8712,-1.288,0,down,"IODA bgp worst-of route visibility 0.8712 of normal, driven by GA (daily-min ÷ 28d median), across 153/153 countries (settled UTC day 2022-02-13) [archive import: scored retroactively, not a live reading]",2022-02-13,scoring
2022-02-14,0.9614,-0.386,0,down,"IODA bgp worst-of route visibility 0.9614 of normal, driven by BJ (daily-min ÷ 28d median), across 153/153 countries (settled UTC day 2022-02-14) [archive import: scored retroactively, not a live reading]",2022-02-14,scoring
2022-02-15,0.8276,-1.724,0,down,"IODA bgp worst-of route visibility 0.8276 of normal, driven by PY (daily-min ÷ 28d median), across 153/153 countries (settled UTC day 2022-02-15) [archive import: scored retroactively, not a live reading]",2022-02-15,scoring
2022-02-16,0.8277,-1.723,0,down,"IODA bgp worst-of route visibility 0.8277 of normal, driven by PY (daily-min ÷ 28d median), across 153/153 countries (settled UTC day 2022-02-16) [archive import: scored retroactively, not a live reading]",2022-02-16,scoring
2022-02-17,0.9511,-0.489,0,down,"IODA bgp worst-of route visibility 0.9511 of normal, driven by VE (daily-min ÷ 28d median), across 153/153 countries (settled UTC day 2022-02-17) [archive import: scored retroactively, not a live reading]",2022-02-17,scoring
2022-02-18,0.9706,-0.294,0,down,"IODA bgp worst-of route visibility 0.9706 of normal, driven by ID (daily-min ÷ 28d median), across 153/153 countries (settled UTC day 2022-02-18) [archive import: scored retroactively, not a live reading]",2022-02-18,scoring
2022-02-19,0.963,-0.370,0,down,"IODA bgp worst-of route visibility 0.9630 of normal, driven by YE (daily-min ÷ 28d median), across 153/153 countries (settled UTC day 2022-02-19) [archive import: scored retroactively, not a live reading]",2022-02-19,scoring
2022-02-20,0.9632,-0.368,0,down,"IODA bgp worst-of route visibility 0.9632 of normal, driven by AF (daily-min ÷ 28d median), across 153/153 countries (settled UTC day 2022-02-20) [archive import: scored retroactively, not a live reading]",2022-02-20,scoring
2022-02-21,0.9708,-0.292,0,down,"IODA bgp worst-of route visibility 0.9708 of normal, driven by ID (daily-min ÷ 28d median), across 153/153 countries (settled UTC day 2022-02-21) [archive import: scored retroactively, not a live reading]",2022-02-21,scoring
2022-02-22,0.9168,-0.832,0,down,"IODA bgp worst-of route visibility 0.9168 of normal, driven by MO (daily-min ÷ 28d median), across 153/153 countries (settled UTC day 2022-02-22) [archive import: scored retroactively, not a live reading]",2022-02-22,scoring
2022-02-23,0.953,-0.470,0,down,"IODA bgp worst-of route visibility 0.9530 of normal, driven by VE (daily-min ÷ 28d median), across 153/153 countries (settled UTC day 2022-02-23) [archive import: scored retroactively, not a live reading]",2022-02-23,scoring
2022-02-24,0.9445,-0.555,0,down,"IODA bgp worst-of route visibility 0.9445 of normal, driven by VE (daily-min ÷ 28d median), across 153/153 countries (settled UTC day 2022-02-24) [archive import: scored retroactively, not a live reading]",2022-02-24,scoring
2022-02-25,0.8552,-1.448,0,down,"IODA bgp worst-of route visibility 0.8552 of normal, driven by ET (daily-min ÷ 28d median), across 153/153 countries (settled UTC day 2022-02-25) [archive import: scored retroactively, not a live reading]",2022-02-25,scoring
2022-02-26,0.7091,-2.909,0,down,"IODA bgp worst-of route visibility 0.7091 of normal, driven by HT (daily-min ÷ 28d median), across 153/153 countries (settled UTC day 2022-02-26) [archive import: scored retroactively, not a live reading]",2022-02-26,scoring
2022-02-27,0.9105,-0.895,0,down,"IODA bgp worst-of route visibility 0.9105 of normal, driven by GA (daily-min ÷ 28d median), across 153/153 countries (settled UTC day 2022-02-27) [archive import: scored retroactively, not a live reading]",2022-02-27,scoring
2022-02-28,0.7669,-2.331,0,down,"IODA bgp worst-of route visibility 0.7669 of normal, driven by HT (daily-min ÷ 28d median), across 153/153 countries (settled UTC day 2022-02-28) [archive import: scored retroactively, not a live reading]",2022-02-28,scoring
2022-03-01,0.8981,-1.019,0,down,"IODA bgp worst-of route visibility 0.8981 of normal, driven by US (daily-min ÷ 28d median), across 153/153 countries (settled UTC day 2022-03-01) [archive import: scored retroactively, not a live reading]",2022-03-01,scoring
2022-03-02,0.9617,-0.383,0,down,"IODA bgp worst-of route visibility 0.9617 of normal, driven by SN (daily-min ÷ 28d median), across 153/153 countries (settled UTC day 2022-03-02) [archive import: scored retroactively, not a live reading]",2022-03-02,scoring
2022-03-03,0.9547,-0.453,0,down,"IODA bgp worst-of route visibility 0.9547 of normal, driven by VE (daily-min ÷ 28d median), across 153/153 countries (settled UTC day 2022-03-03) [archive import: scored retroactively, not a live reading]",2022-03-03,scoring
2022-03-04,0.8677,-1.323,0,down,"IODA bgp worst-of route visibility 0.8677 of normal, driven by IR (daily-min ÷ 28d median), across 153/153 countries (settled UTC day 2022-03-04) [archive import: scored retroactively, not a live reading]",2022-03-04,scoring
2022-03-05,0.8989,-1.011,0,down,"IODA bgp worst-of route visibility 0.8989 of normal, driven by GH (daily-min ÷ 28d median), across 153/153 countries (settled UTC day 2022-03-05) [archive import: scored retroactively, not a live reading]",2022-03-05,scoring
2022-03-06,0.8994,-1.006,0,down,"IODA bgp worst-of route visibility 0.8994 of normal, driven by GH (daily-min ÷ 28d median), across 153/153 countries (settled UTC day 2022-03-06) [archive import: scored retroactively, not a live reading]",2022-03-06,scoring
2022-03-07,0.8983,-1.017,0,down,"IODA bgp worst-of route visibility 0.8983 of normal, driven by GH (daily-min ÷ 28d median), across 153/153 countries (settled UTC day 2022-03-07) [archive import: scored retroactively, not a live reading]",2022-03-07,scoring
2022-03-08,0.8994,-1.006,0,down,"IODA bgp worst-of route visibility 0.8994 of normal, driven by GH (daily-min ÷ 28d median), across 153/153 countries (settled UTC day 2022-03-08) [archive import: scored retroactively, not a live reading]",2022-03-08,scoring
2022-03-09,0.9458,-0.542,0,down,"IODA bgp worst-of route visibility 0.9458 of normal, driven by NC (daily-min ÷ 28d median), across 153/153 countries (settled UTC day 2022-03-09) [archive import: scored retroactively, not a live reading]",2022-03-09,scoring
2022-03-10,0.5818,-4.182,1,down,"IODA bgp worst-of route visibility 0.5818 of normal, driven by BN (daily-min ÷ 28d median), across 153/153 countries (settled UTC day 2022-03-10) [archive import: scored retroactively, not a live reading]",2022-03-10,scoring
2022-03-11,0.9365,-0.635,0,down,"IODA bgp worst-of route visibility 0.9365 of normal, driven by PS (daily-min ÷ 28d median), across 153/153 countries (settled UTC day 2022-03-11) [archive import: scored retroactively, not a live reading]",2022-03-11,scoring
2022-03-12,0.9365,-0.635,0,down,"IODA bgp worst-of route visibility 0.9365 of normal, driven by PS (daily-min ÷ 28d median), across 153/153 countries (settled UTC day 2022-03-12) [archive import: scored retroactively, not a live reading]",2022-03-12,scoring
2022-03-13,0.9156,-0.844,0,down,"IODA bgp worst-of route visibility 0.9156 of normal, driven by PS (daily-min ÷ 28d median), across 153/153 countries (settled UTC day 2022-03-13) [archive import: scored retroactively, not a live reading]",2022-03-13,scoring
2022-03-14,0.9192,-0.808,0,down,"IODA bgp worst-of route visibility 0.9192 of normal, driven by ME (daily-min ÷ 28d median), across 153/153 countries (settled UTC day 2022-03-14) [archive import: scored retroactively, not a live reading]",2022-03-14,scoring
2022-03-15,0.7955,-2.045,0,down,"IODA bgp worst-of route visibility 0.7955 of normal, driven by YE (daily-min ÷ 28d median), across 153/153 countries (settled UTC day 2022-03-15) [archive import: scored retroactively, not a live reading]",2022-03-15,scoring
2022-03-16,0.882,-1.180,0,down,"IODA bgp worst-of route visibility 0.8820 of normal, driven by GU (daily-min ÷ 28d median), across 153/153 countries (settled UTC day 2022-03-16) [archive import: scored retroactively, not a live reading]",2022-03-16,scoring
2022-03-17,0.9312,-0.688,0,down,"IODA bgp worst-of route visibility 0.9312 of normal, driven by SC (daily-min ÷ 28d median), across 153/153 countries (settled UTC day 2022-03-17) [archive import: scored retroactively, not a live reading]",2022-03-17,scoring
2022-03-18,0.8974,-1.026,0,down,"IODA bgp worst-of route visibility 0.8974 of normal, driven by SC (daily-min ÷ 28d median), across 153/153 countries (settled UTC day 2022-03-18) [archive import: scored retroactively, not a live reading]",2022-03-18,scoring
2022-03-19,0.8328,-1.672,0,down,"IODA bgp worst-of route visibility 0.8328 of normal, driven by GA (daily-min ÷ 28d median), across 153/153 countries (settled UTC day 2022-03-19) [archive import: scored retroactively, not a live reading]",2022-03-19,scoring
2022-03-20,0.7354,-2.646,0,down,"IODA bgp worst-of route visibility 0.7354 of normal, driven by BJ (daily-min ÷ 28d median), across 153/153 countries (settled UTC day 2022-03-20) [archive import: scored retroactively, not a live reading]",2022-03-20,scoring
2022-03-21,0.9369,-0.631,0,down,"IODA bgp worst-of route visibility 0.9369 of normal, driven by KW (daily-min ÷ 28d median), across 153/153 countries (settled UTC day 2022-03-21) [archive import: scored retroactively, not a live reading]",2022-03-21,scoring
2022-03-22,0.9212,-0.788,0,down,"IODA bgp worst-of route visibility 0.9212 of normal, driven by AF (daily-min ÷ 28d median), across 153/153 countries (settled UTC day 2022-03-22) [archive import: scored retroactively, not a live reading]",2022-03-22,scoring
2022-03-23,0.8586,-1.414,0,down,"IODA bgp worst-of route visibility 0.8586 of normal, driven by BO (daily-min ÷ 28d median), across 153/153 countries (settled UTC day 2022-03-23) [archive import: scored retroactively, not a live reading]",2022-03-23,scoring
2022-03-24,0.9585,-0.415,0,down,"IODA bgp worst-of route visibility 0.9585 of normal, driven by BJ (daily-min ÷ 28d median), across 153/153 countries (settled UTC day 2022-03-24) [archive import: scored retroactively, not a live reading]",2022-03-24,scoring
2022-03-25,0.907,-0.930,0,down,"IODA bgp worst-of route visibility 0.9070 of normal, driven by BJ (daily-min ÷ 28d median), across 153/153 countries (settled UTC day 2022-03-25) [archive import: scored retroactively, not a live reading]",2022-03-25,scoring
2022-03-26,0.9603,-0.397,0,down,"IODA bgp worst-of route visibility 0.9603 of normal, driven by AO (daily-min ÷ 28d median), across 153/153 countries (settled UTC day 2022-03-26) [archive import: scored retroactively, not a live reading]",2022-03-26,scoring
2022-03-27,0.9698,-0.302,0,down,"IODA bgp worst-of route visibility 0.9698 of normal, driven by CM (daily-min ÷ 28d median), across 153/153 countries (settled UTC day 2022-03-27) [archive import: scored retroactively, not a live reading]",2022-03-27,scoring
2022-03-28,0.9634,-0.366,0,down,"IODA bgp worst-of route visibility 0.9634 of normal, driven by SC (daily-min ÷ 28d median), across 153/153 countries (settled UTC day 2022-03-28) [archive import: scored retroactively, not a live reading]",2022-03-28,scoring
2022-03-29,0.9153,-0.847,0,down,"IODA bgp worst-of route visibility 0.9153 of normal, driven by LB (daily-min ÷ 28d median), across 153/153 countries (settled UTC day 2022-03-29) [archive import: scored retroactively, not a live reading]",2022-03-29,scoring
2022-03-30,0.8608,-1.392,0,down,"IODA bgp worst-of route visibility 0.8608 of normal, driven by AF (daily-min ÷ 28d median), across 153/153 countries (settled UTC day 2022-03-30) [archive import: scored retroactively, not a live reading]",2022-03-30,scoring
2022-03-31,0.9296,-0.704,0,down,"IODA bgp worst-of route visibility 0.9296 of normal, driven by YE (daily-min ÷ 28d median), across 153/153 countries (settled UTC day 2022-03-31) [archive import: scored retroactively, not a live reading]",2022-03-31,scoring
2022-04-01,0.9577,-0.423,0,down,"IODA bgp worst-of route visibility 0.9577 of normal, driven by NG (daily-min ÷ 28d median), across 153/153 countries (settled UTC day 2022-04-01) [archive import: scored retroactively, not a live reading]",2022-04-01,scoring
2022-04-02,0.9562,-0.438,0,down,"IODA bgp worst-of route visibility 0.9562 of normal, driven by AM (daily-min ÷ 28d median), across 153/153 countries (settled UTC day 2022-04-02) [archive import: scored retroactively, not a live reading]",2022-04-02,scoring
2022-04-03,0.8993,-1.007,0,down,"IODA bgp worst-of route visibility 0.8993 of normal, driven by GH (daily-min ÷ 28d median), across 153/153 countries (settled UTC day 2022-04-03) [archive import: scored retroactively, not a live reading]",2022-04-03,scoring
2022-04-04,0.893,-1.070,0,down,"IODA bgp worst-of route visibility 0.8930 of normal, driven by AF (daily-min ÷ 28d median), across 153/153 countries (settled UTC day 2022-04-04) [archive import: scored retroactively, not a live reading]",2022-04-04,scoring
2022-04-05,0.9619,-0.381,0,down,"IODA bgp worst-of route visibility 0.9619 of normal, driven by MT (daily-min ÷ 28d median), across 153/153 countries (settled UTC day 2022-04-05) [archive import: scored retroactively, not a live reading]",2022-04-05,scoring
2022-04-06,0.8718,-1.282,0,down,"IODA bgp worst-of route visibility 0.8718 of normal, driven by LS (daily-min ÷ 28d median), across 153/153 countries (settled UTC day 2022-04-06) [archive import: scored retroactively, not a live reading]",2022-04-06,scoring
2022-04-07,0.9383,-0.617,0,down,"IODA bgp worst-of route visibility 0.9383 of normal, driven by TZ (daily-min ÷ 28d median), across 153/153 countries (settled UTC day 2022-04-07) [archive import: scored retroactively, not a live reading]",2022-04-07,scoring
2022-04-08,0.9619,-0.381,0,down,"IODA bgp worst-of route visibility 0.9619 of normal, driven by MT (daily-min ÷ 28d median), across 153/153 countries (settled UTC day 2022-04-08) [archive import: scored retroactively, not a live reading]",2022-04-08,scoring
2022-04-09,0.9503,-0.497,0,down,"IODA bgp worst-of route visibility 0.9503 of normal, driven by VE (daily-min ÷ 28d median), across 153/153 countries (settled UTC day 2022-04-09) [archive import: scored retroactively, not a live reading]",2022-04-09,scoring
2022-04-10,0.9505,-0.495,0,down,"IODA bgp worst-of route visibility 0.9505 of normal, driven by NG (daily-min ÷ 28d median), across 153/153 countries (settled UTC day 2022-04-10) [archive import: scored retroactively, not a live reading]",2022-04-10,scoring
2022-04-11,0.9505,-0.495,0,down,"IODA bgp worst-of route visibility 0.9505 of normal, driven by NG (daily-min ÷ 28d median), across 153/153 countries (settled UTC day 2022-04-11) [archive import: scored retroactively, not a live reading]",2022-04-11,scoring
2022-04-12,0.9602,-0.398,0,down,"IODA bgp worst-of route visibility 0.9602 of normal, driven by BW (daily-min ÷ 28d median), across 153/153 countries (settled UTC day 2022-04-12) [archive import: scored retroactively, not a live reading]",2022-04-12,scoring
2022-04-13,0.8398,-1.602,0,down,"IODA bgp worst-of route visibility 0.8398 of normal, driven by BJ (daily-min ÷ 28d median), across 153/153 countries (settled UTC day 2022-04-13) [archive import: scored retroactively, not a live reading]",2022-04-13,scoring
2022-04-14,0.9652,-0.348,0,down,"IODA bgp worst-of route visibility 0.9652 of normal, driven by PK (daily-min ÷ 28d median), across 153/153 countries (settled UTC day 2022-04-14) [archive import: scored retroactively, not a live reading]",2022-04-14,scoring
2022-04-15,0.9609,-0.391,0,down,"IODA bgp worst-of route visibility 0.9609 of normal, driven by NG (daily-min ÷ 28d median), across 153/153 countries (settled UTC day 2022-04-15) [archive import: scored retroactively, not a live reading]",2022-04-15,scoring
2022-04-16,0.8699,-1.301,0,down,"IODA bgp worst-of route visibility 0.8699 of normal, driven by ZM (daily-min ÷ 28d median), across 153/153 countries (settled UTC day 2022-04-16) [archive import: scored retroactively, not a live reading]",2022-04-16,scoring
2022-04-17,0.943,-0.570,0,down,"IODA bgp worst-of route visibility 0.9430 of normal, driven by VE (daily-min ÷ 28d median), across 153/153 countries (settled UTC day 2022-04-17) [archive import: scored retroactively, not a live reading]",2022-04-17,scoring
2022-04-18,0.9579,-0.421,0,down,"IODA bgp worst-of route visibility 0.9579 of normal, driven by MW (daily-min ÷ 28d median), across 153/153 countries (settled UTC day 2022-04-18) [archive import: scored retroactively, not a live reading]",2022-04-18,scoring
2022-04-19,0.6705,-3.295,1,down,"IODA bgp worst-of route visibility 0.6705 of normal, driven by CM (daily-min ÷ 28d median), across 153/153 countries (settled UTC day 2022-04-19) [archive import: scored retroactively, not a live reading]",2022-04-19,scoring
2022-04-20,0.9408,-0.592,0,down,"IODA bgp worst-of route visibility 0.9408 of normal, driven by TZ (daily-min ÷ 28d median), across 153/153 countries (settled UTC day 2022-04-20) [archive import: scored retroactively, not a live reading]",2022-04-20,scoring
2022-04-21,0.9372,-0.628,0,down,"IODA bgp worst-of route visibility 0.9372 of normal, driven by TZ (daily-min ÷ 28d median), across 153/153 countries (settled UTC day 2022-04-21) [archive import: scored retroactively, not a live reading]",2022-04-21,scoring
2022-04-22,0.8998,-1.002,0,down,"IODA bgp worst-of route visibility 0.8998 of normal, driven by GH (daily-min ÷ 28d median), across 153/153 countries (settled UTC day 2022-04-22) [archive import: scored retroactively, not a live reading]",2022-04-22,scoring
2022-04-23,0.8913,-1.087,0,down,"IODA bgp worst-of route visibility 0.8913 of normal, driven by JM (daily-min ÷ 28d median), across 153/153 countries (settled UTC day 2022-04-23) [archive import: scored retroactively, not a live reading]",2022-04-23,scoring
2022-04-24,0.9427,-0.573,0,down,"IODA bgp worst-of route visibility 0.9427 of normal, driven by TZ (daily-min ÷ 28d median), across 153/153 countries (settled UTC day 2022-04-24) [archive import: scored retroactively, not a live reading]",2022-04-24,scoring
2022-04-25,0.941,-0.590,0,down,"IODA bgp worst-of route visibility 0.9410 of normal, driven by TZ (daily-min ÷ 28d median), across 153/153 countries (settled UTC day 2022-04-25) [archive import: scored retroactively, not a live reading]",2022-04-25,scoring
2022-04-26,0.9428,-0.572,0,down,"IODA bgp worst-of route visibility 0.9428 of normal, driven by TZ (daily-min ÷ 28d median), across 153/153 countries (settled UTC day 2022-04-26) [archive import: scored retroactively, not a live reading]",2022-04-26,scoring
2022-04-27,0.8996,-1.004,0,down,"IODA bgp worst-of route visibility 0.8996 of normal, driven by GH (daily-min ÷ 28d median), across 153/153 countries (settled UTC day 2022-04-27) [archive import: scored retroactively, not a live reading]",2022-04-27,scoring
2022-04-28,0.9369,-0.631,0,down,"IODA bgp worst-of route visibility 0.9369 of normal, driven by TZ (daily-min ÷ 28d median), across 153/153 countries (settled UTC day 2022-04-28) [archive import: scored retroactively, not a live reading]",2022-04-28,scoring
2022-04-29,0.9429,-0.571,0,down,"IODA bgp worst-of route visibility 0.9429 of normal, driven by TZ (daily-min ÷ 28d median), across 153/153 countries (settled UTC day 2022-04-29) [archive import: scored retroactively, not a live reading]",2022-04-29,scoring
2022-04-30,0.7696,-2.304,0,down,"IODA bgp worst-of route visibility 0.7696 of normal, driven by MW (daily-min ÷ 28d median), across 153/153 countries (settled UTC day 2022-04-30) [archive import: scored retroactively, not a live reading]",2022-04-30,scoring
2022-05-01,0.9013,-0.987,0,down,"IODA bgp worst-of route visibility 0.9013 of normal, driven by CU (daily-min ÷ 28d median), across 153/153 countries (settled UTC day 2022-05-01) [archive import: scored retroactively, not a live reading]",2022-05-01,scoring
2022-05-02,0.9258,-0.742,0,down,"IODA bgp worst-of route visibility 0.9258 of normal, driven by BJ (daily-min ÷ 28d median), across 153/153 countries (settled UTC day 2022-05-02) [archive import: scored retroactively, not a live reading]",2022-05-02,scoring
2022-05-03,0.9705,-0.295,0,down,"IODA bgp worst-of route visibility 0.9705 of normal, driven by TZ (daily-min ÷ 28d median), across 153/153 countries (settled UTC day 2022-05-03) [archive import: scored retroactively, not a live reading]",2022-05-03,scoring
2022-05-04,0.9661,-0.339,0,down,"IODA bgp worst-of route visibility 0.9661 of normal, driven by NG (daily-min ÷ 28d median), across 153/153 countries (settled UTC day 2022-05-04) [archive import: scored retroactively, not a live reading]",2022-05-04,scoring
2022-05-05,0.939,-0.610,0,down,"IODA bgp worst-of route visibility 0.9390 of normal, driven by NG (daily-min ÷ 28d median), across 153/153 countries (settled UTC day 2022-05-05) [archive import: scored retroactively, not a live reading]",2022-05-05,scoring
2022-05-06,0.5988,-4.012,1,down,"IODA bgp worst-of route visibility 0.5988 of normal, driven by CI (daily-min ÷ 28d median), across 153/153 countries (settled UTC day 2022-05-06) [archive import: scored retroactively, not a live reading]",2022-05-06,scoring
2022-05-07,0.5619,-4.381,1,down,"IODA bgp worst-of route visibility 0.5619 of normal, driven by VI (daily-min ÷ 28d median), across 153/153 countries (settled UTC day 2022-05-07) [archive import: scored retroactively, not a live reading]",2022-05-07,scoring
2022-05-08,0.561,-4.390,1,down,"IODA bgp worst-of route visibility 0.5610 of normal, driven by VI (daily-min ÷ 28d median), across 153/153 countries (settled UTC day 2022-05-08) [archive import: scored retroactively, not a live reading]",2022-05-08,scoring
2022-05-09,0.9676,-0.324,0,down,"IODA bgp worst-of route visibility 0.9676 of normal, driven by NG (daily-min ÷ 28d median), across 153/153 countries (settled UTC day 2022-05-09) [archive import: scored retroactively, not a live reading]",2022-05-09,scoring
2022-05-10,0.9814,-0.186,0,down,"IODA bgp worst-of route visibility 0.9814 of normal, driven by NG (daily-min ÷ 28d median), across 153/153 countries (settled UTC day 2022-05-10) [archive import: scored retroactively, not a live reading]",2022-05-10,scoring
2022-05-11,0.899,-1.010,0,down,"IODA bgp worst-of route visibility 0.8990 of normal, driven by GH (daily-min ÷ 28d median), across 153/153 countries (settled UTC day 2022-05-11) [archive import: scored retroactively, not a live reading]",2022-05-11,scoring
2022-05-12,0.972,-0.280,0,down,"IODA bgp worst-of route visibility 0.9720 of normal, driven by NG (daily-min ÷ 28d median), across 153/153 countries (settled UTC day 2022-05-12) [archive import: scored retroactively, not a live reading]",2022-05-12,scoring
2022-05-13,0.9583,-0.417,0,down,"IODA bgp worst-of route visibility 0.9583 of normal, driven by RW (daily-min ÷ 28d median), across 153/153 countries (settled UTC day 2022-05-13) [archive import: scored retroactively, not a live reading]",2022-05-13,scoring
2022-05-14,0.943,-0.570,0,down,"IODA bgp worst-of route visibility 0.9430 of normal, driven by YE (daily-min ÷ 28d median), across 153/153 countries (settled UTC day 2022-05-14) [archive import: scored retroactively, not a live reading]",2022-05-14,scoring
2022-05-15,0.9603,-0.397,0,down,"IODA bgp worst-of route visibility 0.9603 of normal, driven by RW (daily-min ÷ 28d median), across 153/153 countries (settled UTC day 2022-05-15) [archive import: scored retroactively, not a live reading]",2022-05-15,scoring
2022-05-16,0.943,-0.570,0,down,"IODA bgp worst-of route visibility 0.9430 of normal, driven by YE (daily-min ÷ 28d median), across 153/153 countries (settled UTC day 2022-05-16) [archive import: scored retroactively, not a live reading]",2022-05-16,scoring
2022-05-17,0.8988,-1.012,0,down,"IODA bgp worst-of route visibility 0.8988 of normal, driven by GH (daily-min ÷ 28d median), across 153/153 countries (settled UTC day 2022-05-17) [archive import: scored retroactively, not a live reading]",2022-05-17,scoring
2022-05-18,0.9603,-0.397,0,down,"IODA bgp worst-of route visibility 0.9603 of normal, driven by RW (daily-min ÷ 28d median), across 153/153 countries (settled UTC day 2022-05-18) [archive import: scored retroactively, not a live reading]",2022-05-18,scoring
2022-05-19,0.9603,-0.397,0,down,"IODA bgp worst-of route visibility 0.9603 of normal, driven by RW (daily-min ÷ 28d median), across 153/153 countries (settled UTC day 2022-05-19) [archive import: scored retroactively, not a live reading]",2022-05-19,scoring
2022-05-20,0.8927,-1.073,0,down,"IODA bgp worst-of route visibility 0.8927 of normal, driven by GH (daily-min ÷ 28d median), across 153/153 countries (settled UTC day 2022-05-20) [archive import: scored retroactively, not a live reading]",2022-05-20,scoring
2022-05-21,0.9144,-0.856,0,down,"IODA bgp worst-of route visibility 0.9144 of normal, driven by BF (daily-min ÷ 28d median), across 153/153 countries (settled UTC day 2022-05-21) [archive import: scored retroactively, not a live reading]",2022-05-21,scoring
2022-05-22,0.8577,-1.423,0,down,"IODA bgp worst-of route visibility 0.8577 of normal, driven by CM (daily-min ÷ 28d median), across 153/153 countries (settled UTC day 2022-05-22) [archive import: scored retroactively, not a live reading]",2022-05-22,scoring
2022-05-23,0.8936,-1.064,0,down,"IODA bgp worst-of route visibility 0.8936 of normal, driven by GH (daily-min ÷ 28d median), across 153/153 countries (settled UTC day 2022-05-23) [archive import: scored retroactively, not a live reading]",2022-05-23,scoring
2022-05-24,0.9603,-0.397,0,down,"IODA bgp worst-of route visibility 0.9603 of normal, driven by RW (daily-min ÷ 28d median), across 153/153 countries (settled UTC day 2022-05-24) [archive import: scored retroactively, not a live reading]",2022-05-24,scoring
2022-05-25,0.7411,-2.589,0,down,"IODA bgp worst-of route visibility 0.7411 of normal, driven by FJ (daily-min ÷ 28d median), across 153/153 countries (settled UTC day 2022-05-25) [archive import: scored retroactively, not a live reading]",2022-05-25,scoring
2022-05-26,0.9153,-0.847,0,down,"IODA bgp worst-of route visibility 0.9153 of normal, driven by IR (daily-min ÷ 28d median), across 153/153 countries (settled UTC day 2022-05-26) [archive import: scored retroactively, not a live reading]",2022-05-26,scoring
2022-05-27,0.9242,-0.758,0,down,"IODA bgp worst-of route visibility 0.9242 of normal, driven by HN (daily-min ÷ 28d median), across 153/153 countries (settled UTC day 2022-05-27) [archive import: scored retroactively, not a live reading]",2022-05-27,scoring
2022-05-28,0.9536,-0.464,0,down,"IODA bgp worst-of route visibility 0.9536 of normal, driven by NG (daily-min ÷ 28d median), across 153/153 countries (settled UTC day 2022-05-28) [archive import: scored retroactively, not a live reading]",2022-05-28,scoring
2022-05-29,0.9707,-0.293,0,down,"IODA bgp worst-of route visibility 0.9707 of normal, driven by ET (daily-min ÷ 28d median), across 153/153 countries (settled UTC day 2022-05-29) [archive import: scored retroactively, not a live reading]",2022-05-29,scoring
2022-05-30,0.0313,-9.687,1,down,"IODA bgp worst-of route visibility 0.0313 of normal, driven by SY (daily-min ÷ 28d median), across 153/153 countries (settled UTC day 2022-05-30) [archive import: scored retroactively, not a live reading]",2022-05-30,scoring
2022-05-31,0.9659,-0.341,0,down,"IODA bgp worst-of route visibility 0.9659 of normal, driven by VE (daily-min ÷ 28d median), across 153/153 countries (settled UTC day 2022-05-31) [archive import: scored retroactively, not a live reading]",2022-05-31,scoring
2022-06-01,0.9646,-0.354,0,down,"IODA bgp worst-of route visibility 0.9646 of normal, driven by RE (daily-min ÷ 28d median), across 153/153 countries (settled UTC day 2022-06-01) [archive import: scored retroactively, not a live reading]",2022-06-01,scoring
2022-06-02,0.0554,-9.446,1,down,"IODA bgp worst-of route visibility 0.0554 of normal, driven by SY (daily-min ÷ 28d median), across 153/153 countries (settled UTC day 2022-06-02) [archive import: scored retroactively, not a live reading]",2022-06-02,scoring
2022-06-03,0.9105,-0.895,0,down,"IODA bgp worst-of route visibility 0.9105 of normal, driven by GH (daily-min ÷ 28d median), across 153/153 countries (settled UTC day 2022-06-03) [archive import: scored retroactively, not a live reading]",2022-06-03,scoring
2022-06-04,0.8444,-1.556,0,down,"IODA bgp worst-of route visibility 0.8444 of normal, driven by AF (daily-min ÷ 28d median), across 153/153 countries (settled UTC day 2022-06-04) [archive import: scored retroactively, not a live reading]",2022-06-04,scoring
2022-06-05,0.9526,-0.474,0,down,"IODA bgp worst-of route visibility 0.9526 of normal, driven by NG (daily-min ÷ 28d median), across 153/153 countries (settled UTC day 2022-06-05) [archive import: scored retroactively, not a live reading]",2022-06-05,scoring
2022-06-06,0.0385,-9.615,1,down,"IODA bgp worst-of route visibility 0.0385 of normal, driven by SY (daily-min ÷ 28d median), across 153/153 countries (settled UTC day 2022-06-06) [archive import: scored retroactively, not a live reading]",2022-06-06,scoring
2022-06-07,0.7252,-2.748,0,down,"IODA bgp worst-of route visibility 0.7252 of normal, driven by ET (daily-min ÷ 28d median), across 153/153 countries (settled UTC day 2022-06-07) [archive import: scored retroactively, not a live reading]",2022-06-07,scoring
2022-06-08,0.836,-1.640,0,down,"IODA bgp worst-of route visibility 0.8360 of normal, driven by NI (daily-min ÷ 28d median), across 153/153 countries (settled UTC day 2022-06-08) [archive import: scored retroactively, not a live reading]",2022-06-08,scoring
2022-06-09,0.8366,-1.634,0,down,"IODA bgp worst-of route visibility 0.8366 of normal, driven by NI (daily-min ÷ 28d median), across 153/153 countries (settled UTC day 2022-06-09) [archive import: scored retroactively, not a live reading]",2022-06-09,scoring
2022-06-10,0.8364,-1.636,0,down,"IODA bgp worst-of route visibility 0.8364 of normal, driven by NI (daily-min ÷ 28d median), across 153/153 countries (settled UTC day 2022-06-10) [archive import: scored retroactively, not a live reading]",2022-06-10,scoring
2022-06-11,0.8366,-1.634,0,down,"IODA bgp worst-of route visibility 0.8366 of normal, driven by NI (daily-min ÷ 28d median), across 153/153 countries (settled UTC day 2022-06-11) [archive import: scored retroactively, not a live reading]",2022-06-11,scoring
2022-06-12,0.0385,-9.615,1,down,"IODA bgp worst-of route visibility 0.0385 of normal, driven by SY (daily-min ÷ 28d median), across 153/153 countries (settled UTC day 2022-06-12) [archive import: scored retroactively, not a live reading]",2022-06-12,scoring
2022-06-13,0.836,-1.640,0,down,"IODA bgp worst-of route visibility 0.8360 of normal, driven by NI (daily-min ÷ 28d median), across 153/153 countries (settled UTC day 2022-06-13) [archive import: scored retroactively, not a live reading]",2022-06-13,scoring
2022-06-14,0.827,-1.730,0,down,"IODA bgp worst-of route visibility 0.8270 of normal, driven by HN (daily-min ÷ 28d median), across 153/153 countries (settled UTC day 2022-06-14) [archive import: scored retroactively, not a live reading]",2022-06-14,scoring
2022-06-15,0.8365,-1.635,0,down,"IODA bgp worst-of route visibility 0.8365 of normal, driven by NI (daily-min ÷ 28d median), across 153/153 countries (settled UTC day 2022-06-15) [archive import: scored retroactively, not a live reading]",2022-06-15,scoring
2022-06-16,0.836,-1.640,0,down,"IODA bgp worst-of route visibility 0.8360 of normal, driven by NI (daily-min ÷ 28d median), across 153/153 countries (settled UTC day 2022-06-16) [archive import: scored retroactively, not a live reading]",2022-06-16,scoring
2022-06-17,0.836,-1.640,0,down,"IODA bgp worst-of route visibility 0.8360 of normal, driven by NI (daily-min ÷ 28d median), across 153/153 countries (settled UTC day 2022-06-17) [archive import: scored retroactively, not a live reading]",2022-06-17,scoring
2022-06-18,0.8216,-1.784,0,down,"IODA bgp worst-of route visibility 0.8216 of normal, driven by RW (daily-min ÷ 28d median), across 153/153 countries (settled UTC day 2022-06-18) [archive import: scored retroactively, not a live reading]",2022-06-18,scoring
2022-06-19,0.8369,-1.631,0,down,"IODA bgp worst-of route visibility 0.8369 of normal, driven by NI (daily-min ÷ 28d median), across 153/153 countries (settled UTC day 2022-06-19) [archive import: scored retroactively, not a live reading]",2022-06-19,scoring
2022-06-20,0.9114,-0.886,0,down,"IODA bgp worst-of route visibility 0.9114 of normal, driven by NI (daily-min ÷ 28d median), across 153/153 countries (settled UTC day 2022-06-20) [archive import: scored retroactively, not a live reading]",2022-06-20,scoring
2022-06-21,0.9793,-0.207,0,down,"IODA bgp worst-of route visibility 0.9793 of normal, driven by RW (daily-min ÷ 28d median), across 153/153 countries (settled UTC day 2022-06-21) [archive import: scored retroactively, not a live reading]",2022-06-21,scoring
2022-06-22,0.8689,-1.311,0,down,"IODA bgp worst-of route visibility 0.8689 of normal, driven by ID (daily-min ÷ 28d median), across 153/153 countries (settled UTC day 2022-06-22) [archive import: scored retroactively, not a live reading]",2022-06-22,scoring
2022-06-23,0.8275,-1.725,0,down,"IODA bgp worst-of route visibility 0.8275 of normal, driven by HN (daily-min ÷ 28d median), across 153/153 countries (settled UTC day 2022-06-23) [archive import: scored retroactively, not a live reading]",2022-06-23,scoring
2022-06-24,0.9551,-0.449,0,down,"IODA bgp worst-of route visibility 0.9551 of normal, driven by UG (daily-min ÷ 28d median), across 153/153 countries (settled UTC day 2022-06-24) [archive import: scored retroactively, not a live reading]",2022-06-24,scoring
2022-06-25,0.828,-1.720,0,down,"IODA bgp worst-of route visibility 0.8280 of normal, driven by HT (daily-min ÷ 28d median), across 153/153 countries (settled UTC day 2022-06-25) [archive import: scored retroactively, not a live reading]",2022-06-25,scoring
2022-06-26,0.9555,-0.445,0,down,"IODA bgp worst-of route visibility 0.9555 of normal, driven by UG (daily-min ÷ 28d median), across 153/153 countries (settled UTC day 2022-06-26) [archive import: scored retroactively, not a live reading]",2022-06-26,scoring
2022-06-27,0.7935,-2.065,0,down,"IODA bgp worst-of route visibility 0.7935 of normal, driven by HT (daily-min ÷ 28d median), across 153/153 countries (settled UTC day 2022-06-27) [archive import: scored retroactively, not a live reading]",2022-06-27,scoring
2022-06-28,0.9271,-0.729,0,down,"IODA bgp worst-of route visibility 0.9271 of normal, driven by AO (daily-min ÷ 28d median), across 153/153 countries (settled UTC day 2022-06-28) [archive import: scored retroactively, not a live reading]",2022-06-28,scoring
2022-06-29,0.9103,-0.897,0,down,"IODA bgp worst-of route visibility 0.9103 of normal, driven by ET (daily-min ÷ 28d median), across 153/153 countries (settled UTC day 2022-06-29) [archive import: scored retroactively, not a live reading]",2022-06-29,scoring
2022-06-30,0.9333,-0.667,0,down,"IODA bgp worst-of route visibility 0.9333 of normal, driven by AO (daily-min ÷ 28d median), across 153/153 countries (settled UTC day 2022-06-30) [archive import: scored retroactively, not a live reading]",2022-06-30,scoring
2022-07-01,0.9598,-0.402,0,down,"IODA bgp worst-of route visibility 0.9598 of normal, driven by VE (daily-min ÷ 28d median), across 153/153 countries (settled UTC day 2022-07-01) [archive import: scored retroactively, not a live reading]",2022-07-01,scoring
2022-07-02,0.8849,-1.151,0,down,"IODA bgp worst-of route visibility 0.8849 of normal, driven by BO (daily-min ÷ 28d median), across 153/153 countries (settled UTC day 2022-07-02) [archive import: scored retroactively, not a live reading]",2022-07-02,scoring
2022-07-03,0.9472,-0.528,0,down,"IODA bgp worst-of route visibility 0.9472 of normal, driven by NG (daily-min ÷ 28d median), across 153/153 countries (settled UTC day 2022-07-03) [archive import: scored retroactively, not a live reading]",2022-07-03,scoring
2022-07-04,0.9417,-0.583,0,down,"IODA bgp worst-of route visibility 0.9417 of normal, driven by IQ (daily-min ÷ 28d median), across 153/153 countries (settled UTC day 2022-07-04) [archive import: scored retroactively, not a live reading]",2022-07-04,scoring
2022-07-05,0.8585,-1.415,0,down,"IODA bgp worst-of route visibility 0.8585 of normal, driven by YE (daily-min ÷ 28d median), across 153/153 countries (settled UTC day 2022-07-05) [archive import: scored retroactively, not a live reading]",2022-07-05,scoring
2022-07-06,0.8254,-1.746,0,down,"IODA bgp worst-of route visibility 0.8254 of normal, driven by HN (daily-min ÷ 28d median), across 153/153 countries (settled UTC day 2022-07-06) [archive import: scored retroactively, not a live reading]",2022-07-06,scoring
2022-07-07,0.9439,-0.561,0,down,"IODA bgp worst-of route visibility 0.9439 of normal, driven by IQ (daily-min ÷ 28d median), across 153/153 countries (settled UTC day 2022-07-07) [archive import: scored retroactively, not a live reading]",2022-07-07,scoring
2022-07-08,0.8779,-1.221,0,down,"IODA bgp worst-of route visibility 0.8779 of normal, driven by GA (daily-min ÷ 28d median), across 153/153 countries (settled UTC day 2022-07-08) [archive import: scored retroactively, not a live reading]",2022-07-08,scoring
2022-07-09,0.9374,-0.626,0,down,"IODA bgp worst-of route visibility 0.9374 of normal, driven by SY (daily-min ÷ 28d median), across 153/153 countries (settled UTC day 2022-07-09) [archive import: scored retroactively, not a live reading]",2022-07-09,scoring
2022-07-10,0.8759,-1.241,0,down,"IODA bgp worst-of route visibility 0.8759 of normal, driven by AF (daily-min ÷ 28d median), across 153/153 countries (settled UTC day 2022-07-10) [archive import: scored retroactively, not a live reading]",2022-07-10,scoring
2022-07-11,0.8763,-1.237,0,down,"IODA bgp worst-of route visibility 0.8763 of normal, driven by ID (daily-min ÷ 28d median), across 153/153 countries (settled UTC day 2022-07-11) [archive import: scored retroactively, not a live reading]",2022-07-11,scoring
2022-07-12,0.9552,-0.448,0,down,"IODA bgp worst-of route visibility 0.9552 of normal, driven by IQ (daily-min ÷ 28d median), across 153/153 countries (settled UTC day 2022-07-12) [archive import: scored retroactively, not a live reading]",2022-07-12,scoring
2022-07-13,0.9179,-0.821,0,down,"IODA bgp worst-of route visibility 0.9179 of normal, driven by VE (daily-min ÷ 28d median), across 153/153 countries (settled UTC day 2022-07-13) [archive import: scored retroactively, not a live reading]",2022-07-13,scoring
2022-07-14,0.946,-0.540,0,down,"IODA bgp worst-of route visibility 0.9460 of normal, driven by IQ (daily-min ÷ 28d median), across 153/153 countries (settled UTC day 2022-07-14) [archive import: scored retroactively, not a live reading]",2022-07-14,scoring
2022-07-15,0.9244,-0.756,0,down,"IODA bgp worst-of route visibility 0.9244 of normal, driven by NG (daily-min ÷ 28d median), across 153/153 countries (settled UTC day 2022-07-15) [archive import: scored retroactively, not a live reading]",2022-07-15,scoring
2022-07-16,0.9043,-0.957,0,down,"IODA bgp worst-of route visibility 0.9043 of normal, driven by GH (daily-min ÷ 28d median), across 153/153 countries (settled UTC day 2022-07-16) [archive import: scored retroactively, not a live reading]",2022-07-16,scoring
2022-07-17,0.9349,-0.651,0,down,"IODA bgp worst-of route visibility 0.9349 of normal, driven by NG (daily-min ÷ 28d median), across 153/153 countries (settled UTC day 2022-07-17) [archive import: scored retroactively, not a live reading]",2022-07-17,scoring
2022-07-18,0.9473,-0.527,0,down,"IODA bgp worst-of route visibility 0.9473 of normal, driven by NG (daily-min ÷ 28d median), across 153/153 countries (settled UTC day 2022-07-18) [archive import: scored retroactively, not a live reading]",2022-07-18,scoring
2022-07-19,0.9565,-0.435,0,down,"IODA bgp worst-of route visibility 0.9565 of normal, driven by NG (daily-min ÷ 28d median), across 153/153 countries (settled UTC day 2022-07-19) [archive import: scored retroactively, not a live reading]",2022-07-19,scoring
2022-07-20,0.9466,-0.534,0,down,"IODA bgp worst-of route visibility 0.9466 of normal, driven by NG (daily-min ÷ 28d median), across 153/153 countries (settled UTC day 2022-07-20) [archive import: scored retroactively, not a live reading]",2022-07-20,scoring
2022-07-21,0.9197,-0.803,0,down,"IODA bgp worst-of route visibility 0.9197 of normal, driven by ET (daily-min ÷ 28d median), across 153/153 countries (settled UTC day 2022-07-21) [archive import: scored retroactively, not a live reading]",2022-07-21,scoring
2022-07-22,0.8504,-1.496,0,down,"IODA bgp worst-of route visibility 0.8504 of normal, driven by AF (daily-min ÷ 28d median), across 153/153 countries (settled UTC day 2022-07-22) [archive import: scored retroactively, not a live reading]",2022-07-22,scoring
2022-07-23,0.9221,-0.779,0,down,"IODA bgp worst-of route visibility 0.9221 of normal, driven by NG (daily-min ÷ 28d median), across 153/153 countries (settled UTC day 2022-07-23) [archive import: scored retroactively, not a live reading]",2022-07-23,scoring
2022-07-24,0.9639,-0.361,0,down,"IODA bgp worst-of route visibility 0.9639 of normal, driven by NG (daily-min ÷ 28d median), across 153/153 countries (settled UTC day 2022-07-24) [archive import: scored retroactively, not a live reading]",2022-07-24,scoring
2022-07-25,0.8737,-1.263,0,down,"IODA bgp worst-of route visibility 0.8737 of normal, driven by AF (daily-min ÷ 28d median), across 153/153 countries (settled UTC day 2022-07-25) [archive import: scored retroactively, not a live reading]",2022-07-25,scoring
2022-07-26,0.7481,-2.519,0,down,"IODA bgp worst-of route visibility 0.7481 of normal, driven by AF (daily-min ÷ 28d median), across 153/153 countries (settled UTC day 2022-07-26) [archive import: scored retroactively, not a live reading]",2022-07-26,scoring
2022-07-27,0.8966,-1.034,0,down,"IODA bgp worst-of route visibility 0.8966 of normal, driven by BN (daily-min ÷ 28d median), across 153/153 countries (settled UTC day 2022-07-27) [archive import: scored retroactively, not a live reading]",2022-07-27,scoring
2022-07-28,0.8853,-1.147,0,down,"IODA bgp worst-of route visibility 0.8853 of normal, driven by AF (daily-min ÷ 28d median), across 153/153 countries (settled UTC day 2022-07-28) [archive import: scored retroactively, not a live reading]",2022-07-28,scoring
2022-07-29,0.9648,-0.352,0,down,"IODA bgp worst-of route visibility 0.9648 of normal, driven by IR (daily-min ÷ 28d median), across 153/153 countries (settled UTC day 2022-07-29) [archive import: scored retroactively, not a live reading]",2022-07-29,scoring
2022-07-30,0.9778,-0.222,0,down,"IODA bgp worst-of route visibility 0.9778 of normal, driven by TZ (daily-min ÷ 28d median), across 153/153 countries (settled UTC day 2022-07-30) [archive import: scored retroactively, not a live reading]",2022-07-30,scoring
2022-07-31,0.9577,-0.423,0,down,"IODA bgp worst-of route visibility 0.9577 of normal, driven by NG (daily-min ÷ 28d median), across 153/153 countries (settled UTC day 2022-07-31) [archive import: scored retroactively, not a live reading]",2022-07-31,scoring
2022-08-01,0.0317,-9.683,1,down,"IODA bgp worst-of route visibility 0.0317 of normal, driven by SY (daily-min ÷ 28d median), across 153/153 countries (settled UTC day 2022-08-01) [archive import: scored retroactively, not a live reading]",2022-08-01,scoring
2022-08-02,0.971,-0.290,0,down,"IODA bgp worst-of route visibility 0.9710 of normal, driven by VE (daily-min ÷ 28d median), across 153/153 countries (settled UTC day 2022-08-02) [archive import: scored retroactively, not a live reading]",2022-08-02,scoring
2022-08-03,0.9281,-0.719,0,down,"IODA bgp worst-of route visibility 0.9281 of normal, driven by MW (daily-min ÷ 28d median), across 153/153 countries (settled UTC day 2022-08-03) [archive import: scored retroactively, not a live reading]",2022-08-03,scoring
2022-08-04,0.0317,-9.683,1,down,"IODA bgp worst-of route visibility 0.0317 of normal, driven by SY (daily-min ÷ 28d median), across 153/153 countries (settled UTC day 2022-08-04) [archive import: scored retroactively, not a live reading]",2022-08-04,scoring
2022-08-05,0.9707,-0.293,0,down,"IODA bgp worst-of route visibility 0.9707 of normal, driven by NG (daily-min ÷ 28d median), across 153/153 countries (settled UTC day 2022-08-05) [archive import: scored retroactively, not a live reading]",2022-08-05,scoring
2022-08-06,0.9297,-0.703,0,down,"IODA bgp worst-of route visibility 0.9297 of normal, driven by NG (daily-min ÷ 28d median), across 153/153 countries (settled UTC day 2022-08-06) [archive import: scored retroactively, not a live reading]",2022-08-06,scoring
2022-08-07,0.0317,-9.683,1,down,"IODA bgp worst-of route visibility 0.0317 of normal, driven by SY (daily-min ÷ 28d median), across 153/153 countries (settled UTC day 2022-08-07) [archive import: scored retroactively, not a live reading]",2022-08-07,scoring
2022-08-08,0.9425,-0.575,0,down,"IODA bgp worst-of route visibility 0.9425 of normal, driven by SY (daily-min ÷ 28d median), across 153/153 countries (settled UTC day 2022-08-08) [archive import: scored retroactively, not a live reading]",2022-08-08,scoring
2022-08-09,0.0317,-9.683,1,down,"IODA bgp worst-of route visibility 0.0317 of normal, driven by SY (daily-min ÷ 28d median), across 153/153 countries (settled UTC day 2022-08-09) [archive import: scored retroactively, not a live reading]",2022-08-09,scoring
2022-08-10,0.9459,-0.541,0,down,"IODA bgp worst-of route visibility 0.9459 of normal, driven by SY (daily-min ÷ 28d median), across 153/153 countries (settled UTC day 2022-08-10) [archive import: scored retroactively, not a live reading]",2022-08-10,scoring
2022-08-11,0.8734,-1.266,0,down,"IODA bgp worst-of route visibility 0.8734 of normal, driven by AM (daily-min ÷ 28d median), across 153/153 countries (settled UTC day 2022-08-11) [archive import: scored retroactively, not a live reading]",2022-08-11,scoring
2022-08-12,0.9594,-0.406,0,down,"IODA bgp worst-of route visibility 0.9594 of normal, driven by VE (daily-min ÷ 28d median), across 153/153 countries (settled UTC day 2022-08-12) [archive import: scored retroactively, not a live reading]",2022-08-12,scoring
2022-08-13,0.9376,-0.624,0,down,"IODA bgp worst-of route visibility 0.9376 of normal, driven by VE (daily-min ÷ 28d median), across 153/153 countries (settled UTC day 2022-08-13) [archive import: scored retroactively, not a live reading]",2022-08-13,scoring
2022-08-14,0.8175,-1.825,0,down,"IODA bgp worst-of route visibility 0.8175 of normal, driven by AF (daily-min ÷ 28d median), across 153/153 countries (settled UTC day 2022-08-14) [archive import: scored retroactively, not a live reading]",2022-08-14,scoring
2022-08-15,0.8171,-1.829,0,down,"IODA bgp worst-of route visibility 0.8171 of normal, driven by AF (daily-min ÷ 28d median), across 153/153 countries (settled UTC day 2022-08-15) [archive import: scored retroactively, not a live reading]",2022-08-15,scoring
2022-08-16,0.9311,-0.689,0,down,"IODA bgp worst-of route visibility 0.9311 of normal, driven by NG (daily-min ÷ 28d median), across 153/153 countries (settled UTC day 2022-08-16) [archive import: scored retroactively, not a live reading]",2022-08-16,scoring
2022-08-17,0.9349,-0.651,0,down,"IODA bgp worst-of route visibility 0.9349 of normal, driven by NG (daily-min ÷ 28d median), across 153/153 countries (settled UTC day 2022-08-17) [archive import: scored retroactively, not a live reading]",2022-08-17,scoring
2022-08-18,0.9101,-0.899,0,down,"IODA bgp worst-of route visibility 0.9101 of normal, driven by AF (daily-min ÷ 28d median), across 153/153 countries (settled UTC day 2022-08-18) [archive import: scored retroactively, not a live reading]",2022-08-18,scoring
2022-08-19,0.824,-1.760,0,down,"IODA bgp worst-of route visibility 0.8240 of normal, driven by AF (daily-min ÷ 28d median), across 153/153 countries (settled UTC day 2022-08-19) [archive import: scored retroactively, not a live reading]",2022-08-19,scoring
2022-08-20,0.9598,-0.402,0,down,"IODA bgp worst-of route visibility 0.9598 of normal, driven by AF (daily-min ÷ 28d median), across 153/153 countries (settled UTC day 2022-08-20) [archive import: scored retroactively, not a live reading]",2022-08-20,scoring
2022-08-21,0.8988,-1.012,0,down,"IODA bgp worst-of route visibility 0.8988 of normal, driven by GH (daily-min ÷ 28d median), across 153/153 countries (settled UTC day 2022-08-21) [archive import: scored retroactively, not a live reading]",2022-08-21,scoring
2022-08-22,0.8227,-1.773,0,down,"IODA bgp worst-of route visibility 0.8227 of normal, driven by AF (daily-min ÷ 28d median), across 153/153 countries (settled UTC day 2022-08-22) [archive import: scored retroactively, not a live reading]",2022-08-22,scoring
2022-08-23,0.5499,-4.501,1,down,"IODA bgp worst-of route visibility 0.5499 of normal, driven by FJ (daily-min ÷ 28d median), across 153/153 countries (settled UTC day 2022-08-23) [archive import: scored retroactively, not a live reading]",2022-08-23,scoring
2022-08-24,0.5499,-4.501,1,down,"IODA bgp worst-of route visibility 0.5499 of normal, driven by FJ (daily-min ÷ 28d median), across 153/153 countries (settled UTC day 2022-08-24) [archive import: scored retroactively, not a live reading]",2022-08-24,scoring
2022-08-25,0.916,-0.840,0,down,"IODA bgp worst-of route visibility 0.9160 of normal, driven by GA (daily-min ÷ 28d median), across 153/153 countries (settled UTC day 2022-08-25) [archive import: scored retroactively, not a live reading]",2022-08-25,scoring
2022-08-26,0.9539,-0.461,0,down,"IODA bgp worst-of route visibility 0.9539 of normal, driven by MN (daily-min ÷ 28d median), across 153/153 countries (settled UTC day 2022-08-26) [archive import: scored retroactively, not a live reading]",2022-08-26,scoring
2022-08-27,0.9612,-0.388,0,down,"IODA bgp worst-of route visibility 0.9612 of normal, driven by NG (daily-min ÷ 28d median), across 153/153 countries (settled UTC day 2022-08-27) [archive import: scored retroactively, not a live reading]",2022-08-27,scoring
2022-08-28,0.9497,-0.503,0,down,"IODA bgp worst-of route visibility 0.9497 of normal, driven by GH (daily-min ÷ 28d median), across 153/153 countries (settled UTC day 2022-08-28) [archive import: scored retroactively, not a live reading]",2022-08-28,scoring
2022-08-29,0.9721,-0.279,0,down,"IODA bgp worst-of route visibility 0.9721 of normal, driven by NG (daily-min ÷ 28d median), across 153/153 countries (settled UTC day 2022-08-29) [archive import: scored retroactively, not a live reading]",2022-08-29,scoring
2022-08-30,0.9648,-0.352,0,down,"IODA bgp worst-of route visibility 0.9648 of normal, driven by NG (daily-min ÷ 28d median), across 153/153 countries (settled UTC day 2022-08-30) [archive import: scored retroactively, not a live reading]",2022-08-30,scoring
2022-08-31,0.9748,-0.252,0,down,"IODA bgp worst-of route visibility 0.9748 of normal, driven by LB (daily-min ÷ 28d median), across 153/153 countries (settled UTC day 2022-08-31) [archive import: scored retroactively, not a live reading]",2022-08-31,scoring
2022-09-01,0.9728,-0.272,0,down,"IODA bgp worst-of route visibility 0.9728 of normal, driven by PK (daily-min ÷ 28d median), across 153/153 countries (settled UTC day 2022-09-01) [archive import: scored retroactively, not a live reading]",2022-09-01,scoring
2022-09-02,0.9768,-0.232,0,down,"IODA bgp worst-of route visibility 0.9768 of normal, driven by LB (daily-min ÷ 28d median), across 153/153 countries (settled UTC day 2022-09-02) [archive import: scored retroactively, not a live reading]",2022-09-02,scoring
2022-09-03,0.9887,-0.113,0,down,"IODA bgp worst-of route visibility 0.9887 of normal, driven by MM (daily-min ÷ 28d median), across 153/153 countries (settled UTC day 2022-09-03) [archive import: scored retroactively, not a live reading]",2022-09-03,scoring
2022-09-04,0.9644,-0.356,0,down,"IODA bgp worst-of route visibility 0.9644 of normal, driven by AF (daily-min ÷ 28d median), across 153/153 countries (settled UTC day 2022-09-04) [archive import: scored retroactively, not a live reading]",2022-09-04,scoring
2022-09-05,0.9745,-0.255,0,down,"IODA bgp worst-of route visibility 0.9745 of normal, driven by LB (daily-min ÷ 28d median), across 153/153 countries (settled UTC day 2022-09-05) [archive import: scored retroactively, not a live reading]",2022-09-05,scoring
2022-09-06,0.9155,-0.845,0,down,"IODA bgp worst-of route visibility 0.9155 of normal, driven by LB (daily-min ÷ 28d median), across 153/153 countries (settled UTC day 2022-09-06) [archive import: scored retroactively, not a live reading]",2022-09-06,scoring
2022-09-07,0.9143,-0.857,0,down,"IODA bgp worst-of route visibility 0.9143 of normal, driven by NG (daily-min ÷ 28d median), across 153/153 countries (settled UTC day 2022-09-07) [archive import: scored retroactively, not a live reading]",2022-09-07,scoring
2022-09-08,0.9406,-0.594,0,down,"IODA bgp worst-of route visibility 0.9406 of normal, driven by CI (daily-min ÷ 28d median), across 153/153 countries (settled UTC day 2022-09-08) [archive import: scored retroactively, not a live reading]",2022-09-08,scoring
2022-09-09,0.983,-0.170,0,down,"IODA bgp worst-of route visibility 0.9830 of normal, driven by MW (daily-min ÷ 28d median), across 153/153 countries (settled UTC day 2022-09-09) [archive import: scored retroactively, not a live reading]",2022-09-09,scoring
2022-09-10,0.9726,-0.274,0,down,"IODA bgp worst-of route visibility 0.9726 of normal, driven by AL (daily-min ÷ 28d median), across 153/153 countries (settled UTC day 2022-09-10) [archive import: scored retroactively, not a live reading]",2022-09-10,scoring
2022-09-11,0.8581,-1.419,0,down,"IODA bgp worst-of route visibility 0.8581 of normal, driven by HT (daily-min ÷ 28d median), across 153/153 countries (settled UTC day 2022-09-11) [archive import: scored retroactively, not a live reading]",2022-09-11,scoring
2022-09-12,0.9054,-0.946,0,down,"IODA bgp worst-of route visibility 0.9054 of normal, driven by HT (daily-min ÷ 28d median), across 153/153 countries (settled UTC day 2022-09-12) [archive import: scored retroactively, not a live reading]",2022-09-12,scoring
2022-09-13,0.9795,-0.205,0,down,"IODA bgp worst-of route visibility 0.9795 of normal, driven by MW (daily-min ÷ 28d median), across 153/153 countries (settled UTC day 2022-09-13) [archive import: scored retroactively, not a live reading]",2022-09-13,scoring
2022-09-14,0.3823,-6.177,1,down,"IODA bgp worst-of route visibility 0.3823 of normal, driven by HT (daily-min ÷ 28d median), across 153/153 countries (settled UTC day 2022-09-14) [archive import: scored retroactively, not a live reading]",2022-09-14,scoring
2022-09-15,0.3823,-6.177,1,down,"IODA bgp worst-of route visibility 0.3823 of normal, driven by HT (daily-min ÷ 28d median), across 153/153 countries (settled UTC day 2022-09-15) [archive import: scored retroactively, not a live reading]",2022-09-15,scoring
2022-09-16,0.9284,-0.716,0,down,"IODA bgp worst-of route visibility 0.9284 of normal, driven by BN (daily-min ÷ 28d median), across 153/153 countries (settled UTC day 2022-09-16) [archive import: scored retroactively, not a live reading]",2022-09-16,scoring
2022-09-17,0.9554,-0.446,0,down,"IODA bgp worst-of route visibility 0.9554 of normal, driven by NG (daily-min ÷ 28d median), across 153/153 countries (settled UTC day 2022-09-17) [archive import: scored retroactively, not a live reading]",2022-09-17,scoring
2022-09-18,0.9134,-0.866,0,down,"IODA bgp worst-of route visibility 0.9134 of normal, driven by UG (daily-min ÷ 28d median), across 153/153 countries (settled UTC day 2022-09-18) [archive import: scored retroactively, not a live reading]",2022-09-18,scoring
2022-09-19,0.9641,-0.359,0,down,"IODA bgp worst-of route visibility 0.9641 of normal, driven by NC (daily-min ÷ 28d median), across 153/153 countries (settled UTC day 2022-09-19) [archive import: scored retroactively, not a live reading]",2022-09-19,scoring
2022-09-20,0.7666,-2.334,0,down,"IODA bgp worst-of route visibility 0.7666 of normal, driven by YE (daily-min ÷ 28d median), across 153/153 countries (settled UTC day 2022-09-20) [archive import: scored retroactively, not a live reading]",2022-09-20,scoring
2022-09-21,0.9285,-0.715,0,down,"IODA bgp worst-of route visibility 0.9285 of normal, driven by IR (daily-min ÷ 28d median), across 153/153 countries (settled UTC day 2022-09-21) [archive import: scored retroactively, not a live reading]",2022-09-21,scoring
2022-09-22,0.9386,-0.614,0,down,"IODA bgp worst-of route visibility 0.9386 of normal, driven by RE (daily-min ÷ 28d median), across 153/153 countries (settled UTC day 2022-09-22) [archive import: scored retroactively, not a live reading]",2022-09-22,scoring
2022-09-23,0.9636,-0.364,0,down,"IODA bgp worst-of route visibility 0.9636 of normal, driven by VE (daily-min ÷ 28d median), across 153/153 countries (settled UTC day 2022-09-23) [archive import: scored retroactively, not a live reading]",2022-09-23,scoring
2022-09-24,0.9707,-0.293,0,down,"IODA bgp worst-of route visibility 0.9707 of normal, driven by CG (daily-min ÷ 28d median), across 153/153 countries (settled UTC day 2022-09-24) [archive import: scored retroactively, not a live reading]",2022-09-24,scoring
2022-09-25,0.9723,-0.277,0,down,"IODA bgp worst-of route visibility 0.9723 of normal, driven by IR (daily-min ÷ 28d median), across 153/153 countries (settled UTC day 2022-09-25) [archive import: scored retroactively, not a live reading]",2022-09-25,scoring
2022-09-26,0.9595,-0.405,0,down,"IODA bgp worst-of route visibility 0.9595 of normal, driven by AF (daily-min ÷ 28d median), across 153/153 countries (settled UTC day 2022-09-26) [archive import: scored retroactively, not a live reading]",2022-09-26,scoring
2022-09-27,0.9662,-0.338,0,down,"IODA bgp worst-of route visibility 0.9662 of normal, driven by VE (daily-min ÷ 28d median), across 153/153 countries (settled UTC day 2022-09-27) [archive import: scored retroactively, not a live reading]",2022-09-27,scoring
2022-09-28,0.6572,-3.428,1,down,"IODA bgp worst-of route visibility 0.6572 of normal, driven by AM (daily-min ÷ 28d median), across 153/153 countries (settled UTC day 2022-09-28) [archive import: scored retroactively, not a live reading]",2022-09-28,scoring
2022-09-29,0.9709,-0.291,0,down,"IODA bgp worst-of route visibility 0.9709 of normal, driven by CG (daily-min ÷ 28d median), across 153/153 countries (settled UTC day 2022-09-29) [archive import: scored retroactively, not a live reading]",2022-09-29,scoring
2022-09-30,0.5113,-4.887,1,down,"IODA bgp worst-of route visibility 0.5113 of normal, driven by HT (daily-min ÷ 28d median), across 153/153 countries (settled UTC day 2022-09-30) [archive import: scored retroactively, not a live reading]",2022-09-30,scoring
2022-10-01,0.9713,-0.287,0,down,"IODA bgp worst-of route visibility 0.9713 of normal, driven by IT (daily-min ÷ 28d median), across 153/153 countries (settled UTC day 2022-10-01) [archive import: scored retroactively, not a live reading]",2022-10-01,scoring
2022-10-02,0.9713,-0.287,0,down,"IODA bgp worst-of route visibility 0.9713 of normal, driven by IT (daily-min ÷ 28d median), across 153/153 countries (settled UTC day 2022-10-02) [archive import: scored retroactively, not a live reading]",2022-10-02,scoring
2022-10-03,0.8584,-1.416,0,down,"IODA bgp worst-of route visibility 0.8584 of normal, driven by FJ (daily-min ÷ 28d median), across 153/153 countries (settled UTC day 2022-10-03) [archive import: scored retroactively, not a live reading]",2022-10-03,scoring
2022-10-04,0.8301,-1.699,0,down,"IODA bgp worst-of route visibility 0.8301 of normal, driven by FJ (daily-min ÷ 28d median), across 153/153 countries (settled UTC day 2022-10-04) [archive import: scored retroactively, not a live reading]",2022-10-04,scoring
2022-10-05,0.9671,-0.329,0,down,"IODA bgp worst-of route visibility 0.9671 of normal, driven by CI (daily-min ÷ 28d median), across 153/153 countries (settled UTC day 2022-10-05) [archive import: scored retroactively, not a live reading]",2022-10-05,scoring
2022-10-06,0.9211,-0.789,0,down,"IODA bgp worst-of route visibility 0.9211 of normal, driven by MW (daily-min ÷ 28d median), across 153/153 countries (settled UTC day 2022-10-06) [archive import: scored retroactively, not a live reading]",2022-10-06,scoring
2022-10-07,0.9716,-0.284,0,down,"IODA bgp worst-of route visibility 0.9716 of normal, driven by IT (daily-min ÷ 28d median), across 153/153 countries (settled UTC day 2022-10-07) [archive import: scored retroactively, not a live reading]",2022-10-07,scoring
2022-10-08,0.9536,-0.464,0,down,"IODA bgp worst-of route visibility 0.9536 of normal, driven by AF (daily-min ÷ 28d median), across 153/153 countries (settled UTC day 2022-10-08) [archive import: scored retroactively, not a live reading]",2022-10-08,scoring
2022-10-09,0.9581,-0.419,0,down,"IODA bgp worst-of route visibility 0.9581 of normal, driven by AF (daily-min ÷ 28d median), across 153/153 countries (settled UTC day 2022-10-09) [archive import: scored retroactively, not a live reading]",2022-10-09,scoring
2022-10-10,0.9711,-0.289,0,down,"IODA bgp worst-of route visibility 0.9711 of normal, driven by IT (daily-min ÷ 28d median), across 153/153 countries (settled UTC day 2022-10-10) [archive import: scored retroactively, not a live reading]",2022-10-10,scoring
2022-10-11,0.9091,-0.909,0,down,"IODA bgp worst-of route visibility 0.9091 of normal, driven by SC (daily-min ÷ 28d median), across 153/153 countries (settled UTC day 2022-10-11) [archive import: scored retroactively, not a live reading]",2022-10-11,scoring
2022-10-12,0.9655,-0.345,0,down,"IODA bgp worst-of route visibility 0.9655 of normal, driven by VE (daily-min ÷ 28d median), across 153/153 countries (settled UTC day 2022-10-12) [archive import: scored retroactively, not a live reading]",2022-10-12,scoring
2022-10-13,0.9661,-0.339,0,down,"IODA bgp worst-of route visibility 0.9661 of normal, driven by ID (daily-min ÷ 28d median), across 153/153 countries (settled UTC day 2022-10-13) [archive import: scored retroactively, not a live reading]",2022-10-13,scoring
2022-10-14,0.9771,-0.229,0,down,"IODA bgp worst-of route visibility 0.9771 of normal, driven by JO (daily-min ÷ 28d median), across 153/153 countries (settled UTC day 2022-10-14) [archive import: scored retroactively, not a live reading]",2022-10-14,scoring
2022-10-15,0.9736,-0.264,0,down,"IODA bgp worst-of route visibility 0.9736 of normal, driven by GT (daily-min ÷ 28d median), across 153/153 countries (settled UTC day 2022-10-15) [archive import: scored retroactively, not a live reading]",2022-10-15,scoring
2022-10-16,0.9501,-0.499,0,down,"IODA bgp worst-of route visibility 0.9501 of normal, driven by MW (daily-min ÷ 28d median), across 153/153 countries (settled UTC day 2022-10-16) [archive import: scored retroactively, not a live reading]",2022-10-16,scoring
2022-10-17,0.874,-1.260,0,down,"IODA bgp worst-of route visibility 0.8740 of normal, driven by AM (daily-min ÷ 28d median), across 153/153 countries (settled UTC day 2022-10-17) [archive import: scored retroactively, not a live reading]",2022-10-17,scoring
2022-10-18,0.9508,-0.492,0,down,"IODA bgp worst-of route visibility 0.9508 of normal, driven by AM (daily-min ÷ 28d median), across 153/153 countries (settled UTC day 2022-10-18) [archive import: scored retroactively, not a live reading]",2022-10-18,scoring
2022-10-19,0.8588,-1.412,0,down,"IODA bgp worst-of route visibility 0.8588 of normal, driven by AF (daily-min ÷ 28d median), across 153/153 countries (settled UTC day 2022-10-19) [archive import: scored retroactively, not a live reading]",2022-10-19,scoring
2022-10-20,0.8541,-1.459,0,down,"IODA bgp worst-of route visibility 0.8541 of normal, driven by AF (daily-min ÷ 28d median), across 153/153 countries (settled UTC day 2022-10-20) [archive import: scored retroactively, not a live reading]",2022-10-20,scoring
2022-10-21,0.8435,-1.565,0,down,"IODA bgp worst-of route visibility 0.8435 of normal, driven by AF (daily-min ÷ 28d median), across 153/153 countries (settled UTC day 2022-10-21) [archive import: scored retroactively, not a live reading]",2022-10-21,scoring
2022-10-22,0.8596,-1.404,0,down,"IODA bgp worst-of route visibility 0.8596 of normal, driven by AF (daily-min ÷ 28d median), across 153/153 countries (settled UTC day 2022-10-22) [archive import: scored retroactively, not a live reading]",2022-10-22,scoring
2022-10-23,0.8538,-1.462,0,down,"IODA bgp worst-of route visibility 0.8538 of normal, driven by MZ (daily-min ÷ 28d median), across 153/153 countries (settled UTC day 2022-10-23) [archive import: scored retroactively, not a live reading]",2022-10-23,scoring
2022-10-24,0.8596,-1.404,0,down,"IODA bgp worst-of route visibility 0.8596 of normal, driven by AF (daily-min ÷ 28d median), across 153/153 countries (settled UTC day 2022-10-24) [archive import: scored retroactively, not a live reading]",2022-10-24,scoring
2022-10-25,0.8607,-1.393,0,down,"IODA bgp worst-of route visibility 0.8607 of normal, driven by AF (daily-min ÷ 28d median), across 153/153 countries (settled UTC day 2022-10-25) [archive import: scored retroactively, not a live reading]",2022-10-25,scoring
2022-10-26,0.8623,-1.377,0,down,"IODA bgp worst-of route visibility 0.8623 of normal, driven by AF (daily-min ÷ 28d median), across 153/153 countries (settled UTC day 2022-10-26) [archive import: scored retroactively, not a live reading]",2022-10-26,scoring
2022-10-27,0.8632,-1.368,0,down,"IODA bgp worst-of route visibility 0.8632 of normal, driven by AF (daily-min ÷ 28d median), across 153/153 countries (settled UTC day 2022-10-27) [archive import: scored retroactively, not a live reading]",2022-10-27,scoring
2022-10-28,0.819,-1.810,0,down,"IODA bgp worst-of route visibility 0.8190 of normal, driven by AF (daily-min ÷ 28d median), across 153/153 countries (settled UTC day 2022-10-28) [archive import: scored retroactively, not a live reading]",2022-10-28,scoring
2022-10-29,0.8618,-1.382,0,down,"IODA bgp worst-of route visibility 0.8618 of normal, driven by AF (daily-min ÷ 28d median), across 153/153 countries (settled UTC day 2022-10-29) [archive import: scored retroactively, not a live reading]",2022-10-29,scoring
2022-10-30,0.8622,-1.378,0,down,"IODA bgp worst-of route visibility 0.8622 of normal, driven by AF (daily-min ÷ 28d median), across 153/153 countries (settled UTC day 2022-10-30) [archive import: scored retroactively, not a live reading]",2022-10-30,scoring
2022-10-31,0.8624,-1.376,0,down,"IODA bgp worst-of route visibility 0.8624 of normal, driven by AF (daily-min ÷ 28d median), across 153/153 countries (settled UTC day 2022-10-31) [archive import: scored retroactively, not a live reading]",2022-10-31,scoring
2022-11-01,0.8622,-1.378,0,down,"IODA bgp worst-of route visibility 0.8622 of normal, driven by AF (daily-min ÷ 28d median), across 153/153 countries (settled UTC day 2022-11-01) [archive import: scored retroactively, not a live reading]",2022-11-01,scoring
2022-11-02,0.8602,-1.398,0,down,"IODA bgp worst-of route visibility 0.8602 of normal, driven by AF (daily-min ÷ 28d median), across 153/153 countries (settled UTC day 2022-11-02) [archive import: scored retroactively, not a live reading]",2022-11-02,scoring
2022-11-03,0.8589,-1.411,0,down,"IODA bgp worst-of route visibility 0.8589 of normal, driven by AF (daily-min ÷ 28d median), across 153/153 countries (settled UTC day 2022-11-03) [archive import: scored retroactively, not a live reading]",2022-11-03,scoring
2022-11-04,0.9295,-0.705,0,down,"IODA bgp worst-of route visibility 0.9295 of normal, driven by AF (daily-min ÷ 28d median), across 153/153 countries (settled UTC day 2022-11-04) [archive import: scored retroactively, not a live reading]",2022-11-04,scoring
2022-11-05,0.9632,-0.368,0,down,"IODA bgp worst-of route visibility 0.9632 of normal, driven by NG (daily-min ÷ 28d median), across 153/153 countries (settled UTC day 2022-11-05) [archive import: scored retroactively, not a live reading]",2022-11-05,scoring
2022-11-06,0.9514,-0.486,0,down,"IODA bgp worst-of route visibility 0.9514 of normal, driven by NG (daily-min ÷ 28d median), across 153/153 countries (settled UTC day 2022-11-06) [archive import: scored retroactively, not a live reading]",2022-11-06,scoring
2022-11-07,0.9141,-0.859,0,down,"IODA bgp worst-of route visibility 0.9141 of normal, driven by GA (daily-min ÷ 28d median), across 153/153 countries (settled UTC day 2022-11-07) [archive import: scored retroactively, not a live reading]",2022-11-07,scoring
2022-11-08,0.8822,-1.178,0,down,"IODA bgp worst-of route visibility 0.8822 of normal, driven by CM (daily-min ÷ 28d median), across 153/153 countries (settled UTC day 2022-11-08) [archive import: scored retroactively, not a live reading]",2022-11-08,scoring
2022-11-09,0.8132,-1.868,0,down,"IODA bgp worst-of route visibility 0.8132 of normal, driven by HT (daily-min ÷ 28d median), across 153/153 countries (settled UTC day 2022-11-09) [archive import: scored retroactively, not a live reading]",2022-11-09,scoring
2022-11-10,0.9188,-0.812,0,down,"IODA bgp worst-of route visibility 0.9188 of normal, driven by GE (daily-min ÷ 28d median), across 153/153 countries (settled UTC day 2022-11-10) [archive import: scored retroactively, not a live reading]",2022-11-10,scoring
2022-11-11,0.913,-0.870,0,down,"IODA bgp worst-of route visibility 0.9130 of normal, driven by GH (daily-min ÷ 28d median), across 153/153 countries (settled UTC day 2022-11-11) [archive import: scored retroactively, not a live reading]",2022-11-11,scoring
2022-11-12,0.9726,-0.274,0,down,"IODA bgp worst-of route visibility 0.9726 of normal, driven by SD (daily-min ÷ 28d median), across 153/153 countries (settled UTC day 2022-11-12) [archive import: scored retroactively, not a live reading]",2022-11-12,scoring
2022-11-13,0.9785,-0.215,0,down,"IODA bgp worst-of route visibility 0.9785 of normal, driven by RW (daily-min ÷ 28d median), across 153/153 countries (settled UTC day 2022-11-13) [archive import: scored retroactively, not a live reading]",2022-11-13,scoring
2022-11-14,0.967,-0.330,0,down,"IODA bgp worst-of route visibility 0.9670 of normal, driven by CI (daily-min ÷ 28d median), across 153/153 countries (settled UTC day 2022-11-14) [archive import: scored retroactively, not a live reading]",2022-11-14,scoring
2022-11-15,0.6249,-3.751,1,down,"IODA bgp worst-of route visibility 0.6249 of normal, driven by FJ (daily-min ÷ 28d median), across 153/153 countries (settled UTC day 2022-11-15) [archive import: scored retroactively, not a live reading]",2022-11-15,scoring
2022-11-16,0.5877,-4.123,1,down,"IODA bgp worst-of route visibility 0.5877 of normal, driven by FJ (daily-min ÷ 28d median), across 153/153 countries (settled UTC day 2022-11-16) [archive import: scored retroactively, not a live reading]",2022-11-16,scoring
2022-11-17,0.9449,-0.551,0,down,"IODA bgp worst-of route visibility 0.9449 of normal, driven by EG (daily-min ÷ 28d median), across 153/153 countries (settled UTC day 2022-11-17) [archive import: scored retroactively, not a live reading]",2022-11-17,scoring
2022-11-18,0.9544,-0.456,0,down,"IODA bgp worst-of route visibility 0.9544 of normal, driven by GH (daily-min ÷ 28d median), across 153/153 countries (settled UTC day 2022-11-18) [archive import: scored retroactively, not a live reading]",2022-11-18,scoring
2022-11-19,0.9636,-0.364,0,down,"IODA bgp worst-of route visibility 0.9636 of normal, driven by AZ (daily-min ÷ 28d median), across 153/153 countries (settled UTC day 2022-11-19) [archive import: scored retroactively, not a live reading]",2022-11-19,scoring
2022-11-20,0.8588,-1.412,0,down,"IODA bgp worst-of route visibility 0.8588 of normal, driven by MW (daily-min ÷ 28d median), across 153/153 countries (settled UTC day 2022-11-20) [archive import: scored retroactively, not a live reading]",2022-11-20,scoring
2022-11-21,0.8581,-1.419,0,down,"IODA bgp worst-of route visibility 0.8581 of normal, driven by MW (daily-min ÷ 28d median), across 153/153 countries (settled UTC day 2022-11-21) [archive import: scored retroactively, not a live reading]",2022-11-21,scoring
2022-11-22,0.966,-0.340,0,down,"IODA bgp worst-of route visibility 0.9660 of normal, driven by SD (daily-min ÷ 28d median), across 153/153 countries (settled UTC day 2022-11-22) [archive import: scored retroactively, not a live reading]",2022-11-22,scoring
2022-11-23,0.9162,-0.838,0,down,"IODA bgp worst-of route visibility 0.9162 of normal, driven by VE (daily-min ÷ 28d median), across 153/153 countries (settled UTC day 2022-11-23) [archive import: scored retroactively, not a live reading]",2022-11-23,scoring
2022-11-24,0.9292,-0.708,0,down,"IODA bgp worst-of route visibility 0.9292 of normal, driven by UA (daily-min ÷ 28d median), across 153/153 countries (settled UTC day 2022-11-24) [archive import: scored retroactively, not a live reading]",2022-11-24,scoring
2022-11-25,0.8867,-1.133,0,down,"IODA bgp worst-of route visibility 0.8867 of normal, driven by AM (daily-min ÷ 28d median), across 153/153 countries (settled UTC day 2022-11-25) [archive import: scored retroactively, not a live reading]",2022-11-25,scoring
2022-11-26,0.9505,-0.495,0,down,"IODA bgp worst-of route visibility 0.9505 of normal, driven by GA (daily-min ÷ 28d median), across 153/153 countries (settled UTC day 2022-11-26) [archive import: scored retroactively, not a live reading]",2022-11-26,scoring
2022-11-27,0.9068,-0.932,0,down,"IODA bgp worst-of route visibility 0.9068 of normal, driven by MA (daily-min ÷ 28d median), across 153/153 countries (settled UTC day 2022-11-27) [archive import: scored retroactively, not a live reading]",2022-11-27,scoring
2022-11-28,0.8916,-1.084,0,down,"IODA bgp worst-of route visibility 0.8916 of normal, driven by BO (daily-min ÷ 28d median), across 153/153 countries (settled UTC day 2022-11-28) [archive import: scored retroactively, not a live reading]",2022-11-28,scoring
2022-11-29,0.7762,-2.238,0,down,"IODA bgp worst-of route visibility 0.7762 of normal, driven by MG (daily-min ÷ 28d median), across 153/153 countries (settled UTC day 2022-11-29) [archive import: scored retroactively, not a live reading]",2022-11-29,scoring
2022-11-30,0.9382,-0.618,0,down,"IODA bgp worst-of route visibility 0.9382 of normal, driven by CM (daily-min ÷ 28d median), across 153/153 countries (settled UTC day 2022-11-30) [archive import: scored retroactively, not a live reading]",2022-11-30,scoring
2022-12-01,0.9289,-0.711,0,down,"IODA bgp worst-of route visibility 0.9289 of normal, driven by BF (daily-min ÷ 28d median), across 153/153 countries (settled UTC day 2022-12-01) [archive import: scored retroactively, not a live reading]",2022-12-01,scoring
2022-12-02,0.8935,-1.065,0,down,"IODA bgp worst-of route visibility 0.8935 of normal, driven by CM (daily-min ÷ 28d median), across 153/153 countries (settled UTC day 2022-12-02) [archive import: scored retroactively, not a live reading]",2022-12-02,scoring
2022-12-03,0.9488,-0.512,0,down,"IODA bgp worst-of route visibility 0.9488 of normal, driven by MZ (daily-min ÷ 28d median), across 153/153 countries (settled UTC day 2022-12-03) [archive import: scored retroactively, not a live reading]",2022-12-03,scoring
2022-12-04,0.8755,-1.245,0,down,"IODA bgp worst-of route visibility 0.8755 of normal, driven by GH (daily-min ÷ 28d median), across 153/153 countries (settled UTC day 2022-12-04) [archive import: scored retroactively, not a live reading]",2022-12-04,scoring
2022-12-05,0.811,-1.890,0,down,"IODA bgp worst-of route visibility 0.8110 of normal, driven by BW (daily-min ÷ 28d median), across 153/153 countries (settled UTC day 2022-12-05) [archive import: scored retroactively, not a live reading]",2022-12-05,scoring
2022-12-06,0.9714,-0.286,0,down,"IODA bgp worst-of route visibility 0.9714 of normal, driven by VE (daily-min ÷ 28d median), across 153/153 countries (settled UTC day 2022-12-06) [archive import: scored retroactively, not a live reading]",2022-12-06,scoring
2022-12-07,0.972,-0.280,0,down,"IODA bgp worst-of route visibility 0.9720 of normal, driven by VE (daily-min ÷ 28d median), across 153/153 countries (settled UTC day 2022-12-07) [archive import: scored retroactively, not a live reading]",2022-12-07,scoring
2022-12-08,0.9005,-0.995,0,down,"IODA bgp worst-of route visibility 0.9005 of normal, driven by MM (daily-min ÷ 28d median), across 153/153 countries (settled UTC day 2022-12-08) [archive import: scored retroactively, not a live reading]",2022-12-08,scoring
2022-12-09,0.9714,-0.286,0,down,"IODA bgp worst-of route visibility 0.9714 of normal, driven by GT (daily-min ÷ 28d median), across 153/153 countries (settled UTC day 2022-12-09) [archive import: scored retroactively, not a live reading]",2022-12-09,scoring
2022-12-10,0.958,-0.420,0,down,"IODA bgp worst-of route visibility 0.9580 of normal, driven by AF (daily-min ÷ 28d median), across 153/153 countries (settled UTC day 2022-12-10) [archive import: scored retroactively, not a live reading]",2022-12-10,scoring
2022-12-11,0.9576,-0.424,0,down,"IODA bgp worst-of route visibility 0.9576 of normal, driven by AF (daily-min ÷ 28d median), across 153/153 countries (settled UTC day 2022-12-11) [archive import: scored retroactively, not a live reading]",2022-12-11,scoring
2022-12-12,0.9706,-0.294,0,down,"IODA bgp worst-of route visibility 0.9706 of normal, driven by RW (daily-min ÷ 28d median), across 153/153 countries (settled UTC day 2022-12-12) [archive import: scored retroactively, not a live reading]",2022-12-12,scoring
2022-12-13,0.9721,-0.279,0,down,"IODA bgp worst-of route visibility 0.9721 of normal, driven by RE (daily-min ÷ 28d median), across 153/153 countries (settled UTC day 2022-12-13) [archive import: scored retroactively, not a live reading]",2022-12-13,scoring
2022-12-14,0.767,-2.330,0,down,"IODA bgp worst-of route visibility 0.7670 of normal, driven by UG (daily-min ÷ 28d median), across 153/153 countries (settled UTC day 2022-12-14) [archive import: scored retroactively, not a live reading]",2022-12-14,scoring
2022-12-15,0.8914,-1.086,0,down,"IODA bgp worst-of route visibility 0.8914 of normal, driven by UG (daily-min ÷ 28d median), across 153/153 countries (settled UTC day 2022-12-15) [archive import: scored retroactively, not a live reading]",2022-12-15,scoring
2022-12-16,0.9844,-0.156,0,down,"IODA bgp worst-of route visibility 0.9844 of normal, driven by ZW (daily-min ÷ 28d median), across 153/153 countries (settled UTC day 2022-12-16) [archive import: scored retroactively, not a live reading]",2022-12-16,scoring
2022-12-17,0.9656,-0.344,0,down,"IODA bgp worst-of route visibility 0.9656 of normal, driven by BF (daily-min ÷ 28d median), across 153/153 countries (settled UTC day 2022-12-17) [archive import: scored retroactively, not a live reading]",2022-12-17,scoring
2022-12-18,0.9632,-0.368,0,down,"IODA bgp worst-of route visibility 0.9632 of normal, driven by AF (daily-min ÷ 28d median), across 153/153 countries (settled UTC day 2022-12-18) [archive import: scored retroactively, not a live reading]",2022-12-18,scoring
2022-12-19,0.972,-0.280,0,down,"IODA bgp worst-of route visibility 0.9720 of normal, driven by NG (daily-min ÷ 28d median), across 153/153 countries (settled UTC day 2022-12-19) [archive import: scored retroactively, not a live reading]",2022-12-19,scoring
2022-12-20,0.9618,-0.382,0,down,"IODA bgp worst-of route visibility 0.9618 of normal, driven by VE (daily-min ÷ 28d median), across 153/153 countries (settled UTC day 2022-12-20) [archive import: scored retroactively, not a live reading]",2022-12-20,scoring
2022-12-21,0.9634,-0.366,0,down,"IODA bgp worst-of route visibility 0.9634 of normal, driven by NG (daily-min ÷ 28d median), across 153/153 countries (settled UTC day 2022-12-21) [archive import: scored retroactively, not a live reading]",2022-12-21,scoring
2022-12-22,0.978,-0.220,0,down,"IODA bgp worst-of route visibility 0.9780 of normal, driven by NG (daily-min ÷ 28d median), across 153/153 countries (settled UTC day 2022-12-22) [archive import: scored retroactively, not a live reading]",2022-12-22,scoring
2022-12-23,0.9849,-0.151,0,down,"IODA bgp worst-of route visibility 0.9849 of normal, driven by JM (daily-min ÷ 28d median), across 153/153 countries (settled UTC day 2022-12-23) [archive import: scored retroactively, not a live reading]",2022-12-23,scoring
2022-12-24,0.9849,-0.151,0,down,"IODA bgp worst-of route visibility 0.9849 of normal, driven by JM (daily-min ÷ 28d median), across 153/153 countries (settled UTC day 2022-12-24) [archive import: scored retroactively, not a live reading]",2022-12-24,scoring
2022-12-25,0.9854,-0.146,0,down,"IODA bgp worst-of route visibility 0.9854 of normal, driven by JM (daily-min ÷ 28d median), across 153/153 countries (settled UTC day 2022-12-25) [archive import: scored retroactively, not a live reading]",2022-12-25,scoring
2022-12-26,0.9858,-0.142,0,down,"IODA bgp worst-of route visibility 0.9858 of normal, driven by JM (daily-min ÷ 28d median), across 153/153 countries (settled UTC day 2022-12-26) [archive import: scored retroactively, not a live reading]",2022-12-26,scoring
2022-12-27,0.9858,-0.142,0,down,"IODA bgp worst-of route visibility 0.9858 of normal, driven by JM (daily-min ÷ 28d median), across 153/153 countries (settled UTC day 2022-12-27) [archive import: scored retroactively, not a live reading]",2022-12-27,scoring
2022-12-28,0.9858,-0.142,0,down,"IODA bgp worst-of route visibility 0.9858 of normal, driven by JM (daily-min ÷ 28d median), across 153/153 countries (settled UTC day 2022-12-28) [archive import: scored retroactively, not a live reading]",2022-12-28,scoring
2022-12-29,0.9739,-0.261,0,down,"IODA bgp worst-of route visibility 0.9739 of normal, driven by NC (daily-min ÷ 28d median), across 153/153 countries (settled UTC day 2022-12-29) [archive import: scored retroactively, not a live reading]",2022-12-29,scoring
2022-12-30,0.9869,-0.131,0,down,"IODA bgp worst-of route visibility 0.9869 of normal, driven by NC (daily-min ÷ 28d median), across 153/153 countries (settled UTC day 2022-12-30) [archive import: scored retroactively, not a live reading]",2022-12-30,scoring
2022-12-31,0.9869,-0.131,0,down,"IODA bgp worst-of route visibility 0.9869 of normal, driven by NC (daily-min ÷ 28d median), across 153/153 countries (settled UTC day 2022-12-31) [archive import: scored retroactively, not a live reading]",2022-12-31,scoring
2023-01-01,0.8875,-1.125,0,down,"IODA bgp worst-of route visibility 0.8875 of normal, driven by MZ (daily-min ÷ 28d median), across 153/153 countries (settled UTC day 2023-01-01) [archive import: scored retroactively, not a live reading]",2023-01-01,scoring
2023-01-02,0.8135,-1.865,0,down,"IODA bgp worst-of route visibility 0.8135 of normal, driven by GH (daily-min ÷ 28d median), across 153/153 countries (settled UTC day 2023-01-02) [archive import: scored retroactively, not a live reading]",2023-01-02,scoring
2023-01-03,0.8746,-1.254,0,down,"IODA bgp worst-of route visibility 0.8746 of normal, driven by MZ (daily-min ÷ 28d median), across 153/153 countries (settled UTC day 2023-01-03) [archive import: scored retroactively, not a live reading]",2023-01-03,scoring
2023-01-04,0.9135,-0.865,0,down,"IODA bgp worst-of route visibility 0.9135 of normal, driven by GA (daily-min ÷ 28d median), across 153/153 countries (settled UTC day 2023-01-04) [archive import: scored retroactively, not a live reading]",2023-01-04,scoring
2023-01-05,0.8547,-1.453,0,down,"IODA bgp worst-of route visibility 0.8547 of normal, driven by YE (daily-min ÷ 28d median), across 153/153 countries (settled UTC day 2023-01-05) [archive import: scored retroactively, not a live reading]",2023-01-05,scoring
2023-01-06,0.886,-1.140,0,down,"IODA bgp worst-of route visibility 0.8860 of normal, driven by BF (daily-min ÷ 28d median), across 153/153 countries (settled UTC day 2023-01-06) [archive import: scored retroactively, not a live reading]",2023-01-06,scoring
2023-01-07,0.9127,-0.873,0,down,"IODA bgp worst-of route visibility 0.9127 of normal, driven by GA (daily-min ÷ 28d median), across 153/153 countries (settled UTC day 2023-01-07) [archive import: scored retroactively, not a live reading]",2023-01-07,scoring
2023-01-08,0.8961,-1.039,0,down,"IODA bgp worst-of route visibility 0.8961 of normal, driven by GA (daily-min ÷ 28d median), across 153/153 countries (settled UTC day 2023-01-08) [archive import: scored retroactively, not a live reading]",2023-01-08,scoring
2023-01-09,0.9115,-0.885,0,down,"IODA bgp worst-of route visibility 0.9115 of normal, driven by GA (daily-min ÷ 28d median), across 153/153 countries (settled UTC day 2023-01-09) [archive import: scored retroactively, not a live reading]",2023-01-09,scoring
2023-01-10,0.9128,-0.872,0,down,"IODA bgp worst-of route visibility 0.9128 of normal, driven by GA (daily-min ÷ 28d median), across 153/153 countries (settled UTC day 2023-01-10) [archive import: scored retroactively, not a live reading]",2023-01-10,scoring
2023-01-11,0.8963,-1.037,0,down,"IODA bgp worst-of route visibility 0.8963 of normal, driven by GA (daily-min ÷ 28d median), across 153/153 countries (settled UTC day 2023-01-11) [archive import: scored retroactively, not a live reading]",2023-01-11,scoring
2023-01-12,0.8884,-1.116,0,down,"IODA bgp worst-of route visibility 0.8884 of normal, driven by BO (daily-min ÷ 28d median), across 153/153 countries (settled UTC day 2023-01-12) [archive import: scored retroactively, not a live reading]",2023-01-12,scoring
2023-01-13,0.8822,-1.178,0,down,"IODA bgp worst-of route visibility 0.8822 of normal, driven by GA (daily-min ÷ 28d median), across 153/153 countries (settled UTC day 2023-01-13) [archive import: scored retroactively, not a live reading]",2023-01-13,scoring
2023-01-14,0.8746,-1.254,0,down,"IODA bgp worst-of route visibility 0.8746 of normal, driven by BF (daily-min ÷ 28d median), across 153/153 countries (settled UTC day 2023-01-14) [archive import: scored retroactively, not a live reading]",2023-01-14,scoring
2023-01-15,0.9137,-0.863,0,down,"IODA bgp worst-of route visibility 0.9137 of normal, driven by GA (daily-min ÷ 28d median), across 153/153 countries (settled UTC day 2023-01-15) [archive import: scored retroactively, not a live reading]",2023-01-15,scoring
2023-01-16,0.8958,-1.042,0,down,"IODA bgp worst-of route visibility 0.8958 of normal, driven by BF (daily-min ÷ 28d median), across 153/153 countries (settled UTC day 2023-01-16) [archive import: scored retroactively, not a live reading]",2023-01-16,scoring
2023-01-17,0.9183,-0.817,0,down,"IODA bgp worst-of route visibility 0.9183 of normal, driven by BJ (daily-min ÷ 28d median), across 153/153 countries (settled UTC day 2023-01-17) [archive import: scored retroactively, not a live reading]",2023-01-17,scoring
2023-01-18,0.8127,-1.873,0,down,"IODA bgp worst-of route visibility 0.8127 of normal, driven by GH (daily-min ÷ 28d median), across 153/153 countries (settled UTC day 2023-01-18) [archive import: scored retroactively, not a live reading]",2023-01-18,scoring
2023-01-19,0.9403,-0.597,0,down,"IODA bgp worst-of route visibility 0.9403 of normal, driven by BF (daily-min ÷ 28d median), across 153/153 countries (settled UTC day 2023-01-19) [archive import: scored retroactively, not a live reading]",2023-01-19,scoring
2023-01-20,0.8997,-1.003,0,down,"IODA bgp worst-of route visibility 0.8997 of normal, driven by GH (daily-min ÷ 28d median), across 153/153 countries (settled UTC day 2023-01-20) [archive import: scored retroactively, not a live reading]",2023-01-20,scoring
2023-01-21,0.859,-1.410,0,down,"IODA bgp worst-of route visibility 0.8590 of normal, driven by MW (daily-min ÷ 28d median), across 153/153 countries (settled UTC day 2023-01-21) [archive import: scored retroactively, not a live reading]",2023-01-21,scoring
2023-01-22,0.9403,-0.597,0,down,"IODA bgp worst-of route visibility 0.9403 of normal, driven by BF (daily-min ÷ 28d median), across 153/153 countries (settled UTC day 2023-01-22) [archive import: scored retroactively, not a live reading]",2023-01-22,scoring
2023-01-23,0.9404,-0.596,0,down,"IODA bgp worst-of route visibility 0.9404 of normal, driven by NC (daily-min ÷ 28d median), across 153/153 countries (settled UTC day 2023-01-23) [archive import: scored retroactively, not a live reading]",2023-01-23,scoring
2023-01-24,0.9123,-0.877,0,down,"IODA bgp worst-of route visibility 0.9123 of normal, driven by SD (daily-min ÷ 28d median), across 153/153 countries (settled UTC day 2023-01-24) [archive import: scored retroactively, not a live reading]",2023-01-24,scoring
2023-01-25,0.9057,-0.943,0,down,"IODA bgp worst-of route visibility 0.9057 of normal, driven by IR (daily-min ÷ 28d median), across 153/153 countries (settled UTC day 2023-01-25) [archive import: scored retroactively, not a live reading]",2023-01-25,scoring
2023-01-26,0.6733,-3.267,1,down,"IODA bgp worst-of route visibility 0.6733 of normal, driven by CI (daily-min ÷ 28d median), across 153/153 countries (settled UTC day 2023-01-26) [archive import: scored retroactively, not a live reading]",2023-01-26,scoring
2023-01-27,0.9338,-0.662,0,down,"IODA bgp worst-of route visibility 0.9338 of normal, driven by NC (daily-min ÷ 28d median), across 153/153 countries (settled UTC day 2023-01-27) [archive import: scored retroactively, not a live reading]",2023-01-27,scoring
2023-01-28,0.9338,-0.662,0,down,"IODA bgp worst-of route visibility 0.9338 of normal, driven by NC (daily-min ÷ 28d median), across 153/153 countries (settled UTC day 2023-01-28) [archive import: scored retroactively, not a live reading]",2023-01-28,scoring
2023-01-29,0.9338,-0.662,0,down,"IODA bgp worst-of route visibility 0.9338 of normal, driven by NC (daily-min ÷ 28d median), across 153/153 countries (settled UTC day 2023-01-29) [archive import: scored retroactively, not a live reading]",2023-01-29,scoring
2023-01-30,0.9338,-0.662,0,down,"IODA bgp worst-of route visibility 0.9338 of normal, driven by NC (daily-min ÷ 28d median), across 153/153 countries (settled UTC day 2023-01-30) [archive import: scored retroactively, not a live reading]",2023-01-30,scoring
2023-01-31,0.9603,-0.397,0,down,"IODA bgp worst-of route visibility 0.9603 of normal, driven by NC (daily-min ÷ 28d median), across 153/153 countries (settled UTC day 2023-01-31) [archive import: scored retroactively, not a live reading]",2023-01-31,scoring
2023-02-01,0.9603,-0.397,0,down,"IODA bgp worst-of route visibility 0.9603 of normal, driven by NC (daily-min ÷ 28d median), across 153/153 countries (settled UTC day 2023-02-01) [archive import: scored retroactively, not a live reading]",2023-02-01,scoring
2023-02-02,0.9603,-0.397,0,down,"IODA bgp worst-of route visibility 0.9603 of normal, driven by NC (daily-min ÷ 28d median), across 153/153 countries (settled UTC day 2023-02-02) [archive import: scored retroactively, not a live reading]",2023-02-02,scoring
2023-02-03,0.833,-1.670,0,down,"IODA bgp worst-of route visibility 0.8330 of normal, driven by RW (daily-min ÷ 28d median), across 153/153 countries (settled UTC day 2023-02-03) [archive import: scored retroactively, not a live reading]",2023-02-03,scoring
2023-02-04,0.9456,-0.544,0,down,"IODA bgp worst-of route visibility 0.9456 of normal, driven by BF (daily-min ÷ 28d median), across 153/153 countries (settled UTC day 2023-02-04) [archive import: scored retroactively, not a live reading]",2023-02-04,scoring
2023-02-05,0.9456,-0.544,0,down,"IODA bgp worst-of route visibility 0.9456 of normal, driven by BF (daily-min ÷ 28d median), across 153/153 countries (settled UTC day 2023-02-05) [archive import: scored retroactively, not a live reading]",2023-02-05,scoring
2023-02-06,0.9726,-0.274,0,down,"IODA bgp worst-of route visibility 0.9726 of normal, driven by CG (daily-min ÷ 28d median), across 153/153 countries (settled UTC day 2023-02-06) [archive import: scored retroactively, not a live reading]",2023-02-06,scoring
2023-02-07,0.9493,-0.507,0,down,"IODA bgp worst-of route visibility 0.9493 of normal, driven by MM (daily-min ÷ 28d median), across 153/153 countries (settled UTC day 2023-02-07) [archive import: scored retroactively, not a live reading]",2023-02-07,scoring
2023-02-08,0.9602,-0.398,0,down,"IODA bgp worst-of route visibility 0.9602 of normal, driven by VE (daily-min ÷ 28d median), across 153/153 countries (settled UTC day 2023-02-08) [archive import: scored retroactively, not a live reading]",2023-02-08,scoring
2023-02-09,0.9598,-0.402,0,down,"IODA bgp worst-of route visibility 0.9598 of normal, driven by VE (daily-min ÷ 28d median), across 153/153 countries (settled UTC day 2023-02-09) [archive import: scored retroactively, not a live reading]",2023-02-09,scoring
2023-02-10,0.9498,-0.502,0,down,"IODA bgp worst-of route visibility 0.9498 of normal, driven by NG (daily-min ÷ 28d median), across 153/153 countries (settled UTC day 2023-02-10) [archive import: scored retroactively, not a live reading]",2023-02-10,scoring
2023-02-11,0.965,-0.350,0,down,"IODA bgp worst-of route visibility 0.9650 of normal, driven by NG (daily-min ÷ 28d median), across 153/153 countries (settled UTC day 2023-02-11) [archive import: scored retroactively, not a live reading]",2023-02-11,scoring
2023-02-12,0.9727,-0.273,0,down,"IODA bgp worst-of route visibility 0.9727 of normal, driven by NG (daily-min ÷ 28d median), across 153/153 countries (settled UTC day 2023-02-12) [archive import: scored retroactively, not a live reading]",2023-02-12,scoring
2023-02-13,0.97,-0.300,0,down,"IODA bgp worst-of route visibility 0.9700 of normal, driven by UG (daily-min ÷ 28d median), across 153/153 countries (settled UTC day 2023-02-13) [archive import: scored retroactively, not a live reading]",2023-02-13,scoring
2023-02-14,0.9761,-0.239,0,down,"IODA bgp worst-of route visibility 0.9761 of normal, driven by NG (daily-min ÷ 28d median), across 153/153 countries (settled UTC day 2023-02-14) [archive import: scored retroactively, not a live reading]",2023-02-14,scoring
2023-02-15,0.9469,-0.531,0,down,"IODA bgp worst-of route visibility 0.9469 of normal, driven by LT (daily-min ÷ 28d median), across 153/153 countries (settled UTC day 2023-02-15) [archive import: scored retroactively, not a live reading]",2023-02-15,scoring
2023-02-16,0.9617,-0.383,0,down,"IODA bgp worst-of route visibility 0.9617 of normal, driven by AZ (daily-min ÷ 28d median), across 153/153 countries (settled UTC day 2023-02-16) [archive import: scored retroactively, not a live reading]",2023-02-16,scoring
2023-02-17,0.9642,-0.358,0,down,"IODA bgp worst-of route visibility 0.9642 of normal, driven by AZ (daily-min ÷ 28d median), across 153/153 countries (settled UTC day 2023-02-17) [archive import: scored retroactively, not a live reading]",2023-02-17,scoring
2023-02-18,0.9537,-0.463,0,down,"IODA bgp worst-of route visibility 0.9537 of normal, driven by NG (daily-min ÷ 28d median), across 153/153 countries (settled UTC day 2023-02-18) [archive import: scored retroactively, not a live reading]",2023-02-18,scoring
2023-02-19,0.8216,-1.784,0,down,"IODA bgp worst-of route visibility 0.8216 of normal, driven by HN (daily-min ÷ 28d median), across 153/153 countries (settled UTC day 2023-02-19) [archive import: scored retroactively, not a live reading]",2023-02-19,scoring
2023-02-20,0.9643,-0.357,0,down,"IODA bgp worst-of route visibility 0.9643 of normal, driven by AZ (daily-min ÷ 28d median), across 153/153 countries (settled UTC day 2023-02-20) [archive import: scored retroactively, not a live reading]",2023-02-20,scoring
2023-02-21,0.9554,-0.446,0,down,"IODA bgp worst-of route visibility 0.9554 of normal, driven by SC (daily-min ÷ 28d median), across 153/153 countries (settled UTC day 2023-02-21) [archive import: scored retroactively, not a live reading]",2023-02-21,scoring
2023-02-22,0.9479,-0.521,0,down,"IODA bgp worst-of route visibility 0.9479 of normal, driven by AZ (daily-min ÷ 28d median), across 153/153 countries (settled UTC day 2023-02-22) [archive import: scored retroactively, not a live reading]",2023-02-22,scoring
2023-02-23,0.9643,-0.357,0,down,"IODA bgp worst-of route visibility 0.9643 of normal, driven by AZ (daily-min ÷ 28d median), across 153/153 countries (settled UTC day 2023-02-23) [archive import: scored retroactively, not a live reading]",2023-02-23,scoring
2023-02-24,0.9621,-0.379,0,down,"IODA bgp worst-of route visibility 0.9621 of normal, driven by AL (daily-min ÷ 28d median), across 153/153 countries (settled UTC day 2023-02-24) [archive import: scored retroactively, not a live reading]",2023-02-24,scoring
2023-02-25,0.9503,-0.497,0,down,"IODA bgp worst-of route visibility 0.9503 of normal, driven by BF (daily-min ÷ 28d median), across 153/153 countries (settled UTC day 2023-02-25) [archive import: scored retroactively, not a live reading]",2023-02-25,scoring
2023-02-26,0.9308,-0.692,0,down,"IODA bgp worst-of route visibility 0.9308 of normal, driven by NG (daily-min ÷ 28d median), across 153/153 countries (settled UTC day 2023-02-26) [archive import: scored retroactively, not a live reading]",2023-02-26,scoring
2023-02-27,0.7468,-2.532,0,down,"IODA bgp worst-of route visibility 0.7468 of normal, driven by MW (daily-min ÷ 28d median), across 153/153 countries (settled UTC day 2023-02-27) [archive import: scored retroactively, not a live reading]",2023-02-27,scoring
2023-02-28,0.9164,-0.836,0,down,"IODA bgp worst-of route visibility 0.9164 of normal, driven by VE (daily-min ÷ 28d median), across 153/153 countries (settled UTC day 2023-02-28) [archive import: scored retroactively, not a live reading]",2023-02-28,scoring
2023-03-01,0.9501,-0.499,0,down,"IODA bgp worst-of route visibility 0.9501 of normal, driven by VE (daily-min ÷ 28d median), across 153/153 countries (settled UTC day 2023-03-01) [archive import: scored retroactively, not a live reading]",2023-03-01,scoring
2023-03-02,0.9509,-0.491,0,down,"IODA bgp worst-of route visibility 0.9509 of normal, driven by VE (daily-min ÷ 28d median), across 153/153 countries (settled UTC day 2023-03-02) [archive import: scored retroactively, not a live reading]",2023-03-02,scoring
2023-03-03,0.9769,-0.231,0,down,"IODA bgp worst-of route visibility 0.9769 of normal, driven by NG (daily-min ÷ 28d median), across 153/153 countries (settled UTC day 2023-03-03) [archive import: scored retroactively, not a live reading]",2023-03-03,scoring
2023-03-04,0.969,-0.310,0,down,"IODA bgp worst-of route visibility 0.9690 of normal, driven by NG (daily-min ÷ 28d median), across 153/153 countries (settled UTC day 2023-03-04) [archive import: scored retroactively, not a live reading]",2023-03-04,scoring
2023-03-05,0.8446,-1.554,0,down,"IODA bgp worst-of route visibility 0.8446 of normal, driven by UG (daily-min ÷ 28d median), across 153/153 countries (settled UTC day 2023-03-05) [archive import: scored retroactively, not a live reading]",2023-03-05,scoring
2023-03-06,0.947,-0.530,0,down,"IODA bgp worst-of route visibility 0.9470 of normal, driven by EG (daily-min ÷ 28d median), across 153/153 countries (settled UTC day 2023-03-06) [archive import: scored retroactively, not a live reading]",2023-03-06,scoring
2023-03-07,0.9034,-0.966,0,down,"IODA bgp worst-of route visibility 0.9034 of normal, driven by VE (daily-min ÷ 28d median), across 153/153 countries (settled UTC day 2023-03-07) [archive import: scored retroactively, not a live reading]",2023-03-07,scoring
2023-03-08,0.9129,-0.871,0,down,"IODA bgp worst-of route visibility 0.9129 of normal, driven by VE (daily-min ÷ 28d median), across 153/153 countries (settled UTC day 2023-03-08) [archive import: scored retroactively, not a live reading]",2023-03-08,scoring
2023-03-09,0.9526,-0.474,0,down,"IODA bgp worst-of route visibility 0.9526 of normal, driven by SC (daily-min ÷ 28d median), across 153/153 countries (settled UTC day 2023-03-09) [archive import: scored retroactively, not a live reading]",2023-03-09,scoring
2023-03-10,0.8119,-1.881,0,down,"IODA bgp worst-of route visibility 0.8119 of normal, driven by PY (daily-min ÷ 28d median), across 153/153 countries (settled UTC day 2023-03-10) [archive import: scored retroactively, not a live reading]",2023-03-10,scoring
2023-03-11,0.8981,-1.019,0,down,"IODA bgp worst-of route visibility 0.8981 of normal, driven by GH (daily-min ÷ 28d median), across 153/153 countries (settled UTC day 2023-03-11) [archive import: scored retroactively, not a live reading]",2023-03-11,scoring
2023-03-12,0.75,-2.500,0,down,"IODA bgp worst-of route visibility 0.7500 of normal, driven by AM (daily-min ÷ 28d median), across 153/153 countries (settled UTC day 2023-03-12) [archive import: scored retroactively, not a live reading]",2023-03-12,scoring
2023-03-13,0.8961,-1.039,0,down,"IODA bgp worst-of route visibility 0.8961 of normal, driven by CU (daily-min ÷ 28d median), across 153/153 countries (settled UTC day 2023-03-13) [archive import: scored retroactively, not a live reading]",2023-03-13,scoring
2023-03-14,0.8891,-1.109,0,down,"IODA bgp worst-of route visibility 0.8891 of normal, driven by MW (daily-min ÷ 28d median), across 153/153 countries (settled UTC day 2023-03-14) [archive import: scored retroactively, not a live reading]",2023-03-14,scoring
2023-03-15,0.5009,-4.991,1,down,"IODA bgp worst-of route visibility 0.5009 of normal, driven by CG (daily-min ÷ 28d median), across 153/153 countries (settled UTC day 2023-03-15) [archive import: scored retroactively, not a live reading]",2023-03-15,scoring
2023-03-16,0.9677,-0.323,0,down,"IODA bgp worst-of route visibility 0.9677 of normal, driven by ZW (daily-min ÷ 28d median), across 153/153 countries (settled UTC day 2023-03-16) [archive import: scored retroactively, not a live reading]",2023-03-16,scoring
2023-03-17,0.9421,-0.579,0,down,"IODA bgp worst-of route visibility 0.9421 of normal, driven by BF (daily-min ÷ 28d median), across 153/153 countries (settled UTC day 2023-03-17) [archive import: scored retroactively, not a live reading]",2023-03-17,scoring
2023-03-18,0.9701,-0.299,0,down,"IODA bgp worst-of route visibility 0.9701 of normal, driven by ZW (daily-min ÷ 28d median), across 153/153 countries (settled UTC day 2023-03-18) [archive import: scored retroactively, not a live reading]",2023-03-18,scoring
2023-03-19,0.9829,-0.171,0,down,"IODA bgp worst-of route visibility 0.9829 of normal, driven by YE (daily-min ÷ 28d median), across 153/153 countries (settled UTC day 2023-03-19) [archive import: scored retroactively, not a live reading]",2023-03-19,scoring
2023-03-20,0.9727,-0.273,0,down,"IODA bgp worst-of route visibility 0.9727 of normal, driven by LT (daily-min ÷ 28d median), across 153/153 countries (settled UTC day 2023-03-20) [archive import: scored retroactively, not a live reading]",2023-03-20,scoring
2023-03-21,0.947,-0.530,0,down,"IODA bgp worst-of route visibility 0.9470 of normal, driven by BF (daily-min ÷ 28d median), across 153/153 countries (settled UTC day 2023-03-21) [archive import: scored retroactively, not a live reading]",2023-03-21,scoring
2023-03-22,0.8234,-1.766,0,down,"IODA bgp worst-of route visibility 0.8234 of normal, driven by KE (daily-min ÷ 28d median), across 153/153 countries (settled UTC day 2023-03-22) [archive import: scored retroactively, not a live reading]",2023-03-22,scoring
2023-03-23,0.9421,-0.579,0,down,"IODA bgp worst-of route visibility 0.9421 of normal, driven by BF (daily-min ÷ 28d median), across 153/153 countries (settled UTC day 2023-03-23) [archive import: scored retroactively, not a live reading]",2023-03-23,scoring
2023-03-24,0.7776,-2.224,0,down,"IODA bgp worst-of route visibility 0.7776 of normal, driven by CG (daily-min ÷ 28d median), across 153/153 countries (settled UTC day 2023-03-24) [archive import: scored retroactively, not a live reading]",2023-03-24,scoring
2023-03-25,0.9319,-0.681,0,down,"IODA bgp worst-of route visibility 0.9319 of normal, driven by EC (daily-min ÷ 28d median), across 153/153 countries (settled UTC day 2023-03-25) [archive import: scored retroactively, not a live reading]",2023-03-25,scoring
2023-03-26,0.9872,-0.128,0,down,"IODA bgp worst-of route visibility 0.9872 of normal, driven by MW (daily-min ÷ 28d median), across 153/153 countries (settled UTC day 2023-03-26) [archive import: scored retroactively, not a live reading]",2023-03-26,scoring
2023-03-27,0.9797,-0.203,0,down,"IODA bgp worst-of route visibility 0.9797 of normal, driven by SY (daily-min ÷ 28d median), across 153/153 countries (settled UTC day 2023-03-27) [archive import: scored retroactively, not a live reading]",2023-03-27,scoring
2023-03-28,0.8134,-1.866,0,down,"IODA bgp worst-of route visibility 0.8134 of normal, driven by GH (daily-min ÷ 28d median), across 153/153 countries (settled UTC day 2023-03-28) [archive import: scored retroactively, not a live reading]",2023-03-28,scoring
2023-03-29,0.5214,-4.786,1,down,"IODA bgp worst-of route visibility 0.5214 of normal, driven by CI (daily-min ÷ 28d median), across 153/153 countries (settled UTC day 2023-03-29) [archive import: scored retroactively, not a live reading]",2023-03-29,scoring
2023-03-30,0.8031,-1.969,0,down,"IODA bgp worst-of route visibility 0.8031 of normal, driven by GH (daily-min ÷ 28d median), across 153/153 countries (settled UTC day 2023-03-30) [archive import: scored retroactively, not a live reading]",2023-03-30,scoring
2023-03-31,0.8107,-1.893,0,down,"IODA bgp worst-of route visibility 0.8107 of normal, driven by GH (daily-min ÷ 28d median), across 153/153 countries (settled UTC day 2023-03-31) [archive import: scored retroactively, not a live reading]",2023-03-31,scoring
2023-04-01,0.8162,-1.838,0,down,"IODA bgp worst-of route visibility 0.8162 of normal, driven by GH (daily-min ÷ 28d median), across 153/153 countries (settled UTC day 2023-04-01) [archive import: scored retroactively, not a live reading]",2023-04-01,scoring
2023-04-02,0.8163,-1.837,0,down,"IODA bgp worst-of route visibility 0.8163 of normal, driven by GH (daily-min ÷ 28d median), across 153/153 countries (settled UTC day 2023-04-02) [archive import: scored retroactively, not a live reading]",2023-04-02,scoring
2023-04-03,0.8159,-1.841,0,down,"IODA bgp worst-of route visibility 0.8159 of normal, driven by GH (daily-min ÷ 28d median), across 153/153 countries (settled UTC day 2023-04-03) [archive import: scored retroactively, not a live reading]",2023-04-03,scoring
2023-04-04,0.5603,-4.397,1,down,"IODA bgp worst-of route visibility 0.5603 of normal, driven by VI (daily-min ÷ 28d median), across 153/153 countries (settled UTC day 2023-04-04) [archive import: scored retroactively, not a live reading]",2023-04-04,scoring
2023-04-05,0.8159,-1.841,0,down,"IODA bgp worst-of route visibility 0.8159 of normal, driven by GH (daily-min ÷ 28d median), across 153/153 countries (settled UTC day 2023-04-05) [archive import: scored retroactively, not a live reading]",2023-04-05,scoring
2023-04-06,0.7539,-2.461,0,down,"IODA bgp worst-of route visibility 0.7539 of normal, driven by CG (daily-min ÷ 28d median), across 153/153 countries (settled UTC day 2023-04-06) [archive import: scored retroactively, not a live reading]",2023-04-06,scoring
2023-04-07,0.8138,-1.862,0,down,"IODA bgp worst-of route visibility 0.8138 of normal, driven by GH (daily-min ÷ 28d median), across 153/153 countries (settled UTC day 2023-04-07) [archive import: scored retroactively, not a live reading]",2023-04-07,scoring
2023-04-08,0.8153,-1.847,0,down,"IODA bgp worst-of route visibility 0.8153 of normal, driven by GH (daily-min ÷ 28d median), across 153/153 countries (settled UTC day 2023-04-08) [archive import: scored retroactively, not a live reading]",2023-04-08,scoring
2023-04-09,0.8125,-1.875,0,down,"IODA bgp worst-of route visibility 0.8125 of normal, driven by GH (daily-min ÷ 28d median), across 153/153 countries (settled UTC day 2023-04-09) [archive import: scored retroactively, not a live reading]",2023-04-09,scoring
2023-04-10,0.8175,-1.825,0,down,"IODA bgp worst-of route visibility 0.8175 of normal, driven by GH (daily-min ÷ 28d median), across 153/153 countries (settled UTC day 2023-04-10) [archive import: scored retroactively, not a live reading]",2023-04-10,scoring
2023-04-11,0.899,-1.010,0,down,"IODA bgp worst-of route visibility 0.8990 of normal, driven by GH (daily-min ÷ 28d median), across 153/153 countries (settled UTC day 2023-04-11) [archive import: scored retroactively, not a live reading]",2023-04-11,scoring
2023-04-12,0.9541,-0.459,0,down,"IODA bgp worst-of route visibility 0.9541 of normal, driven by UZ (daily-min ÷ 28d median), across 153/153 countries (settled UTC day 2023-04-12) [archive import: scored retroactively, not a live reading]",2023-04-12,scoring
2023-04-13,0.9163,-0.837,0,down,"IODA bgp worst-of route visibility 0.9163 of normal, driven by VE (daily-min ÷ 28d median), across 153/153 countries (settled UTC day 2023-04-13) [archive import: scored retroactively, not a live reading]",2023-04-13,scoring
2023-04-14,0.9675,-0.325,0,down,"IODA bgp worst-of route visibility 0.9675 of normal, driven by CI (daily-min ÷ 28d median), across 153/153 countries (settled UTC day 2023-04-14) [archive import: scored retroactively, not a live reading]",2023-04-14,scoring
2023-04-15,0.9762,-0.238,0,down,"IODA bgp worst-of route visibility 0.9762 of normal, driven by UZ (daily-min ÷ 28d median), across 153/153 countries (settled UTC day 2023-04-15) [archive import: scored retroactively, not a live reading]",2023-04-15,scoring
2023-04-16,0.969,-0.310,0,down,"IODA bgp worst-of route visibility 0.9690 of normal, driven by ZW (daily-min ÷ 28d median), across 153/153 countries (settled UTC day 2023-04-16) [archive import: scored retroactively, not a live reading]",2023-04-16,scoring
2023-04-17,0.9486,-0.514,0,down,"IODA bgp worst-of route visibility 0.9486 of normal, driven by BS (daily-min ÷ 28d median), across 153/153 countries (settled UTC day 2023-04-17) [archive import: scored retroactively, not a live reading]",2023-04-17,scoring
2023-04-18,0.966,-0.340,0,down,"IODA bgp worst-of route visibility 0.9660 of normal, driven by SD (daily-min ÷ 28d median), across 153/153 countries (settled UTC day 2023-04-18) [archive import: scored retroactively, not a live reading]",2023-04-18,scoring
2023-04-19,0.9046,-0.954,0,down,"IODA bgp worst-of route visibility 0.9046 of normal, driven by SD (daily-min ÷ 28d median), across 153/153 countries (settled UTC day 2023-04-19) [archive import: scored retroactively, not a live reading]",2023-04-19,scoring
2023-04-20,0.887,-1.130,0,down,"IODA bgp worst-of route visibility 0.8870 of normal, driven by SD (daily-min ÷ 28d median), across 153/153 countries (settled UTC day 2023-04-20) [archive import: scored retroactively, not a live reading]",2023-04-20,scoring
2023-04-21,0.8651,-1.349,0,down,"IODA bgp worst-of route visibility 0.8651 of normal, driven by SD (daily-min ÷ 28d median), across 153/153 countries (settled UTC day 2023-04-21) [archive import: scored retroactively, not a live reading]",2023-04-21,scoring
2023-04-22,0.8544,-1.456,0,down,"IODA bgp worst-of route visibility 0.8544 of normal, driven by SD (daily-min ÷ 28d median), across 153/153 countries (settled UTC day 2023-04-22) [archive import: scored retroactively, not a live reading]",2023-04-22,scoring
2023-04-23,0.6549,-3.451,1,down,"IODA bgp worst-of route visibility 0.6549 of normal, driven by SD (daily-min ÷ 28d median), across 153/153 countries (settled UTC day 2023-04-23) [archive import: scored retroactively, not a live reading]",2023-04-23,scoring
2023-04-24,0.314,-6.860,1,down,"IODA bgp worst-of route visibility 0.3140 of normal, driven by SD (daily-min ÷ 28d median), across 153/153 countries (settled UTC day 2023-04-24) [archive import: scored retroactively, not a live reading]",2023-04-24,scoring
2023-04-25,0.6106,-3.894,1,down,"IODA bgp worst-of route visibility 0.6106 of normal, driven by CM (daily-min ÷ 28d median), across 153/153 countries (settled UTC day 2023-04-25) [archive import: scored retroactively, not a live reading]",2023-04-25,scoring
2023-04-26,0.9625,-0.375,0,down,"IODA bgp worst-of route visibility 0.9625 of normal, driven by SD (daily-min ÷ 28d median), across 153/153 countries (settled UTC day 2023-04-26) [archive import: scored retroactively, not a live reading]",2023-04-26,scoring
2023-04-27,0.9259,-0.741,0,down,"IODA bgp worst-of route visibility 0.9259 of normal, driven by SD (daily-min ÷ 28d median), across 153/153 countries (settled UTC day 2023-04-27) [archive import: scored retroactively, not a live reading]",2023-04-27,scoring
2023-04-28,0.9259,-0.741,0,down,"IODA bgp worst-of route visibility 0.9259 of normal, driven by SD (daily-min ÷ 28d median), across 153/153 countries (settled UTC day 2023-04-28) [archive import: scored retroactively, not a live reading]",2023-04-28,scoring
2023-04-29,0.9421,-0.579,0,down,"IODA bgp worst-of route visibility 0.9421 of normal, driven by AM (daily-min ÷ 28d median), across 153/153 countries (settled UTC day 2023-04-29) [archive import: scored retroactively, not a live reading]",2023-04-29,scoring
2023-04-30,0.7764,-2.236,0,down,"IODA bgp worst-of route visibility 0.7764 of normal, driven by BJ (daily-min ÷ 28d median), across 153/153 countries (settled UTC day 2023-04-30) [archive import: scored retroactively, not a live reading]",2023-04-30,scoring
2023-05-01,0.8901,-1.099,0,down,"IODA bgp worst-of route visibility 0.8901 of normal, driven by SD (daily-min ÷ 28d median), across 153/153 countries (settled UTC day 2023-05-01) [archive import: scored retroactively, not a live reading]",2023-05-01,scoring
2023-05-02,0.7764,-2.236,0,down,"IODA bgp worst-of route visibility 0.7764 of normal, driven by BJ (daily-min ÷ 28d median), across 153/153 countries (settled UTC day 2023-05-02) [archive import: scored retroactively, not a live reading]",2023-05-02,scoring
2023-05-03,0.9193,-0.807,0,down,"IODA bgp worst-of route visibility 0.9193 of normal, driven by SD (daily-min ÷ 28d median), across 153/153 countries (settled UTC day 2023-05-03) [archive import: scored retroactively, not a live reading]",2023-05-03,scoring
2023-05-04,0.8427,-1.573,0,down,"IODA bgp worst-of route visibility 0.8427 of normal, driven by SY (daily-min ÷ 28d median), across 153/153 countries (settled UTC day 2023-05-04) [archive import: scored retroactively, not a live reading]",2023-05-04,scoring
2023-05-05,0.5342,-4.658,1,down,"IODA bgp worst-of route visibility 0.5342 of normal, driven by SD (daily-min ÷ 28d median), across 153/153 countries (settled UTC day 2023-05-05) [archive import: scored retroactively, not a live reading]",2023-05-05,scoring
2023-05-06,0.6073,-3.927,1,down,"IODA bgp worst-of route visibility 0.6073 of normal, driven by SD (daily-min ÷ 28d median), across 153/153 countries (settled UTC day 2023-05-06) [archive import: scored retroactively, not a live reading]",2023-05-06,scoring
2023-05-07,0.5079,-4.921,1,down,"IODA bgp worst-of route visibility 0.5079 of normal, driven by SD (daily-min ÷ 28d median), across 153/153 countries (settled UTC day 2023-05-07) [archive import: scored retroactively, not a live reading]",2023-05-07,scoring
2023-05-08,0.5084,-4.916,1,down,"IODA bgp worst-of route visibility 0.5084 of normal, driven by SD (daily-min ÷ 28d median), across 153/153 countries (settled UTC day 2023-05-08) [archive import: scored retroactively, not a live reading]",2023-05-08,scoring
2023-05-09,0.4712,-5.288,1,down,"IODA bgp worst-of route visibility 0.4712 of normal, driven by SD (daily-min ÷ 28d median), across 153/153 countries (settled UTC day 2023-05-09) [archive import: scored retroactively, not a live reading]",2023-05-09,scoring
2023-05-10,0.5857,-4.143,1,down,"IODA bgp worst-of route visibility 0.5857 of normal, driven by SD (daily-min ÷ 28d median), across 153/153 countries (settled UTC day 2023-05-10) [archive import: scored retroactively, not a live reading]",2023-05-10,scoring
2023-05-11,0.8134,-1.866,0,down,"IODA bgp worst-of route visibility 0.8134 of normal, driven by PY (daily-min ÷ 28d median), across 153/153 countries (settled UTC day 2023-05-11) [archive import: scored retroactively, not a live reading]",2023-05-11,scoring
2023-05-12,0.8995,-1.005,0,down,"IODA bgp worst-of route visibility 0.8995 of normal, driven by CM (daily-min ÷ 28d median), across 153/153 countries (settled UTC day 2023-05-12) [archive import: scored retroactively, not a live reading]",2023-05-12,scoring
2023-05-13,0.4155,-5.845,1,down,"IODA bgp worst-of route visibility 0.4155 of normal, driven by SD (daily-min ÷ 28d median), across 153/153 countries (settled UTC day 2023-05-13) [archive import: scored retroactively, not a live reading]",2023-05-13,scoring
2023-05-14,0.4203,-5.797,1,down,"IODA bgp worst-of route visibility 0.4203 of normal, driven by SD (daily-min ÷ 28d median), across 153/153 countries (settled UTC day 2023-05-14) [archive import: scored retroactively, not a live reading]",2023-05-14,scoring
2023-05-15,0.8998,-1.002,0,down,"IODA bgp worst-of route visibility 0.8998 of normal, driven by CM (daily-min ÷ 28d median), across 153/153 countries (settled UTC day 2023-05-15) [archive import: scored retroactively, not a live reading]",2023-05-15,scoring
2023-05-16,0.7764,-2.236,0,down,"IODA bgp worst-of route visibility 0.7764 of normal, driven by BJ (daily-min ÷ 28d median), across 153/153 countries (settled UTC day 2023-05-16) [archive import: scored retroactively, not a live reading]",2023-05-16,scoring
2023-05-17,0.8998,-1.002,0,down,"IODA bgp worst-of route visibility 0.8998 of normal, driven by CM (daily-min ÷ 28d median), across 153/153 countries (settled UTC day 2023-05-17) [archive import: scored retroactively, not a live reading]",2023-05-17,scoring
2023-05-18,0.9619,-0.381,0,down,"IODA bgp worst-of route visibility 0.9619 of normal, driven by BN (daily-min ÷ 28d median), across 153/153 countries (settled UTC day 2023-05-18) [archive import: scored retroactively, not a live reading]",2023-05-18,scoring
2023-05-19,0.958,-0.420,0,down,"IODA bgp worst-of route visibility 0.9580 of normal, driven by GT (daily-min ÷ 28d median), across 153/153 countries (settled UTC day 2023-05-19) [archive import: scored retroactively, not a live reading]",2023-05-19,scoring
2023-05-20,0.6897,-3.103,1,down,"IODA bgp worst-of route visibility 0.6897 of normal, driven by SD (daily-min ÷ 28d median), across 153/153 countries (settled UTC day 2023-05-20) [archive import: scored retroactively, not a live reading]",2023-05-20,scoring
2023-05-21,0.694,-3.060,1,down,"IODA bgp worst-of route visibility 0.6940 of normal, driven by SD (daily-min ÷ 28d median), across 153/153 countries (settled UTC day 2023-05-21) [archive import: scored retroactively, not a live reading]",2023-05-21,scoring
2023-05-22,0.958,-0.420,0,down,"IODA bgp worst-of route visibility 0.9580 of normal, driven by GT (daily-min ÷ 28d median), across 153/153 countries (settled UTC day 2023-05-22) [archive import: scored retroactively, not a live reading]",2023-05-22,scoring
2023-05-23,0.9579,-0.421,0,down,"IODA bgp worst-of route visibility 0.9579 of normal, driven by GT (daily-min ÷ 28d median), across 153/153 countries (settled UTC day 2023-05-23) [archive import: scored retroactively, not a live reading]",2023-05-23,scoring
2023-05-24,0.7293,-2.707,0,down,"IODA bgp worst-of route visibility 0.7293 of normal, driven by SY (daily-min ÷ 28d median), across 153/153 countries (settled UTC day 2023-05-24) [archive import: scored retroactively, not a live reading]",2023-05-24,scoring
2023-05-25,0.8578,-1.422,0,down,"IODA bgp worst-of route visibility 0.8578 of normal, driven by BO (daily-min ÷ 28d median), across 153/153 countries (settled UTC day 2023-05-25) [archive import: scored retroactively, not a live reading]",2023-05-25,scoring
2023-05-26,0.9033,-0.967,0,down,"IODA bgp worst-of route visibility 0.9033 of normal, driven by SC (daily-min ÷ 28d median), across 153/153 countries (settled UTC day 2023-05-26) [archive import: scored retroactively, not a live reading]",2023-05-26,scoring
2023-05-27,0.7775,-2.225,0,down,"IODA bgp worst-of route visibility 0.7775 of normal, driven by GU (daily-min ÷ 28d median), across 153/153 countries (settled UTC day 2023-05-27) [archive import: scored retroactively, not a live reading]",2023-05-27,scoring
2023-05-28,0.7775,-2.225,0,down,"IODA bgp worst-of route visibility 0.7775 of normal, driven by GU (daily-min ÷ 28d median), across 153/153 countries (settled UTC day 2023-05-28) [archive import: scored retroactively, not a live reading]",2023-05-28,scoring
2023-05-29,0.8998,-1.002,0,down,"IODA bgp worst-of route visibility 0.8998 of normal, driven by CM (daily-min ÷ 28d median), across 153/153 countries (settled UTC day 2023-05-29) [archive import: scored retroactively, not a live reading]",2023-05-29,scoring
2023-05-30,0.9006,-0.994,0,down,"IODA bgp worst-of route visibility 0.9006 of normal, driven by CM (daily-min ÷ 28d median), across 153/153 countries (settled UTC day 2023-05-30) [archive import: scored retroactively, not a live reading]",2023-05-30,scoring
2023-05-31,0.8551,-1.449,0,down,"IODA bgp worst-of route visibility 0.8551 of normal, driven by VI (daily-min ÷ 28d median), across 153/153 countries (settled UTC day 2023-05-31) [archive import: scored retroactively, not a live reading]",2023-05-31,scoring
2023-06-01,0.5137,-4.863,1,down,"IODA bgp worst-of route visibility 0.5137 of normal, driven by SD (daily-min ÷ 28d median), across 153/153 countries (settled UTC day 2023-06-01) [archive import: scored retroactively, not a live reading]",2023-06-01,scoring
2023-06-02,0.5138,-4.862,1,down,"IODA bgp worst-of route visibility 0.5138 of normal, driven by SD (daily-min ÷ 28d median), across 153/153 countries (settled UTC day 2023-06-02) [archive import: scored retroactively, not a live reading]",2023-06-02,scoring
2023-06-03,0.5137,-4.863,1,down,"IODA bgp worst-of route visibility 0.5137 of normal, driven by SD (daily-min ÷ 28d median), across 153/153 countries (settled UTC day 2023-06-03) [archive import: scored retroactively, not a live reading]",2023-06-03,scoring
2023-06-04,0.5137,-4.863,1,down,"IODA bgp worst-of route visibility 0.5137 of normal, driven by SD (daily-min ÷ 28d median), across 153/153 countries (settled UTC day 2023-06-04) [archive import: scored retroactively, not a live reading]",2023-06-04,scoring
2023-06-05,0.9696,-0.304,0,down,"IODA bgp worst-of route visibility 0.9696 of normal, driven by PK (daily-min ÷ 28d median), across 153/153 countries (settled UTC day 2023-06-05) [archive import: scored retroactively, not a live reading]",2023-06-05,scoring
2023-06-06,0.6702,-3.298,1,down,"IODA bgp worst-of route visibility 0.6702 of normal, driven by IQ (daily-min ÷ 28d median), across 153/153 countries (settled UTC day 2023-06-06) [archive import: scored retroactively, not a live reading]",2023-06-06,scoring
2023-06-07,0.9513,-0.487,0,down,"IODA bgp worst-of route visibility 0.9513 of normal, driven by KG (daily-min ÷ 28d median), across 153/153 countries (settled UTC day 2023-06-07) [archive import: scored retroactively, not a live reading]",2023-06-07,scoring
2023-06-08,0.6808,-3.192,1,down,"IODA bgp worst-of route visibility 0.6808 of normal, driven by IQ (daily-min ÷ 28d median), across 153/153 countries (settled UTC day 2023-06-08) [archive import: scored retroactively, not a live reading]",2023-06-08,scoring
2023-06-09,0.9596,-0.404,0,down,"IODA bgp worst-of route visibility 0.9596 of normal, driven by MQ (daily-min ÷ 28d median), across 153/153 countries (settled UTC day 2023-06-09) [archive import: scored retroactively, not a live reading]",2023-06-09,scoring
2023-06-10,0.5241,-4.759,1,down,"IODA bgp worst-of route visibility 0.5241 of normal, driven by SD (daily-min ÷ 28d median), across 153/153 countries (settled UTC day 2023-06-10) [archive import: scored retroactively, not a live reading]",2023-06-10,scoring
2023-06-11,0.5145,-4.855,1,down,"IODA bgp worst-of route visibility 0.5145 of normal, driven by SD (daily-min ÷ 28d median), across 153/153 countries (settled UTC day 2023-06-11) [archive import: scored retroactively, not a live reading]",2023-06-11,scoring
2023-06-12,0.5161,-4.839,1,down,"IODA bgp worst-of route visibility 0.5161 of normal, driven by SD (daily-min ÷ 28d median), across 153/153 countries (settled UTC day 2023-06-12) [archive import: scored retroactively, not a live reading]",2023-06-12,scoring
2023-06-13,0.6712,-3.288,1,down,"IODA bgp worst-of route visibility 0.6712 of normal, driven by IQ (daily-min ÷ 28d median), across 153/153 countries (settled UTC day 2023-06-13) [archive import: scored retroactively, not a live reading]",2023-06-13,scoring
2023-06-14,0.9524,-0.476,0,down,"IODA bgp worst-of route visibility 0.9524 of normal, driven by LB (daily-min ÷ 28d median), across 153/153 countries (settled UTC day 2023-06-14) [archive import: scored retroactively, not a live reading]",2023-06-14,scoring
2023-06-15,0.6058,-3.942,1,down,"IODA bgp worst-of route visibility 0.6058 of normal, driven by SD (daily-min ÷ 28d median), across 153/153 countries (settled UTC day 2023-06-15) [archive import: scored retroactively, not a live reading]",2023-06-15,scoring
2023-06-16,0.9547,-0.453,0,down,"IODA bgp worst-of route visibility 0.9547 of normal, driven by NP (daily-min ÷ 28d median), across 153/153 countries (settled UTC day 2023-06-16) [archive import: scored retroactively, not a live reading]",2023-06-16,scoring
2023-06-17,0.6748,-3.252,1,down,"IODA bgp worst-of route visibility 0.6748 of normal, driven by IQ (daily-min ÷ 28d median), across 153/153 countries (settled UTC day 2023-06-17) [archive import: scored retroactively, not a live reading]",2023-06-17,scoring
2023-06-18,0.9724,-0.276,0,down,"IODA bgp worst-of route visibility 0.9724 of normal, driven by AM (daily-min ÷ 28d median), across 153/153 countries (settled UTC day 2023-06-18) [archive import: scored retroactively, not a live reading]",2023-06-18,scoring
2023-06-19,0.8167,-1.833,0,down,"IODA bgp worst-of route visibility 0.8167 of normal, driven by BO (daily-min ÷ 28d median), across 153/153 countries (settled UTC day 2023-06-19) [archive import: scored retroactively, not a live reading]",2023-06-19,scoring
2023-06-20,0.6039,-3.961,1,down,"IODA bgp worst-of route visibility 0.6039 of normal, driven by SD (daily-min ÷ 28d median), across 153/153 countries (settled UTC day 2023-06-20) [archive import: scored retroactively, not a live reading]",2023-06-20,scoring
2023-06-21,0.6753,-3.247,1,down,"IODA bgp worst-of route visibility 0.6753 of normal, driven by IQ (daily-min ÷ 28d median), across 153/153 countries (settled UTC day 2023-06-21) [archive import: scored retroactively, not a live reading]",2023-06-21,scoring
2023-06-22,0.6739,-3.261,1,down,"IODA bgp worst-of route visibility 0.6739 of normal, driven by IQ (daily-min ÷ 28d median), across 153/153 countries (settled UTC day 2023-06-22) [archive import: scored retroactively, not a live reading]",2023-06-22,scoring
2023-06-23,0.6636,-3.364,1,down,"IODA bgp worst-of route visibility 0.6636 of normal, driven by AM (daily-min ÷ 28d median), across 153/153 countries (settled UTC day 2023-06-23) [archive import: scored retroactively, not a live reading]",2023-06-23,scoring
2023-06-24,0.6775,-3.225,1,down,"IODA bgp worst-of route visibility 0.6775 of normal, driven by IQ (daily-min ÷ 28d median), across 153/153 countries (settled UTC day 2023-06-24) [archive import: scored retroactively, not a live reading]",2023-06-24,scoring
2023-06-25,0.0301,-9.699,1,down,"IODA bgp worst-of route visibility 0.0301 of normal, driven by SY (daily-min ÷ 28d median), across 153/153 countries (settled UTC day 2023-06-25) [archive import: scored retroactively, not a live reading]",2023-06-25,scoring
2023-06-26,0.0314,-9.686,1,down,"IODA bgp worst-of route visibility 0.0314 of normal, driven by SY (daily-min ÷ 28d median), across 153/153 countries (settled UTC day 2023-06-26) [archive import: scored retroactively, not a live reading]",2023-06-26,scoring
2023-06-27,0.9656,-0.344,0,down,"IODA bgp worst-of route visibility 0.9656 of normal, driven by TG (daily-min ÷ 28d median), across 153/153 countries (settled UTC day 2023-06-27) [archive import: scored retroactively, not a live reading]",2023-06-27,scoring
2023-06-28,0.592,-4.080,1,down,"IODA bgp worst-of route visibility 0.5920 of normal, driven by MW (daily-min ÷ 28d median), across 153/153 countries (settled UTC day 2023-06-28) [archive import: scored retroactively, not a live reading]",2023-06-28,scoring
2023-06-29,0.8323,-1.677,0,down,"IODA bgp worst-of route visibility 0.8323 of normal, driven by BJ (daily-min ÷ 28d median), across 153/153 countries (settled UTC day 2023-06-29) [archive import: scored retroactively, not a live reading]",2023-06-29,scoring
2023-06-30,0.9656,-0.344,0,down,"IODA bgp worst-of route visibility 0.9656 of normal, driven by TG (daily-min ÷ 28d median), across 153/153 countries (settled UTC day 2023-06-30) [archive import: scored retroactively, not a live reading]",2023-06-30,scoring
2023-07-01,0.4492,-5.508,1,down,"IODA bgp worst-of route visibility 0.4492 of normal, driven by SD (daily-min ÷ 28d median), across 153/153 countries (settled UTC day 2023-07-01) [archive import: scored retroactively, not a live reading]",2023-07-01,scoring
2023-07-02,0.4492,-5.508,1,down,"IODA bgp worst-of route visibility 0.4492 of normal, driven by SD (daily-min ÷ 28d median), across 153/153 countries (settled UTC day 2023-07-02) [archive import: scored retroactively, not a live reading]",2023-07-02,scoring
2023-07-03,0.9656,-0.344,0,down,"IODA bgp worst-of route visibility 0.9656 of normal, driven by TG (daily-min ÷ 28d median), across 153/153 countries (settled UTC day 2023-07-03) [archive import: scored retroactively, not a live reading]",2023-07-03,scoring
2023-07-04,0.6721,-3.279,1,down,"IODA bgp worst-of route visibility 0.6721 of normal, driven by IQ (daily-min ÷ 28d median), across 153/153 countries (settled UTC day 2023-07-04) [archive import: scored retroactively, not a live reading]",2023-07-04,scoring
2023-07-05,0.6756,-3.244,1,down,"IODA bgp worst-of route visibility 0.6756 of normal, driven by IQ (daily-min ÷ 28d median), across 153/153 countries (settled UTC day 2023-07-05) [archive import: scored retroactively, not a live reading]",2023-07-05,scoring
2023-07-06,0.6753,-3.247,1,down,"IODA bgp worst-of route visibility 0.6753 of normal, driven by IQ (daily-min ÷ 28d median), across 153/153 countries (settled UTC day 2023-07-06) [archive import: scored retroactively, not a live reading]",2023-07-06,scoring
2023-07-07,0.951,-0.490,0,down,"IODA bgp worst-of route visibility 0.9510 of normal, driven by BJ (daily-min ÷ 28d median), across 153/153 countries (settled UTC day 2023-07-07) [archive import: scored retroactively, not a live reading]",2023-07-07,scoring
2023-07-08,0.6795,-3.205,1,down,"IODA bgp worst-of route visibility 0.6795 of normal, driven by IQ (daily-min ÷ 28d median), across 153/153 countries (settled UTC day 2023-07-08) [archive import: scored retroactively, not a live reading]",2023-07-08,scoring
2023-07-09,0.6791,-3.209,1,down,"IODA bgp worst-of route visibility 0.6791 of normal, driven by IQ (daily-min ÷ 28d median), across 153/153 countries (settled UTC day 2023-07-09) [archive import: scored retroactively, not a live reading]",2023-07-09,scoring
2023-07-10,0.5847,-4.153,1,down,"IODA bgp worst-of route visibility 0.5847 of normal, driven by SD (daily-min ÷ 28d median), across 153/153 countries (settled UTC day 2023-07-10) [archive import: scored retroactively, not a live reading]",2023-07-10,scoring
2023-07-11,0.6787,-3.213,1,down,"IODA bgp worst-of route visibility 0.6787 of normal, driven by IQ (daily-min ÷ 28d median), across 153/153 countries (settled UTC day 2023-07-11) [archive import: scored retroactively, not a live reading]",2023-07-11,scoring
2023-07-12,0.676,-3.240,1,down,"IODA bgp worst-of route visibility 0.6760 of normal, driven by IQ (daily-min ÷ 28d median), across 153/153 countries (settled UTC day 2023-07-12) [archive import: scored retroactively, not a live reading]",2023-07-12,scoring
2023-07-13,0.9853,-0.147,0,down,"IODA bgp worst-of route visibility 0.9853 of normal, driven by CM (daily-min ÷ 28d median), across 153/153 countries (settled UTC day 2023-07-13) [archive import: scored retroactively, not a live reading]",2023-07-13,scoring
2023-07-14,0.9437,-0.563,0,down,"IODA bgp worst-of route visibility 0.9437 of normal, driven by MW (daily-min ÷ 28d median), across 153/153 countries (settled UTC day 2023-07-14) [archive import: scored retroactively, not a live reading]",2023-07-14,scoring
2023-07-15,0.6768,-3.232,1,down,"IODA bgp worst-of route visibility 0.6768 of normal, driven by IQ (daily-min ÷ 28d median), across 153/153 countries (settled UTC day 2023-07-15) [archive import: scored retroactively, not a live reading]",2023-07-15,scoring
2023-07-16,0.9828,-0.172,0,down,"IODA bgp worst-of route visibility 0.9828 of normal, driven by NG (daily-min ÷ 28d median), across 153/153 countries (settled UTC day 2023-07-16) [archive import: scored retroactively, not a live reading]",2023-07-16,scoring
2023-07-17,0.6734,-3.266,1,down,"IODA bgp worst-of route visibility 0.6734 of normal, driven by IQ (daily-min ÷ 28d median), across 153/153 countries (settled UTC day 2023-07-17) [archive import: scored retroactively, not a live reading]",2023-07-17,scoring
2023-07-18,0.6837,-3.163,1,down,"IODA bgp worst-of route visibility 0.6837 of normal, driven by SD (daily-min ÷ 28d median), across 153/153 countries (settled UTC day 2023-07-18) [archive import: scored retroactively, not a live reading]",2023-07-18,scoring
2023-07-19,0.9721,-0.279,0,down,"IODA bgp worst-of route visibility 0.9721 of normal, driven by RW (daily-min ÷ 28d median), across 153/153 countries (settled UTC day 2023-07-19) [archive import: scored retroactively, not a live reading]",2023-07-19,scoring
2023-07-20,0.9639,-0.361,0,down,"IODA bgp worst-of route visibility 0.9639 of normal, driven by BJ (daily-min ÷ 28d median), across 153/153 countries (settled UTC day 2023-07-20) [archive import: scored retroactively, not a live reading]",2023-07-20,scoring
2023-07-21,0.9702,-0.298,0,down,"IODA bgp worst-of route visibility 0.9702 of normal, driven by TZ (daily-min ÷ 28d median), across 153/153 countries (settled UTC day 2023-07-21) [archive import: scored retroactively, not a live reading]",2023-07-21,scoring
2023-07-22,0.8842,-1.158,0,down,"IODA bgp worst-of route visibility 0.8842 of normal, driven by CM (daily-min ÷ 28d median), across 153/153 countries (settled UTC day 2023-07-22) [archive import: scored retroactively, not a live reading]",2023-07-22,scoring
2023-07-23,0.8845,-1.155,0,down,"IODA bgp worst-of route visibility 0.8845 of normal, driven by CM (daily-min ÷ 28d median), across 153/153 countries (settled UTC day 2023-07-23) [archive import: scored retroactively, not a live reading]",2023-07-23,scoring
2023-07-24,0.8991,-1.009,0,down,"IODA bgp worst-of route visibility 0.8991 of normal, driven by SD (daily-min ÷ 28d median), across 153/153 countries (settled UTC day 2023-07-24) [archive import: scored retroactively, not a live reading]",2023-07-24,scoring
2023-07-25,0.8991,-1.009,0,down,"IODA bgp worst-of route visibility 0.8991 of normal, driven by SD (daily-min ÷ 28d median), across 153/153 countries (settled UTC day 2023-07-25) [archive import: scored retroactively, not a live reading]",2023-07-25,scoring
2023-07-26,0.8991,-1.009,0,down,"IODA bgp worst-of route visibility 0.8991 of normal, driven by SD (daily-min ÷ 28d median), across 153/153 countries (settled UTC day 2023-07-26) [archive import: scored retroactively, not a live reading]",2023-07-26,scoring
2023-07-27,0.9005,-0.995,0,down,"IODA bgp worst-of route visibility 0.9005 of normal, driven by SD (daily-min ÷ 28d median), across 153/153 countries (settled UTC day 2023-07-27) [archive import: scored retroactively, not a live reading]",2023-07-27,scoring
2023-07-28,0.9005,-0.995,0,down,"IODA bgp worst-of route visibility 0.9005 of normal, driven by SD (daily-min ÷ 28d median), across 153/153 countries (settled UTC day 2023-07-28) [archive import: scored retroactively, not a live reading]",2023-07-28,scoring
2023-07-29,0.9208,-0.792,0,down,"IODA bgp worst-of route visibility 0.9208 of normal, driven by BJ (daily-min ÷ 28d median), across 153/153 countries (settled UTC day 2023-07-29) [archive import: scored retroactively, not a live reading]",2023-07-29,scoring
2023-07-30,0.9843,-0.157,0,down,"IODA bgp worst-of route visibility 0.9843 of normal, driven by GT (daily-min ÷ 28d median), across 153/153 countries (settled UTC day 2023-07-30) [archive import: scored retroactively, not a live reading]",2023-07-30,scoring
2023-07-31,0.8428,-1.572,0,down,"IODA bgp worst-of route visibility 0.8428 of normal, driven by SD (daily-min ÷ 28d median), across 153/153 countries (settled UTC day 2023-07-31) [archive import: scored retroactively, not a live reading]",2023-07-31,scoring
2023-08-01,0.8911,-1.089,0,down,"IODA bgp worst-of route visibility 0.8911 of normal, driven by HT (daily-min ÷ 28d median), across 153/153 countries (settled UTC day 2023-08-01) [archive import: scored retroactively, not a live reading]",2023-08-01,scoring
2023-08-02,0.6186,-3.814,1,down,"IODA bgp worst-of route visibility 0.6186 of normal, driven by SD (daily-min ÷ 28d median), across 153/153 countries (settled UTC day 2023-08-02) [archive import: scored retroactively, not a live reading]",2023-08-02,scoring
2023-08-03,0.8875,-1.125,0,down,"IODA bgp worst-of route visibility 0.8875 of normal, driven by SD (daily-min ÷ 28d median), across 153/153 countries (settled UTC day 2023-08-03) [archive import: scored retroactively, not a live reading]",2023-08-03,scoring
2023-08-04,0.9708,-0.292,0,down,"IODA bgp worst-of route visibility 0.9708 of normal, driven by SD (daily-min ÷ 28d median), across 153/153 countries (settled UTC day 2023-08-04) [archive import: scored retroactively, not a live reading]",2023-08-04,scoring
2023-08-05,0.8414,-1.586,0,down,"IODA bgp worst-of route visibility 0.8414 of normal, driven by HT (daily-min ÷ 28d median), across 153/153 countries (settled UTC day 2023-08-05) [archive import: scored retroactively, not a live reading]",2023-08-05,scoring
2023-08-06,0.4764,-5.236,1,down,"IODA bgp worst-of route visibility 0.4764 of normal, driven by NA (daily-min ÷ 28d median), across 153/153 countries (settled UTC day 2023-08-06) [archive import: scored retroactively, not a live reading]",2023-08-06,scoring
2023-08-07,0.4613,-5.387,1,down,"IODA bgp worst-of route visibility 0.4613 of normal, driven by BJ (daily-min ÷ 28d median), across 153/153 countries (settled UTC day 2023-08-07) [archive import: scored retroactively, not a live reading]",2023-08-07,scoring
2023-08-08,0.5757,-4.243,1,down,"IODA bgp worst-of route visibility 0.5757 of normal, driven by BJ (daily-min ÷ 28d median), across 153/153 countries (settled UTC day 2023-08-08) [archive import: scored retroactively, not a live reading]",2023-08-08,scoring
2023-08-09,0.632,-3.680,1,down,"IODA bgp worst-of route visibility 0.6320 of normal, driven by BJ (daily-min ÷ 28d median), across 153/153 countries (settled UTC day 2023-08-09) [archive import: scored retroactively, not a live reading]",2023-08-09,scoring
2023-08-10,0.0303,-9.697,1,down,"IODA bgp worst-of route visibility 0.0303 of normal, driven by SY (daily-min ÷ 28d median), across 153/153 countries (settled UTC day 2023-08-10) [archive import: scored retroactively, not a live reading]",2023-08-10,scoring
2023-08-11,0.6319,-3.681,1,down,"IODA bgp worst-of route visibility 0.6319 of normal, driven by BJ (daily-min ÷ 28d median), across 153/153 countries (settled UTC day 2023-08-11) [archive import: scored retroactively, not a live reading]",2023-08-11,scoring
2023-08-12,0.5982,-4.018,1,down,"IODA bgp worst-of route visibility 0.5982 of normal, driven by VI (daily-min ÷ 28d median), across 153/153 countries (settled UTC day 2023-08-12) [archive import: scored retroactively, not a live reading]",2023-08-12,scoring
2023-08-13,0.0303,-9.697,1,down,"IODA bgp worst-of route visibility 0.0303 of normal, driven by SY (daily-min ÷ 28d median), across 153/153 countries (settled UTC day 2023-08-13) [archive import: scored retroactively, not a live reading]",2023-08-13,scoring
2023-08-14,0.0303,-9.697,1,down,"IODA bgp worst-of route visibility 0.0303 of normal, driven by SY (daily-min ÷ 28d median), across 153/153 countries (settled UTC day 2023-08-14) [archive import: scored retroactively, not a live reading]",2023-08-14,scoring
2023-08-15,0.0303,-9.697,1,down,"IODA bgp worst-of route visibility 0.0303 of normal, driven by SY (daily-min ÷ 28d median), across 153/153 countries (settled UTC day 2023-08-15) [archive import: scored retroactively, not a live reading]",2023-08-15,scoring
2023-08-16,0.0303,-9.697,1,down,"IODA bgp worst-of route visibility 0.0303 of normal, driven by SY (daily-min ÷ 28d median), across 153/153 countries (settled UTC day 2023-08-16) [archive import: scored retroactively, not a live reading]",2023-08-16,scoring
2023-08-17,0.0303,-9.697,1,down,"IODA bgp worst-of route visibility 0.0303 of normal, driven by SY (daily-min ÷ 28d median), across 153/153 countries (settled UTC day 2023-08-17) [archive import: scored retroactively, not a live reading]",2023-08-17,scoring
2023-08-18,0.9449,-0.551,0,down,"IODA bgp worst-of route visibility 0.9449 of normal, driven by PY (daily-min ÷ 28d median), across 153/153 countries (settled UTC day 2023-08-18) [archive import: scored retroactively, not a live reading]",2023-08-18,scoring
2023-08-19,0.0303,-9.697,1,down,"IODA bgp worst-of route visibility 0.0303 of normal, driven by SY (daily-min ÷ 28d median), across 153/153 countries (settled UTC day 2023-08-19) [archive import: scored retroactively, not a live reading]",2023-08-19,scoring
2023-08-20,0.9467,-0.533,0,down,"IODA bgp worst-of route visibility 0.9467 of normal, driven by PY (daily-min ÷ 28d median), across 153/153 countries (settled UTC day 2023-08-20) [archive import: scored retroactively, not a live reading]",2023-08-20,scoring
2023-08-21,0.0301,-9.699,1,down,"IODA bgp worst-of route visibility 0.0301 of normal, driven by SY (daily-min ÷ 28d median), across 153/153 countries (settled UTC day 2023-08-21) [archive import: scored retroactively, not a live reading]",2023-08-21,scoring
2023-08-22,0.5299,-4.701,1,down,"IODA bgp worst-of route visibility 0.5299 of normal, driven by HT (daily-min ÷ 28d median), across 153/153 countries (settled UTC day 2023-08-22) [archive import: scored retroactively, not a live reading]",2023-08-22,scoring
2023-08-23,0.0301,-9.699,1,down,"IODA bgp worst-of route visibility 0.0301 of normal, driven by SY (daily-min ÷ 28d median), across 153/153 countries (settled UTC day 2023-08-23) [archive import: scored retroactively, not a live reading]",2023-08-23,scoring
2023-08-24,0.7667,-2.333,0,down,"IODA bgp worst-of route visibility 0.7667 of normal, driven by IQ (daily-min ÷ 28d median), across 153/153 countries (settled UTC day 2023-08-24) [archive import: scored retroactively, not a live reading]",2023-08-24,scoring
2023-08-25,0.9746,-0.254,0,down,"IODA bgp worst-of route visibility 0.9746 of normal, driven by PY (daily-min ÷ 28d median), across 153/153 countries (settled UTC day 2023-08-25) [archive import: scored retroactively, not a live reading]",2023-08-25,scoring
2023-08-26,0.0272,-9.728,1,down,"IODA bgp worst-of route visibility 0.0272 of normal, driven by GA (daily-min ÷ 28d median), across 153/153 countries (settled UTC day 2023-08-26) [archive import: scored retroactively, not a live reading]",2023-08-26,scoring
2023-08-27,0.4407,-5.593,1,down,"IODA bgp worst-of route visibility 0.4407 of normal, driven by GA (daily-min ÷ 28d median), across 153/153 countries (settled UTC day 2023-08-27) [archive import: scored retroactively, not a live reading]",2023-08-27,scoring
2023-08-28,0.7375,-2.625,0,down,"IODA bgp worst-of route visibility 0.7375 of normal, driven by GA (daily-min ÷ 28d median), across 153/153 countries (settled UTC day 2023-08-28) [archive import: scored retroactively, not a live reading]",2023-08-28,scoring
2023-08-29,0.7382,-2.618,0,down,"IODA bgp worst-of route visibility 0.7382 of normal, driven by GA (daily-min ÷ 28d median), across 153/153 countries (settled UTC day 2023-08-29) [archive import: scored retroactively, not a live reading]",2023-08-29,scoring
2023-08-30,0.7382,-2.618,0,down,"IODA bgp worst-of route visibility 0.7382 of normal, driven by GA (daily-min ÷ 28d median), across 153/153 countries (settled UTC day 2023-08-30) [archive import: scored retroactively, not a live reading]",2023-08-30,scoring
2023-08-31,0.9603,-0.397,0,down,"IODA bgp worst-of route visibility 0.9603 of normal, driven by NZ (daily-min ÷ 28d median), across 153/153 countries (settled UTC day 2023-08-31) [archive import: scored retroactively, not a live reading]",2023-08-31,scoring
2023-09-01,0.9335,-0.665,0,down,"IODA bgp worst-of route visibility 0.9335 of normal, driven by EC (daily-min ÷ 28d median), across 153/153 countries (settled UTC day 2023-09-01) [archive import: scored retroactively, not a live reading]",2023-09-01,scoring
2023-09-02,0.9564,-0.436,0,down,"IODA bgp worst-of route visibility 0.9564 of normal, driven by NZ (daily-min ÷ 28d median), across 153/153 countries (settled UTC day 2023-09-02) [archive import: scored retroactively, not a live reading]",2023-09-02,scoring
2023-09-03,0.5425,-4.575,1,down,"IODA bgp worst-of route visibility 0.5425 of normal, driven by SD (daily-min ÷ 28d median), across 153/153 countries (settled UTC day 2023-09-03) [archive import: scored retroactively, not a live reading]",2023-09-03,scoring
2023-09-04,0.9474,-0.526,0,down,"IODA bgp worst-of route visibility 0.9474 of normal, driven by KH (daily-min ÷ 28d median), across 153/153 countries (settled UTC day 2023-09-04) [archive import: scored retroactively, not a live reading]",2023-09-04,scoring
2023-09-05,0.7818,-2.182,0,down,"IODA bgp worst-of route visibility 0.7818 of normal, driven by CG (daily-min ÷ 28d median), across 153/153 countries (settled UTC day 2023-09-05) [archive import: scored retroactively, not a live reading]",2023-09-05,scoring
2023-09-06,0.9582,-0.418,0,down,"IODA bgp worst-of route visibility 0.9582 of normal, driven by NZ (daily-min ÷ 28d median), across 153/153 countries (settled UTC day 2023-09-06) [archive import: scored retroactively, not a live reading]",2023-09-06,scoring
2023-09-07,0.7957,-2.043,0,down,"IODA bgp worst-of route visibility 0.7957 of normal, driven by CM (daily-min ÷ 28d median), across 153/153 countries (settled UTC day 2023-09-07) [archive import: scored retroactively, not a live reading]",2023-09-07,scoring
2023-09-08,0.7929,-2.071,0,down,"IODA bgp worst-of route visibility 0.7929 of normal, driven by CM (daily-min ÷ 28d median), across 153/153 countries (settled UTC day 2023-09-08) [archive import: scored retroactively, not a live reading]",2023-09-08,scoring
2023-09-09,0.9585,-0.415,0,down,"IODA bgp worst-of route visibility 0.9585 of normal, driven by GA (daily-min ÷ 28d median), across 153/153 countries (settled UTC day 2023-09-09) [archive import: scored retroactively, not a live reading]",2023-09-09,scoring
2023-09-10,0.9515,-0.485,0,down,"IODA bgp worst-of route visibility 0.9515 of normal, driven by GA (daily-min ÷ 28d median), across 153/153 countries (settled UTC day 2023-09-10) [archive import: scored retroactively, not a live reading]",2023-09-10,scoring
2023-09-11,0.9687,-0.313,0,down,"IODA bgp worst-of route visibility 0.9687 of normal, driven by NZ (daily-min ÷ 28d median), across 153/153 countries (settled UTC day 2023-09-11) [archive import: scored retroactively, not a live reading]",2023-09-11,scoring
2023-09-12,0.9263,-0.737,0,down,"IODA bgp worst-of route visibility 0.9263 of normal, driven by MX (daily-min ÷ 28d median), across 153/153 countries (settled UTC day 2023-09-12) [archive import: scored retroactively, not a live reading]",2023-09-12,scoring
2023-09-13,0.9783,-0.217,0,down,"IODA bgp worst-of route visibility 0.9783 of normal, driven by ZW (daily-min ÷ 28d median), across 153/153 countries (settled UTC day 2023-09-13) [archive import: scored retroactively, not a live reading]",2023-09-13,scoring
2023-09-14,0.9711,-0.289,0,down,"IODA bgp worst-of route visibility 0.9711 of normal, driven by CM (daily-min ÷ 28d median), across 153/153 countries (settled UTC day 2023-09-14) [archive import: scored retroactively, not a live reading]",2023-09-14,scoring
2023-09-15,0.9838,-0.162,0,down,"IODA bgp worst-of route visibility 0.9838 of normal, driven by NG (daily-min ÷ 28d median), across 153/153 countries (settled UTC day 2023-09-15) [archive import: scored retroactively, not a live reading]",2023-09-15,scoring
2023-09-16,0.964,-0.360,0,down,"IODA bgp worst-of route visibility 0.9640 of normal, driven by NA (daily-min ÷ 28d median), across 153/153 countries (settled UTC day 2023-09-16) [archive import: scored retroactively, not a live reading]",2023-09-16,scoring
2023-09-17,0.6206,-3.794,1,down,"IODA bgp worst-of route visibility 0.6206 of normal, driven by SD (daily-min ÷ 28d median), across 153/153 countries (settled UTC day 2023-09-17) [archive import: scored retroactively, not a live reading]",2023-09-17,scoring
2023-09-18,0.7769,-2.231,0,down,"IODA bgp worst-of route visibility 0.7769 of normal, driven by IQ (daily-min ÷ 28d median), across 153/153 countries (settled UTC day 2023-09-18) [archive import: scored retroactively, not a live reading]",2023-09-18,scoring
2023-09-19,0.7799,-2.201,0,down,"IODA bgp worst-of route visibility 0.7799 of normal, driven by IQ (daily-min ÷ 28d median), across 153/153 countries (settled UTC day 2023-09-19) [archive import: scored retroactively, not a live reading]",2023-09-19,scoring
2023-09-20,0.9511,-0.489,0,down,"IODA bgp worst-of route visibility 0.9511 of normal, driven by SD (daily-min ÷ 28d median), across 153/153 countries (settled UTC day 2023-09-20) [archive import: scored retroactively, not a live reading]",2023-09-20,scoring
2023-09-21,0.3321,-6.679,1,down,"IODA bgp worst-of route visibility 0.3321 of normal, driven by IQ (daily-min ÷ 28d median), across 153/153 countries (settled UTC day 2023-09-21) [archive import: scored retroactively, not a live reading]",2023-09-21,scoring
2023-09-22,0.9756,-0.244,0,down,"IODA bgp worst-of route visibility 0.9756 of normal, driven by NG (daily-min ÷ 28d median), across 153/153 countries (settled UTC day 2023-09-22) [archive import: scored retroactively, not a live reading]",2023-09-22,scoring
2023-09-23,0.3324,-6.676,1,down,"IODA bgp worst-of route visibility 0.3324 of normal, driven by IQ (daily-min ÷ 28d median), across 153/153 countries (settled UTC day 2023-09-23) [archive import: scored retroactively, not a live reading]",2023-09-23,scoring
2023-09-24,0.945,-0.550,0,down,"IODA bgp worst-of route visibility 0.9450 of normal, driven by MN (daily-min ÷ 28d median), across 153/153 countries (settled UTC day 2023-09-24) [archive import: scored retroactively, not a live reading]",2023-09-24,scoring
2023-09-25,0.3305,-6.695,1,down,"IODA bgp worst-of route visibility 0.3305 of normal, driven by IQ (daily-min ÷ 28d median), across 153/153 countries (settled UTC day 2023-09-25) [archive import: scored retroactively, not a live reading]",2023-09-25,scoring
2023-09-26,0.9722,-0.278,0,down,"IODA bgp worst-of route visibility 0.9722 of normal, driven by UA (daily-min ÷ 28d median), across 153/153 countries (settled UTC day 2023-09-26) [archive import: scored retroactively, not a live reading]",2023-09-26,scoring
2023-09-27,0.9703,-0.297,0,down,"IODA bgp worst-of route visibility 0.9703 of normal, driven by AM (daily-min ÷ 28d median), across 153/153 countries (settled UTC day 2023-09-27) [archive import: scored retroactively, not a live reading]",2023-09-27,scoring
2023-09-28,0.3352,-6.648,1,down,"IODA bgp worst-of route visibility 0.3352 of normal, driven by IQ (daily-min ÷ 28d median), across 153/153 countries (settled UTC day 2023-09-28) [archive import: scored retroactively, not a live reading]",2023-09-28,scoring
2023-09-29,0.9142,-0.858,0,down,"IODA bgp worst-of route visibility 0.9142 of normal, driven by GA (daily-min ÷ 28d median), across 153/153 countries (settled UTC day 2023-09-29) [archive import: scored retroactively, not a live reading]",2023-09-29,scoring
2023-09-30,0.336,-6.640,1,down,"IODA bgp worst-of route visibility 0.3360 of normal, driven by IQ (daily-min ÷ 28d median), across 153/153 countries (settled UTC day 2023-09-30) [archive import: scored retroactively, not a live reading]",2023-09-30,scoring
2023-10-01,0.967,-0.330,0,down,"IODA bgp worst-of route visibility 0.9670 of normal, driven by ZW (daily-min ÷ 28d median), across 153/153 countries (settled UTC day 2023-10-01) [archive import: scored retroactively, not a live reading]",2023-10-01,scoring
2023-10-02,0.9585,-0.415,0,down,"IODA bgp worst-of route visibility 0.9585 of normal, driven by BJ (daily-min ÷ 28d median), across 153/153 countries (settled UTC day 2023-10-02) [archive import: scored retroactively, not a live reading]",2023-10-02,scoring
2023-10-03,0.7704,-2.296,0,down,"IODA bgp worst-of route visibility 0.7704 of normal, driven by CM (daily-min ÷ 28d median), across 153/153 countries (settled UTC day 2023-10-03) [archive import: scored retroactively, not a live reading]",2023-10-03,scoring
2023-10-04,0.9674,-0.326,0,down,"IODA bgp worst-of route visibility 0.9674 of normal, driven by AM (daily-min ÷ 28d median), across 153/153 countries (settled UTC day 2023-10-04) [archive import: scored retroactively, not a live reading]",2023-10-04,scoring
2023-10-05,0.9078,-0.922,0,down,"IODA bgp worst-of route visibility 0.9078 of normal, driven by MZ (daily-min ÷ 28d median), across 153/153 countries (settled UTC day 2023-10-05) [archive import: scored retroactively, not a live reading]",2023-10-05,scoring
2023-10-06,0.9666,-0.334,0,down,"IODA bgp worst-of route visibility 0.9666 of normal, driven by AM (daily-min ÷ 28d median), across 153/153 countries (settled UTC day 2023-10-06) [archive import: scored retroactively, not a live reading]",2023-10-06,scoring
2023-10-07,0.9412,-0.588,0,down,"IODA bgp worst-of route visibility 0.9412 of normal, driven by LY (daily-min ÷ 28d median), across 153/153 countries (settled UTC day 2023-10-07) [archive import: scored retroactively, not a live reading]",2023-10-07,scoring
2023-10-08,0.9397,-0.603,0,down,"IODA bgp worst-of route visibility 0.9397 of normal, driven by RW (daily-min ÷ 28d median), across 153/153 countries (settled UTC day 2023-10-08) [archive import: scored retroactively, not a live reading]",2023-10-08,scoring
2023-10-09,0.9379,-0.621,0,down,"IODA bgp worst-of route visibility 0.9379 of normal, driven by CM (daily-min ÷ 28d median), across 153/153 countries (settled UTC day 2023-10-09) [archive import: scored retroactively, not a live reading]",2023-10-09,scoring
2023-10-10,0.9646,-0.354,0,down,"IODA bgp worst-of route visibility 0.9646 of normal, driven by KW (daily-min ÷ 28d median), across 153/153 countries (settled UTC day 2023-10-10) [archive import: scored retroactively, not a live reading]",2023-10-10,scoring
2023-10-11,0.9663,-0.337,0,down,"IODA bgp worst-of route visibility 0.9663 of normal, driven by AM (daily-min ÷ 28d median), across 153/153 countries (settled UTC day 2023-10-11) [archive import: scored retroactively, not a live reading]",2023-10-11,scoring
2023-10-12,0.966,-0.340,0,down,"IODA bgp worst-of route visibility 0.9660 of normal, driven by AM (daily-min ÷ 28d median), across 153/153 countries (settled UTC day 2023-10-12) [archive import: scored retroactively, not a live reading]",2023-10-12,scoring
2023-10-13,0.9184,-0.816,0,down,"IODA bgp worst-of route visibility 0.9184 of normal, driven by GA (daily-min ÷ 28d median), across 153/153 countries (settled UTC day 2023-10-13) [archive import: scored retroactively, not a live reading]",2023-10-13,scoring
2023-10-14,0.6696,-3.304,1,down,"IODA bgp worst-of route visibility 0.6696 of normal, driven by SD (daily-min ÷ 28d median), across 153/153 countries (settled UTC day 2023-10-14) [archive import: scored retroactively, not a live reading]",2023-10-14,scoring
2023-10-15,0.6696,-3.304,1,down,"IODA bgp worst-of route visibility 0.6696 of normal, driven by SD (daily-min ÷ 28d median), across 153/153 countries (settled UTC day 2023-10-15) [archive import: scored retroactively, not a live reading]",2023-10-15,scoring
2023-10-16,0.9156,-0.844,0,down,"IODA bgp worst-of route visibility 0.9156 of normal, driven by CM (daily-min ÷ 28d median), across 153/153 countries (settled UTC day 2023-10-16) [archive import: scored retroactively, not a live reading]",2023-10-16,scoring
2023-10-17,0.8984,-1.016,0,down,"IODA bgp worst-of route visibility 0.8984 of normal, driven by CM (daily-min ÷ 28d median), across 153/153 countries (settled UTC day 2023-10-17) [archive import: scored retroactively, not a live reading]",2023-10-17,scoring
2023-10-18,0.9593,-0.407,0,down,"IODA bgp worst-of route visibility 0.9593 of normal, driven by TZ (daily-min ÷ 28d median), across 153/153 countries (settled UTC day 2023-10-18) [archive import: scored retroactively, not a live reading]",2023-10-18,scoring
2023-10-19,0.6696,-3.304,1,down,"IODA bgp worst-of route visibility 0.6696 of normal, driven by SD (daily-min ÷ 28d median), across 153/153 countries (settled UTC day 2023-10-19) [archive import: scored retroactively, not a live reading]",2023-10-19,scoring
2023-10-20,0.6695,-3.305,1,down,"IODA bgp worst-of route visibility 0.6695 of normal, driven by SD (daily-min ÷ 28d median), across 153/153 countries (settled UTC day 2023-10-20) [archive import: scored retroactively, not a live reading]",2023-10-20,scoring
2023-10-21,0.6681,-3.319,1,down,"IODA bgp worst-of route visibility 0.6681 of normal, driven by SD (daily-min ÷ 28d median), across 153/153 countries (settled UTC day 2023-10-21) [archive import: scored retroactively, not a live reading]",2023-10-21,scoring
2023-10-22,0.425,-5.750,1,down,"IODA bgp worst-of route visibility 0.4250 of normal, driven by SD (daily-min ÷ 28d median), across 153/153 countries (settled UTC day 2023-10-22) [archive import: scored retroactively, not a live reading]",2023-10-22,scoring
2023-10-23,0.6681,-3.319,1,down,"IODA bgp worst-of route visibility 0.6681 of normal, driven by SD (daily-min ÷ 28d median), across 153/153 countries (settled UTC day 2023-10-23) [archive import: scored retroactively, not a live reading]",2023-10-23,scoring
2023-10-24,0.8848,-1.152,0,down,"IODA bgp worst-of route visibility 0.8848 of normal, driven by SD (daily-min ÷ 28d median), across 153/153 countries (settled UTC day 2023-10-24) [archive import: scored retroactively, not a live reading]",2023-10-24,scoring
2023-10-25,0.9468,-0.532,0,down,"IODA bgp worst-of route visibility 0.9468 of normal, driven by BF (daily-min ÷ 28d median), across 153/153 countries (settled UTC day 2023-10-25) [archive import: scored retroactively, not a live reading]",2023-10-25,scoring
2023-10-26,0.8674,-1.326,0,down,"IODA bgp worst-of route visibility 0.8674 of normal, driven by BD (daily-min ÷ 28d median), across 153/153 countries (settled UTC day 2023-10-26) [archive import: scored retroactively, not a live reading]",2023-10-26,scoring
2023-10-27,0.8593,-1.407,0,down,"IODA bgp worst-of route visibility 0.8593 of normal, driven by BD (daily-min ÷ 28d median), across 153/153 countries (settled UTC day 2023-10-27) [archive import: scored retroactively, not a live reading]",2023-10-27,scoring
2023-10-28,0.9505,-0.495,0,down,"IODA bgp worst-of route visibility 0.9505 of normal, driven by BF (daily-min ÷ 28d median), across 153/153 countries (settled UTC day 2023-10-28) [archive import: scored retroactively, not a live reading]",2023-10-28,scoring
2023-10-29,0.9503,-0.497,0,down,"IODA bgp worst-of route visibility 0.9503 of normal, driven by BF (daily-min ÷ 28d median), across 153/153 countries (settled UTC day 2023-10-29) [archive import: scored retroactively, not a live reading]",2023-10-29,scoring
2023-10-30,0.8527,-1.473,0,down,"IODA bgp worst-of route visibility 0.8527 of normal, driven by MZ (daily-min ÷ 28d median), across 153/153 countries (settled UTC day 2023-10-30) [archive import: scored retroactively, not a live reading]",2023-10-30,scoring
2023-10-31,0.8687,-1.313,0,down,"IODA bgp worst-of route visibility 0.8687 of normal, driven by MW (daily-min ÷ 28d median), across 153/153 countries (settled UTC day 2023-10-31) [archive import: scored retroactively, not a live reading]",2023-10-31,scoring
2023-11-01,0.9248,-0.752,0,down,"IODA bgp worst-of route visibility 0.9248 of normal, driven by BE (daily-min ÷ 28d median), across 153/153 countries (settled UTC day 2023-11-01) [archive import: scored retroactively, not a live reading]",2023-11-01,scoring
2023-11-02,0.9247,-0.753,0,down,"IODA bgp worst-of route visibility 0.9247 of normal, driven by BE (daily-min ÷ 28d median), across 153/153 countries (settled UTC day 2023-11-02) [archive import: scored retroactively, not a live reading]",2023-11-02,scoring
2023-11-03,0.9248,-0.752,0,down,"IODA bgp worst-of route visibility 0.9248 of normal, driven by BE (daily-min ÷ 28d median), across 153/153 countries (settled UTC day 2023-11-03) [archive import: scored retroactively, not a live reading]",2023-11-03,scoring
2023-11-04,0.7478,-2.522,0,down,"IODA bgp worst-of route visibility 0.7478 of normal, driven by TZ (daily-min ÷ 28d median), across 153/153 countries (settled UTC day 2023-11-04) [archive import: scored retroactively, not a live reading]",2023-11-04,scoring
2023-11-05,0.7404,-2.596,0,down,"IODA bgp worst-of route visibility 0.7404 of normal, driven by TZ (daily-min ÷ 28d median), across 153/153 countries (settled UTC day 2023-11-05) [archive import: scored retroactively, not a live reading]",2023-11-05,scoring
2023-11-06,0.9247,-0.753,0,down,"IODA bgp worst-of route visibility 0.9247 of normal, driven by BE (daily-min ÷ 28d median), across 153/153 countries (settled UTC day 2023-11-06) [archive import: scored retroactively, not a live reading]",2023-11-06,scoring
2023-11-07,0.9248,-0.752,0,down,"IODA bgp worst-of route visibility 0.9248 of normal, driven by BE (daily-min ÷ 28d median), across 153/153 countries (settled UTC day 2023-11-07) [archive import: scored retroactively, not a live reading]",2023-11-07,scoring
2023-11-08,0.9248,-0.752,0,down,"IODA bgp worst-of route visibility 0.9248 of normal, driven by BE (daily-min ÷ 28d median), across 153/153 countries (settled UTC day 2023-11-08) [archive import: scored retroactively, not a live reading]",2023-11-08,scoring
2023-11-09,0.9248,-0.752,0,down,"IODA bgp worst-of route visibility 0.9248 of normal, driven by BE (daily-min ÷ 28d median), across 153/153 countries (settled UTC day 2023-11-09) [archive import: scored retroactively, not a live reading]",2023-11-09,scoring
2023-11-10,0.2381,-7.619,1,down,"IODA bgp worst-of route visibility 0.2381 of normal, driven by YE (daily-min ÷ 28d median), across 153/153 countries (settled UTC day 2023-11-10) [archive import: scored retroactively, not a live reading]",2023-11-10,scoring
2023-11-11,0.8315,-1.685,0,down,"IODA bgp worst-of route visibility 0.8315 of normal, driven by AM (daily-min ÷ 28d median), across 153/153 countries (settled UTC day 2023-11-11) [archive import: scored retroactively, not a live reading]",2023-11-11,scoring
2023-11-12,0.9247,-0.753,0,down,"IODA bgp worst-of route visibility 0.9247 of normal, driven by BE (daily-min ÷ 28d median), across 153/153 countries (settled UTC day 2023-11-12) [archive import: scored retroactively, not a live reading]",2023-11-12,scoring
2023-11-13,0.612,-3.880,1,down,"IODA bgp worst-of route visibility 0.6120 of normal, driven by KE (daily-min ÷ 28d median), across 153/153 countries (settled UTC day 2023-11-13) [archive import: scored retroactively, not a live reading]",2023-11-13,scoring
2023-11-14,0.976,-0.240,0,down,"IODA bgp worst-of route visibility 0.9760 of normal, driven by CW (daily-min ÷ 28d median), across 153/153 countries (settled UTC day 2023-11-14) [archive import: scored retroactively, not a live reading]",2023-11-14,scoring
2023-11-15,0.9745,-0.255,0,down,"IODA bgp worst-of route visibility 0.9745 of normal, driven by AF (daily-min ÷ 28d median), across 153/153 countries (settled UTC day 2023-11-15) [archive import: scored retroactively, not a live reading]",2023-11-15,scoring
2023-11-16,0.9848,-0.152,0,down,"IODA bgp worst-of route visibility 0.9848 of normal, driven by NG (daily-min ÷ 28d median), across 153/153 countries (settled UTC day 2023-11-16) [archive import: scored retroactively, not a live reading]",2023-11-16,scoring
2023-11-17,0.9748,-0.252,0,down,"IODA bgp worst-of route visibility 0.9748 of normal, driven by CM (daily-min ÷ 28d median), across 153/153 countries (settled UTC day 2023-11-17) [archive import: scored retroactively, not a live reading]",2023-11-17,scoring
2023-11-18,0.8777,-1.223,0,down,"IODA bgp worst-of route visibility 0.8777 of normal, driven by IR (daily-min ÷ 28d median), across 153/153 countries (settled UTC day 2023-11-18) [archive import: scored retroactively, not a live reading]",2023-11-18,scoring
2023-11-19,0.9759,-0.241,0,down,"IODA bgp worst-of route visibility 0.9759 of normal, driven by ZW (daily-min ÷ 28d median), across 153/153 countries (settled UTC day 2023-11-19) [archive import: scored retroactively, not a live reading]",2023-11-19,scoring
2023-11-20,0.9809,-0.191,0,down,"IODA bgp worst-of route visibility 0.9809 of normal, driven by GA (daily-min ÷ 28d median), across 153/153 countries (settled UTC day 2023-11-20) [archive import: scored retroactively, not a live reading]",2023-11-20,scoring
2023-11-21,0.9808,-0.192,0,down,"IODA bgp worst-of route visibility 0.9808 of normal, driven by GA (daily-min ÷ 28d median), across 153/153 countries (settled UTC day 2023-11-21) [archive import: scored retroactively, not a live reading]",2023-11-21,scoring
2023-11-22,0.6702,-3.298,1,down,"IODA bgp worst-of route visibility 0.6702 of normal, driven by CI (daily-min ÷ 28d median), across 153/153 countries (settled UTC day 2023-11-22) [archive import: scored retroactively, not a live reading]",2023-11-22,scoring
2023-11-23,0.9414,-0.586,0,down,"IODA bgp worst-of route visibility 0.9414 of normal, driven by RW (daily-min ÷ 28d median), across 153/153 countries (settled UTC day 2023-11-23) [archive import: scored retroactively, not a live reading]",2023-11-23,scoring
2023-11-24,0.961,-0.390,0,down,"IODA bgp worst-of route visibility 0.9610 of normal, driven by MN (daily-min ÷ 28d median), across 153/153 countries (settled UTC day 2023-11-24) [archive import: scored retroactively, not a live reading]",2023-11-24,scoring
2023-11-25,0.9564,-0.436,0,down,"IODA bgp worst-of route visibility 0.9564 of normal, driven by YE (daily-min ÷ 28d median), across 153/153 countries (settled UTC day 2023-11-25) [archive import: scored retroactively, not a live reading]",2023-11-25,scoring
2023-11-26,0.7463,-2.537,0,down,"IODA bgp worst-of route visibility 0.7463 of normal, driven by MW (daily-min ÷ 28d median), across 153/153 countries (settled UTC day 2023-11-26) [archive import: scored retroactively, not a live reading]",2023-11-26,scoring
2023-11-27,0.9604,-0.396,0,down,"IODA bgp worst-of route visibility 0.9604 of normal, driven by MN (daily-min ÷ 28d median), across 153/153 countries (settled UTC day 2023-11-27) [archive import: scored retroactively, not a live reading]",2023-11-27,scoring
2023-11-28,0.94,-0.600,0,down,"IODA bgp worst-of route visibility 0.9400 of normal, driven by YE (daily-min ÷ 28d median), across 153/153 countries (settled UTC day 2023-11-28) [archive import: scored retroactively, not a live reading]",2023-11-28,scoring
2023-11-29,0.9504,-0.496,0,down,"IODA bgp worst-of route visibility 0.9504 of normal, driven by MN (daily-min ÷ 28d median), across 153/153 countries (settled UTC day 2023-11-29) [archive import: scored retroactively, not a live reading]",2023-11-29,scoring
2023-11-30,0.8169,-1.831,0,down,"IODA bgp worst-of route visibility 0.8169 of normal, driven by TG (daily-min ÷ 28d median), across 153/153 countries (settled UTC day 2023-11-30) [archive import: scored retroactively, not a live reading]",2023-11-30,scoring
2023-12-01,0.9555,-0.445,0,down,"IODA bgp worst-of route visibility 0.9555 of normal, driven by TG (daily-min ÷ 28d median), across 153/153 countries (settled UTC day 2023-12-01) [archive import: scored retroactively, not a live reading]",2023-12-01,scoring
2023-12-02,0.9446,-0.554,0,down,"IODA bgp worst-of route visibility 0.9446 of normal, driven by MW (daily-min ÷ 28d median), across 153/153 countries (settled UTC day 2023-12-02) [archive import: scored retroactively, not a live reading]",2023-12-02,scoring
2023-12-03,0.8985,-1.015,0,down,"IODA bgp worst-of route visibility 0.8985 of normal, driven by CM (daily-min ÷ 28d median), across 153/153 countries (settled UTC day 2023-12-03) [archive import: scored retroactively, not a live reading]",2023-12-03,scoring
2023-12-04,0.9623,-0.377,0,down,"IODA bgp worst-of route visibility 0.9623 of normal, driven by SD (daily-min ÷ 28d median), across 153/153 countries (settled UTC day 2023-12-04) [archive import: scored retroactively, not a live reading]",2023-12-04,scoring
2023-12-05,0.9391,-0.609,0,down,"IODA bgp worst-of route visibility 0.9391 of normal, driven by EC (daily-min ÷ 28d median), across 153/153 countries (settled UTC day 2023-12-05) [archive import: scored retroactively, not a live reading]",2023-12-05,scoring
2023-12-06,0.934,-0.660,0,down,"IODA bgp worst-of route visibility 0.9340 of normal, driven by NA (daily-min ÷ 28d median), across 153/153 countries (settled UTC day 2023-12-06) [archive import: scored retroactively, not a live reading]",2023-12-06,scoring
2023-12-07,0.9408,-0.592,0,down,"IODA bgp worst-of route visibility 0.9408 of normal, driven by ZM (daily-min ÷ 28d median), across 153/153 countries (settled UTC day 2023-12-07) [archive import: scored retroactively, not a live reading]",2023-12-07,scoring
2023-12-08,0.959,-0.410,0,down,"IODA bgp worst-of route visibility 0.9590 of normal, driven by YE (daily-min ÷ 28d median), across 153/153 countries (settled UTC day 2023-12-08) [archive import: scored retroactively, not a live reading]",2023-12-08,scoring
2023-12-09,0.9831,-0.169,0,down,"IODA bgp worst-of route visibility 0.9831 of normal, driven by CM (daily-min ÷ 28d median), across 153/153 countries (settled UTC day 2023-12-09) [archive import: scored retroactively, not a live reading]",2023-12-09,scoring
2023-12-10,0.8985,-1.015,0,down,"IODA bgp worst-of route visibility 0.8985 of normal, driven by CM (daily-min ÷ 28d median), across 153/153 countries (settled UTC day 2023-12-10) [archive import: scored retroactively, not a live reading]",2023-12-10,scoring
2023-12-11,0.8985,-1.015,0,down,"IODA bgp worst-of route visibility 0.8985 of normal, driven by CM (daily-min ÷ 28d median), across 153/153 countries (settled UTC day 2023-12-11) [archive import: scored retroactively, not a live reading]",2023-12-11,scoring
2023-12-12,0.9672,-0.328,0,down,"IODA bgp worst-of route visibility 0.9672 of normal, driven by IR (daily-min ÷ 28d median), across 153/153 countries (settled UTC day 2023-12-12) [archive import: scored retroactively, not a live reading]",2023-12-12,scoring
2023-12-13,0.9841,-0.159,0,down,"IODA bgp worst-of route visibility 0.9841 of normal, driven by GT (daily-min ÷ 28d median), across 153/153 countries (settled UTC day 2023-12-13) [archive import: scored retroactively, not a live reading]",2023-12-13,scoring
2023-12-14,0.9666,-0.334,0,down,"IODA bgp worst-of route visibility 0.9666 of normal, driven by CM (daily-min ÷ 28d median), across 153/153 countries (settled UTC day 2023-12-14) [archive import: scored retroactively, not a live reading]",2023-12-14,scoring
2023-12-15,0.7483,-2.517,0,down,"IODA bgp worst-of route visibility 0.7483 of normal, driven by YE (daily-min ÷ 28d median), across 153/153 countries (settled UTC day 2023-12-15) [archive import: scored retroactively, not a live reading]",2023-12-15,scoring
2023-12-16,0.5581,-4.419,1,down,"IODA bgp worst-of route visibility 0.5581 of normal, driven by BN (daily-min ÷ 28d median), across 153/153 countries (settled UTC day 2023-12-16) [archive import: scored retroactively, not a live reading]",2023-12-16,scoring
2023-12-17,0.8236,-1.764,0,down,"IODA bgp worst-of route visibility 0.8236 of normal, driven by TN (daily-min ÷ 28d median), across 153/153 countries (settled UTC day 2023-12-17) [archive import: scored retroactively, not a live reading]",2023-12-17,scoring
2023-12-18,0.8989,-1.011,0,down,"IODA bgp worst-of route visibility 0.8989 of normal, driven by CM (daily-min ÷ 28d median), across 153/153 countries (settled UTC day 2023-12-18) [archive import: scored retroactively, not a live reading]",2023-12-18,scoring
2023-12-19,0.9613,-0.387,0,down,"IODA bgp worst-of route visibility 0.9613 of normal, driven by SD (daily-min ÷ 28d median), across 153/153 countries (settled UTC day 2023-12-19) [archive import: scored retroactively, not a live reading]",2023-12-19,scoring
2023-12-20,0.9612,-0.388,0,down,"IODA bgp worst-of route visibility 0.9612 of normal, driven by SD (daily-min ÷ 28d median), across 153/153 countries (settled UTC day 2023-12-20) [archive import: scored retroactively, not a live reading]",2023-12-20,scoring
2023-12-21,0.3814,-6.186,1,down,"IODA bgp worst-of route visibility 0.3814 of normal, driven by HT (daily-min ÷ 28d median), across 153/153 countries (settled UTC day 2023-12-21) [archive import: scored retroactively, not a live reading]",2023-12-21,scoring
2023-12-22,0.961,-0.390,0,down,"IODA bgp worst-of route visibility 0.9610 of normal, driven by SD (daily-min ÷ 28d median), across 153/153 countries (settled UTC day 2023-12-22) [archive import: scored retroactively, not a live reading]",2023-12-22,scoring
2023-12-23,0.9594,-0.406,0,down,"IODA bgp worst-of route visibility 0.9594 of normal, driven by SD (daily-min ÷ 28d median), across 153/153 countries (settled UTC day 2023-12-23) [archive import: scored retroactively, not a live reading]",2023-12-23,scoring
2023-12-24,0.9585,-0.415,0,down,"IODA bgp worst-of route visibility 0.9585 of normal, driven by SD (daily-min ÷ 28d median), across 153/153 countries (settled UTC day 2023-12-24) [archive import: scored retroactively, not a live reading]",2023-12-24,scoring
2023-12-25,0.9616,-0.384,0,down,"IODA bgp worst-of route visibility 0.9616 of normal, driven by SD (daily-min ÷ 28d median), across 153/153 countries (settled UTC day 2023-12-25) [archive import: scored retroactively, not a live reading]",2023-12-25,scoring
2023-12-26,0.9284,-0.716,0,down,"IODA bgp worst-of route visibility 0.9284 of normal, driven by MN (daily-min ÷ 28d median), across 153/153 countries (settled UTC day 2023-12-26) [archive import: scored retroactively, not a live reading]",2023-12-26,scoring
2023-12-27,0.9428,-0.572,0,down,"IODA bgp worst-of route visibility 0.9428 of normal, driven by SD (daily-min ÷ 28d median), across 153/153 countries (settled UTC day 2023-12-27) [archive import: scored retroactively, not a live reading]",2023-12-27,scoring
2023-12-28,0.5835,-4.165,1,down,"IODA bgp worst-of route visibility 0.5835 of normal, driven by SD (daily-min ÷ 28d median), across 153/153 countries (settled UTC day 2023-12-28) [archive import: scored retroactively, not a live reading]",2023-12-28,scoring
2023-12-29,0.5837,-4.163,1,down,"IODA bgp worst-of route visibility 0.5837 of normal, driven by SD (daily-min ÷ 28d median), across 153/153 countries (settled UTC day 2023-12-29) [archive import: scored retroactively, not a live reading]",2023-12-29,scoring
2023-12-30,0.5623,-4.377,1,down,"IODA bgp worst-of route visibility 0.5623 of normal, driven by SD (daily-min ÷ 28d median), across 153/153 countries (settled UTC day 2023-12-30) [archive import: scored retroactively, not a live reading]",2023-12-30,scoring
2023-12-31,0.5464,-4.536,1,down,"IODA bgp worst-of route visibility 0.5464 of normal, driven by SD (daily-min ÷ 28d median), across 153/153 countries (settled UTC day 2023-12-31) [archive import: scored retroactively, not a live reading]",2023-12-31,scoring
2024-01-01,0.5465,-4.535,1,down,"IODA bgp worst-of route visibility 0.5465 of normal, driven by SD (daily-min ÷ 28d median), across 153/153 countries (settled UTC day 2024-01-01) [archive import: scored retroactively, not a live reading]",2024-01-01,scoring
2024-01-02,0.9767,-0.233,0,down,"IODA bgp worst-of route visibility 0.9767 of normal, driven by NG (daily-min ÷ 28d median), across 153/153 countries (settled UTC day 2024-01-02) [archive import: scored retroactively, not a live reading]",2024-01-02,scoring
2024-01-03,0.6833,-3.167,1,down,"IODA bgp worst-of route visibility 0.6833 of normal, driven by SD (daily-min ÷ 28d median), across 153/153 countries (settled UTC day 2024-01-03) [archive import: scored retroactively, not a live reading]",2024-01-03,scoring
2024-01-04,0.8422,-1.578,0,down,"IODA bgp worst-of route visibility 0.8422 of normal, driven by SD (daily-min ÷ 28d median), across 153/153 countries (settled UTC day 2024-01-04) [archive import: scored retroactively, not a live reading]",2024-01-04,scoring
2024-01-05,0.9397,-0.603,0,down,"IODA bgp worst-of route visibility 0.9397 of normal, driven by EC (daily-min ÷ 28d median), across 153/153 countries (settled UTC day 2024-01-05) [archive import: scored retroactively, not a live reading]",2024-01-05,scoring
2024-01-06,0.7185,-2.815,0,down,"IODA bgp worst-of route visibility 0.7185 of normal, driven by CO (daily-min ÷ 28d median), across 153/153 countries (settled UTC day 2024-01-06) [archive import: scored retroactively, not a live reading]",2024-01-06,scoring
2024-01-07,0.8986,-1.014,0,down,"IODA bgp worst-of route visibility 0.8986 of normal, driven by CM (daily-min ÷ 28d median), across 153/153 countries (settled UTC day 2024-01-07) [archive import: scored retroactively, not a live reading]",2024-01-07,scoring
2024-01-08,0.9693,-0.307,0,down,"IODA bgp worst-of route visibility 0.9693 of normal, driven by CO (daily-min ÷ 28d median), across 153/153 countries (settled UTC day 2024-01-08) [archive import: scored retroactively, not a live reading]",2024-01-08,scoring
2024-01-09,0.7213,-2.787,0,down,"IODA bgp worst-of route visibility 0.7213 of normal, driven by SD (daily-min ÷ 28d median), across 153/153 countries (settled UTC day 2024-01-09) [archive import: scored retroactively, not a live reading]",2024-01-09,scoring
2024-01-10,0.9691,-0.309,0,down,"IODA bgp worst-of route visibility 0.9691 of normal, driven by CO (daily-min ÷ 28d median), across 153/153 countries (settled UTC day 2024-01-10) [archive import: scored retroactively, not a live reading]",2024-01-10,scoring
2024-01-11,0.9265,-0.735,0,down,"IODA bgp worst-of route visibility 0.9265 of normal, driven by RE (daily-min ÷ 28d median), across 153/153 countries (settled UTC day 2024-01-11) [archive import: scored retroactively, not a live reading]",2024-01-11,scoring
2024-01-12,0.9526,-0.474,0,down,"IODA bgp worst-of route visibility 0.9526 of normal, driven by RE (daily-min ÷ 28d median), across 153/153 countries (settled UTC day 2024-01-12) [archive import: scored retroactively, not a live reading]",2024-01-12,scoring
2024-01-13,0.9605,-0.395,0,down,"IODA bgp worst-of route visibility 0.9605 of normal, driven by ZW (daily-min ÷ 28d median), across 153/153 countries (settled UTC day 2024-01-13) [archive import: scored retroactively, not a live reading]",2024-01-13,scoring
2024-01-14,0.9616,-0.384,0,down,"IODA bgp worst-of route visibility 0.9616 of normal, driven by VE (daily-min ÷ 28d median), across 153/153 countries (settled UTC day 2024-01-14) [archive import: scored retroactively, not a live reading]",2024-01-14,scoring
2024-01-15,0.9642,-0.358,0,down,"IODA bgp worst-of route visibility 0.9642 of normal, driven by BS (daily-min ÷ 28d median), across 153/153 countries (settled UTC day 2024-01-15) [archive import: scored retroactively, not a live reading]",2024-01-15,scoring
2024-01-16,0.964,-0.360,0,down,"IODA bgp worst-of route visibility 0.9640 of normal, driven by BS (daily-min ÷ 28d median), across 153/153 countries (settled UTC day 2024-01-16) [archive import: scored retroactively, not a live reading]",2024-01-16,scoring
2024-01-17,0.8986,-1.014,0,down,"IODA bgp worst-of route visibility 0.8986 of normal, driven by CM (daily-min ÷ 28d median), across 153/153 countries (settled UTC day 2024-01-17) [archive import: scored retroactively, not a live reading]",2024-01-17,scoring
2024-01-18,0.8982,-1.018,0,down,"IODA bgp worst-of route visibility 0.8982 of normal, driven by CM (daily-min ÷ 28d median), across 153/153 countries (settled UTC day 2024-01-18) [archive import: scored retroactively, not a live reading]",2024-01-18,scoring
2024-01-19,0.8982,-1.018,0,down,"IODA bgp worst-of route visibility 0.8982 of normal, driven by CM (daily-min ÷ 28d median), across 153/153 countries (settled UTC day 2024-01-19) [archive import: scored retroactively, not a live reading]",2024-01-19,scoring
2024-01-20,0.6961,-3.039,1,down,"IODA bgp worst-of route visibility 0.6961 of normal, driven by TZ (daily-min ÷ 28d median), across 153/153 countries (settled UTC day 2024-01-20) [archive import: scored retroactively, not a live reading]",2024-01-20,scoring
2024-01-21,0.8982,-1.018,0,down,"IODA bgp worst-of route visibility 0.8982 of normal, driven by CM (daily-min ÷ 28d median), across 153/153 countries (settled UTC day 2024-01-21) [archive import: scored retroactively, not a live reading]",2024-01-21,scoring
2024-01-22,0.8981,-1.019,0,down,"IODA bgp worst-of route visibility 0.8981 of normal, driven by CM (daily-min ÷ 28d median), across 153/153 countries (settled UTC day 2024-01-22) [archive import: scored retroactively, not a live reading]",2024-01-22,scoring
2024-01-23,0.8631,-1.369,0,down,"IODA bgp worst-of route visibility 0.8631 of normal, driven by AM (daily-min ÷ 28d median), across 153/153 countries (settled UTC day 2024-01-23) [archive import: scored retroactively, not a live reading]",2024-01-23,scoring
2024-01-24,0.8986,-1.014,0,down,"IODA bgp worst-of route visibility 0.8986 of normal, driven by CM (daily-min ÷ 28d median), across 153/153 countries (settled UTC day 2024-01-24) [archive import: scored retroactively, not a live reading]",2024-01-24,scoring
2024-01-25,0.8915,-1.085,0,down,"IODA bgp worst-of route visibility 0.8915 of normal, driven by CM (daily-min ÷ 28d median), across 153/153 countries (settled UTC day 2024-01-25) [archive import: scored retroactively, not a live reading]",2024-01-25,scoring
2024-01-26,0.8921,-1.079,0,down,"IODA bgp worst-of route visibility 0.8921 of normal, driven by ID (daily-min ÷ 28d median), across 153/153 countries (settled UTC day 2024-01-26) [archive import: scored retroactively, not a live reading]",2024-01-26,scoring
2024-01-27,0.8982,-1.018,0,down,"IODA bgp worst-of route visibility 0.8982 of normal, driven by CM (daily-min ÷ 28d median), across 153/153 countries (settled UTC day 2024-01-27) [archive import: scored retroactively, not a live reading]",2024-01-27,scoring
2024-01-28,0.8976,-1.024,0,down,"IODA bgp worst-of route visibility 0.8976 of normal, driven by CM (daily-min ÷ 28d median), across 153/153 countries (settled UTC day 2024-01-28) [archive import: scored retroactively, not a live reading]",2024-01-28,scoring
2024-01-29,0.8912,-1.088,0,down,"IODA bgp worst-of route visibility 0.8912 of normal, driven by CM (daily-min ÷ 28d median), across 153/153 countries (settled UTC day 2024-01-29) [archive import: scored retroactively, not a live reading]",2024-01-29,scoring
2024-01-30,0.8915,-1.085,0,down,"IODA bgp worst-of route visibility 0.8915 of normal, driven by CM (daily-min ÷ 28d median), across 153/153 countries (settled UTC day 2024-01-30) [archive import: scored retroactively, not a live reading]",2024-01-30,scoring
2024-01-31,0.9461,-0.539,0,down,"IODA bgp worst-of route visibility 0.9461 of normal, driven by CM (daily-min ÷ 28d median), across 153/153 countries (settled UTC day 2024-01-31) [archive import: scored retroactively, not a live reading]",2024-01-31,scoring
2024-02-01,0.9288,-0.712,0,down,"IODA bgp worst-of route visibility 0.9288 of normal, driven by HT (daily-min ÷ 28d median), across 153/153 countries (settled UTC day 2024-02-01) [archive import: scored retroactively, not a live reading]",2024-02-01,scoring
2024-02-02,0.5467,-4.533,1,down,"IODA bgp worst-of route visibility 0.5467 of normal, driven by SD (daily-min ÷ 28d median), across 153/153 countries (settled UTC day 2024-02-02) [archive import: scored retroactively, not a live reading]",2024-02-02,scoring
2024-02-03,0.5592,-4.408,1,down,"IODA bgp worst-of route visibility 0.5592 of normal, driven by SD (daily-min ÷ 28d median), across 153/153 countries (settled UTC day 2024-02-03) [archive import: scored retroactively, not a live reading]",2024-02-03,scoring
2024-02-04,0.5592,-4.408,1,down,"IODA bgp worst-of route visibility 0.5592 of normal, driven by SD (daily-min ÷ 28d median), across 153/153 countries (settled UTC day 2024-02-04) [archive import: scored retroactively, not a live reading]",2024-02-04,scoring
2024-02-05,0.5546,-4.454,1,down,"IODA bgp worst-of route visibility 0.5546 of normal, driven by SD (daily-min ÷ 28d median), across 153/153 countries (settled UTC day 2024-02-05) [archive import: scored retroactively, not a live reading]",2024-02-05,scoring
2024-02-06,0.5592,-4.408,1,down,"IODA bgp worst-of route visibility 0.5592 of normal, driven by SD (daily-min ÷ 28d median), across 153/153 countries (settled UTC day 2024-02-06) [archive import: scored retroactively, not a live reading]",2024-02-06,scoring
2024-02-07,0.0233,-9.767,1,down,"IODA bgp worst-of route visibility 0.0233 of normal, driven by SD (daily-min ÷ 28d median), across 153/153 countries (settled UTC day 2024-02-07) [archive import: scored retroactively, not a live reading]",2024-02-07,scoring
2024-02-08,0.0453,-9.547,1,down,"IODA bgp worst-of route visibility 0.0453 of normal, driven by SD (daily-min ÷ 28d median), across 153/153 countries (settled UTC day 2024-02-08) [archive import: scored retroactively, not a live reading]",2024-02-08,scoring
2024-02-09,0.046,-9.540,1,down,"IODA bgp worst-of route visibility 0.0460 of normal, driven by SD (daily-min ÷ 28d median), across 153/153 countries (settled UTC day 2024-02-09) [archive import: scored retroactively, not a live reading]",2024-02-09,scoring
2024-02-10,0.0406,-9.594,1,down,"IODA bgp worst-of route visibility 0.0406 of normal, driven by SD (daily-min ÷ 28d median), across 153/153 countries (settled UTC day 2024-02-10) [archive import: scored retroactively, not a live reading]",2024-02-10,scoring
2024-02-11,0.0456,-9.544,1,down,"IODA bgp worst-of route visibility 0.0456 of normal, driven by SD (daily-min ÷ 28d median), across 153/153 countries (settled UTC day 2024-02-11) [archive import: scored retroactively, not a live reading]",2024-02-11,scoring
2024-02-12,0.0458,-9.542,1,down,"IODA bgp worst-of route visibility 0.0458 of normal, driven by SD (daily-min ÷ 28d median), across 153/153 countries (settled UTC day 2024-02-12) [archive import: scored retroactively, not a live reading]",2024-02-12,scoring
2024-02-13,0.0463,-9.537,1,down,"IODA bgp worst-of route visibility 0.0463 of normal, driven by SD (daily-min ÷ 28d median), across 153/153 countries (settled UTC day 2024-02-13) [archive import: scored retroactively, not a live reading]",2024-02-13,scoring
2024-02-14,0.0463,-9.537,1,down,"IODA bgp worst-of route visibility 0.0463 of normal, driven by SD (daily-min ÷ 28d median), across 153/153 countries (settled UTC day 2024-02-14) [archive import: scored retroactively, not a live reading]",2024-02-14,scoring
2024-02-15,0.0465,-9.535,1,down,"IODA bgp worst-of route visibility 0.0465 of normal, driven by SD (daily-min ÷ 28d median), across 153/153 countries (settled UTC day 2024-02-15) [archive import: scored retroactively, not a live reading]",2024-02-15,scoring
2024-02-16,0.0462,-9.538,1,down,"IODA bgp worst-of route visibility 0.0462 of normal, driven by SD (daily-min ÷ 28d median), across 153/153 countries (settled UTC day 2024-02-16) [archive import: scored retroactively, not a live reading]",2024-02-16,scoring
2024-02-17,0.0592,-9.408,1,down,"IODA bgp worst-of route visibility 0.0592 of normal, driven by SD (daily-min ÷ 28d median), across 153/153 countries (settled UTC day 2024-02-17) [archive import: scored retroactively, not a live reading]",2024-02-17,scoring
2024-02-18,0.0825,-9.175,1,down,"IODA bgp worst-of route visibility 0.0825 of normal, driven by SD (daily-min ÷ 28d median), across 153/153 countries (settled UTC day 2024-02-18) [archive import: scored retroactively, not a live reading]",2024-02-18,scoring
2024-02-19,0.0828,-9.172,1,down,"IODA bgp worst-of route visibility 0.0828 of normal, driven by SD (daily-min ÷ 28d median), across 153/153 countries (settled UTC day 2024-02-19) [archive import: scored retroactively, not a live reading]",2024-02-19,scoring
2024-02-20,0.0831,-9.169,1,down,"IODA bgp worst-of route visibility 0.0831 of normal, driven by SD (daily-min ÷ 28d median), across 153/153 countries (settled UTC day 2024-02-20) [archive import: scored retroactively, not a live reading]",2024-02-20,scoring
2024-02-21,0.1539,-8.461,1,down,"IODA bgp worst-of route visibility 0.1539 of normal, driven by SD (daily-min ÷ 28d median), across 153/153 countries (settled UTC day 2024-02-21) [archive import: scored retroactively, not a live reading]",2024-02-21,scoring
2024-02-22,0.9663,-0.337,0,down,"IODA bgp worst-of route visibility 0.9663 of normal, driven by VE (daily-min ÷ 28d median), across 153/153 countries (settled UTC day 2024-02-22) [archive import: scored retroactively, not a live reading]",2024-02-22,scoring
2024-02-23,0.9574,-0.426,0,down,"IODA bgp worst-of route visibility 0.9574 of normal, driven by BO (daily-min ÷ 28d median), across 153/153 countries (settled UTC day 2024-02-23) [archive import: scored retroactively, not a live reading]",2024-02-23,scoring
2024-02-24,0.9537,-0.463,0,down,"IODA bgp worst-of route visibility 0.9537 of normal, driven by VE (daily-min ÷ 28d median), across 153/153 countries (settled UTC day 2024-02-24) [archive import: scored retroactively, not a live reading]",2024-02-24,scoring
2024-02-25,0.9347,-0.653,0,down,"IODA bgp worst-of route visibility 0.9347 of normal, driven by GA (daily-min ÷ 28d median), across 153/153 countries (settled UTC day 2024-02-25) [archive import: scored retroactively, not a live reading]",2024-02-25,scoring
2024-02-26,0.9433,-0.567,0,down,"IODA bgp worst-of route visibility 0.9433 of normal, driven by VE (daily-min ÷ 28d median), across 153/153 countries (settled UTC day 2024-02-26) [archive import: scored retroactively, not a live reading]",2024-02-26,scoring
2024-02-27,0.8299,-1.701,0,down,"IODA bgp worst-of route visibility 0.8299 of normal, driven by CI (daily-min ÷ 28d median), across 153/153 countries (settled UTC day 2024-02-27) [archive import: scored retroactively, not a live reading]",2024-02-27,scoring
2024-02-28,0.904,-0.960,0,down,"IODA bgp worst-of route visibility 0.9040 of normal, driven by PY (daily-min ÷ 28d median), across 153/153 countries (settled UTC day 2024-02-28) [archive import: scored retroactively, not a live reading]",2024-02-28,scoring
2024-02-29,0.9444,-0.556,0,down,"IODA bgp worst-of route visibility 0.9444 of normal, driven by SD (daily-min ÷ 28d median), across 153/153 countries (settled UTC day 2024-02-29) [archive import: scored retroactively, not a live reading]",2024-02-29,scoring
2024-03-01,0.9432,-0.568,0,down,"IODA bgp worst-of route visibility 0.9432 of normal, driven by VE (daily-min ÷ 28d median), across 153/153 countries (settled UTC day 2024-03-01) [archive import: scored retroactively, not a live reading]",2024-03-01,scoring
2024-03-02,0.9473,-0.527,0,down,"IODA bgp worst-of route visibility 0.9473 of normal, driven by VE (daily-min ÷ 28d median), across 153/153 countries (settled UTC day 2024-03-02) [archive import: scored retroactively, not a live reading]",2024-03-02,scoring
2024-03-03,0.859,-1.410,0,down,"IODA bgp worst-of route visibility 0.8590 of normal, driven by HT (daily-min ÷ 28d median), across 153/153 countries (settled UTC day 2024-03-03) [archive import: scored retroactively, not a live reading]",2024-03-03,scoring
2024-03-04,0.9387,-0.613,0,down,"IODA bgp worst-of route visibility 0.9387 of normal, driven by VE (daily-min ÷ 28d median), across 153/153 countries (settled UTC day 2024-03-04) [archive import: scored retroactively, not a live reading]",2024-03-04,scoring
2024-03-05,0.9445,-0.555,0,down,"IODA bgp worst-of route visibility 0.9445 of normal, driven by VE (daily-min ÷ 28d median), across 153/153 countries (settled UTC day 2024-03-05) [archive import: scored retroactively, not a live reading]",2024-03-05,scoring
2024-03-06,0.8904,-1.096,0,down,"IODA bgp worst-of route visibility 0.8904 of normal, driven by BJ (daily-min ÷ 28d median), across 153/153 countries (settled UTC day 2024-03-06) [archive import: scored retroactively, not a live reading]",2024-03-06,scoring
2024-03-07,0.9595,-0.405,0,down,"IODA bgp worst-of route visibility 0.9595 of normal, driven by VE (daily-min ÷ 28d median), across 153/153 countries (settled UTC day 2024-03-07) [archive import: scored retroactively, not a live reading]",2024-03-07,scoring
2024-03-08,0.9583,-0.417,0,down,"IODA bgp worst-of route visibility 0.9583 of normal, driven by VE (daily-min ÷ 28d median), across 153/153 countries (settled UTC day 2024-03-08) [archive import: scored retroactively, not a live reading]",2024-03-08,scoring
2024-03-09,0.9609,-0.391,0,down,"IODA bgp worst-of route visibility 0.9609 of normal, driven by ZM (daily-min ÷ 28d median), across 153/153 countries (settled UTC day 2024-03-09) [archive import: scored retroactively, not a live reading]",2024-03-09,scoring
2024-03-10,0.8951,-1.049,0,down,"IODA bgp worst-of route visibility 0.8951 of normal, driven by MM (daily-min ÷ 28d median), across 153/153 countries (settled UTC day 2024-03-10) [archive import: scored retroactively, not a live reading]",2024-03-10,scoring
2024-03-11,0.9646,-0.354,0,down,"IODA bgp worst-of route visibility 0.9646 of normal, driven by VE (daily-min ÷ 28d median), across 153/153 countries (settled UTC day 2024-03-11) [archive import: scored retroactively, not a live reading]",2024-03-11,scoring
2024-03-12,0.9132,-0.868,0,down,"IODA bgp worst-of route visibility 0.9132 of normal, driven by PY (daily-min ÷ 28d median), across 153/153 countries (settled UTC day 2024-03-12) [archive import: scored retroactively, not a live reading]",2024-03-12,scoring
2024-03-13,0.9575,-0.425,0,down,"IODA bgp worst-of route visibility 0.9575 of normal, driven by VE (daily-min ÷ 28d median), across 153/153 countries (settled UTC day 2024-03-13) [archive import: scored retroactively, not a live reading]",2024-03-13,scoring
2024-03-14,0.1443,-8.557,1,down,"IODA bgp worst-of route visibility 0.1443 of normal, driven by CI (daily-min ÷ 28d median), across 153/153 countries (settled UTC day 2024-03-14) [archive import: scored retroactively, not a live reading]",2024-03-14,scoring
2024-03-15,0.1455,-8.545,1,down,"IODA bgp worst-of route visibility 0.1455 of normal, driven by CI (daily-min ÷ 28d median), across 153/153 countries (settled UTC day 2024-03-15) [archive import: scored retroactively, not a live reading]",2024-03-15,scoring
2024-03-16,0.1828,-8.172,1,down,"IODA bgp worst-of route visibility 0.1828 of normal, driven by GH (daily-min ÷ 28d median), across 153/153 countries (settled UTC day 2024-03-16) [archive import: scored retroactively, not a live reading]",2024-03-16,scoring
2024-03-17,0.1945,-8.055,1,down,"IODA bgp worst-of route visibility 0.1945 of normal, driven by GH (daily-min ÷ 28d median), across 153/153 countries (settled UTC day 2024-03-17) [archive import: scored retroactively, not a live reading]",2024-03-17,scoring
2024-03-18,0.2636,-7.364,1,down,"IODA bgp worst-of route visibility 0.2636 of normal, driven by GH (daily-min ÷ 28d median), across 153/153 countries (settled UTC day 2024-03-18) [archive import: scored retroactively, not a live reading]",2024-03-18,scoring
2024-03-19,0.2906,-7.094,1,down,"IODA bgp worst-of route visibility 0.2906 of normal, driven by GH (daily-min ÷ 28d median), across 153/153 countries (settled UTC day 2024-03-19) [archive import: scored retroactively, not a live reading]",2024-03-19,scoring
2024-03-20,0.3105,-6.895,1,down,"IODA bgp worst-of route visibility 0.3105 of normal, driven by GH (daily-min ÷ 28d median), across 153/153 countries (settled UTC day 2024-03-20) [archive import: scored retroactively, not a live reading]",2024-03-20,scoring
2024-03-21,0.3155,-6.845,1,down,"IODA bgp worst-of route visibility 0.3155 of normal, driven by GH (daily-min ÷ 28d median), across 153/153 countries (settled UTC day 2024-03-21) [archive import: scored retroactively, not a live reading]",2024-03-21,scoring
2024-03-22,0.1471,-8.529,1,down,"IODA bgp worst-of route visibility 0.1471 of normal, driven by YE (daily-min ÷ 28d median), across 153/153 countries (settled UTC day 2024-03-22) [archive import: scored retroactively, not a live reading]",2024-03-22,scoring
2024-03-23,0.3205,-6.795,1,down,"IODA bgp worst-of route visibility 0.3205 of normal, driven by GH (daily-min ÷ 28d median), across 153/153 countries (settled UTC day 2024-03-23) [archive import: scored retroactively, not a live reading]",2024-03-23,scoring
2024-03-24,0.3233,-6.767,1,down,"IODA bgp worst-of route visibility 0.3233 of normal, driven by GH (daily-min ÷ 28d median), across 153/153 countries (settled UTC day 2024-03-24) [archive import: scored retroactively, not a live reading]",2024-03-24,scoring
2024-03-25,0.3211,-6.789,1,down,"IODA bgp worst-of route visibility 0.3211 of normal, driven by GH (daily-min ÷ 28d median), across 153/153 countries (settled UTC day 2024-03-25) [archive import: scored retroactively, not a live reading]",2024-03-25,scoring
2024-03-26,0.3055,-6.945,1,down,"IODA bgp worst-of route visibility 0.3055 of normal, driven by GH (daily-min ÷ 28d median), across 153/153 countries (settled UTC day 2024-03-26) [archive import: scored retroactively, not a live reading]",2024-03-26,scoring
2024-03-27,0.3147,-6.853,1,down,"IODA bgp worst-of route visibility 0.3147 of normal, driven by GH (daily-min ÷ 28d median), across 153/153 countries (settled UTC day 2024-03-27) [archive import: scored retroactively, not a live reading]",2024-03-27,scoring
2024-03-28,0.4824,-5.176,1,down,"IODA bgp worst-of route visibility 0.4824 of normal, driven by GH (daily-min ÷ 28d median), across 153/153 countries (settled UTC day 2024-03-28) [archive import: scored retroactively, not a live reading]",2024-03-28,scoring
2024-03-29,0.9352,-0.648,0,down,"IODA bgp worst-of route visibility 0.9352 of normal, driven by MN (daily-min ÷ 28d median), across 153/153 countries (settled UTC day 2024-03-29) [archive import: scored retroactively, not a live reading]",2024-03-29,scoring
2024-03-30,0.9418,-0.582,0,down,"IODA bgp worst-of route visibility 0.9418 of normal, driven by MN (daily-min ÷ 28d median), across 153/153 countries (settled UTC day 2024-03-30) [archive import: scored retroactively, not a live reading]",2024-03-30,scoring
2024-03-31,0.9641,-0.359,0,down,"IODA bgp worst-of route visibility 0.9641 of normal, driven by MN (daily-min ÷ 28d median), across 153/153 countries (settled UTC day 2024-03-31) [archive import: scored retroactively, not a live reading]",2024-03-31,scoring
2024-04-01,0.981,-0.190,0,down,"IODA bgp worst-of route visibility 0.9810 of normal, driven by MN (daily-min ÷ 28d median), across 153/153 countries (settled UTC day 2024-04-01) [archive import: scored retroactively, not a live reading]",2024-04-01,scoring
2024-04-02,0.9727,-0.273,0,down,"IODA bgp worst-of route visibility 0.9727 of normal, driven by AZ (daily-min ÷ 28d median), across 153/153 countries (settled UTC day 2024-04-02) [archive import: scored retroactively, not a live reading]",2024-04-02,scoring
2024-04-03,0.9748,-0.252,0,down,"IODA bgp worst-of route visibility 0.9748 of normal, driven by SC (daily-min ÷ 28d median), across 153/153 countries (settled UTC day 2024-04-03) [archive import: scored retroactively, not a live reading]",2024-04-03,scoring
2024-04-04,0.9707,-0.293,0,down,"IODA bgp worst-of route visibility 0.9707 of normal, driven by BF (daily-min ÷ 28d median), across 153/153 countries (settled UTC day 2024-04-04) [archive import: scored retroactively, not a live reading]",2024-04-04,scoring
2024-04-05,0.9218,-0.782,0,down,"IODA bgp worst-of route visibility 0.9218 of normal, driven by NC (daily-min ÷ 28d median), across 153/153 countries (settled UTC day 2024-04-05) [archive import: scored retroactively, not a live reading]",2024-04-05,scoring
2024-04-06,0.9218,-0.782,0,down,"IODA bgp worst-of route visibility 0.9218 of normal, driven by NC (daily-min ÷ 28d median), across 153/153 countries (settled UTC day 2024-04-06) [archive import: scored retroactively, not a live reading]",2024-04-06,scoring
2024-04-07,0.9495,-0.505,0,down,"IODA bgp worst-of route visibility 0.9495 of normal, driven by MW (daily-min ÷ 28d median), across 153/153 countries (settled UTC day 2024-04-07) [archive import: scored retroactively, not a live reading]",2024-04-07,scoring
2024-04-08,0.7399,-2.601,0,down,"IODA bgp worst-of route visibility 0.7399 of normal, driven by CG (daily-min ÷ 28d median), across 153/153 countries (settled UTC day 2024-04-08) [archive import: scored retroactively, not a live reading]",2024-04-08,scoring
2024-04-09,0.5912,-4.088,1,down,"IODA bgp worst-of route visibility 0.5912 of normal, driven by CG (daily-min ÷ 28d median), across 153/153 countries (settled UTC day 2024-04-09) [archive import: scored retroactively, not a live reading]",2024-04-09,scoring
2024-04-10,0.9897,-0.103,0,down,"IODA bgp worst-of route visibility 0.9897 of normal, driven by BW (daily-min ÷ 28d median), across 153/153 countries (settled UTC day 2024-04-10) [archive import: scored retroactively, not a live reading]",2024-04-10,scoring
2024-04-11,0.9218,-0.782,0,down,"IODA bgp worst-of route visibility 0.9218 of normal, driven by NC (daily-min ÷ 28d median), across 153/153 countries (settled UTC day 2024-04-11) [archive import: scored retroactively, not a live reading]",2024-04-11,scoring
2024-04-12,0.9587,-0.413,0,down,"IODA bgp worst-of route visibility 0.9587 of normal, driven by TZ (daily-min ÷ 28d median), across 153/153 countries (settled UTC day 2024-04-12) [archive import: scored retroactively, not a live reading]",2024-04-12,scoring
2024-04-13,0.9587,-0.413,0,down,"IODA bgp worst-of route visibility 0.9587 of normal, driven by TZ (daily-min ÷ 28d median), across 153/153 countries (settled UTC day 2024-04-13) [archive import: scored retroactively, not a live reading]",2024-04-13,scoring
2024-04-14,0.5524,-4.476,1,down,"IODA bgp worst-of route visibility 0.5524 of normal, driven by CG (daily-min ÷ 28d median), across 153/153 countries (settled UTC day 2024-04-14) [archive import: scored retroactively, not a live reading]",2024-04-14,scoring
2024-04-15,0.924,-0.760,0,down,"IODA bgp worst-of route visibility 0.9240 of normal, driven by PA (daily-min ÷ 28d median), across 153/153 countries (settled UTC day 2024-04-15) [archive import: scored retroactively, not a live reading]",2024-04-15,scoring
2024-04-16,0.7731,-2.269,0,down,"IODA bgp worst-of route visibility 0.7731 of normal, driven by CG (daily-min ÷ 28d median), across 153/153 countries (settled UTC day 2024-04-16) [archive import: scored retroactively, not a live reading]",2024-04-16,scoring
2024-04-17,0.9592,-0.408,0,down,"IODA bgp worst-of route visibility 0.9592 of normal, driven by ZA (daily-min ÷ 28d median), across 153/153 countries (settled UTC day 2024-04-17) [archive import: scored retroactively, not a live reading]",2024-04-17,scoring
2024-04-18,0.9593,-0.407,0,down,"IODA bgp worst-of route visibility 0.9593 of normal, driven by ZA (daily-min ÷ 28d median), across 153/153 countries (settled UTC day 2024-04-18) [archive import: scored retroactively, not a live reading]",2024-04-18,scoring
2024-04-19,0.9721,-0.279,0,down,"IODA bgp worst-of route visibility 0.9721 of normal, driven by RE (daily-min ÷ 28d median), across 153/153 countries (settled UTC day 2024-04-19) [archive import: scored retroactively, not a live reading]",2024-04-19,scoring
2024-04-20,0.9417,-0.583,0,down,"IODA bgp worst-of route visibility 0.9417 of normal, driven by TZ (daily-min ÷ 28d median), across 153/153 countries (settled UTC day 2024-04-20) [archive import: scored retroactively, not a live reading]",2024-04-20,scoring
2024-04-21,0.977,-0.230,0,down,"IODA bgp worst-of route visibility 0.9770 of normal, driven by MW (daily-min ÷ 28d median), across 153/153 countries (settled UTC day 2024-04-21) [archive import: scored retroactively, not a live reading]",2024-04-21,scoring
2024-04-22,0.9593,-0.407,0,down,"IODA bgp worst-of route visibility 0.9593 of normal, driven by MM (daily-min ÷ 28d median), across 153/153 countries (settled UTC day 2024-04-22) [archive import: scored retroactively, not a live reading]",2024-04-22,scoring
2024-04-23,0.9721,-0.279,0,down,"IODA bgp worst-of route visibility 0.9721 of normal, driven by RE (daily-min ÷ 28d median), across 153/153 countries (settled UTC day 2024-04-23) [archive import: scored retroactively, not a live reading]",2024-04-23,scoring
2024-04-24,0.9593,-0.407,0,down,"IODA bgp worst-of route visibility 0.9593 of normal, driven by MM (daily-min ÷ 28d median), across 153/153 countries (settled UTC day 2024-04-24) [archive import: scored retroactively, not a live reading]",2024-04-24,scoring
2024-04-25,0.9147,-0.853,0,down,"IODA bgp worst-of route visibility 0.9147 of normal, driven by AO (daily-min ÷ 28d median), across 153/153 countries (settled UTC day 2024-04-25) [archive import: scored retroactively, not a live reading]",2024-04-25,scoring
2024-04-26,0.9721,-0.279,0,down,"IODA bgp worst-of route visibility 0.9721 of normal, driven by RE (daily-min ÷ 28d median), across 153/153 countries (settled UTC day 2024-04-26) [archive import: scored retroactively, not a live reading]",2024-04-26,scoring
2024-04-27,0.8448,-1.552,0,down,"IODA bgp worst-of route visibility 0.8448 of normal, driven by HT (daily-min ÷ 28d median), across 153/153 countries (settled UTC day 2024-04-27) [archive import: scored retroactively, not a live reading]",2024-04-27,scoring
2024-04-28,0.8448,-1.552,0,down,"IODA bgp worst-of route visibility 0.8448 of normal, driven by HT (daily-min ÷ 28d median), across 153/153 countries (settled UTC day 2024-04-28) [archive import: scored retroactively, not a live reading]",2024-04-28,scoring
2024-04-29,0.9812,-0.188,0,down,"IODA bgp worst-of route visibility 0.9812 of normal, driven by NG (daily-min ÷ 28d median), across 153/153 countries (settled UTC day 2024-04-29) [archive import: scored retroactively, not a live reading]",2024-04-29,scoring
2024-04-30,0.979,-0.210,0,down,"IODA bgp worst-of route visibility 0.9790 of normal, driven by NG (daily-min ÷ 28d median), across 153/153 countries (settled UTC day 2024-04-30) [archive import: scored retroactively, not a live reading]",2024-04-30,scoring
2024-05-01,0.5518,-4.482,1,down,"IODA bgp worst-of route visibility 0.5518 of normal, driven by VI (daily-min ÷ 28d median), across 153/153 countries (settled UTC day 2024-05-01) [archive import: scored retroactively, not a live reading]",2024-05-01,scoring
2024-05-02,0.5654,-4.346,1,down,"IODA bgp worst-of route visibility 0.5654 of normal, driven by VI (daily-min ÷ 28d median), across 153/153 countries (settled UTC day 2024-05-02) [archive import: scored retroactively, not a live reading]",2024-05-02,scoring
2024-05-03,0.8569,-1.431,0,down,"IODA bgp worst-of route visibility 0.8569 of normal, driven by HT (daily-min ÷ 28d median), across 153/153 countries (settled UTC day 2024-05-03) [archive import: scored retroactively, not a live reading]",2024-05-03,scoring
2024-05-04,0.9724,-0.276,0,down,"IODA bgp worst-of route visibility 0.9724 of normal, driven by AO (daily-min ÷ 28d median), across 153/153 countries (settled UTC day 2024-05-04) [archive import: scored retroactively, not a live reading]",2024-05-04,scoring
2024-05-05,0.971,-0.290,0,down,"IODA bgp worst-of route visibility 0.9710 of normal, driven by AO (daily-min ÷ 28d median), across 153/153 countries (settled UTC day 2024-05-05) [archive import: scored retroactively, not a live reading]",2024-05-05,scoring
2024-05-06,0.6401,-3.599,1,down,"IODA bgp worst-of route visibility 0.6401 of normal, driven by HT (daily-min ÷ 28d median), across 153/153 countries (settled UTC day 2024-05-06) [archive import: scored retroactively, not a live reading]",2024-05-06,scoring
2024-05-07,0.9635,-0.365,0,down,"IODA bgp worst-of route visibility 0.9635 of normal, driven by BN (daily-min ÷ 28d median), across 153/153 countries (settled UTC day 2024-05-07) [archive import: scored retroactively, not a live reading]",2024-05-07,scoring
2024-05-08,0.9626,-0.374,0,down,"IODA bgp worst-of route visibility 0.9626 of normal, driven by BH (daily-min ÷ 28d median), across 153/153 countries (settled UTC day 2024-05-08) [archive import: scored retroactively, not a live reading]",2024-05-08,scoring
2024-05-09,0.9717,-0.283,0,down,"IODA bgp worst-of route visibility 0.9717 of normal, driven by AO (daily-min ÷ 28d median), across 153/153 countries (settled UTC day 2024-05-09) [archive import: scored retroactively, not a live reading]",2024-05-09,scoring
2024-05-10,0.964,-0.360,0,down,"IODA bgp worst-of route visibility 0.9640 of normal, driven by AZ (daily-min ÷ 28d median), across 153/153 countries (settled UTC day 2024-05-10) [archive import: scored retroactively, not a live reading]",2024-05-10,scoring
2024-05-11,0.9728,-0.272,0,down,"IODA bgp worst-of route visibility 0.9728 of normal, driven by HN (daily-min ÷ 28d median), across 153/153 countries (settled UTC day 2024-05-11) [archive import: scored retroactively, not a live reading]",2024-05-11,scoring
2024-05-12,0.534,-4.660,1,down,"IODA bgp worst-of route visibility 0.5340 of normal, driven by TZ (daily-min ÷ 28d median), across 153/153 countries (settled UTC day 2024-05-12) [archive import: scored retroactively, not a live reading]",2024-05-12,scoring
2024-05-13,0.9544,-0.456,0,down,"IODA bgp worst-of route visibility 0.9544 of normal, driven by MM (daily-min ÷ 28d median), across 153/153 countries (settled UTC day 2024-05-13) [archive import: scored retroactively, not a live reading]",2024-05-13,scoring
2024-05-14,0.8472,-1.528,0,down,"IODA bgp worst-of route visibility 0.8472 of normal, driven by MZ (daily-min ÷ 28d median), across 153/153 countries (settled UTC day 2024-05-14) [archive import: scored retroactively, not a live reading]",2024-05-14,scoring
2024-05-15,0.9533,-0.467,0,down,"IODA bgp worst-of route visibility 0.9533 of normal, driven by MM (daily-min ÷ 28d median), across 153/153 countries (settled UTC day 2024-05-15) [archive import: scored retroactively, not a live reading]",2024-05-15,scoring
2024-05-16,0.8735,-1.265,0,down,"IODA bgp worst-of route visibility 0.8735 of normal, driven by TZ (daily-min ÷ 28d median), across 153/153 countries (settled UTC day 2024-05-16) [archive import: scored retroactively, not a live reading]",2024-05-16,scoring
2024-05-17,0.9137,-0.863,0,down,"IODA bgp worst-of route visibility 0.9137 of normal, driven by GA (daily-min ÷ 28d median), across 153/153 countries (settled UTC day 2024-05-17) [archive import: scored retroactively, not a live reading]",2024-05-17,scoring
2024-05-18,0.9024,-0.976,0,down,"IODA bgp worst-of route visibility 0.9024 of normal, driven by ZM (daily-min ÷ 28d median), across 153/153 countries (settled UTC day 2024-05-18) [archive import: scored retroactively, not a live reading]",2024-05-18,scoring
2024-05-19,0.951,-0.490,0,down,"IODA bgp worst-of route visibility 0.9510 of normal, driven by ZM (daily-min ÷ 28d median), across 153/153 countries (settled UTC day 2024-05-19) [archive import: scored retroactively, not a live reading]",2024-05-19,scoring
2024-05-20,0.9061,-0.939,0,down,"IODA bgp worst-of route visibility 0.9061 of normal, driven by MM (daily-min ÷ 28d median), across 153/153 countries (settled UTC day 2024-05-20) [archive import: scored retroactively, not a live reading]",2024-05-20,scoring
2024-05-21,0.7737,-2.263,0,down,"IODA bgp worst-of route visibility 0.7737 of normal, driven by IQ (daily-min ÷ 28d median), across 153/153 countries (settled UTC day 2024-05-21) [archive import: scored retroactively, not a live reading]",2024-05-21,scoring
2024-05-22,0.9629,-0.371,0,down,"IODA bgp worst-of route visibility 0.9629 of normal, driven by ZW (daily-min ÷ 28d median), across 153/153 countries (settled UTC day 2024-05-22) [archive import: scored retroactively, not a live reading]",2024-05-22,scoring
2024-05-23,0.9729,-0.271,0,down,"IODA bgp worst-of route visibility 0.9729 of normal, driven by MM (daily-min ÷ 28d median), across 153/153 countries (settled UTC day 2024-05-23) [archive import: scored retroactively, not a live reading]",2024-05-23,scoring
2024-05-24,0.8768,-1.232,0,down,"IODA bgp worst-of route visibility 0.8768 of normal, driven by RO (daily-min ÷ 28d median), across 153/153 countries (settled UTC day 2024-05-24) [archive import: scored retroactively, not a live reading]",2024-05-24,scoring
2024-05-25,0.7875,-2.125,0,down,"IODA bgp worst-of route visibility 0.7875 of normal, driven by IQ (daily-min ÷ 28d median), across 153/153 countries (settled UTC day 2024-05-25) [archive import: scored retroactively, not a live reading]",2024-05-25,scoring
2024-05-26,0.0328,-9.672,1,down,"IODA bgp worst-of route visibility 0.0328 of normal, driven by SY (daily-min ÷ 28d median), across 153/153 countries (settled UTC day 2024-05-26) [archive import: scored retroactively, not a live reading]",2024-05-26,scoring
2024-05-27,0.0336,-9.664,1,down,"IODA bgp worst-of route visibility 0.0336 of normal, driven by SY (daily-min ÷ 28d median), across 153/153 countries (settled UTC day 2024-05-27) [archive import: scored retroactively, not a live reading]",2024-05-27,scoring
2024-05-28,0.037,-9.630,1,down,"IODA bgp worst-of route visibility 0.0370 of normal, driven by SY (daily-min ÷ 28d median), across 153/153 countries (settled UTC day 2024-05-28) [archive import: scored retroactively, not a live reading]",2024-05-28,scoring
2024-05-29,0.2209,-7.791,1,down,"IODA bgp worst-of route visibility 0.2209 of normal, driven by SY (daily-min ÷ 28d median), across 153/153 countries (settled UTC day 2024-05-29) [archive import: scored retroactively, not a live reading]",2024-05-29,scoring
2024-05-30,0.0366,-9.634,1,down,"IODA bgp worst-of route visibility 0.0366 of normal, driven by SY (daily-min ÷ 28d median), across 153/153 countries (settled UTC day 2024-05-30) [archive import: scored retroactively, not a live reading]",2024-05-30,scoring
2024-05-31,0.593,-4.070,1,down,"IODA bgp worst-of route visibility 0.5930 of normal, driven by MU (daily-min ÷ 28d median), across 153/153 countries (settled UTC day 2024-05-31) [archive import: scored retroactively, not a live reading]",2024-05-31,scoring
2024-06-01,0.0412,-9.588,1,down,"IODA bgp worst-of route visibility 0.0412 of normal, driven by SY (daily-min ÷ 28d median), across 153/153 countries (settled UTC day 2024-06-01) [archive import: scored retroactively, not a live reading]",2024-06-01,scoring
2024-06-02,0.0412,-9.588,1,down,"IODA bgp worst-of route visibility 0.0412 of normal, driven by SY (daily-min ÷ 28d median), across 153/153 countries (settled UTC day 2024-06-02) [archive import: scored retroactively, not a live reading]",2024-06-02,scoring
2024-06-03,0.0418,-9.582,1,down,"IODA bgp worst-of route visibility 0.0418 of normal, driven by SY (daily-min ÷ 28d median), across 153/153 countries (settled UTC day 2024-06-03) [archive import: scored retroactively, not a live reading]",2024-06-03,scoring
2024-06-04,0.0418,-9.582,1,down,"IODA bgp worst-of route visibility 0.0418 of normal, driven by SY (daily-min ÷ 28d median), across 153/153 countries (settled UTC day 2024-06-04) [archive import: scored retroactively, not a live reading]",2024-06-04,scoring
2024-06-05,0.0418,-9.582,1,down,"IODA bgp worst-of route visibility 0.0418 of normal, driven by SY (daily-min ÷ 28d median), across 153/153 countries (settled UTC day 2024-06-05) [archive import: scored retroactively, not a live reading]",2024-06-05,scoring
2024-06-06,0.0467,-9.533,1,down,"IODA bgp worst-of route visibility 0.0467 of normal, driven by SY (daily-min ÷ 28d median), across 153/153 countries (settled UTC day 2024-06-06) [archive import: scored retroactively, not a live reading]",2024-06-06,scoring
2024-06-07,0.5998,-4.002,1,down,"IODA bgp worst-of route visibility 0.5998 of normal, driven by MU (daily-min ÷ 28d median), across 153/153 countries (settled UTC day 2024-06-07) [archive import: scored retroactively, not a live reading]",2024-06-07,scoring
2024-06-08,0.0462,-9.538,1,down,"IODA bgp worst-of route visibility 0.0462 of normal, driven by SY (daily-min ÷ 28d median), across 153/153 countries (settled UTC day 2024-06-08) [archive import: scored retroactively, not a live reading]",2024-06-08,scoring
2024-06-09,0.0458,-9.542,1,down,"IODA bgp worst-of route visibility 0.0458 of normal, driven by SY (daily-min ÷ 28d median), across 153/153 countries (settled UTC day 2024-06-09) [archive import: scored retroactively, not a live reading]",2024-06-09,scoring
2024-06-10,0.6006,-3.994,1,down,"IODA bgp worst-of route visibility 0.6006 of normal, driven by MU (daily-min ÷ 28d median), across 153/153 countries (settled UTC day 2024-06-10) [archive import: scored retroactively, not a live reading]",2024-06-10,scoring
2024-06-11,0.0458,-9.542,1,down,"IODA bgp worst-of route visibility 0.0458 of normal, driven by SY (daily-min ÷ 28d median), across 153/153 countries (settled UTC day 2024-06-11) [archive import: scored retroactively, not a live reading]",2024-06-11,scoring
2024-06-12,0.0458,-9.542,1,down,"IODA bgp worst-of route visibility 0.0458 of normal, driven by SY (daily-min ÷ 28d median), across 153/153 countries (settled UTC day 2024-06-12) [archive import: scored retroactively, not a live reading]",2024-06-12,scoring
2024-06-13,0.0458,-9.542,1,down,"IODA bgp worst-of route visibility 0.0458 of normal, driven by SY (daily-min ÷ 28d median), across 153/153 countries (settled UTC day 2024-06-13) [archive import: scored retroactively, not a live reading]",2024-06-13,scoring
2024-06-14,0.7466,-2.534,0,down,"IODA bgp worst-of route visibility 0.7466 of normal, driven by MU (daily-min ÷ 28d median), across 153/153 countries (settled UTC day 2024-06-14) [archive import: scored retroactively, not a live reading]",2024-06-14,scoring
2024-06-15,0.7765,-2.235,0,down,"IODA bgp worst-of route visibility 0.7765 of normal, driven by KE (daily-min ÷ 28d median), across 153/153 countries (settled UTC day 2024-06-15) [archive import: scored retroactively, not a live reading]",2024-06-15,scoring
2024-06-16,0.7766,-2.234,0,down,"IODA bgp worst-of route visibility 0.7766 of normal, driven by KE (daily-min ÷ 28d median), across 153/153 countries (settled UTC day 2024-06-16) [archive import: scored retroactively, not a live reading]",2024-06-16,scoring
2024-06-17,0.7766,-2.234,0,down,"IODA bgp worst-of route visibility 0.7766 of normal, driven by KE (daily-min ÷ 28d median), across 153/153 countries (settled UTC day 2024-06-17) [archive import: scored retroactively, not a live reading]",2024-06-17,scoring
2024-06-18,0.7766,-2.234,0,down,"IODA bgp worst-of route visibility 0.7766 of normal, driven by KE (daily-min ÷ 28d median), across 153/153 countries (settled UTC day 2024-06-18) [archive import: scored retroactively, not a live reading]",2024-06-18,scoring
2024-06-19,0.7767,-2.233,0,down,"IODA bgp worst-of route visibility 0.7767 of normal, driven by KE (daily-min ÷ 28d median), across 153/153 countries (settled UTC day 2024-06-19) [archive import: scored retroactively, not a live reading]",2024-06-19,scoring
2024-06-20,0.7544,-2.456,0,down,"IODA bgp worst-of route visibility 0.7544 of normal, driven by ZM (daily-min ÷ 28d median), across 153/153 countries (settled UTC day 2024-06-20) [archive import: scored retroactively, not a live reading]",2024-06-20,scoring
2024-06-21,0.876,-1.240,0,down,"IODA bgp worst-of route visibility 0.8760 of normal, driven by KE (daily-min ÷ 28d median), across 153/153 countries (settled UTC day 2024-06-21) [archive import: scored retroactively, not a live reading]",2024-06-21,scoring
2024-06-22,0.897,-1.030,0,down,"IODA bgp worst-of route visibility 0.8970 of normal, driven by NA (daily-min ÷ 28d median), across 153/153 countries (settled UTC day 2024-06-22) [archive import: scored retroactively, not a live reading]",2024-06-22,scoring
2024-06-23,0.5604,-4.396,1,down,"IODA bgp worst-of route visibility 0.5604 of normal, driven by VI (daily-min ÷ 28d median), across 153/153 countries (settled UTC day 2024-06-23) [archive import: scored retroactively, not a live reading]",2024-06-23,scoring
2024-06-24,0.562,-4.380,1,down,"IODA bgp worst-of route visibility 0.5620 of normal, driven by VI (daily-min ÷ 28d median), across 153/153 countries (settled UTC day 2024-06-24) [archive import: scored retroactively, not a live reading]",2024-06-24,scoring
2024-06-25,0.8862,-1.138,0,down,"IODA bgp worst-of route visibility 0.8862 of normal, driven by KE (daily-min ÷ 28d median), across 153/153 countries (settled UTC day 2024-06-25) [archive import: scored retroactively, not a live reading]",2024-06-25,scoring
2024-06-26,0.5561,-4.439,1,down,"IODA bgp worst-of route visibility 0.5561 of normal, driven by BN (daily-min ÷ 28d median), across 153/153 countries (settled UTC day 2024-06-26) [archive import: scored retroactively, not a live reading]",2024-06-26,scoring
2024-06-27,0.7505,-2.495,0,down,"IODA bgp worst-of route visibility 0.7505 of normal, driven by IQ (daily-min ÷ 28d median), across 153/153 countries (settled UTC day 2024-06-27) [archive import: scored retroactively, not a live reading]",2024-06-27,scoring
2024-06-28,0.9622,-0.378,0,down,"IODA bgp worst-of route visibility 0.9622 of normal, driven by BW (daily-min ÷ 28d median), across 153/153 countries (settled UTC day 2024-06-28) [archive import: scored retroactively, not a live reading]",2024-06-28,scoring
2024-06-29,0.7515,-2.485,0,down,"IODA bgp worst-of route visibility 0.7515 of normal, driven by IQ (daily-min ÷ 28d median), across 153/153 countries (settled UTC day 2024-06-29) [archive import: scored retroactively, not a live reading]",2024-06-29,scoring
2024-06-30,0.7502,-2.498,0,down,"IODA bgp worst-of route visibility 0.7502 of normal, driven by IQ (daily-min ÷ 28d median), across 153/153 countries (settled UTC day 2024-06-30) [archive import: scored retroactively, not a live reading]",2024-06-30,scoring
2024-07-01,0.7595,-2.405,0,down,"IODA bgp worst-of route visibility 0.7595 of normal, driven by IQ (daily-min ÷ 28d median), across 153/153 countries (settled UTC day 2024-07-01) [archive import: scored retroactively, not a live reading]",2024-07-01,scoring
2024-07-02,0.3184,-6.816,1,down,"IODA bgp worst-of route visibility 0.3184 of normal, driven by IQ (daily-min ÷ 28d median), across 153/153 countries (settled UTC day 2024-07-02) [archive import: scored retroactively, not a live reading]",2024-07-02,scoring
2024-07-03,0.7121,-2.879,0,down,"IODA bgp worst-of route visibility 0.7121 of normal, driven by CM (daily-min ÷ 28d median), across 153/153 countries (settled UTC day 2024-07-03) [archive import: scored retroactively, not a live reading]",2024-07-03,scoring
2024-07-04,0.8995,-1.005,0,down,"IODA bgp worst-of route visibility 0.8995 of normal, driven by BW (daily-min ÷ 28d median), across 153/153 countries (settled UTC day 2024-07-04) [archive import: scored retroactively, not a live reading]",2024-07-04,scoring
2024-07-05,0.7784,-2.216,0,down,"IODA bgp worst-of route visibility 0.7784 of normal, driven by GT (daily-min ÷ 28d median), across 153/153 countries (settled UTC day 2024-07-05) [archive import: scored retroactively, not a live reading]",2024-07-05,scoring
2024-07-06,0.6332,-3.668,1,down,"IODA bgp worst-of route visibility 0.6332 of normal, driven by GM (daily-min ÷ 28d median), across 153/153 countries (settled UTC day 2024-07-06) [archive import: scored retroactively, not a live reading]",2024-07-06,scoring
2024-07-07,0.7775,-2.225,0,down,"IODA bgp worst-of route visibility 0.7775 of normal, driven by GT (daily-min ÷ 28d median), across 153/153 countries (settled UTC day 2024-07-07) [archive import: scored retroactively, not a live reading]",2024-07-07,scoring
2024-07-08,0.7788,-2.212,0,down,"IODA bgp worst-of route visibility 0.7788 of normal, driven by GT (daily-min ÷ 28d median), across 153/153 countries (settled UTC day 2024-07-08) [archive import: scored retroactively, not a live reading]",2024-07-08,scoring
2024-07-09,0.7791,-2.209,0,down,"IODA bgp worst-of route visibility 0.7791 of normal, driven by GT (daily-min ÷ 28d median), across 153/153 countries (settled UTC day 2024-07-09) [archive import: scored retroactively, not a live reading]",2024-07-09,scoring
2024-07-10,0.6879,-3.121,1,down,"IODA bgp worst-of route visibility 0.6879 of normal, driven by AM (daily-min ÷ 28d median), across 153/153 countries (settled UTC day 2024-07-10) [archive import: scored retroactively, not a live reading]",2024-07-10,scoring
2024-07-11,0.78,-2.200,0,down,"IODA bgp worst-of route visibility 0.7800 of normal, driven by GT (daily-min ÷ 28d median), across 153/153 countries (settled UTC day 2024-07-11) [archive import: scored retroactively, not a live reading]",2024-07-11,scoring
2024-07-12,0.7808,-2.192,0,down,"IODA bgp worst-of route visibility 0.7808 of normal, driven by GT (daily-min ÷ 28d median), across 153/153 countries (settled UTC day 2024-07-12) [archive import: scored retroactively, not a live reading]",2024-07-12,scoring
2024-07-13,0.7812,-2.188,0,down,"IODA bgp worst-of route visibility 0.7812 of normal, driven by GT (daily-min ÷ 28d median), across 153/153 countries (settled UTC day 2024-07-13) [archive import: scored retroactively, not a live reading]",2024-07-13,scoring
2024-07-14,0.783,-2.170,0,down,"IODA bgp worst-of route visibility 0.7830 of normal, driven by GT (daily-min ÷ 28d median), across 153/153 countries (settled UTC day 2024-07-14) [archive import: scored retroactively, not a live reading]",2024-07-14,scoring
2024-07-15,0.7829,-2.171,0,down,"IODA bgp worst-of route visibility 0.7829 of normal, driven by GT (daily-min ÷ 28d median), across 153/153 countries (settled UTC day 2024-07-15) [archive import: scored retroactively, not a live reading]",2024-07-15,scoring
2024-07-16,0.64,-3.600,1,down,"IODA bgp worst-of route visibility 0.6400 of normal, driven by ZW (daily-min ÷ 28d median), across 153/153 countries (settled UTC day 2024-07-16) [archive import: scored retroactively, not a live reading]",2024-07-16,scoring
2024-07-17,0.6379,-3.621,1,down,"IODA bgp worst-of route visibility 0.6379 of normal, driven by ZW (daily-min ÷ 28d median), across 153/153 countries (settled UTC day 2024-07-17) [archive import: scored retroactively, not a live reading]",2024-07-17,scoring
2024-07-18,0.0343,-9.657,1,down,"IODA bgp worst-of route visibility 0.0343 of normal, driven by BD (daily-min ÷ 28d median), across 153/153 countries (settled UTC day 2024-07-18) [archive import: scored retroactively, not a live reading]",2024-07-18,scoring
2024-07-19,0.0516,-9.484,1,down,"IODA bgp worst-of route visibility 0.0516 of normal, driven by BD (daily-min ÷ 28d median), across 153/153 countries (settled UTC day 2024-07-19) [archive import: scored retroactively, not a live reading]",2024-07-19,scoring
2024-07-20,0.0544,-9.456,1,down,"IODA bgp worst-of route visibility 0.0544 of normal, driven by BD (daily-min ÷ 28d median), across 153/153 countries (settled UTC day 2024-07-20) [archive import: scored retroactively, not a live reading]",2024-07-20,scoring
2024-07-21,0.0544,-9.456,1,down,"IODA bgp worst-of route visibility 0.0544 of normal, driven by BD (daily-min ÷ 28d median), across 153/153 countries (settled UTC day 2024-07-21) [archive import: scored retroactively, not a live reading]",2024-07-21,scoring
2024-07-22,0.056,-9.440,1,down,"IODA bgp worst-of route visibility 0.0560 of normal, driven by BD (daily-min ÷ 28d median), across 153/153 countries (settled UTC day 2024-07-22) [archive import: scored retroactively, not a live reading]",2024-07-22,scoring
2024-07-23,0.0597,-9.403,1,down,"IODA bgp worst-of route visibility 0.0597 of normal, driven by BD (daily-min ÷ 28d median), across 153/153 countries (settled UTC day 2024-07-23) [archive import: scored retroactively, not a live reading]",2024-07-23,scoring
2024-07-24,0.5504,-4.496,1,down,"IODA bgp worst-of route visibility 0.5504 of normal, driven by BD (daily-min ÷ 28d median), across 153/153 countries (settled UTC day 2024-07-24) [archive import: scored retroactively, not a live reading]",2024-07-24,scoring
2024-07-25,0.0481,-9.519,1,down,"IODA bgp worst-of route visibility 0.0481 of normal, driven by SY (daily-min ÷ 28d median), across 153/153 countries (settled UTC day 2024-07-25) [archive import: scored retroactively, not a live reading]",2024-07-25,scoring
2024-07-26,0.6782,-3.218,1,down,"IODA bgp worst-of route visibility 0.6782 of normal, driven by ZW (daily-min ÷ 28d median), across 153/153 countries (settled UTC day 2024-07-26) [archive import: scored retroactively, not a live reading]",2024-07-26,scoring
2024-07-27,0.6817,-3.183,1,down,"IODA bgp worst-of route visibility 0.6817 of normal, driven by ZW (daily-min ÷ 28d median), across 153/153 countries (settled UTC day 2024-07-27) [archive import: scored retroactively, not a live reading]",2024-07-27,scoring
2024-07-28,0.0474,-9.526,1,down,"IODA bgp worst-of route visibility 0.0474 of normal, driven by SY (daily-min ÷ 28d median), across 153/153 countries (settled UTC day 2024-07-28) [archive import: scored retroactively, not a live reading]",2024-07-28,scoring
2024-07-29,0.0474,-9.526,1,down,"IODA bgp worst-of route visibility 0.0474 of normal, driven by SY (daily-min ÷ 28d median), across 153/153 countries (settled UTC day 2024-07-29) [archive import: scored retroactively, not a live reading]",2024-07-29,scoring
2024-07-30,0.0474,-9.526,1,down,"IODA bgp worst-of route visibility 0.0474 of normal, driven by SY (daily-min ÷ 28d median), across 153/153 countries (settled UTC day 2024-07-30) [archive import: scored retroactively, not a live reading]",2024-07-30,scoring
2024-07-31,0.5531,-4.469,1,down,"IODA bgp worst-of route visibility 0.5531 of normal, driven by BF (daily-min ÷ 28d median), across 153/153 countries (settled UTC day 2024-07-31) [archive import: scored retroactively, not a live reading]",2024-07-31,scoring
2024-08-01,0.0474,-9.526,1,down,"IODA bgp worst-of route visibility 0.0474 of normal, driven by SY (daily-min ÷ 28d median), across 153/153 countries (settled UTC day 2024-08-01) [archive import: scored retroactively, not a live reading]",2024-08-01,scoring
2024-08-02,0.5556,-4.444,1,down,"IODA bgp worst-of route visibility 0.5556 of normal, driven by BF (daily-min ÷ 28d median), across 153/153 countries (settled UTC day 2024-08-02) [archive import: scored retroactively, not a live reading]",2024-08-02,scoring
2024-08-03,0.5615,-4.385,1,down,"IODA bgp worst-of route visibility 0.5615 of normal, driven by BF (daily-min ÷ 28d median), across 153/153 countries (settled UTC day 2024-08-03) [archive import: scored retroactively, not a live reading]",2024-08-03,scoring
2024-08-04,0.0474,-9.526,1,down,"IODA bgp worst-of route visibility 0.0474 of normal, driven by SY (daily-min ÷ 28d median), across 153/153 countries (settled UTC day 2024-08-04) [archive import: scored retroactively, not a live reading]",2024-08-04,scoring
2024-08-05,0.0466,-9.534,1,down,"IODA bgp worst-of route visibility 0.0466 of normal, driven by SY (daily-min ÷ 28d median), across 153/153 countries (settled UTC day 2024-08-05) [archive import: scored retroactively, not a live reading]",2024-08-05,scoring
2024-08-06,0.0474,-9.526,1,down,"IODA bgp worst-of route visibility 0.0474 of normal, driven by SY (daily-min ÷ 28d median), across 153/153 countries (settled UTC day 2024-08-06) [archive import: scored retroactively, not a live reading]",2024-08-06,scoring
2024-08-07,0.5522,-4.478,1,down,"IODA bgp worst-of route visibility 0.5522 of normal, driven by BF (daily-min ÷ 28d median), across 153/153 countries (settled UTC day 2024-08-07) [archive import: scored retroactively, not a live reading]",2024-08-07,scoring
2024-08-08,0.0481,-9.519,1,down,"IODA bgp worst-of route visibility 0.0481 of normal, driven by SY (daily-min ÷ 28d median), across 153/153 countries (settled UTC day 2024-08-08) [archive import: scored retroactively, not a live reading]",2024-08-08,scoring
2024-08-09,0.5623,-4.377,1,down,"IODA bgp worst-of route visibility 0.5623 of normal, driven by BF (daily-min ÷ 28d median), across 153/153 countries (settled UTC day 2024-08-09) [archive import: scored retroactively, not a live reading]",2024-08-09,scoring
2024-08-10,0.5597,-4.403,1,down,"IODA bgp worst-of route visibility 0.5597 of normal, driven by BF (daily-min ÷ 28d median), across 153/153 countries (settled UTC day 2024-08-10) [archive import: scored retroactively, not a live reading]",2024-08-10,scoring
2024-08-11,0.5571,-4.429,1,down,"IODA bgp worst-of route visibility 0.5571 of normal, driven by BF (daily-min ÷ 28d median), across 153/153 countries (settled UTC day 2024-08-11) [archive import: scored retroactively, not a live reading]",2024-08-11,scoring
2024-08-12,0.5572,-4.428,1,down,"IODA bgp worst-of route visibility 0.5572 of normal, driven by BF (daily-min ÷ 28d median), across 153/153 countries (settled UTC day 2024-08-12) [archive import: scored retroactively, not a live reading]",2024-08-12,scoring
2024-08-13,0.5671,-4.329,1,down,"IODA bgp worst-of route visibility 0.5671 of normal, driven by BF (daily-min ÷ 28d median), across 153/153 countries (settled UTC day 2024-08-13) [archive import: scored retroactively, not a live reading]",2024-08-13,scoring
2024-08-14,0.6358,-3.642,1,down,"IODA bgp worst-of route visibility 0.6358 of normal, driven by BF (daily-min ÷ 28d median), across 153/153 countries (settled UTC day 2024-08-14) [archive import: scored retroactively, not a live reading]",2024-08-14,scoring
2024-08-15,0.7077,-2.923,0,down,"IODA bgp worst-of route visibility 0.7077 of normal, driven by ET (daily-min ÷ 28d median), across 153/153 countries (settled UTC day 2024-08-15) [archive import: scored retroactively, not a live reading]",2024-08-15,scoring
2024-08-16,0.7077,-2.923,0,down,"IODA bgp worst-of route visibility 0.7077 of normal, driven by ET (daily-min ÷ 28d median), across 153/153 countries (settled UTC day 2024-08-16) [archive import: scored retroactively, not a live reading]",2024-08-16,scoring
2024-08-17,0.7077,-2.923,0,down,"IODA bgp worst-of route visibility 0.7077 of normal, driven by ET (daily-min ÷ 28d median), across 153/153 countries (settled UTC day 2024-08-17) [archive import: scored retroactively, not a live reading]",2024-08-17,scoring
2024-08-18,0.7077,-2.923,0,down,"IODA bgp worst-of route visibility 0.7077 of normal, driven by ET (daily-min ÷ 28d median), across 153/153 countries (settled UTC day 2024-08-18) [archive import: scored retroactively, not a live reading]",2024-08-18,scoring
2024-08-19,0.7077,-2.923,0,down,"IODA bgp worst-of route visibility 0.7077 of normal, driven by ET (daily-min ÷ 28d median), across 153/153 countries (settled UTC day 2024-08-19) [archive import: scored retroactively, not a live reading]",2024-08-19,scoring
2024-08-20,0.7077,-2.923,0,down,"IODA bgp worst-of route visibility 0.7077 of normal, driven by ET (daily-min ÷ 28d median), across 153/153 countries (settled UTC day 2024-08-20) [archive import: scored retroactively, not a live reading]",2024-08-20,scoring
2024-08-21,0.7077,-2.923,0,down,"IODA bgp worst-of route visibility 0.7077 of normal, driven by ET (daily-min ÷ 28d median), across 153/153 countries (settled UTC day 2024-08-21) [archive import: scored retroactively, not a live reading]",2024-08-21,scoring
2024-08-22,0.8112,-1.888,0,down,"IODA bgp worst-of route visibility 0.8112 of normal, driven by SG (daily-min ÷ 28d median), across 153/153 countries (settled UTC day 2024-08-22) [archive import: scored retroactively, not a live reading]",2024-08-22,scoring
2024-08-23,0.8116,-1.884,0,down,"IODA bgp worst-of route visibility 0.8116 of normal, driven by SG (daily-min ÷ 28d median), across 153/153 countries (settled UTC day 2024-08-23) [archive import: scored retroactively, not a live reading]",2024-08-23,scoring
2024-08-24,0.8118,-1.882,0,down,"IODA bgp worst-of route visibility 0.8118 of normal, driven by SG (daily-min ÷ 28d median), across 153/153 countries (settled UTC day 2024-08-24) [archive import: scored retroactively, not a live reading]",2024-08-24,scoring
2024-08-25,0.8103,-1.897,0,down,"IODA bgp worst-of route visibility 0.8103 of normal, driven by SG (daily-min ÷ 28d median), across 153/153 countries (settled UTC day 2024-08-25) [archive import: scored retroactively, not a live reading]",2024-08-25,scoring
2024-08-26,0.5534,-4.466,1,down,"IODA bgp worst-of route visibility 0.5534 of normal, driven by CG (daily-min ÷ 28d median), across 153/153 countries (settled UTC day 2024-08-26) [archive import: scored retroactively, not a live reading]",2024-08-26,scoring
2024-08-27,0.707,-2.930,0,down,"IODA bgp worst-of route visibility 0.7070 of normal, driven by CM (daily-min ÷ 28d median), across 153/153 countries (settled UTC day 2024-08-27) [archive import: scored retroactively, not a live reading]",2024-08-27,scoring
2024-08-28,0.8108,-1.892,0,down,"IODA bgp worst-of route visibility 0.8108 of normal, driven by SG (daily-min ÷ 28d median), across 153/153 countries (settled UTC day 2024-08-28) [archive import: scored retroactively, not a live reading]",2024-08-28,scoring
2024-08-29,0.7796,-2.204,0,down,"IODA bgp worst-of route visibility 0.7796 of normal, driven by IQ (daily-min ÷ 28d median), across 153/153 countries (settled UTC day 2024-08-29) [archive import: scored retroactively, not a live reading]",2024-08-29,scoring
2024-08-30,0.8665,-1.335,0,down,"IODA bgp worst-of route visibility 0.8665 of normal, driven by ZM (daily-min ÷ 28d median), across 153/153 countries (settled UTC day 2024-08-30) [archive import: scored retroactively, not a live reading]",2024-08-30,scoring
2024-08-31,0.4822,-5.178,1,down,"IODA bgp worst-of route visibility 0.4822 of normal, driven by TG (daily-min ÷ 28d median), across 153/153 countries (settled UTC day 2024-08-31) [archive import: scored retroactively, not a live reading]",2024-08-31,scoring
2024-09-01,0.4507,-5.493,1,down,"IODA bgp worst-of route visibility 0.4507 of normal, driven by TG (daily-min ÷ 28d median), across 153/153 countries (settled UTC day 2024-09-01) [archive import: scored retroactively, not a live reading]",2024-09-01,scoring
2024-09-02,0.6567,-3.433,1,down,"IODA bgp worst-of route visibility 0.6567 of normal, driven by ZM (daily-min ÷ 28d median), across 153/153 countries (settled UTC day 2024-09-02) [archive import: scored retroactively, not a live reading]",2024-09-02,scoring
2024-09-03,0.6553,-3.447,1,down,"IODA bgp worst-of route visibility 0.6553 of normal, driven by ZM (daily-min ÷ 28d median), across 153/153 countries (settled UTC day 2024-09-03) [archive import: scored retroactively, not a live reading]",2024-09-03,scoring
2024-09-04,0.6552,-3.448,1,down,"IODA bgp worst-of route visibility 0.6552 of normal, driven by ZM (daily-min ÷ 28d median), across 153/153 countries (settled UTC day 2024-09-04) [archive import: scored retroactively, not a live reading]",2024-09-04,scoring
2024-09-05,0.6553,-3.447,1,down,"IODA bgp worst-of route visibility 0.6553 of normal, driven by ZM (daily-min ÷ 28d median), across 153/153 countries (settled UTC day 2024-09-05) [archive import: scored retroactively, not a live reading]",2024-09-05,scoring
2024-09-06,0.6572,-3.428,1,down,"IODA bgp worst-of route visibility 0.6572 of normal, driven by ZM (daily-min ÷ 28d median), across 153/153 countries (settled UTC day 2024-09-06) [archive import: scored retroactively, not a live reading]",2024-09-06,scoring
2024-09-07,0.6614,-3.386,1,down,"IODA bgp worst-of route visibility 0.6614 of normal, driven by ZM (daily-min ÷ 28d median), across 153/153 countries (settled UTC day 2024-09-07) [archive import: scored retroactively, not a live reading]",2024-09-07,scoring
2024-09-08,0.6611,-3.389,1,down,"IODA bgp worst-of route visibility 0.6611 of normal, driven by ZM (daily-min ÷ 28d median), across 153/153 countries (settled UTC day 2024-09-08) [archive import: scored retroactively, not a live reading]",2024-09-08,scoring
2024-09-09,0.7082,-2.918,0,down,"IODA bgp worst-of route visibility 0.7082 of normal, driven by ZM (daily-min ÷ 28d median), across 153/153 countries (settled UTC day 2024-09-09) [archive import: scored retroactively, not a live reading]",2024-09-09,scoring
2024-09-10,0.7632,-2.368,0,down,"IODA bgp worst-of route visibility 0.7632 of normal, driven by ZM (daily-min ÷ 28d median), across 153/153 countries (settled UTC day 2024-09-10) [archive import: scored retroactively, not a live reading]",2024-09-10,scoring
2024-09-11,0.7662,-2.338,0,down,"IODA bgp worst-of route visibility 0.7662 of normal, driven by ZM (daily-min ÷ 28d median), across 153/153 countries (settled UTC day 2024-09-11) [archive import: scored retroactively, not a live reading]",2024-09-11,scoring
2024-09-12,0.7692,-2.308,0,down,"IODA bgp worst-of route visibility 0.7692 of normal, driven by ZM (daily-min ÷ 28d median), across 153/153 countries (settled UTC day 2024-09-12) [archive import: scored retroactively, not a live reading]",2024-09-12,scoring
2024-09-13,0.6806,-3.194,1,down,"IODA bgp worst-of route visibility 0.6806 of normal, driven by ZM (daily-min ÷ 28d median), across 153/153 countries (settled UTC day 2024-09-13) [archive import: scored retroactively, not a live reading]",2024-09-13,scoring
2024-09-14,0.6768,-3.232,1,down,"IODA bgp worst-of route visibility 0.6768 of normal, driven by ZM (daily-min ÷ 28d median), across 153/153 countries (settled UTC day 2024-09-14) [archive import: scored retroactively, not a live reading]",2024-09-14,scoring
2024-09-15,0.7632,-2.368,0,down,"IODA bgp worst-of route visibility 0.7632 of normal, driven by ZM (daily-min ÷ 28d median), across 153/153 countries (settled UTC day 2024-09-15) [archive import: scored retroactively, not a live reading]",2024-09-15,scoring
2024-09-16,0.7767,-2.233,0,down,"IODA bgp worst-of route visibility 0.7767 of normal, driven by IQ (daily-min ÷ 28d median), across 153/153 countries (settled UTC day 2024-09-16) [archive import: scored retroactively, not a live reading]",2024-09-16,scoring
2024-09-17,0.8696,-1.304,0,down,"IODA bgp worst-of route visibility 0.8696 of normal, driven by ZM (daily-min ÷ 28d median), across 153/153 countries (settled UTC day 2024-09-17) [archive import: scored retroactively, not a live reading]",2024-09-17,scoring
2024-09-18,0.8706,-1.294,0,down,"IODA bgp worst-of route visibility 0.8706 of normal, driven by ZM (daily-min ÷ 28d median), across 153/153 countries (settled UTC day 2024-09-18) [archive import: scored retroactively, not a live reading]",2024-09-18,scoring
2024-09-19,0.8705,-1.295,0,down,"IODA bgp worst-of route visibility 0.8705 of normal, driven by ZM (daily-min ÷ 28d median), across 153/153 countries (settled UTC day 2024-09-19) [archive import: scored retroactively, not a live reading]",2024-09-19,scoring
2024-09-20,0.8605,-1.395,0,down,"IODA bgp worst-of route visibility 0.8605 of normal, driven by AO (daily-min ÷ 28d median), across 153/153 countries (settled UTC day 2024-09-20) [archive import: scored retroactively, not a live reading]",2024-09-20,scoring
2024-09-21,0.8669,-1.331,0,down,"IODA bgp worst-of route visibility 0.8669 of normal, driven by ZM (daily-min ÷ 28d median), across 153/153 countries (settled UTC day 2024-09-21) [archive import: scored retroactively, not a live reading]",2024-09-21,scoring
2024-09-22,0.8718,-1.282,0,down,"IODA bgp worst-of route visibility 0.8718 of normal, driven by ZM (daily-min ÷ 28d median), across 153/153 countries (settled UTC day 2024-09-22) [archive import: scored retroactively, not a live reading]",2024-09-22,scoring
2024-09-23,0.8744,-1.256,0,down,"IODA bgp worst-of route visibility 0.8744 of normal, driven by ZM (daily-min ÷ 28d median), across 153/153 countries (settled UTC day 2024-09-23) [archive import: scored retroactively, not a live reading]",2024-09-23,scoring
2024-09-24,0.8753,-1.247,0,down,"IODA bgp worst-of route visibility 0.8753 of normal, driven by ZM (daily-min ÷ 28d median), across 153/153 countries (settled UTC day 2024-09-24) [archive import: scored retroactively, not a live reading]",2024-09-24,scoring
2024-09-25,0.8767,-1.233,0,down,"IODA bgp worst-of route visibility 0.8767 of normal, driven by ZM (daily-min ÷ 28d median), across 153/153 countries (settled UTC day 2024-09-25) [archive import: scored retroactively, not a live reading]",2024-09-25,scoring
2024-09-26,0.8681,-1.319,0,down,"IODA bgp worst-of route visibility 0.8681 of normal, driven by ZM (daily-min ÷ 28d median), across 153/153 countries (settled UTC day 2024-09-26) [archive import: scored retroactively, not a live reading]",2024-09-26,scoring
2024-09-27,0.8684,-1.316,0,down,"IODA bgp worst-of route visibility 0.8684 of normal, driven by ZM (daily-min ÷ 28d median), across 153/153 countries (settled UTC day 2024-09-27) [archive import: scored retroactively, not a live reading]",2024-09-27,scoring
2024-09-28,0.774,-2.260,0,down,"IODA bgp worst-of route visibility 0.7740 of normal, driven by NP (daily-min ÷ 28d median), across 153/153 countries (settled UTC day 2024-09-28) [archive import: scored retroactively, not a live reading]",2024-09-28,scoring
2024-09-29,0.9075,-0.925,0,down,"IODA bgp worst-of route visibility 0.9075 of normal, driven by CW (daily-min ÷ 28d median), across 153/153 countries (settled UTC day 2024-09-29) [archive import: scored retroactively, not a live reading]",2024-09-29,scoring
2024-09-30,0.9104,-0.896,0,down,"IODA bgp worst-of route visibility 0.9104 of normal, driven by CW (daily-min ÷ 28d median), across 153/153 countries (settled UTC day 2024-09-30) [archive import: scored retroactively, not a live reading]",2024-09-30,scoring
2024-10-01,0.8809,-1.191,0,down,"IODA bgp worst-of route visibility 0.8809 of normal, driven by RW (daily-min ÷ 28d median), across 153/153 countries (settled UTC day 2024-10-01) [archive import: scored retroactively, not a live reading]",2024-10-01,scoring
2024-10-02,0.9104,-0.896,0,down,"IODA bgp worst-of route visibility 0.9104 of normal, driven by CW (daily-min ÷ 28d median), across 153/153 countries (settled UTC day 2024-10-02) [archive import: scored retroactively, not a live reading]",2024-10-02,scoring
2024-10-03,0.9104,-0.896,0,down,"IODA bgp worst-of route visibility 0.9104 of normal, driven by CW (daily-min ÷ 28d median), across 153/153 countries (settled UTC day 2024-10-03) [archive import: scored retroactively, not a live reading]",2024-10-03,scoring
2024-10-04,0.9104,-0.896,0,down,"IODA bgp worst-of route visibility 0.9104 of normal, driven by CW (daily-min ÷ 28d median), across 153/153 countries (settled UTC day 2024-10-04) [archive import: scored retroactively, not a live reading]",2024-10-04,scoring
2024-10-05,0.9111,-0.889,0,down,"IODA bgp worst-of route visibility 0.9111 of normal, driven by CW (daily-min ÷ 28d median), across 153/153 countries (settled UTC day 2024-10-05) [archive import: scored retroactively, not a live reading]",2024-10-05,scoring
2024-10-06,0.9538,-0.462,0,down,"IODA bgp worst-of route visibility 0.9538 of normal, driven by CW (daily-min ÷ 28d median), across 153/153 countries (settled UTC day 2024-10-06) [archive import: scored retroactively, not a live reading]",2024-10-06,scoring
2024-10-07,0.9604,-0.396,0,down,"IODA bgp worst-of route visibility 0.9604 of normal, driven by ZW (daily-min ÷ 28d median), across 153/153 countries (settled UTC day 2024-10-07) [archive import: scored retroactively, not a live reading]",2024-10-07,scoring
2024-10-08,0.9471,-0.529,0,down,"IODA bgp worst-of route visibility 0.9471 of normal, driven by ZW (daily-min ÷ 28d median), across 153/153 countries (settled UTC day 2024-10-08) [archive import: scored retroactively, not a live reading]",2024-10-08,scoring
2024-10-09,0.96,-0.400,0,down,"IODA bgp worst-of route visibility 0.9600 of normal, driven by ZW (daily-min ÷ 28d median), across 153/153 countries (settled UTC day 2024-10-09) [archive import: scored retroactively, not a live reading]",2024-10-09,scoring
2024-10-10,0.961,-0.390,0,down,"IODA bgp worst-of route visibility 0.9610 of normal, driven by ZW (daily-min ÷ 28d median), across 153/153 countries (settled UTC day 2024-10-10) [archive import: scored retroactively, not a live reading]",2024-10-10,scoring
2024-10-11,0.96,-0.400,0,down,"IODA bgp worst-of route visibility 0.9600 of normal, driven by ZW (daily-min ÷ 28d median), across 153/153 countries (settled UTC day 2024-10-11) [archive import: scored retroactively, not a live reading]",2024-10-11,scoring
2024-10-12,0.9562,-0.438,0,down,"IODA bgp worst-of route visibility 0.9562 of normal, driven by ZW (daily-min ÷ 28d median), across 153/153 countries (settled UTC day 2024-10-12) [archive import: scored retroactively, not a live reading]",2024-10-12,scoring
2024-10-13,0.9414,-0.586,0,down,"IODA bgp worst-of route visibility 0.9414 of normal, driven by CM (daily-min ÷ 28d median), across 153/153 countries (settled UTC day 2024-10-13) [archive import: scored retroactively, not a live reading]",2024-10-13,scoring
2024-10-14,0.961,-0.390,0,down,"IODA bgp worst-of route visibility 0.9610 of normal, driven by ZW (daily-min ÷ 28d median), across 153/153 countries (settled UTC day 2024-10-14) [archive import: scored retroactively, not a live reading]",2024-10-14,scoring
2024-10-15,0.9376,-0.624,0,down,"IODA bgp worst-of route visibility 0.9376 of normal, driven by RW (daily-min ÷ 28d median), across 153/153 countries (settled UTC day 2024-10-15) [archive import: scored retroactively, not a live reading]",2024-10-15,scoring
2024-10-16,0.9607,-0.393,0,down,"IODA bgp worst-of route visibility 0.9607 of normal, driven by ZW (daily-min ÷ 28d median), across 153/153 countries (settled UTC day 2024-10-16) [archive import: scored retroactively, not a live reading]",2024-10-16,scoring
2024-10-17,0.9281,-0.719,0,down,"IODA bgp worst-of route visibility 0.9281 of normal, driven by AZ (daily-min ÷ 28d median), across 153/153 countries (settled UTC day 2024-10-17) [archive import: scored retroactively, not a live reading]",2024-10-17,scoring
2024-10-18,0.7885,-2.115,0,down,"IODA bgp worst-of route visibility 0.7885 of normal, driven by ZW (daily-min ÷ 28d median), across 153/153 countries (settled UTC day 2024-10-18) [archive import: scored retroactively, not a live reading]",2024-10-18,scoring
2024-10-19,0.4096,-5.904,1,down,"IODA bgp worst-of route visibility 0.4096 of normal, driven by HT (daily-min ÷ 28d median), across 153/153 countries (settled UTC day 2024-10-19) [archive import: scored retroactively, not a live reading]",2024-10-19,scoring
2024-10-20,0.7876,-2.124,0,down,"IODA bgp worst-of route visibility 0.7876 of normal, driven by ZW (daily-min ÷ 28d median), across 153/153 countries (settled UTC day 2024-10-20) [archive import: scored retroactively, not a live reading]",2024-10-20,scoring
2024-10-21,0.7286,-2.714,0,down,"IODA bgp worst-of route visibility 0.7286 of normal, driven by CM (daily-min ÷ 28d median), across 153/153 countries (settled UTC day 2024-10-21) [archive import: scored retroactively, not a live reading]",2024-10-21,scoring
2024-10-22,0.8488,-1.512,0,down,"IODA bgp worst-of route visibility 0.8488 of normal, driven by ZW (daily-min ÷ 28d median), across 153/153 countries (settled UTC day 2024-10-22) [archive import: scored retroactively, not a live reading]",2024-10-22,scoring
2024-10-23,0.8187,-1.813,0,down,"IODA bgp worst-of route visibility 0.8187 of normal, driven by ZW (daily-min ÷ 28d median), across 153/153 countries (settled UTC day 2024-10-23) [archive import: scored retroactively, not a live reading]",2024-10-23,scoring
2024-10-24,0.8023,-1.977,0,down,"IODA bgp worst-of route visibility 0.8023 of normal, driven by HT (daily-min ÷ 28d median), across 153/153 countries (settled UTC day 2024-10-24) [archive import: scored retroactively, not a live reading]",2024-10-24,scoring
2024-10-25,0.8459,-1.541,0,down,"IODA bgp worst-of route visibility 0.8459 of normal, driven by ZW (daily-min ÷ 28d median), across 153/153 countries (settled UTC day 2024-10-25) [archive import: scored retroactively, not a live reading]",2024-10-25,scoring
2024-10-26,0.6544,-3.456,1,down,"IODA bgp worst-of route visibility 0.6544 of normal, driven by HT (daily-min ÷ 28d median), across 153/153 countries (settled UTC day 2024-10-26) [archive import: scored retroactively, not a live reading]",2024-10-26,scoring
2024-10-27,0.8362,-1.638,0,down,"IODA bgp worst-of route visibility 0.8362 of normal, driven by ZW (daily-min ÷ 28d median), across 153/153 countries (settled UTC day 2024-10-27) [archive import: scored retroactively, not a live reading]",2024-10-27,scoring
2024-10-28,0.9287,-0.713,0,down,"IODA bgp worst-of route visibility 0.9287 of normal, driven by MW (daily-min ÷ 28d median), across 153/153 countries (settled UTC day 2024-10-28) [archive import: scored retroactively, not a live reading]",2024-10-28,scoring
2024-10-29,0.9387,-0.613,0,down,"IODA bgp worst-of route visibility 0.9387 of normal, driven by ZW (daily-min ÷ 28d median), across 153/153 countries (settled UTC day 2024-10-29) [archive import: scored retroactively, not a live reading]",2024-10-29,scoring
2024-10-30,0.8042,-1.958,0,down,"IODA bgp worst-of route visibility 0.8042 of normal, driven by HT (daily-min ÷ 28d median), across 153/153 countries (settled UTC day 2024-10-30) [archive import: scored retroactively, not a live reading]",2024-10-30,scoring
2024-10-31,0.6299,-3.701,1,down,"IODA bgp worst-of route visibility 0.6299 of normal, driven by CM (daily-min ÷ 28d median), across 153/153 countries (settled UTC day 2024-10-31) [archive import: scored retroactively, not a live reading]",2024-10-31,scoring
2024-11-01,0.4388,-5.612,1,down,"IODA bgp worst-of route visibility 0.4388 of normal, driven by CM (daily-min ÷ 28d median), across 153/153 countries (settled UTC day 2024-11-01) [archive import: scored retroactively, not a live reading]",2024-11-01,scoring
2024-11-02,0.6718,-3.282,1,down,"IODA bgp worst-of route visibility 0.6718 of normal, driven by CM (daily-min ÷ 28d median), across 153/153 countries (settled UTC day 2024-11-02) [archive import: scored retroactively, not a live reading]",2024-11-02,scoring
2024-11-03,0.6696,-3.304,1,down,"IODA bgp worst-of route visibility 0.6696 of normal, driven by CM (daily-min ÷ 28d median), across 153/153 countries (settled UTC day 2024-11-03) [archive import: scored retroactively, not a live reading]",2024-11-03,scoring
2024-11-04,0.6713,-3.287,1,down,"IODA bgp worst-of route visibility 0.6713 of normal, driven by CM (daily-min ÷ 28d median), across 153/153 countries (settled UTC day 2024-11-04) [archive import: scored retroactively, not a live reading]",2024-11-04,scoring
2024-11-05,0.3429,-6.571,1,down,"IODA bgp worst-of route visibility 0.3429 of normal, driven by CM (daily-min ÷ 28d median), across 153/153 countries (settled UTC day 2024-11-05) [archive import: scored retroactively, not a live reading]",2024-11-05,scoring
2024-11-06,0.6357,-3.643,1,down,"IODA bgp worst-of route visibility 0.6357 of normal, driven by CM (daily-min ÷ 28d median), across 153/153 countries (settled UTC day 2024-11-06) [archive import: scored retroactively, not a live reading]",2024-11-06,scoring
2024-11-07,0.6356,-3.644,1,down,"IODA bgp worst-of route visibility 0.6356 of normal, driven by CM (daily-min ÷ 28d median), across 153/153 countries (settled UTC day 2024-11-07) [archive import: scored retroactively, not a live reading]",2024-11-07,scoring
2024-11-08,0.8035,-1.965,0,down,"IODA bgp worst-of route visibility 0.8035 of normal, driven by MG (daily-min ÷ 28d median), across 153/153 countries (settled UTC day 2024-11-08) [archive import: scored retroactively, not a live reading]",2024-11-08,scoring
2024-11-09,0.5126,-4.874,1,down,"IODA bgp worst-of route visibility 0.5126 of normal, driven by SY (daily-min ÷ 28d median), across 153/153 countries (settled UTC day 2024-11-09) [archive import: scored retroactively, not a live reading]",2024-11-09,scoring
2024-11-10,0.8035,-1.965,0,down,"IODA bgp worst-of route visibility 0.8035 of normal, driven by MG (daily-min ÷ 28d median), across 153/153 countries (settled UTC day 2024-11-10) [archive import: scored retroactively, not a live reading]",2024-11-10,scoring
2024-11-11,0.8037,-1.963,0,down,"IODA bgp worst-of route visibility 0.8037 of normal, driven by MG (daily-min ÷ 28d median), across 153/153 countries (settled UTC day 2024-11-11) [archive import: scored retroactively, not a live reading]",2024-11-11,scoring
2024-11-12,0.8038,-1.962,0,down,"IODA bgp worst-of route visibility 0.8038 of normal, driven by MG (daily-min ÷ 28d median), across 153/153 countries (settled UTC day 2024-11-12) [archive import: scored retroactively, not a live reading]",2024-11-12,scoring
2024-11-13,0.8041,-1.959,0,down,"IODA bgp worst-of route visibility 0.8041 of normal, driven by MG (daily-min ÷ 28d median), across 153/153 countries (settled UTC day 2024-11-13) [archive import: scored retroactively, not a live reading]",2024-11-13,scoring
2024-11-14,0.8898,-1.102,0,down,"IODA bgp worst-of route visibility 0.8898 of normal, driven by IR (daily-min ÷ 28d median), across 153/153 countries (settled UTC day 2024-11-14) [archive import: scored retroactively, not a live reading]",2024-11-14,scoring
2024-11-15,0.9865,-0.135,0,down,"IODA bgp worst-of route visibility 0.9865 of normal, driven by AF (daily-min ÷ 28d median), across 153/153 countries (settled UTC day 2024-11-15) [archive import: scored retroactively, not a live reading]",2024-11-15,scoring
2024-11-16,0.9477,-0.523,0,down,"IODA bgp worst-of route visibility 0.9477 of normal, driven by BJ (daily-min ÷ 28d median), across 153/153 countries (settled UTC day 2024-11-16) [archive import: scored retroactively, not a live reading]",2024-11-16,scoring
2024-11-17,0.9742,-0.258,0,down,"IODA bgp worst-of route visibility 0.9742 of normal, driven by BJ (daily-min ÷ 28d median), across 153/153 countries (settled UTC day 2024-11-17) [archive import: scored retroactively, not a live reading]",2024-11-17,scoring
2024-11-18,0.8727,-1.273,0,down,"IODA bgp worst-of route visibility 0.8727 of normal, driven by MZ (daily-min ÷ 28d median), across 153/153 countries (settled UTC day 2024-11-18) [archive import: scored retroactively, not a live reading]",2024-11-18,scoring
2024-11-19,0.9572,-0.428,0,down,"IODA bgp worst-of route visibility 0.9572 of normal, driven by SD (daily-min ÷ 28d median), across 153/153 countries (settled UTC day 2024-11-19) [archive import: scored retroactively, not a live reading]",2024-11-19,scoring
2024-11-20,0.8642,-1.358,0,down,"IODA bgp worst-of route visibility 0.8642 of normal, driven by HT (daily-min ÷ 28d median), across 153/153 countries (settled UTC day 2024-11-20) [archive import: scored retroactively, not a live reading]",2024-11-20,scoring
2024-11-21,0.9367,-0.633,0,down,"IODA bgp worst-of route visibility 0.9367 of normal, driven by HT (daily-min ÷ 28d median), across 153/153 countries (settled UTC day 2024-11-21) [archive import: scored retroactively, not a live reading]",2024-11-21,scoring
2024-11-22,0.9572,-0.428,0,down,"IODA bgp worst-of route visibility 0.9572 of normal, driven by SD (daily-min ÷ 28d median), across 153/153 countries (settled UTC day 2024-11-22) [archive import: scored retroactively, not a live reading]",2024-11-22,scoring
2024-11-23,0.8129,-1.871,0,down,"IODA bgp worst-of route visibility 0.8129 of normal, driven by NA (daily-min ÷ 28d median), across 153/153 countries (settled UTC day 2024-11-23) [archive import: scored retroactively, not a live reading]",2024-11-23,scoring
2024-11-24,0.9226,-0.774,0,down,"IODA bgp worst-of route visibility 0.9226 of normal, driven by ZM (daily-min ÷ 28d median), across 153/153 countries (settled UTC day 2024-11-24) [archive import: scored retroactively, not a live reading]",2024-11-24,scoring
2024-11-25,0.6983,-3.017,1,down,"IODA bgp worst-of route visibility 0.6983 of normal, driven by BN (daily-min ÷ 28d median), across 153/153 countries (settled UTC day 2024-11-25) [archive import: scored retroactively, not a live reading]",2024-11-25,scoring
2024-11-26,0.9534,-0.466,0,down,"IODA bgp worst-of route visibility 0.9534 of normal, driven by GE (daily-min ÷ 28d median), across 153/153 countries (settled UTC day 2024-11-26) [archive import: scored retroactively, not a live reading]",2024-11-26,scoring
2024-11-27,0.9206,-0.794,0,down,"IODA bgp worst-of route visibility 0.9206 of normal, driven by GE (daily-min ÷ 28d median), across 153/153 countries (settled UTC day 2024-11-27) [archive import: scored retroactively, not a live reading]",2024-11-27,scoring
2024-11-28,0.8177,-1.823,0,down,"IODA bgp worst-of route visibility 0.8177 of normal, driven by AL (daily-min ÷ 28d median), across 153/153 countries (settled UTC day 2024-11-28) [archive import: scored retroactively, not a live reading]",2024-11-28,scoring
2024-11-29,0.9519,-0.481,0,down,"IODA bgp worst-of route visibility 0.9519 of normal, driven by SD (daily-min ÷ 28d median), across 153/153 countries (settled UTC day 2024-11-29) [archive import: scored retroactively, not a live reading]",2024-11-29,scoring
2024-11-30,0.8968,-1.032,0,down,"IODA bgp worst-of route visibility 0.8968 of normal, driven by UZ (daily-min ÷ 28d median), across 153/153 countries (settled UTC day 2024-11-30) [archive import: scored retroactively, not a live reading]",2024-11-30,scoring
2024-12-01,0.9577,-0.423,0,down,"IODA bgp worst-of route visibility 0.9577 of normal, driven by SD (daily-min ÷ 28d median), across 153/153 countries (settled UTC day 2024-12-01) [archive import: scored retroactively, not a live reading]",2024-12-01,scoring
2024-12-02,0.9542,-0.458,0,down,"IODA bgp worst-of route visibility 0.9542 of normal, driven by SD (daily-min ÷ 28d median), across 153/153 countries (settled UTC day 2024-12-02) [archive import: scored retroactively, not a live reading]",2024-12-02,scoring
2024-12-03,0.9016,-0.984,0,down,"IODA bgp worst-of route visibility 0.9016 of normal, driven by RW (daily-min ÷ 28d median), across 153/153 countries (settled UTC day 2024-12-03) [archive import: scored retroactively, not a live reading]",2024-12-03,scoring
2024-12-04,0.8993,-1.007,0,down,"IODA bgp worst-of route visibility 0.8993 of normal, driven by IR (daily-min ÷ 28d median), across 153/153 countries (settled UTC day 2024-12-04) [archive import: scored retroactively, not a live reading]",2024-12-04,scoring
2024-12-05,0.8615,-1.385,0,down,"IODA bgp worst-of route visibility 0.8615 of normal, driven by HT (daily-min ÷ 28d median), across 153/153 countries (settled UTC day 2024-12-05) [archive import: scored retroactively, not a live reading]",2024-12-05,scoring
2024-12-06,0.8642,-1.358,0,down,"IODA bgp worst-of route visibility 0.8642 of normal, driven by HT (daily-min ÷ 28d median), across 153/153 countries (settled UTC day 2024-12-06) [archive import: scored retroactively, not a live reading]",2024-12-06,scoring
2024-12-07,0.9573,-0.427,0,down,"IODA bgp worst-of route visibility 0.9573 of normal, driven by PY (daily-min ÷ 28d median), across 153/153 countries (settled UTC day 2024-12-07) [archive import: scored retroactively, not a live reading]",2024-12-07,scoring
2024-12-08,0.8599,-1.401,0,down,"IODA bgp worst-of route visibility 0.8599 of normal, driven by MZ (daily-min ÷ 28d median), across 153/153 countries (settled UTC day 2024-12-08) [archive import: scored retroactively, not a live reading]",2024-12-08,scoring
2024-12-09,0.9365,-0.635,0,down,"IODA bgp worst-of route visibility 0.9365 of normal, driven by SC (daily-min ÷ 28d median), across 153/153 countries (settled UTC day 2024-12-09) [archive import: scored retroactively, not a live reading]",2024-12-09,scoring
2024-12-10,0.9451,-0.549,0,down,"IODA bgp worst-of route visibility 0.9451 of normal, driven by ET (daily-min ÷ 28d median), across 153/153 countries (settled UTC day 2024-12-10) [archive import: scored retroactively, not a live reading]",2024-12-10,scoring
2024-12-11,0.9451,-0.549,0,down,"IODA bgp worst-of route visibility 0.9451 of normal, driven by ET (daily-min ÷ 28d median), across 153/153 countries (settled UTC day 2024-12-11) [archive import: scored retroactively, not a live reading]",2024-12-11,scoring
2024-12-12,0.8775,-1.225,0,down,"IODA bgp worst-of route visibility 0.8775 of normal, driven by MW (daily-min ÷ 28d median), across 153/153 countries (settled UTC day 2024-12-12) [archive import: scored retroactively, not a live reading]",2024-12-12,scoring
2024-12-13,0.9167,-0.833,0,down,"IODA bgp worst-of route visibility 0.9167 of normal, driven by AF (daily-min ÷ 28d median), across 153/153 countries (settled UTC day 2024-12-13) [archive import: scored retroactively, not a live reading]",2024-12-13,scoring
2024-12-14,0.9451,-0.549,0,down,"IODA bgp worst-of route visibility 0.9451 of normal, driven by ET (daily-min ÷ 28d median), across 153/153 countries (settled UTC day 2024-12-14) [archive import: scored retroactively, not a live reading]",2024-12-14,scoring
2024-12-15,0.8304,-1.696,0,down,"IODA bgp worst-of route visibility 0.8304 of normal, driven by CM (daily-min ÷ 28d median), across 153/153 countries (settled UTC day 2024-12-15) [archive import: scored retroactively, not a live reading]",2024-12-15,scoring
2024-12-16,0.8273,-1.727,0,down,"IODA bgp worst-of route visibility 0.8273 of normal, driven by ET (daily-min ÷ 28d median), across 153/153 countries (settled UTC day 2024-12-16) [archive import: scored retroactively, not a live reading]",2024-12-16,scoring
2024-12-17,0.9393,-0.607,0,down,"IODA bgp worst-of route visibility 0.9393 of normal, driven by LB (daily-min ÷ 28d median), across 153/153 countries (settled UTC day 2024-12-17) [archive import: scored retroactively, not a live reading]",2024-12-17,scoring
2024-12-18,0.8342,-1.658,0,down,"IODA bgp worst-of route visibility 0.8342 of normal, driven by CM (daily-min ÷ 28d median), across 153/153 countries (settled UTC day 2024-12-18) [archive import: scored retroactively, not a live reading]",2024-12-18,scoring
2024-12-19,0.9451,-0.549,0,down,"IODA bgp worst-of route visibility 0.9451 of normal, driven by ET (daily-min ÷ 28d median), across 153/153 countries (settled UTC day 2024-12-19) [archive import: scored retroactively, not a live reading]",2024-12-19,scoring
2024-12-20,0.9451,-0.549,0,down,"IODA bgp worst-of route visibility 0.9451 of normal, driven by ET (daily-min ÷ 28d median), across 153/153 countries (settled UTC day 2024-12-20) [archive import: scored retroactively, not a live reading]",2024-12-20,scoring
2024-12-21,0.9451,-0.549,0,down,"IODA bgp worst-of route visibility 0.9451 of normal, driven by ET (daily-min ÷ 28d median), across 153/153 countries (settled UTC day 2024-12-21) [archive import: scored retroactively, not a live reading]",2024-12-21,scoring
2024-12-22,0.9451,-0.549,0,down,"IODA bgp worst-of route visibility 0.9451 of normal, driven by ET (daily-min ÷ 28d median), across 153/153 countries (settled UTC day 2024-12-22) [archive import: scored retroactively, not a live reading]",2024-12-22,scoring
2024-12-23,0.9462,-0.538,0,down,"IODA bgp worst-of route visibility 0.9462 of normal, driven by ET (daily-min ÷ 28d median), across 153/153 countries (settled UTC day 2024-12-23) [archive import: scored retroactively, not a live reading]",2024-12-23,scoring
2024-12-24,0.9696,-0.304,0,down,"IODA bgp worst-of route visibility 0.9696 of normal, driven by ET (daily-min ÷ 28d median), across 153/153 countries (settled UTC day 2024-12-24) [archive import: scored retroactively, not a live reading]",2024-12-24,scoring
2024-12-25,0.9908,-0.092,0,down,"IODA bgp worst-of route visibility 0.9908 of normal, driven by BA (daily-min ÷ 28d median), across 153/153 countries (settled UTC day 2024-12-25) [archive import: scored retroactively, not a live reading]",2024-12-25,scoring
2024-12-26,0.7382,-2.618,0,down,"IODA bgp worst-of route visibility 0.7382 of normal, driven by CM (daily-min ÷ 28d median), across 153/153 countries (settled UTC day 2024-12-26) [archive import: scored retroactively, not a live reading]",2024-12-26,scoring
2024-12-27,0.5279,-4.721,1,down,"IODA bgp worst-of route visibility 0.5279 of normal, driven by CG (daily-min ÷ 28d median), across 153/153 countries (settled UTC day 2024-12-27) [archive import: scored retroactively, not a live reading]",2024-12-27,scoring
2024-12-28,0.971,-0.290,0,down,"IODA bgp worst-of route visibility 0.9710 of normal, driven by TZ (daily-min ÷ 28d median), across 153/153 countries (settled UTC day 2024-12-28) [archive import: scored retroactively, not a live reading]",2024-12-28,scoring
2024-12-29,0.9756,-0.244,0,down,"IODA bgp worst-of route visibility 0.9756 of normal, driven by RE (daily-min ÷ 28d median), across 153/153 countries (settled UTC day 2024-12-29) [archive import: scored retroactively, not a live reading]",2024-12-29,scoring
2024-12-30,0.9756,-0.244,0,down,"IODA bgp worst-of route visibility 0.9756 of normal, driven by RE (daily-min ÷ 28d median), across 153/153 countries (settled UTC day 2024-12-30) [archive import: scored retroactively, not a live reading]",2024-12-30,scoring
2024-12-31,0.9611,-0.389,0,down,"IODA bgp worst-of route visibility 0.9611 of normal, driven by SY (daily-min ÷ 28d median), across 153/153 countries (settled UTC day 2024-12-31) [archive import: scored retroactively, not a live reading]",2024-12-31,scoring
2025-01-01,0.9877,-0.123,0,down,"IODA bgp worst-of route visibility 0.9877 of normal, driven by PR (daily-min ÷ 28d median), across 153/153 countries (settled UTC day 2025-01-01) [archive import: scored retroactively, not a live reading]",2025-01-01,scoring
2025-01-02,0.984,-0.160,0,down,"IODA bgp worst-of route visibility 0.9840 of normal, driven by MM (daily-min ÷ 28d median), across 153/153 countries (settled UTC day 2025-01-02) [archive import: scored retroactively, not a live reading]",2025-01-02,scoring
2025-01-03,0.8058,-1.942,0,down,"IODA bgp worst-of route visibility 0.8058 of normal, driven by RW (daily-min ÷ 28d median), across 153/153 countries (settled UTC day 2025-01-03) [archive import: scored retroactively, not a live reading]",2025-01-03,scoring
2025-01-04,0.9574,-0.426,0,down,"IODA bgp worst-of route visibility 0.9574 of normal, driven by CO (daily-min ÷ 28d median), across 153/153 countries (settled UTC day 2025-01-04) [archive import: scored retroactively, not a live reading]",2025-01-04,scoring
2025-01-05,0.9878,-0.122,0,down,"IODA bgp worst-of route visibility 0.9878 of normal, driven by CG (daily-min ÷ 28d median), across 153/153 countries (settled UTC day 2025-01-05) [archive import: scored retroactively, not a live reading]",2025-01-05,scoring
2025-01-06,0.9534,-0.466,0,down,"IODA bgp worst-of route visibility 0.9534 of normal, driven by AO (daily-min ÷ 28d median), across 153/153 countries (settled UTC day 2025-01-06) [archive import: scored retroactively, not a live reading]",2025-01-06,scoring
2025-01-07,0.9709,-0.291,0,down,"IODA bgp worst-of route visibility 0.9709 of normal, driven by TZ (daily-min ÷ 28d median), across 153/153 countries (settled UTC day 2025-01-07) [archive import: scored retroactively, not a live reading]",2025-01-07,scoring
2025-01-08,0.9779,-0.221,0,down,"IODA bgp worst-of route visibility 0.9779 of normal, driven by UZ (daily-min ÷ 28d median), across 153/153 countries (settled UTC day 2025-01-08) [archive import: scored retroactively, not a live reading]",2025-01-08,scoring
2025-01-09,0.9438,-0.562,0,down,"IODA bgp worst-of route visibility 0.9438 of normal, driven by KE (daily-min ÷ 28d median), across 153/153 countries (settled UTC day 2025-01-09) [archive import: scored retroactively, not a live reading]",2025-01-09,scoring
2025-01-10,0.9901,-0.099,0,down,"IODA bgp worst-of route visibility 0.9901 of normal, driven by TH (daily-min ÷ 28d median), across 153/153 countries (settled UTC day 2025-01-10) [archive import: scored retroactively, not a live reading]",2025-01-10,scoring
2025-01-11,0.8644,-1.356,0,down,"IODA bgp worst-of route visibility 0.8644 of normal, driven by MZ (daily-min ÷ 28d median), across 153/153 countries (settled UTC day 2025-01-11) [archive import: scored retroactively, not a live reading]",2025-01-11,scoring
2025-01-12,0.912,-0.880,0,down,"IODA bgp worst-of route visibility 0.9120 of normal, driven by NA (daily-min ÷ 28d median), across 153/153 countries (settled UTC day 2025-01-12) [archive import: scored retroactively, not a live reading]",2025-01-12,scoring
2025-01-13,0.991,-0.090,0,down,"IODA bgp worst-of route visibility 0.9910 of normal, driven by TH (daily-min ÷ 28d median), across 153/153 countries (settled UTC day 2025-01-13) [archive import: scored retroactively, not a live reading]",2025-01-13,scoring
2025-01-14,0.9578,-0.422,0,down,"IODA bgp worst-of route visibility 0.9578 of normal, driven by NA (daily-min ÷ 28d median), across 153/153 countries (settled UTC day 2025-01-14) [archive import: scored retroactively, not a live reading]",2025-01-14,scoring
2025-01-15,0.8788,-1.212,0,down,"IODA bgp worst-of route visibility 0.8788 of normal, driven by HT (daily-min ÷ 28d median), across 153/153 countries (settled UTC day 2025-01-15) [archive import: scored retroactively, not a live reading]",2025-01-15,scoring
2025-01-16,0.6566,-3.434,1,down,"IODA bgp worst-of route visibility 0.6566 of normal, driven by MW (daily-min ÷ 28d median), across 153/153 countries (settled UTC day 2025-01-16) [archive import: scored retroactively, not a live reading]",2025-01-16,scoring
2025-01-17,0.9825,-0.175,0,down,"IODA bgp worst-of route visibility 0.9825 of normal, driven by ZW (daily-min ÷ 28d median), across 153/153 countries (settled UTC day 2025-01-17) [archive import: scored retroactively, not a live reading]",2025-01-17,scoring
2025-01-18,0.9839,-0.161,0,down,"IODA bgp worst-of route visibility 0.9839 of normal, driven by ZW (daily-min ÷ 28d median), across 153/153 countries (settled UTC day 2025-01-18) [archive import: scored retroactively, not a live reading]",2025-01-18,scoring
2025-01-19,0.9471,-0.529,0,down,"IODA bgp worst-of route visibility 0.9471 of normal, driven by SY (daily-min ÷ 28d median), across 153/153 countries (settled UTC day 2025-01-19) [archive import: scored retroactively, not a live reading]",2025-01-19,scoring
2025-01-20,0.9746,-0.254,0,down,"IODA bgp worst-of route visibility 0.9746 of normal, driven by CM (daily-min ÷ 28d median), across 153/153 countries (settled UTC day 2025-01-20) [archive import: scored retroactively, not a live reading]",2025-01-20,scoring
2025-01-21,0.9419,-0.581,0,down,"IODA bgp worst-of route visibility 0.9419 of normal, driven by NG (daily-min ÷ 28d median), across 153/153 countries (settled UTC day 2025-01-21) [archive import: scored retroactively, not a live reading]",2025-01-21,scoring
2025-01-22,0.8166,-1.834,0,down,"IODA bgp worst-of route visibility 0.8166 of normal, driven by UG (daily-min ÷ 28d median), across 153/153 countries (settled UTC day 2025-01-22) [archive import: scored retroactively, not a live reading]",2025-01-22,scoring
2025-01-23,0.0895,-9.105,1,down,"IODA bgp worst-of route visibility 0.0895 of normal, driven by SY (daily-min ÷ 28d median), across 153/153 countries (settled UTC day 2025-01-23) [archive import: scored retroactively, not a live reading]",2025-01-23,scoring
2025-01-24,0.2386,-7.614,1,down,"IODA bgp worst-of route visibility 0.2386 of normal, driven by SY (daily-min ÷ 28d median), across 153/153 countries (settled UTC day 2025-01-24) [archive import: scored retroactively, not a live reading]",2025-01-24,scoring
2025-01-25,0.9707,-0.293,0,down,"IODA bgp worst-of route visibility 0.9707 of normal, driven by NA (daily-min ÷ 28d median), across 153/153 countries (settled UTC day 2025-01-25) [archive import: scored retroactively, not a live reading]",2025-01-25,scoring
2025-01-26,0.9633,-0.367,0,down,"IODA bgp worst-of route visibility 0.9633 of normal, driven by ET (daily-min ÷ 28d median), across 153/153 countries (settled UTC day 2025-01-26) [archive import: scored retroactively, not a live reading]",2025-01-26,scoring
2025-01-27,0.7376,-2.624,0,down,"IODA bgp worst-of route visibility 0.7376 of normal, driven by GE (daily-min ÷ 28d median), across 153/153 countries (settled UTC day 2025-01-27) [archive import: scored retroactively, not a live reading]",2025-01-27,scoring
2025-01-28,0.945,-0.550,0,down,"IODA bgp worst-of route visibility 0.9450 of normal, driven by ET (daily-min ÷ 28d median), across 153/153 countries (settled UTC day 2025-01-28) [archive import: scored retroactively, not a live reading]",2025-01-28,scoring
2025-01-29,0.945,-0.550,0,down,"IODA bgp worst-of route visibility 0.9450 of normal, driven by ET (daily-min ÷ 28d median), across 153/153 countries (settled UTC day 2025-01-29) [archive import: scored retroactively, not a live reading]",2025-01-29,scoring
2025-01-30,0.9432,-0.568,0,down,"IODA bgp worst-of route visibility 0.9432 of normal, driven by BO (daily-min ÷ 28d median), across 153/153 countries (settled UTC day 2025-01-30) [archive import: scored retroactively, not a live reading]",2025-01-30,scoring
2025-01-31,0.945,-0.550,0,down,"IODA bgp worst-of route visibility 0.9450 of normal, driven by ET (daily-min ÷ 28d median), across 153/153 countries (settled UTC day 2025-01-31) [archive import: scored retroactively, not a live reading]",2025-01-31,scoring
2025-02-01,0.945,-0.550,0,down,"IODA bgp worst-of route visibility 0.9450 of normal, driven by ET (daily-min ÷ 28d median), across 153/153 countries (settled UTC day 2025-02-01) [archive import: scored retroactively, not a live reading]",2025-02-01,scoring
2025-02-02,0.9729,-0.271,0,down,"IODA bgp worst-of route visibility 0.9729 of normal, driven by JM (daily-min ÷ 28d median), across 153/153 countries (settled UTC day 2025-02-02) [archive import: scored retroactively, not a live reading]",2025-02-02,scoring
2025-02-03,0.4882,-5.118,1,down,"IODA bgp worst-of route visibility 0.4882 of normal, driven by SY (daily-min ÷ 28d median), across 153/153 countries (settled UTC day 2025-02-03) [archive import: scored retroactively, not a live reading]",2025-02-03,scoring
2025-02-04,0.9709,-0.291,0,down,"IODA bgp worst-of route visibility 0.9709 of normal, driven by AO (daily-min ÷ 28d median), across 153/153 countries (settled UTC day 2025-02-04) [archive import: scored retroactively, not a live reading]",2025-02-04,scoring
2025-02-05,0.9729,-0.271,0,down,"IODA bgp worst-of route visibility 0.9729 of normal, driven by JM (daily-min ÷ 28d median), across 153/153 countries (settled UTC day 2025-02-05) [archive import: scored retroactively, not a live reading]",2025-02-05,scoring
2025-02-06,0.9541,-0.459,0,down,"IODA bgp worst-of route visibility 0.9541 of normal, driven by ET (daily-min ÷ 28d median), across 153/153 countries (settled UTC day 2025-02-06) [archive import: scored retroactively, not a live reading]",2025-02-06,scoring
2025-02-07,0.945,-0.550,0,down,"IODA bgp worst-of route visibility 0.9450 of normal, driven by ET (daily-min ÷ 28d median), across 153/153 countries (settled UTC day 2025-02-07) [archive import: scored retroactively, not a live reading]",2025-02-07,scoring
2025-02-08,0.9055,-0.945,0,down,"IODA bgp worst-of route visibility 0.9055 of normal, driven by CI (daily-min ÷ 28d median), across 153/153 countries (settled UTC day 2025-02-08) [archive import: scored retroactively, not a live reading]",2025-02-08,scoring
2025-02-09,0.9144,-0.856,0,down,"IODA bgp worst-of route visibility 0.9144 of normal, driven by MZ (daily-min ÷ 28d median), across 153/153 countries (settled UTC day 2025-02-09) [archive import: scored retroactively, not a live reading]",2025-02-09,scoring
2025-02-10,0.868,-1.320,0,down,"IODA bgp worst-of route visibility 0.8680 of normal, driven by MZ (daily-min ÷ 28d median), across 153/153 countries (settled UTC day 2025-02-10) [archive import: scored retroactively, not a live reading]",2025-02-10,scoring
2025-02-11,0.8654,-1.346,0,down,"IODA bgp worst-of route visibility 0.8654 of normal, driven by MZ (daily-min ÷ 28d median), across 153/153 countries (settled UTC day 2025-02-11) [archive import: scored retroactively, not a live reading]",2025-02-11,scoring
2025-02-12,0.8633,-1.367,0,down,"IODA bgp worst-of route visibility 0.8633 of normal, driven by MZ (daily-min ÷ 28d median), across 153/153 countries (settled UTC day 2025-02-12) [archive import: scored retroactively, not a live reading]",2025-02-12,scoring
2025-02-13,0.8704,-1.296,0,down,"IODA bgp worst-of route visibility 0.8704 of normal, driven by BO (daily-min ÷ 28d median), across 153/153 countries (settled UTC day 2025-02-13) [archive import: scored retroactively, not a live reading]",2025-02-13,scoring
2025-02-14,0.9144,-0.856,0,down,"IODA bgp worst-of route visibility 0.9144 of normal, driven by MZ (daily-min ÷ 28d median), across 153/153 countries (settled UTC day 2025-02-14) [archive import: scored retroactively, not a live reading]",2025-02-14,scoring
2025-02-15,0.945,-0.550,0,down,"IODA bgp worst-of route visibility 0.9450 of normal, driven by ET (daily-min ÷ 28d median), across 153/153 countries (settled UTC day 2025-02-15) [archive import: scored retroactively, not a live reading]",2025-02-15,scoring
2025-02-16,0.945,-0.550,0,down,"IODA bgp worst-of route visibility 0.9450 of normal, driven by ET (daily-min ÷ 28d median), across 153/153 countries (settled UTC day 2025-02-16) [archive import: scored retroactively, not a live reading]",2025-02-16,scoring
2025-02-17,0.9384,-0.616,0,down,"IODA bgp worst-of route visibility 0.9384 of normal, driven by CI (daily-min ÷ 28d median), across 153/153 countries (settled UTC day 2025-02-17) [archive import: scored retroactively, not a live reading]",2025-02-17,scoring
2025-02-18,0.8713,-1.287,0,down,"IODA bgp worst-of route visibility 0.8713 of normal, driven by MZ (daily-min ÷ 28d median), across 153/153 countries (settled UTC day 2025-02-18) [archive import: scored retroactively, not a live reading]",2025-02-18,scoring
2025-02-19,0.8713,-1.287,0,down,"IODA bgp worst-of route visibility 0.8713 of normal, driven by MZ (daily-min ÷ 28d median), across 153/153 countries (settled UTC day 2025-02-19) [archive import: scored retroactively, not a live reading]",2025-02-19,scoring
2025-02-20,0.9223,-0.777,0,down,"IODA bgp worst-of route visibility 0.9223 of normal, driven by MZ (daily-min ÷ 28d median), across 153/153 countries (settled UTC day 2025-02-20) [archive import: scored retroactively, not a live reading]",2025-02-20,scoring
2025-02-21,0.9228,-0.772,0,down,"IODA bgp worst-of route visibility 0.9228 of normal, driven by MZ (daily-min ÷ 28d median), across 153/153 countries (settled UTC day 2025-02-21) [archive import: scored retroactively, not a live reading]",2025-02-21,scoring
2025-02-22,0.945,-0.550,0,down,"IODA bgp worst-of route visibility 0.9450 of normal, driven by ET (daily-min ÷ 28d median), across 153/153 countries (settled UTC day 2025-02-22) [archive import: scored retroactively, not a live reading]",2025-02-22,scoring
2025-02-23,0.9622,-0.378,0,down,"IODA bgp worst-of route visibility 0.9622 of normal, driven by SA (daily-min ÷ 28d median), across 153/153 countries (settled UTC day 2025-02-23) [archive import: scored retroactively, not a live reading]",2025-02-23,scoring
2025-02-24,0.9609,-0.391,0,down,"IODA bgp worst-of route visibility 0.9609 of normal, driven by TZ (daily-min ÷ 28d median), across 153/153 countries (settled UTC day 2025-02-24) [archive import: scored retroactively, not a live reading]",2025-02-24,scoring
2025-02-25,0.9287,-0.713,0,down,"IODA bgp worst-of route visibility 0.9287 of normal, driven by MN (daily-min ÷ 28d median), across 153/153 countries (settled UTC day 2025-02-25) [archive import: scored retroactively, not a live reading]",2025-02-25,scoring
2025-02-26,0.9529,-0.471,0,down,"IODA bgp worst-of route visibility 0.9529 of normal, driven by MZ (daily-min ÷ 28d median), across 153/153 countries (settled UTC day 2025-02-26) [archive import: scored retroactively, not a live reading]",2025-02-26,scoring
2025-02-27,0.9428,-0.572,0,down,"IODA bgp worst-of route visibility 0.9428 of normal, driven by ET (daily-min ÷ 28d median), across 153/153 countries (settled UTC day 2025-02-27) [archive import: scored retroactively, not a live reading]",2025-02-27,scoring
2025-02-28,0.945,-0.550,0,down,"IODA bgp worst-of route visibility 0.9450 of normal, driven by ET (daily-min ÷ 28d median), across 153/153 countries (settled UTC day 2025-02-28) [archive import: scored retroactively, not a live reading]",2025-02-28,scoring
2025-03-01,0.9023,-0.977,0,down,"IODA bgp worst-of route visibility 0.9023 of normal, driven by SY (daily-min ÷ 28d median), across 153/153 countries (settled UTC day 2025-03-01) [archive import: scored retroactively, not a live reading]",2025-03-01,scoring
2025-03-02,0.793,-2.070,0,down,"IODA bgp worst-of route visibility 0.7930 of normal, driven by SY (daily-min ÷ 28d median), across 153/153 countries (settled UTC day 2025-03-02) [archive import: scored retroactively, not a live reading]",2025-03-02,scoring
2025-03-03,0.9685,-0.315,0,down,"IODA bgp worst-of route visibility 0.9685 of normal, driven by MW (daily-min ÷ 28d median), across 153/153 countries (settled UTC day 2025-03-03) [archive import: scored retroactively, not a live reading]",2025-03-03,scoring
2025-03-04,0.9459,-0.541,0,down,"IODA bgp worst-of route visibility 0.9459 of normal, driven by IR (daily-min ÷ 28d median), across 153/153 countries (settled UTC day 2025-03-04) [archive import: scored retroactively, not a live reading]",2025-03-04,scoring
2025-03-05,0.9552,-0.448,0,down,"IODA bgp worst-of route visibility 0.9552 of normal, driven by AF (daily-min ÷ 28d median), across 153/153 countries (settled UTC day 2025-03-05) [archive import: scored retroactively, not a live reading]",2025-03-05,scoring
2025-03-06,0.945,-0.550,0,down,"IODA bgp worst-of route visibility 0.9450 of normal, driven by ET (daily-min ÷ 28d median), across 153/153 countries (settled UTC day 2025-03-06) [archive import: scored retroactively, not a live reading]",2025-03-06,scoring
2025-03-07,0.8387,-1.613,0,down,"IODA bgp worst-of route visibility 0.8387 of normal, driven by SY (daily-min ÷ 28d median), across 153/153 countries (settled UTC day 2025-03-07) [archive import: scored retroactively, not a live reading]",2025-03-07,scoring
2025-03-08,0.7902,-2.098,0,down,"IODA bgp worst-of route visibility 0.7902 of normal, driven by SY (daily-min ÷ 28d median), across 153/153 countries (settled UTC day 2025-03-08) [archive import: scored retroactively, not a live reading]",2025-03-08,scoring
2025-03-09,0.9694,-0.306,0,down,"IODA bgp worst-of route visibility 0.9694 of normal, driven by RE (daily-min ÷ 28d median), across 153/153 countries (settled UTC day 2025-03-09) [archive import: scored retroactively, not a live reading]",2025-03-09,scoring
2025-03-10,0.9694,-0.306,0,down,"IODA bgp worst-of route visibility 0.9694 of normal, driven by RE (daily-min ÷ 28d median), across 153/153 countries (settled UTC day 2025-03-10) [archive import: scored retroactively, not a live reading]",2025-03-10,scoring
2025-03-11,0.9529,-0.471,0,down,"IODA bgp worst-of route visibility 0.9529 of normal, driven by IR (daily-min ÷ 28d median), across 153/153 countries (settled UTC day 2025-03-11) [archive import: scored retroactively, not a live reading]",2025-03-11,scoring
2025-03-12,0.9749,-0.251,0,down,"IODA bgp worst-of route visibility 0.9749 of normal, driven by AF (daily-min ÷ 28d median), across 153/153 countries (settled UTC day 2025-03-12) [archive import: scored retroactively, not a live reading]",2025-03-12,scoring
2025-03-13,0.9215,-0.785,0,down,"IODA bgp worst-of route visibility 0.9215 of normal, driven by HT (daily-min ÷ 28d median), across 153/153 countries (settled UTC day 2025-03-13) [archive import: scored retroactively, not a live reading]",2025-03-13,scoring
2025-03-14,0.9756,-0.244,0,down,"IODA bgp worst-of route visibility 0.9756 of normal, driven by SY (daily-min ÷ 28d median), across 153/153 countries (settled UTC day 2025-03-14) [archive import: scored retroactively, not a live reading]",2025-03-14,scoring
2025-03-15,0.7833,-2.167,0,down,"IODA bgp worst-of route visibility 0.7833 of normal, driven by BJ (daily-min ÷ 28d median), across 153/153 countries (settled UTC day 2025-03-15) [archive import: scored retroactively, not a live reading]",2025-03-15,scoring
2025-03-16,0.9429,-0.571,0,down,"IODA bgp worst-of route visibility 0.9429 of normal, driven by AF (daily-min ÷ 28d median), across 153/153 countries (settled UTC day 2025-03-16) [archive import: scored retroactively, not a live reading]",2025-03-16,scoring
2025-03-17,0.9648,-0.352,0,down,"IODA bgp worst-of route visibility 0.9648 of normal, driven by AF (daily-min ÷ 28d median), across 153/153 countries (settled UTC day 2025-03-17) [archive import: scored retroactively, not a live reading]",2025-03-17,scoring
2025-03-18,0.8648,-1.352,0,down,"IODA bgp worst-of route visibility 0.8648 of normal, driven by MW (daily-min ÷ 28d median), across 153/153 countries (settled UTC day 2025-03-18) [archive import: scored retroactively, not a live reading]",2025-03-18,scoring
2025-03-19,0.945,-0.550,0,down,"IODA bgp worst-of route visibility 0.9450 of normal, driven by ET (daily-min ÷ 28d median), across 153/153 countries (settled UTC day 2025-03-19) [archive import: scored retroactively, not a live reading]",2025-03-19,scoring
2025-03-20,0.945,-0.550,0,down,"IODA bgp worst-of route visibility 0.9450 of normal, driven by ET (daily-min ÷ 28d median), across 153/153 countries (settled UTC day 2025-03-20) [archive import: scored retroactively, not a live reading]",2025-03-20,scoring
2025-03-21,0.8654,-1.346,0,down,"IODA bgp worst-of route visibility 0.8654 of normal, driven by HT (daily-min ÷ 28d median), across 153/153 countries (settled UTC day 2025-03-21) [archive import: scored retroactively, not a live reading]",2025-03-21,scoring
2025-03-22,0.8654,-1.346,0,down,"IODA bgp worst-of route visibility 0.8654 of normal, driven by HT (daily-min ÷ 28d median), across 153/153 countries (settled UTC day 2025-03-22) [archive import: scored retroactively, not a live reading]",2025-03-22,scoring
2025-03-23,0.9049,-0.951,0,down,"IODA bgp worst-of route visibility 0.9049 of normal, driven by CR (daily-min ÷ 28d median), across 153/153 countries (settled UTC day 2025-03-23) [archive import: scored retroactively, not a live reading]",2025-03-23,scoring
2025-03-24,0.867,-1.330,0,down,"IODA bgp worst-of route visibility 0.8670 of normal, driven by MZ (daily-min ÷ 28d median), across 153/153 countries (settled UTC day 2025-03-24) [archive import: scored retroactively, not a live reading]",2025-03-24,scoring
2025-03-25,0.1137,-8.863,1,down,"IODA bgp worst-of route visibility 0.1137 of normal, driven by SY (daily-min ÷ 28d median), across 153/153 countries (settled UTC day 2025-03-25) [archive import: scored retroactively, not a live reading]",2025-03-25,scoring
2025-03-26,0.74,-2.600,0,down,"IODA bgp worst-of route visibility 0.7400 of normal, driven by CM (daily-min ÷ 28d median), across 153/153 countries (settled UTC day 2025-03-26) [archive import: scored retroactively, not a live reading]",2025-03-26,scoring
2025-03-27,0.934,-0.660,0,down,"IODA bgp worst-of route visibility 0.9340 of normal, driven by MZ (daily-min ÷ 28d median), across 153/153 countries (settled UTC day 2025-03-27) [archive import: scored retroactively, not a live reading]",2025-03-27,scoring
2025-03-28,0.8954,-1.046,0,down,"IODA bgp worst-of route visibility 0.8954 of normal, driven by MG (daily-min ÷ 28d median), across 153/153 countries (settled UTC day 2025-03-28) [archive import: scored retroactively, not a live reading]",2025-03-28,scoring
2025-03-29,0.9304,-0.696,0,down,"IODA bgp worst-of route visibility 0.9304 of normal, driven by MM (daily-min ÷ 28d median), across 153/153 countries (settled UTC day 2025-03-29) [archive import: scored retroactively, not a live reading]",2025-03-29,scoring
2025-03-30,0.9521,-0.479,0,down,"IODA bgp worst-of route visibility 0.9521 of normal, driven by MM (daily-min ÷ 28d median), across 153/153 countries (settled UTC day 2025-03-30) [archive import: scored retroactively, not a live reading]",2025-03-30,scoring
2025-03-31,0.9564,-0.436,0,down,"IODA bgp worst-of route visibility 0.9564 of normal, driven by MM (daily-min ÷ 28d median), across 153/153 countries (settled UTC day 2025-03-31) [archive import: scored retroactively, not a live reading]",2025-03-31,scoring
2025-04-01,0.9136,-0.864,0,down,"IODA bgp worst-of route visibility 0.9136 of normal, driven by FI (daily-min ÷ 28d median), across 153/153 countries (settled UTC day 2025-04-01) [archive import: scored retroactively, not a live reading]",2025-04-01,scoring
2025-04-02,0.6641,-3.359,1,down,"IODA bgp worst-of route visibility 0.6641 of normal, driven by FJ (daily-min ÷ 28d median), across 153/153 countries (settled UTC day 2025-04-02) [archive import: scored retroactively, not a live reading]",2025-04-02,scoring
2025-04-03,0.4251,-5.749,1,down,"IODA bgp worst-of route visibility 0.4251 of normal, driven by HT (daily-min ÷ 28d median), across 153/153 countries (settled UTC day 2025-04-03) [archive import: scored retroactively, not a live reading]",2025-04-03,scoring
2025-04-04,0.8654,-1.346,0,down,"IODA bgp worst-of route visibility 0.8654 of normal, driven by HT (daily-min ÷ 28d median), across 153/153 countries (settled UTC day 2025-04-04) [archive import: scored retroactively, not a live reading]",2025-04-04,scoring
2025-04-05,0.9366,-0.634,0,down,"IODA bgp worst-of route visibility 0.9366 of normal, driven by HT (daily-min ÷ 28d median), across 153/153 countries (settled UTC day 2025-04-05) [archive import: scored retroactively, not a live reading]",2025-04-05,scoring
2025-04-06,0.9827,-0.173,0,down,"IODA bgp worst-of route visibility 0.9827 of normal, driven by NG (daily-min ÷ 28d median), across 153/153 countries (settled UTC day 2025-04-06) [archive import: scored retroactively, not a live reading]",2025-04-06,scoring
2025-04-07,0.945,-0.550,0,down,"IODA bgp worst-of route visibility 0.9450 of normal, driven by ET (daily-min ÷ 28d median), across 153/153 countries (settled UTC day 2025-04-07) [archive import: scored retroactively, not a live reading]",2025-04-07,scoring
2025-04-08,0.945,-0.550,0,down,"IODA bgp worst-of route visibility 0.9450 of normal, driven by ET (daily-min ÷ 28d median), across 153/153 countries (settled UTC day 2025-04-08) [archive import: scored retroactively, not a live reading]",2025-04-08,scoring
2025-04-09,0.9228,-0.772,0,down,"IODA bgp worst-of route visibility 0.9228 of normal, driven by IS (daily-min ÷ 28d median), across 153/153 countries (settled UTC day 2025-04-09) [archive import: scored retroactively, not a live reading]",2025-04-09,scoring
2025-04-10,0.9748,-0.252,0,down,"IODA bgp worst-of route visibility 0.9748 of normal, driven by KG (daily-min ÷ 28d median), across 153/153 countries (settled UTC day 2025-04-10) [archive import: scored retroactively, not a live reading]",2025-04-10,scoring
2025-04-11,0.8909,-1.091,0,down,"IODA bgp worst-of route visibility 0.8909 of normal, driven by CI (daily-min ÷ 28d median), across 153/153 countries (settled UTC day 2025-04-11) [archive import: scored retroactively, not a live reading]",2025-04-11,scoring
2025-04-12,0.9673,-0.327,0,down,"IODA bgp worst-of route visibility 0.9673 of normal, driven by ZW (daily-min ÷ 28d median), across 153/153 countries (settled UTC day 2025-04-12) [archive import: scored retroactively, not a live reading]",2025-04-12,scoring
2025-04-13,0.9771,-0.229,0,down,"IODA bgp worst-of route visibility 0.9771 of normal, driven by ET (daily-min ÷ 28d median), across 153/153 countries (settled UTC day 2025-04-13) [archive import: scored retroactively, not a live reading]",2025-04-13,scoring
2025-04-14,0.9245,-0.755,0,down,"IODA bgp worst-of route visibility 0.9245 of normal, driven by AO (daily-min ÷ 28d median), across 153/153 countries (settled UTC day 2025-04-14) [archive import: scored retroactively, not a live reading]",2025-04-14,scoring
2025-04-15,0.9119,-0.881,0,down,"IODA bgp worst-of route visibility 0.9119 of normal, driven by AO (daily-min ÷ 28d median), across 153/153 countries (settled UTC day 2025-04-15) [archive import: scored retroactively, not a live reading]",2025-04-15,scoring
2025-04-16,0.9573,-0.427,0,down,"IODA bgp worst-of route visibility 0.9573 of normal, driven by SY (daily-min ÷ 28d median), across 153/153 countries (settled UTC day 2025-04-16) [archive import: scored retroactively, not a live reading]",2025-04-16,scoring
2025-04-17,0.945,-0.550,0,down,"IODA bgp worst-of route visibility 0.9450 of normal, driven by ET (daily-min ÷ 28d median), across 153/153 countries (settled UTC day 2025-04-17) [archive import: scored retroactively, not a live reading]",2025-04-17,scoring
2025-04-18,0.96,-0.400,0,down,"IODA bgp worst-of route visibility 0.9600 of normal, driven by CG (daily-min ÷ 28d median), across 153/153 countries (settled UTC day 2025-04-18) [archive import: scored retroactively, not a live reading]",2025-04-18,scoring
2025-04-19,0.9521,-0.479,0,down,"IODA bgp worst-of route visibility 0.9521 of normal, driven by HT (daily-min ÷ 28d median), across 153/153 countries (settled UTC day 2025-04-19) [archive import: scored retroactively, not a live reading]",2025-04-19,scoring
2025-04-20,0.9804,-0.196,0,down,"IODA bgp worst-of route visibility 0.9804 of normal, driven by IE (daily-min ÷ 28d median), across 153/153 countries (settled UTC day 2025-04-20) [archive import: scored retroactively, not a live reading]",2025-04-20,scoring
2025-04-21,0.9359,-0.641,0,down,"IODA bgp worst-of route visibility 0.9359 of normal, driven by BJ (daily-min ÷ 28d median), across 153/153 countries (settled UTC day 2025-04-21) [archive import: scored retroactively, not a live reading]",2025-04-21,scoring
2025-04-22,0.9804,-0.196,0,down,"IODA bgp worst-of route visibility 0.9804 of normal, driven by IE (daily-min ÷ 28d median), across 153/153 countries (settled UTC day 2025-04-22) [archive import: scored retroactively, not a live reading]",2025-04-22,scoring
2025-04-23,0.856,-1.440,0,down,"IODA bgp worst-of route visibility 0.8560 of normal, driven by HT (daily-min ÷ 28d median), across 153/153 countries (settled UTC day 2025-04-23) [archive import: scored retroactively, not a live reading]",2025-04-23,scoring
2025-04-24,0.8959,-1.041,0,down,"IODA bgp worst-of route visibility 0.8959 of normal, driven by AF (daily-min ÷ 28d median), across 153/153 countries (settled UTC day 2025-04-24) [archive import: scored retroactively, not a live reading]",2025-04-24,scoring
2025-04-25,0.9736,-0.264,0,down,"IODA bgp worst-of route visibility 0.9736 of normal, driven by SY (daily-min ÷ 28d median), across 153/153 countries (settled UTC day 2025-04-25) [archive import: scored retroactively, not a live reading]",2025-04-25,scoring
2025-04-26,0.9259,-0.741,0,down,"IODA bgp worst-of route visibility 0.9259 of normal, driven by CL (daily-min ÷ 28d median), across 153/153 countries (settled UTC day 2025-04-26) [archive import: scored retroactively, not a live reading]",2025-04-26,scoring
2025-04-27,0.8612,-1.388,0,down,"IODA bgp worst-of route visibility 0.8612 of normal, driven by MZ (daily-min ÷ 28d median), across 153/153 countries (settled UTC day 2025-04-27) [archive import: scored retroactively, not a live reading]",2025-04-27,scoring
2025-04-28,0.8058,-1.942,0,down,"IODA bgp worst-of route visibility 0.8058 of normal, driven by MA (daily-min ÷ 28d median), across 153/153 countries (settled UTC day 2025-04-28) [archive import: scored retroactively, not a live reading]",2025-04-28,scoring
2025-04-29,0.9753,-0.247,0,down,"IODA bgp worst-of route visibility 0.9753 of normal, driven by MT (daily-min ÷ 28d median), across 153/153 countries (settled UTC day 2025-04-29) [archive import: scored retroactively, not a live reading]",2025-04-29,scoring
2025-04-30,0.884,-1.160,0,down,"IODA bgp worst-of route visibility 0.8840 of normal, driven by MW (daily-min ÷ 28d median), across 153/153 countries (settled UTC day 2025-04-30) [archive import: scored retroactively, not a live reading]",2025-04-30,scoring
2025-05-01,0.9351,-0.649,0,down,"IODA bgp worst-of route visibility 0.9351 of normal, driven by HT (daily-min ÷ 28d median), across 153/153 countries (settled UTC day 2025-05-01) [archive import: scored retroactively, not a live reading]",2025-05-01,scoring
2025-05-02,0.876,-1.240,0,down,"IODA bgp worst-of route visibility 0.8760 of normal, driven by NI (daily-min ÷ 28d median), across 153/153 countries (settled UTC day 2025-05-02) [archive import: scored retroactively, not a live reading]",2025-05-02,scoring
2025-05-03,0.8771,-1.229,0,down,"IODA bgp worst-of route visibility 0.8771 of normal, driven by NI (daily-min ÷ 28d median), across 153/153 countries (settled UTC day 2025-05-03) [archive import: scored retroactively, not a live reading]",2025-05-03,scoring
2025-05-04,0.968,-0.320,0,down,"IODA bgp worst-of route visibility 0.9680 of normal, driven by NG (daily-min ÷ 28d median), across 153/153 countries (settled UTC day 2025-05-04) [archive import: scored retroactively, not a live reading]",2025-05-04,scoring
2025-05-05,0.9428,-0.572,0,down,"IODA bgp worst-of route visibility 0.9428 of normal, driven by ID (daily-min ÷ 28d median), across 153/153 countries (settled UTC day 2025-05-05) [archive import: scored retroactively, not a live reading]",2025-05-05,scoring
2025-05-06,0.9212,-0.788,0,down,"IODA bgp worst-of route visibility 0.9212 of normal, driven by SY (daily-min ÷ 28d median), across 153/153 countries (settled UTC day 2025-05-06) [archive import: scored retroactively, not a live reading]",2025-05-06,scoring
2025-05-07,0.9764,-0.236,0,down,"IODA bgp worst-of route visibility 0.9764 of normal, driven by PH (daily-min ÷ 28d median), across 153/153 countries (settled UTC day 2025-05-07) [archive import: scored retroactively, not a live reading]",2025-05-07,scoring
2025-05-08,0.9632,-0.368,0,down,"IODA bgp worst-of route visibility 0.9632 of normal, driven by PA (daily-min ÷ 28d median), across 153/153 countries (settled UTC day 2025-05-08) [archive import: scored retroactively, not a live reading]",2025-05-08,scoring
2025-05-09,0.9767,-0.233,0,down,"IODA bgp worst-of route visibility 0.9767 of normal, driven by NG (daily-min ÷ 28d median), across 153/153 countries (settled UTC day 2025-05-09) [archive import: scored retroactively, not a live reading]",2025-05-09,scoring
2025-05-10,0.9518,-0.482,0,down,"IODA bgp worst-of route visibility 0.9518 of normal, driven by BJ (daily-min ÷ 28d median), across 153/153 countries (settled UTC day 2025-05-10) [archive import: scored retroactively, not a live reading]",2025-05-10,scoring
2025-05-11,0.9725,-0.275,0,down,"IODA bgp worst-of route visibility 0.9725 of normal, driven by ET (daily-min ÷ 28d median), across 153/153 countries (settled UTC day 2025-05-11) [archive import: scored retroactively, not a live reading]",2025-05-11,scoring
2025-05-12,0.75,-2.500,0,down,"IODA bgp worst-of route visibility 0.7500 of normal, driven by LY (daily-min ÷ 28d median), across 153/153 countries (settled UTC day 2025-05-12) [archive import: scored retroactively, not a live reading]",2025-05-12,scoring
2025-05-13,0.76,-2.400,0,down,"IODA bgp worst-of route visibility 0.7600 of normal, driven by HT (daily-min ÷ 28d median), across 153/153 countries (settled UTC day 2025-05-13) [archive import: scored retroactively, not a live reading]",2025-05-13,scoring
2025-05-14,0.9605,-0.395,0,down,"IODA bgp worst-of route visibility 0.9605 of normal, driven by KH (daily-min ÷ 28d median), across 153/153 countries (settled UTC day 2025-05-14) [archive import: scored retroactively, not a live reading]",2025-05-14,scoring
2025-05-15,0.9817,-0.183,0,down,"IODA bgp worst-of route visibility 0.9817 of normal, driven by ET (daily-min ÷ 28d median), across 153/153 countries (settled UTC day 2025-05-15) [archive import: scored retroactively, not a live reading]",2025-05-15,scoring
2025-05-16,0.8663,-1.337,0,down,"IODA bgp worst-of route visibility 0.8663 of normal, driven by MZ (daily-min ÷ 28d median), across 153/153 countries (settled UTC day 2025-05-16) [archive import: scored retroactively, not a live reading]",2025-05-16,scoring
2025-05-17,0.94,-0.600,0,down,"IODA bgp worst-of route visibility 0.9400 of normal, driven by AF (daily-min ÷ 28d median), across 153/153 countries (settled UTC day 2025-05-17) [archive import: scored retroactively, not a live reading]",2025-05-17,scoring
2025-05-18,0.9789,-0.211,0,down,"IODA bgp worst-of route visibility 0.9789 of normal, driven by MK (daily-min ÷ 28d median), across 153/153 countries (settled UTC day 2025-05-18) [archive import: scored retroactively, not a live reading]",2025-05-18,scoring
2025-05-19,0.8615,-1.385,0,down,"IODA bgp worst-of route visibility 0.8615 of normal, driven by AO (daily-min ÷ 28d median), across 153/153 countries (settled UTC day 2025-05-19) [archive import: scored retroactively, not a live reading]",2025-05-19,scoring
2025-05-20,0.4442,-5.558,1,down,"IODA bgp worst-of route visibility 0.4442 of normal, driven by IQ (daily-min ÷ 28d median), across 153/153 countries (settled UTC day 2025-05-20) [archive import: scored retroactively, not a live reading]",2025-05-20,scoring
2025-05-21,0.7184,-2.816,0,down,"IODA bgp worst-of route visibility 0.7184 of normal, driven by CI (daily-min ÷ 28d median), across 153/153 countries (settled UTC day 2025-05-21) [archive import: scored retroactively, not a live reading]",2025-05-21,scoring
2025-05-22,0.35,-6.500,1,down,"IODA bgp worst-of route visibility 0.3500 of normal, driven by IQ (daily-min ÷ 28d median), across 153/153 countries (settled UTC day 2025-05-22) [archive import: scored retroactively, not a live reading]",2025-05-22,scoring
2025-05-23,0.7184,-2.816,0,down,"IODA bgp worst-of route visibility 0.7184 of normal, driven by CI (daily-min ÷ 28d median), across 153/153 countries (settled UTC day 2025-05-23) [archive import: scored retroactively, not a live reading]",2025-05-23,scoring
2025-05-24,0.3513,-6.487,1,down,"IODA bgp worst-of route visibility 0.3513 of normal, driven by IQ (daily-min ÷ 28d median), across 153/153 countries (settled UTC day 2025-05-24) [archive import: scored retroactively, not a live reading]",2025-05-24,scoring
2025-05-25,0.9417,-0.583,0,down,"IODA bgp worst-of route visibility 0.9417 of normal, driven by CI (daily-min ÷ 28d median), across 153/153 countries (settled UTC day 2025-05-25) [archive import: scored retroactively, not a live reading]",2025-05-25,scoring
2025-05-26,0.9417,-0.583,0,down,"IODA bgp worst-of route visibility 0.9417 of normal, driven by CI (daily-min ÷ 28d median), across 153/153 countries (settled UTC day 2025-05-26) [archive import: scored retroactively, not a live reading]",2025-05-26,scoring
2025-05-27,0.8661,-1.339,0,down,"IODA bgp worst-of route visibility 0.8661 of normal, driven by MZ (daily-min ÷ 28d median), across 153/153 countries (settled UTC day 2025-05-27) [archive import: scored retroactively, not a live reading]",2025-05-27,scoring
2025-05-28,0.3535,-6.465,1,down,"IODA bgp worst-of route visibility 0.3535 of normal, driven by IQ (daily-min ÷ 28d median), across 153/153 countries (settled UTC day 2025-05-28) [archive import: scored retroactively, not a live reading]",2025-05-28,scoring
2025-05-29,0.8878,-1.122,0,down,"IODA bgp worst-of route visibility 0.8878 of normal, driven by HT (daily-min ÷ 28d median), across 153/153 countries (settled UTC day 2025-05-29) [archive import: scored retroactively, not a live reading]",2025-05-29,scoring
2025-05-30,0.8644,-1.356,0,down,"IODA bgp worst-of route visibility 0.8644 of normal, driven by MZ (daily-min ÷ 28d median), across 153/153 countries (settled UTC day 2025-05-30) [archive import: scored retroactively, not a live reading]",2025-05-30,scoring
2025-05-31,0.3518,-6.482,1,down,"IODA bgp worst-of route visibility 0.3518 of normal, driven by IQ (daily-min ÷ 28d median), across 153/153 countries (settled UTC day 2025-05-31) [archive import: scored retroactively, not a live reading]",2025-05-31,scoring
2025-06-01,0.6749,-3.251,1,down,"IODA bgp worst-of route visibility 0.6749 of normal, driven by CG (daily-min ÷ 28d median), across 153/153 countries (settled UTC day 2025-06-01) [archive import: scored retroactively, not a live reading]",2025-06-01,scoring
2025-06-02,0.3518,-6.482,1,down,"IODA bgp worst-of route visibility 0.3518 of normal, driven by IQ (daily-min ÷ 28d median), across 153/153 countries (settled UTC day 2025-06-02) [archive import: scored retroactively, not a live reading]",2025-06-02,scoring
2025-06-03,0.97,-0.300,0,down,"IODA bgp worst-of route visibility 0.9700 of normal, driven by CI (daily-min ÷ 28d median), across 153/153 countries (settled UTC day 2025-06-03) [archive import: scored retroactively, not a live reading]",2025-06-03,scoring
2025-06-04,0.8229,-1.771,0,down,"IODA bgp worst-of route visibility 0.8229 of normal, driven by NA (daily-min ÷ 28d median), across 153/153 countries (settled UTC day 2025-06-04) [archive import: scored retroactively, not a live reading]",2025-06-04,scoring
2025-06-05,0.925,-0.750,0,down,"IODA bgp worst-of route visibility 0.9250 of normal, driven by AO (daily-min ÷ 28d median), across 153/153 countries (settled UTC day 2025-06-05) [archive import: scored retroactively, not a live reading]",2025-06-05,scoring
2025-06-06,0.9235,-0.765,0,down,"IODA bgp worst-of route visibility 0.9235 of normal, driven by AO (daily-min ÷ 28d median), across 153/153 countries (settled UTC day 2025-06-06) [archive import: scored retroactively, not a live reading]",2025-06-06,scoring
2025-06-07,0.986,-0.140,0,down,"IODA bgp worst-of route visibility 0.9860 of normal, driven by ES (daily-min ÷ 28d median), across 153/153 countries (settled UTC day 2025-06-07) [archive import: scored retroactively, not a live reading]",2025-06-07,scoring
2025-06-08,0.9859,-0.141,0,down,"IODA bgp worst-of route visibility 0.9859 of normal, driven by ES (daily-min ÷ 28d median), across 153/153 countries (settled UTC day 2025-06-08) [archive import: scored retroactively, not a live reading]",2025-06-08,scoring
2025-06-09,0.9722,-0.278,0,down,"IODA bgp worst-of route visibility 0.9722 of normal, driven by IR (daily-min ÷ 28d median), across 153/153 countries (settled UTC day 2025-06-09) [archive import: scored retroactively, not a live reading]",2025-06-09,scoring
2025-06-10,0.3691,-6.309,1,down,"IODA bgp worst-of route visibility 0.3691 of normal, driven by SY (daily-min ÷ 28d median), across 153/153 countries (settled UTC day 2025-06-10) [archive import: scored retroactively, not a live reading]",2025-06-10,scoring
2025-06-11,0.9045,-0.955,0,down,"IODA bgp worst-of route visibility 0.9045 of normal, driven by AM (daily-min ÷ 28d median), across 153/153 countries (settled UTC day 2025-06-11) [archive import: scored retroactively, not a live reading]",2025-06-11,scoring
2025-06-12,0.8948,-1.052,0,down,"IODA bgp worst-of route visibility 0.8948 of normal, driven by AM (daily-min ÷ 28d median), across 153/153 countries (settled UTC day 2025-06-12) [archive import: scored retroactively, not a live reading]",2025-06-12,scoring
2025-06-13,0.896,-1.040,0,down,"IODA bgp worst-of route visibility 0.8960 of normal, driven by AM (daily-min ÷ 28d median), across 153/153 countries (settled UTC day 2025-06-13) [archive import: scored retroactively, not a live reading]",2025-06-13,scoring
2025-06-14,0.3545,-6.455,1,down,"IODA bgp worst-of route visibility 0.3545 of normal, driven by IQ (daily-min ÷ 28d median), across 153/153 countries (settled UTC day 2025-06-14) [archive import: scored retroactively, not a live reading]",2025-06-14,scoring
2025-06-15,0.918,-0.820,0,down,"IODA bgp worst-of route visibility 0.9180 of normal, driven by AM (daily-min ÷ 28d median), across 153/153 countries (settled UTC day 2025-06-15) [archive import: scored retroactively, not a live reading]",2025-06-15,scoring
2025-06-16,0.3532,-6.468,1,down,"IODA bgp worst-of route visibility 0.3532 of normal, driven by IQ (daily-min ÷ 28d median), across 153/153 countries (settled UTC day 2025-06-16) [archive import: scored retroactively, not a live reading]",2025-06-16,scoring
2025-06-17,0.3778,-6.222,1,down,"IODA bgp worst-of route visibility 0.3778 of normal, driven by IQ (daily-min ÷ 28d median), across 153/153 countries (settled UTC day 2025-06-17) [archive import: scored retroactively, not a live reading]",2025-06-17,scoring
2025-06-18,0.3767,-6.233,1,down,"IODA bgp worst-of route visibility 0.3767 of normal, driven by IQ (daily-min ÷ 28d median), across 153/153 countries (settled UTC day 2025-06-18) [archive import: scored retroactively, not a live reading]",2025-06-18,scoring
2025-06-19,0.3754,-6.246,1,down,"IODA bgp worst-of route visibility 0.3754 of normal, driven by IQ (daily-min ÷ 28d median), across 153/153 countries (settled UTC day 2025-06-19) [archive import: scored retroactively, not a live reading]",2025-06-19,scoring
2025-06-20,0.8978,-1.022,0,down,"IODA bgp worst-of route visibility 0.8978 of normal, driven by AM (daily-min ÷ 28d median), across 153/153 countries (settled UTC day 2025-06-20) [archive import: scored retroactively, not a live reading]",2025-06-20,scoring
2025-06-21,0.3767,-6.233,1,down,"IODA bgp worst-of route visibility 0.3767 of normal, driven by IQ (daily-min ÷ 28d median), across 153/153 countries (settled UTC day 2025-06-21) [archive import: scored retroactively, not a live reading]",2025-06-21,scoring
2025-06-22,0.3698,-6.302,1,down,"IODA bgp worst-of route visibility 0.3698 of normal, driven by IQ (daily-min ÷ 28d median), across 153/153 countries (settled UTC day 2025-06-22) [archive import: scored retroactively, not a live reading]",2025-06-22,scoring
2025-06-23,0.3815,-6.185,1,down,"IODA bgp worst-of route visibility 0.3815 of normal, driven by IQ (daily-min ÷ 28d median), across 153/153 countries (settled UTC day 2025-06-23) [archive import: scored retroactively, not a live reading]",2025-06-23,scoring
2025-06-24,0.8039,-1.961,0,down,"IODA bgp worst-of route visibility 0.8039 of normal, driven by SY (daily-min ÷ 28d median), across 153/153 countries (settled UTC day 2025-06-24) [archive import: scored retroactively, not a live reading]",2025-06-24,scoring
2025-06-25,0.3717,-6.283,1,down,"IODA bgp worst-of route visibility 0.3717 of normal, driven by IQ (daily-min ÷ 28d median), across 153/153 countries (settled UTC day 2025-06-25) [archive import: scored retroactively, not a live reading]",2025-06-25,scoring
2025-06-26,0.9667,-0.333,0,down,"IODA bgp worst-of route visibility 0.9667 of normal, driven by BR (daily-min ÷ 28d median), across 153/153 countries (settled UTC day 2025-06-26) [archive import: scored retroactively, not a live reading]",2025-06-26,scoring
2025-06-27,0.7843,-2.157,0,down,"IODA bgp worst-of route visibility 0.7843 of normal, driven by CM (daily-min ÷ 28d median), across 153/153 countries (settled UTC day 2025-06-27) [archive import: scored retroactively, not a live reading]",2025-06-27,scoring
2025-06-28,0.3832,-6.168,1,down,"IODA bgp worst-of route visibility 0.3832 of normal, driven by IQ (daily-min ÷ 28d median), across 153/153 countries (settled UTC day 2025-06-28) [archive import: scored retroactively, not a live reading]",2025-06-28,scoring
2025-06-29,0.3809,-6.191,1,down,"IODA bgp worst-of route visibility 0.3809 of normal, driven by IQ (daily-min ÷ 28d median), across 153/153 countries (settled UTC day 2025-06-29) [archive import: scored retroactively, not a live reading]",2025-06-29,scoring
2025-06-30,0.9295,-0.705,0,down,"IODA bgp worst-of route visibility 0.9295 of normal, driven by BW (daily-min ÷ 28d median), across 153/153 countries (settled UTC day 2025-06-30) [archive import: scored retroactively, not a live reading]",2025-06-30,scoring
2025-07-01,0.3759,-6.241,1,down,"IODA bgp worst-of route visibility 0.3759 of normal, driven by IQ (daily-min ÷ 28d median), across 153/153 countries (settled UTC day 2025-07-01) [archive import: scored retroactively, not a live reading]",2025-07-01,scoring
2025-07-02,0.3791,-6.209,1,down,"IODA bgp worst-of route visibility 0.3791 of normal, driven by IQ (daily-min ÷ 28d median), across 153/153 countries (settled UTC day 2025-07-02) [archive import: scored retroactively, not a live reading]",2025-07-02,scoring
2025-07-03,0.3814,-6.186,1,down,"IODA bgp worst-of route visibility 0.3814 of normal, driven by IQ (daily-min ÷ 28d median), across 153/153 countries (settled UTC day 2025-07-03) [archive import: scored retroactively, not a live reading]",2025-07-03,scoring
2025-07-04,0.9349,-0.651,0,down,"IODA bgp worst-of route visibility 0.9349 of normal, driven by TG (daily-min ÷ 28d median), across 153/153 countries (settled UTC day 2025-07-04) [archive import: scored retroactively, not a live reading]",2025-07-04,scoring
2025-07-05,0.9042,-0.958,0,down,"IODA bgp worst-of route visibility 0.9042 of normal, driven by HT (daily-min ÷ 28d median), across 153/153 countries (settled UTC day 2025-07-05) [archive import: scored retroactively, not a live reading]",2025-07-05,scoring
2025-07-06,0.4402,-5.598,1,down,"IODA bgp worst-of route visibility 0.4402 of normal, driven by HT (daily-min ÷ 28d median), across 153/153 countries (settled UTC day 2025-07-06) [archive import: scored retroactively, not a live reading]",2025-07-06,scoring
2025-07-07,0.4402,-5.598,1,down,"IODA bgp worst-of route visibility 0.4402 of normal, driven by HT (daily-min ÷ 28d median), across 153/153 countries (settled UTC day 2025-07-07) [archive import: scored retroactively, not a live reading]",2025-07-07,scoring
2025-07-08,0.9293,-0.707,0,down,"IODA bgp worst-of route visibility 0.9293 of normal, driven by EG (daily-min ÷ 28d median), across 153/153 countries (settled UTC day 2025-07-08) [archive import: scored retroactively, not a live reading]",2025-07-08,scoring
2025-07-09,0.8454,-1.546,0,down,"IODA bgp worst-of route visibility 0.8454 of normal, driven by SY (daily-min ÷ 28d median), across 153/153 countries (settled UTC day 2025-07-09) [archive import: scored retroactively, not a live reading]",2025-07-09,scoring
2025-07-10,0.8363,-1.637,0,down,"IODA bgp worst-of route visibility 0.8363 of normal, driven by TW (daily-min ÷ 28d median), across 153/153 countries (settled UTC day 2025-07-10) [archive import: scored retroactively, not a live reading]",2025-07-10,scoring
2025-07-11,0.9633,-0.367,0,down,"IODA bgp worst-of route visibility 0.9633 of normal, driven by ET (daily-min ÷ 28d median), across 153/153 countries (settled UTC day 2025-07-11) [archive import: scored retroactively, not a live reading]",2025-07-11,scoring
2025-07-12,0.7908,-2.092,0,down,"IODA bgp worst-of route visibility 0.7908 of normal, driven by SY (daily-min ÷ 28d median), across 153/153 countries (settled UTC day 2025-07-12) [archive import: scored retroactively, not a live reading]",2025-07-12,scoring
2025-07-13,0.936,-0.640,0,down,"IODA bgp worst-of route visibility 0.9360 of normal, driven by SY (daily-min ÷ 28d median), across 153/153 countries (settled UTC day 2025-07-13) [archive import: scored retroactively, not a live reading]",2025-07-13,scoring
2025-07-14,0.9468,-0.532,0,down,"IODA bgp worst-of route visibility 0.9468 of normal, driven by TN (daily-min ÷ 28d median), across 153/153 countries (settled UTC day 2025-07-14) [archive import: scored retroactively, not a live reading]",2025-07-14,scoring
2025-07-15,0.9668,-0.332,0,down,"IODA bgp worst-of route visibility 0.9668 of normal, driven by TN (daily-min ÷ 28d median), across 153/153 countries (settled UTC day 2025-07-15) [archive import: scored retroactively, not a live reading]",2025-07-15,scoring
2025-07-16,0.9238,-0.762,0,down,"IODA bgp worst-of route visibility 0.9238 of normal, driven by CG (daily-min ÷ 28d median), across 153/153 countries (settled UTC day 2025-07-16) [archive import: scored retroactively, not a live reading]",2025-07-16,scoring
2025-07-17,0.7908,-2.092,0,down,"IODA bgp worst-of route visibility 0.7908 of normal, driven by SY (daily-min ÷ 28d median), across 153/153 countries (settled UTC day 2025-07-17) [archive import: scored retroactively, not a live reading]",2025-07-17,scoring
2025-07-18,0.9398,-0.602,0,down,"IODA bgp worst-of route visibility 0.9398 of normal, driven by CI (daily-min ÷ 28d median), across 153/153 countries (settled UTC day 2025-07-18) [archive import: scored retroactively, not a live reading]",2025-07-18,scoring
2025-07-19,0.7861,-2.139,0,down,"IODA bgp worst-of route visibility 0.7861 of normal, driven by AO (daily-min ÷ 28d median), across 153/153 countries (settled UTC day 2025-07-19) [archive import: scored retroactively, not a live reading]",2025-07-19,scoring
2025-07-20,0.9587,-0.413,0,down,"IODA bgp worst-of route visibility 0.9587 of normal, driven by ET (daily-min ÷ 28d median), across 153/153 countries (settled UTC day 2025-07-20) [archive import: scored retroactively, not a live reading]",2025-07-20,scoring
2025-07-21,0.7721,-2.279,0,down,"IODA bgp worst-of route visibility 0.7721 of normal, driven by SY (daily-min ÷ 28d median), across 153/153 countries (settled UTC day 2025-07-21) [archive import: scored retroactively, not a live reading]",2025-07-21,scoring
2025-07-22,0.9721,-0.279,0,down,"IODA bgp worst-of route visibility 0.9721 of normal, driven by KG (daily-min ÷ 28d median), across 153/153 countries (settled UTC day 2025-07-22) [archive import: scored retroactively, not a live reading]",2025-07-22,scoring
2025-07-23,0.9679,-0.321,0,down,"IODA bgp worst-of route visibility 0.9679 of normal, driven by ET (daily-min ÷ 28d median), across 153/153 countries (settled UTC day 2025-07-23) [archive import: scored retroactively, not a live reading]",2025-07-23,scoring
2025-07-24,0.9817,-0.183,0,down,"IODA bgp worst-of route visibility 0.9817 of normal, driven by ET (daily-min ÷ 28d median), across 153/153 countries (settled UTC day 2025-07-24) [archive import: scored retroactively, not a live reading]",2025-07-24,scoring
2025-07-25,0.9764,-0.236,0,down,"IODA bgp worst-of route visibility 0.9764 of normal, driven by MX (daily-min ÷ 28d median), across 153/153 countries (settled UTC day 2025-07-25) [archive import: scored retroactively, not a live reading]",2025-07-25,scoring
2025-07-26,0.945,-0.550,0,down,"IODA bgp worst-of route visibility 0.9450 of normal, driven by ET (daily-min ÷ 28d median), across 153/153 countries (settled UTC day 2025-07-26) [archive import: scored retroactively, not a live reading]",2025-07-26,scoring
2025-07-27,0.945,-0.550,0,down,"IODA bgp worst-of route visibility 0.9450 of normal, driven by ET (daily-min ÷ 28d median), across 153/153 countries (settled UTC day 2025-07-27) [archive import: scored retroactively, not a live reading]",2025-07-27,scoring
2025-07-28,0.7721,-2.279,0,down,"IODA bgp worst-of route visibility 0.7721 of normal, driven by SY (daily-min ÷ 28d median), across 153/153 countries (settled UTC day 2025-07-28) [archive import: scored retroactively, not a live reading]",2025-07-28,scoring
2025-07-29,0.9753,-0.247,0,down,"IODA bgp worst-of route visibility 0.9753 of normal, driven by AF (daily-min ÷ 28d median), across 153/153 countries (settled UTC day 2025-07-29) [archive import: scored retroactively, not a live reading]",2025-07-29,scoring
2025-07-30,0.7628,-2.372,0,down,"IODA bgp worst-of route visibility 0.7628 of normal, driven by AO (daily-min ÷ 28d median), across 153/153 countries (settled UTC day 2025-07-30) [archive import: scored retroactively, not a live reading]",2025-07-30,scoring
2025-07-31,0.3661,-6.339,1,down,"IODA bgp worst-of route visibility 0.3661 of normal, driven by SY (daily-min ÷ 28d median), across 153/153 countries (settled UTC day 2025-07-31) [archive import: scored retroactively, not a live reading]",2025-07-31,scoring
2025-08-01,0.945,-0.550,0,down,"IODA bgp worst-of route visibility 0.9450 of normal, driven by ET (daily-min ÷ 28d median), across 153/153 countries (settled UTC day 2025-08-01) [archive import: scored retroactively, not a live reading]",2025-08-01,scoring
2025-08-02,0.9608,-0.392,0,down,"IODA bgp worst-of route visibility 0.9608 of normal, driven by MZ (daily-min ÷ 28d median), across 153/153 countries (settled UTC day 2025-08-02) [archive import: scored retroactively, not a live reading]",2025-08-02,scoring
2025-08-03,0.7721,-2.279,0,down,"IODA bgp worst-of route visibility 0.7721 of normal, driven by SY (daily-min ÷ 28d median), across 153/153 countries (settled UTC day 2025-08-03) [archive import: scored retroactively, not a live reading]",2025-08-03,scoring
2025-08-04,0.8723,-1.277,0,down,"IODA bgp worst-of route visibility 0.8723 of normal, driven by DE (daily-min ÷ 28d median), across 153/153 countries (settled UTC day 2025-08-04) [archive import: scored retroactively, not a live reading]",2025-08-04,scoring
2025-08-05,0.945,-0.550,0,down,"IODA bgp worst-of route visibility 0.9450 of normal, driven by ET (daily-min ÷ 28d median), across 153/153 countries (settled UTC day 2025-08-05) [archive import: scored retroactively, not a live reading]",2025-08-05,scoring
2025-08-06,0.8761,-1.239,0,down,"IODA bgp worst-of route visibility 0.8761 of normal, driven by CM (daily-min ÷ 28d median), across 153/153 countries (settled UTC day 2025-08-06) [archive import: scored retroactively, not a live reading]",2025-08-06,scoring
2025-08-07,0.97,-0.300,0,down,"IODA bgp worst-of route visibility 0.9700 of normal, driven by MT (daily-min ÷ 28d median), across 153/153 countries (settled UTC day 2025-08-07) [archive import: scored retroactively, not a live reading]",2025-08-07,scoring
2025-08-08,0.9365,-0.635,0,down,"IODA bgp worst-of route visibility 0.9365 of normal, driven by MN (daily-min ÷ 28d median), across 153/153 countries (settled UTC day 2025-08-08) [archive import: scored retroactively, not a live reading]",2025-08-08,scoring
2025-08-09,0.9633,-0.367,0,down,"IODA bgp worst-of route visibility 0.9633 of normal, driven by ET (daily-min ÷ 28d median), across 153/153 countries (settled UTC day 2025-08-09) [archive import: scored retroactively, not a live reading]",2025-08-09,scoring
2025-08-10,0.8556,-1.444,0,down,"IODA bgp worst-of route visibility 0.8556 of normal, driven by GA (daily-min ÷ 28d median), across 153/153 countries (settled UTC day 2025-08-10) [archive import: scored retroactively, not a live reading]",2025-08-10,scoring
2025-08-11,0.8781,-1.219,0,down,"IODA bgp worst-of route visibility 0.8781 of normal, driven by YE (daily-min ÷ 28d median), across 153/153 countries (settled UTC day 2025-08-11) [archive import: scored retroactively, not a live reading]",2025-08-11,scoring
2025-08-12,0.9586,-0.414,0,down,"IODA bgp worst-of route visibility 0.9586 of normal, driven by TZ (daily-min ÷ 28d median), across 153/153 countries (settled UTC day 2025-08-12) [archive import: scored retroactively, not a live reading]",2025-08-12,scoring
2025-08-13,0.9119,-0.881,0,down,"IODA bgp worst-of route visibility 0.9119 of normal, driven by ZM (daily-min ÷ 28d median), across 153/153 countries (settled UTC day 2025-08-13) [archive import: scored retroactively, not a live reading]",2025-08-13,scoring
2025-08-14,0.9119,-0.881,0,down,"IODA bgp worst-of route visibility 0.9119 of normal, driven by ZM (daily-min ÷ 28d median), across 153/153 countries (settled UTC day 2025-08-14) [archive import: scored retroactively, not a live reading]",2025-08-14,scoring
2025-08-15,0.9074,-0.926,0,down,"IODA bgp worst-of route visibility 0.9074 of normal, driven by AO (daily-min ÷ 28d median), across 153/153 countries (settled UTC day 2025-08-15) [archive import: scored retroactively, not a live reading]",2025-08-15,scoring
2025-08-16,0.945,-0.550,0,down,"IODA bgp worst-of route visibility 0.9450 of normal, driven by ET (daily-min ÷ 28d median), across 153/153 countries (settled UTC day 2025-08-16) [archive import: scored retroactively, not a live reading]",2025-08-16,scoring
2025-08-17,0.9749,-0.251,0,down,"IODA bgp worst-of route visibility 0.9749 of normal, driven by CG (daily-min ÷ 28d median), across 153/153 countries (settled UTC day 2025-08-17) [archive import: scored retroactively, not a live reading]",2025-08-17,scoring
2025-08-18,0.6741,-3.259,1,down,"IODA bgp worst-of route visibility 0.6741 of normal, driven by HT (daily-min ÷ 28d median), across 153/153 countries (settled UTC day 2025-08-18) [archive import: scored retroactively, not a live reading]",2025-08-18,scoring
2025-08-19,0.8668,-1.332,0,down,"IODA bgp worst-of route visibility 0.8668 of normal, driven by YE (daily-min ÷ 28d median), across 153/153 countries (settled UTC day 2025-08-19) [archive import: scored retroactively, not a live reading]",2025-08-19,scoring
2025-08-20,0.9532,-0.468,0,down,"IODA bgp worst-of route visibility 0.9532 of normal, driven by AO (daily-min ÷ 28d median), across 153/153 countries (settled UTC day 2025-08-20) [archive import: scored retroactively, not a live reading]",2025-08-20,scoring
2025-08-21,0.7898,-2.102,0,down,"IODA bgp worst-of route visibility 0.7898 of normal, driven by CM (daily-min ÷ 28d median), across 153/153 countries (settled UTC day 2025-08-21) [archive import: scored retroactively, not a live reading]",2025-08-21,scoring
2025-08-22,0.7875,-2.125,0,down,"IODA bgp worst-of route visibility 0.7875 of normal, driven by CM (daily-min ÷ 28d median), across 153/153 countries (settled UTC day 2025-08-22) [archive import: scored retroactively, not a live reading]",2025-08-22,scoring
2025-08-23,0.7907,-2.093,0,down,"IODA bgp worst-of route visibility 0.7907 of normal, driven by CM (daily-min ÷ 28d median), across 153/153 countries (settled UTC day 2025-08-23) [archive import: scored retroactively, not a live reading]",2025-08-23,scoring
2025-08-24,0.7907,-2.093,0,down,"IODA bgp worst-of route visibility 0.7907 of normal, driven by CM (daily-min ÷ 28d median), across 153/153 countries (settled UTC day 2025-08-24) [archive import: scored retroactively, not a live reading]",2025-08-24,scoring
2025-08-25,0.7907,-2.093,0,down,"IODA bgp worst-of route visibility 0.7907 of normal, driven by CM (daily-min ÷ 28d median), across 153/153 countries (settled UTC day 2025-08-25) [archive import: scored retroactively, not a live reading]",2025-08-25,scoring
2025-08-26,0.3918,-6.082,1,down,"IODA bgp worst-of route visibility 0.3918 of normal, driven by IQ (daily-min ÷ 28d median), across 153/153 countries (settled UTC day 2025-08-26) [archive import: scored retroactively, not a live reading]",2025-08-26,scoring
2025-08-27,0.3784,-6.216,1,down,"IODA bgp worst-of route visibility 0.3784 of normal, driven by IQ (daily-min ÷ 28d median), across 153/153 countries (settled UTC day 2025-08-27) [archive import: scored retroactively, not a live reading]",2025-08-27,scoring
2025-08-28,0.3878,-6.122,1,down,"IODA bgp worst-of route visibility 0.3878 of normal, driven by IQ (daily-min ÷ 28d median), across 153/153 countries (settled UTC day 2025-08-28) [archive import: scored retroactively, not a live reading]",2025-08-28,scoring
2025-08-29,0.6788,-3.212,1,down,"IODA bgp worst-of route visibility 0.6788 of normal, driven by UG (daily-min ÷ 28d median), across 153/153 countries (settled UTC day 2025-08-29) [archive import: scored retroactively, not a live reading]",2025-08-29,scoring
2025-08-30,0.3845,-6.155,1,down,"IODA bgp worst-of route visibility 0.3845 of normal, driven by IQ (daily-min ÷ 28d median), across 153/153 countries (settled UTC day 2025-08-30) [archive import: scored retroactively, not a live reading]",2025-08-30,scoring
2025-08-31,0.3885,-6.115,1,down,"IODA bgp worst-of route visibility 0.3885 of normal, driven by IQ (daily-min ÷ 28d median), across 153/153 countries (settled UTC day 2025-08-31) [archive import: scored retroactively, not a live reading]",2025-08-31,scoring
2025-09-01,0.384,-6.160,1,down,"IODA bgp worst-of route visibility 0.3840 of normal, driven by IQ (daily-min ÷ 28d median), across 153/153 countries (settled UTC day 2025-09-01) [archive import: scored retroactively, not a live reading]",2025-09-01,scoring
2025-09-02,0.3651,-6.349,1,down,"IODA bgp worst-of route visibility 0.3651 of normal, driven by IQ (daily-min ÷ 28d median), across 153/153 countries (settled UTC day 2025-09-02) [archive import: scored retroactively, not a live reading]",2025-09-02,scoring
2025-09-03,0.3837,-6.163,1,down,"IODA bgp worst-of route visibility 0.3837 of normal, driven by IQ (daily-min ÷ 28d median), across 153/153 countries (settled UTC day 2025-09-03) [archive import: scored retroactively, not a live reading]",2025-09-03,scoring
2025-09-04,0.9413,-0.587,0,down,"IODA bgp worst-of route visibility 0.9413 of normal, driven by GE (daily-min ÷ 28d median), across 153/153 countries (settled UTC day 2025-09-04) [archive import: scored retroactively, not a live reading]",2025-09-04,scoring
2025-09-05,0.945,-0.550,0,down,"IODA bgp worst-of route visibility 0.9450 of normal, driven by ET (daily-min ÷ 28d median), across 153/153 countries (settled UTC day 2025-09-05) [archive import: scored retroactively, not a live reading]",2025-09-05,scoring
2025-09-06,0.3829,-6.171,1,down,"IODA bgp worst-of route visibility 0.3829 of normal, driven by IQ (daily-min ÷ 28d median), across 153/153 countries (settled UTC day 2025-09-06) [archive import: scored retroactively, not a live reading]",2025-09-06,scoring
2025-09-07,0.3842,-6.158,1,down,"IODA bgp worst-of route visibility 0.3842 of normal, driven by IQ (daily-min ÷ 28d median), across 153/153 countries (settled UTC day 2025-09-07) [archive import: scored retroactively, not a live reading]",2025-09-07,scoring
2025-09-08,0.3802,-6.198,1,down,"IODA bgp worst-of route visibility 0.3802 of normal, driven by IQ (daily-min ÷ 28d median), across 153/153 countries (settled UTC day 2025-09-08) [archive import: scored retroactively, not a live reading]",2025-09-08,scoring
2025-09-09,0.3811,-6.189,1,down,"IODA bgp worst-of route visibility 0.3811 of normal, driven by IQ (daily-min ÷ 28d median), across 153/153 countries (settled UTC day 2025-09-09) [archive import: scored retroactively, not a live reading]",2025-09-09,scoring
2025-09-10,0.3814,-6.186,1,down,"IODA bgp worst-of route visibility 0.3814 of normal, driven by IQ (daily-min ÷ 28d median), across 153/153 countries (settled UTC day 2025-09-10) [archive import: scored retroactively, not a live reading]",2025-09-10,scoring
2025-09-11,0.384,-6.160,1,down,"IODA bgp worst-of route visibility 0.3840 of normal, driven by IQ (daily-min ÷ 28d median), across 153/153 countries (settled UTC day 2025-09-11) [archive import: scored retroactively, not a live reading]",2025-09-11,scoring
2025-09-12,0.787,-2.130,0,down,"IODA bgp worst-of route visibility 0.7870 of normal, driven by CM (daily-min ÷ 28d median), across 153/153 countries (settled UTC day 2025-09-12) [archive import: scored retroactively, not a live reading]",2025-09-12,scoring
2025-09-13,0.8797,-1.203,0,down,"IODA bgp worst-of route visibility 0.8797 of normal, driven by CM (daily-min ÷ 28d median), across 153/153 countries (settled UTC day 2025-09-13) [archive import: scored retroactively, not a live reading]",2025-09-13,scoring
2025-09-14,0.945,-0.550,0,down,"IODA bgp worst-of route visibility 0.9450 of normal, driven by ET (daily-min ÷ 28d median), across 153/153 countries (settled UTC day 2025-09-14) [archive import: scored retroactively, not a live reading]",2025-09-14,scoring
2025-09-15,0.9725,-0.275,0,down,"IODA bgp worst-of route visibility 0.9725 of normal, driven by ET (daily-min ÷ 28d median), across 153/153 countries (settled UTC day 2025-09-15) [archive import: scored retroactively, not a live reading]",2025-09-15,scoring
2025-09-16,0.9524,-0.476,0,down,"IODA bgp worst-of route visibility 0.9524 of normal, driven by AF (daily-min ÷ 28d median), across 153/153 countries (settled UTC day 2025-09-16) [archive import: scored retroactively, not a live reading]",2025-09-16,scoring
2025-09-17,0.9278,-0.722,0,down,"IODA bgp worst-of route visibility 0.9278 of normal, driven by AF (daily-min ÷ 28d median), across 153/153 countries (settled UTC day 2025-09-17) [archive import: scored retroactively, not a live reading]",2025-09-17,scoring
2025-09-18,0.9228,-0.772,0,down,"IODA bgp worst-of route visibility 0.9228 of normal, driven by AF (daily-min ÷ 28d median), across 153/153 countries (settled UTC day 2025-09-18) [archive import: scored retroactively, not a live reading]",2025-09-18,scoring
2025-09-19,0.8582,-1.418,0,down,"IODA bgp worst-of route visibility 0.8582 of normal, driven by AO (daily-min ÷ 28d median), across 153/153 countries (settled UTC day 2025-09-19) [archive import: scored retroactively, not a live reading]",2025-09-19,scoring
2025-09-20,0.9223,-0.777,0,down,"IODA bgp worst-of route visibility 0.9223 of normal, driven by AF (daily-min ÷ 28d median), across 153/153 countries (settled UTC day 2025-09-20) [archive import: scored retroactively, not a live reading]",2025-09-20,scoring
2025-09-21,0.9058,-0.942,0,down,"IODA bgp worst-of route visibility 0.9058 of normal, driven by AF (daily-min ÷ 28d median), across 153/153 countries (settled UTC day 2025-09-21) [archive import: scored retroactively, not a live reading]",2025-09-21,scoring
2025-09-22,0.6703,-3.297,1,down,"IODA bgp worst-of route visibility 0.6703 of normal, driven by TZ (daily-min ÷ 28d median), across 153/153 countries (settled UTC day 2025-09-22) [archive import: scored retroactively, not a live reading]",2025-09-22,scoring
2025-09-23,0.6701,-3.299,1,down,"IODA bgp worst-of route visibility 0.6701 of normal, driven by TZ (daily-min ÷ 28d median), across 153/153 countries (settled UTC day 2025-09-23) [archive import: scored retroactively, not a live reading]",2025-09-23,scoring
2025-09-24,0.6699,-3.301,1,down,"IODA bgp worst-of route visibility 0.6699 of normal, driven by TZ (daily-min ÷ 28d median), across 153/153 countries (settled UTC day 2025-09-24) [archive import: scored retroactively, not a live reading]",2025-09-24,scoring
2025-09-25,0.6705,-3.295,1,down,"IODA bgp worst-of route visibility 0.6705 of normal, driven by TZ (daily-min ÷ 28d median), across 153/153 countries (settled UTC day 2025-09-25) [archive import: scored retroactively, not a live reading]",2025-09-25,scoring
2025-09-26,0.6703,-3.297,1,down,"IODA bgp worst-of route visibility 0.6703 of normal, driven by TZ (daily-min ÷ 28d median), across 153/153 countries (settled UTC day 2025-09-26) [archive import: scored retroactively, not a live reading]",2025-09-26,scoring
2025-09-27,0.6703,-3.297,1,down,"IODA bgp worst-of route visibility 0.6703 of normal, driven by TZ (daily-min ÷ 28d median), across 153/153 countries (settled UTC day 2025-09-27) [archive import: scored retroactively, not a live reading]",2025-09-27,scoring
2025-09-28,0.6705,-3.295,1,down,"IODA bgp worst-of route visibility 0.6705 of normal, driven by TZ (daily-min ÷ 28d median), across 153/153 countries (settled UTC day 2025-09-28) [archive import: scored retroactively, not a live reading]",2025-09-28,scoring
2025-09-29,0.1523,-8.477,1,down,"IODA bgp worst-of route visibility 0.1523 of normal, driven by AF (daily-min ÷ 28d median), across 153/153 countries (settled UTC day 2025-09-29) [archive import: scored retroactively, not a live reading]",2025-09-29,scoring
2025-09-30,0.1522,-8.478,1,down,"IODA bgp worst-of route visibility 0.1522 of normal, driven by AF (daily-min ÷ 28d median), across 153/153 countries (settled UTC day 2025-09-30) [archive import: scored retroactively, not a live reading]",2025-09-30,scoring
2025-10-01,0.1543,-8.457,1,down,"IODA bgp worst-of route visibility 0.1543 of normal, driven by AF (daily-min ÷ 28d median), across 153/153 countries (settled UTC day 2025-10-01) [archive import: scored retroactively, not a live reading]",2025-10-01,scoring
2025-10-02,0.6695,-3.305,1,down,"IODA bgp worst-of route visibility 0.6695 of normal, driven by TZ (daily-min ÷ 28d median), across 153/153 countries (settled UTC day 2025-10-02) [archive import: scored retroactively, not a live reading]",2025-10-02,scoring
2025-10-03,0.6695,-3.305,1,down,"IODA bgp worst-of route visibility 0.6695 of normal, driven by TZ (daily-min ÷ 28d median), across 153/153 countries (settled UTC day 2025-10-03) [archive import: scored retroactively, not a live reading]",2025-10-03,scoring
2025-10-04,0.6695,-3.305,1,down,"IODA bgp worst-of route visibility 0.6695 of normal, driven by TZ (daily-min ÷ 28d median), across 153/153 countries (settled UTC day 2025-10-04) [archive import: scored retroactively, not a live reading]",2025-10-04,scoring
2025-10-05,0.4923,-5.077,1,down,"IODA bgp worst-of route visibility 0.4923 of normal, driven by CM (daily-min ÷ 28d median), across 153/153 countries (settled UTC day 2025-10-05) [archive import: scored retroactively, not a live reading]",2025-10-05,scoring
2025-10-06,0.5807,-4.193,1,down,"IODA bgp worst-of route visibility 0.5807 of normal, driven by CM (daily-min ÷ 28d median), across 153/153 countries (settled UTC day 2025-10-06) [archive import: scored retroactively, not a live reading]",2025-10-06,scoring
2025-10-07,0.5788,-4.212,1,down,"IODA bgp worst-of route visibility 0.5788 of normal, driven by CM (daily-min ÷ 28d median), across 153/153 countries (settled UTC day 2025-10-07) [archive import: scored retroactively, not a live reading]",2025-10-07,scoring
2025-10-08,0.5788,-4.212,1,down,"IODA bgp worst-of route visibility 0.5788 of normal, driven by CM (daily-min ÷ 28d median), across 153/153 countries (settled UTC day 2025-10-08) [archive import: scored retroactively, not a live reading]",2025-10-08,scoring
2025-10-09,0.5788,-4.212,1,down,"IODA bgp worst-of route visibility 0.5788 of normal, driven by CM (daily-min ÷ 28d median), across 153/153 countries (settled UTC day 2025-10-09) [archive import: scored retroactively, not a live reading]",2025-10-09,scoring
2025-10-10,0.5782,-4.218,1,down,"IODA bgp worst-of route visibility 0.5782 of normal, driven by CM (daily-min ÷ 28d median), across 153/153 countries (settled UTC day 2025-10-10) [archive import: scored retroactively, not a live reading]",2025-10-10,scoring
2025-10-11,0.5783,-4.217,1,down,"IODA bgp worst-of route visibility 0.5783 of normal, driven by CM (daily-min ÷ 28d median), across 153/153 countries (settled UTC day 2025-10-11) [archive import: scored retroactively, not a live reading]",2025-10-11,scoring
2025-10-12,0.5724,-4.276,1,down,"IODA bgp worst-of route visibility 0.5724 of normal, driven by CM (daily-min ÷ 28d median), across 153/153 countries (settled UTC day 2025-10-12) [archive import: scored retroactively, not a live reading]",2025-10-12,scoring
2025-10-13,0.5712,-4.288,1,down,"IODA bgp worst-of route visibility 0.5712 of normal, driven by CM (daily-min ÷ 28d median), across 153/153 countries (settled UTC day 2025-10-13) [archive import: scored retroactively, not a live reading]",2025-10-13,scoring
2025-10-14,0.5069,-4.931,1,down,"IODA bgp worst-of route visibility 0.5069 of normal, driven by CM (daily-min ÷ 28d median), across 153/153 countries (settled UTC day 2025-10-14) [archive import: scored retroactively, not a live reading]",2025-10-14,scoring
2025-10-15,0.5764,-4.236,1,down,"IODA bgp worst-of route visibility 0.5764 of normal, driven by CM (daily-min ÷ 28d median), across 153/153 countries (settled UTC day 2025-10-15) [archive import: scored retroactively, not a live reading]",2025-10-15,scoring
2025-10-16,0.567,-4.330,1,down,"IODA bgp worst-of route visibility 0.5670 of normal, driven by CM (daily-min ÷ 28d median), across 153/153 countries (settled UTC day 2025-10-16) [archive import: scored retroactively, not a live reading]",2025-10-16,scoring
2025-10-17,0.5781,-4.219,1,down,"IODA bgp worst-of route visibility 0.5781 of normal, driven by CM (daily-min ÷ 28d median), across 153/153 countries (settled UTC day 2025-10-17) [archive import: scored retroactively, not a live reading]",2025-10-17,scoring
2025-10-18,0.5794,-4.206,1,down,"IODA bgp worst-of route visibility 0.5794 of normal, driven by CM (daily-min ÷ 28d median), across 153/153 countries (settled UTC day 2025-10-18) [archive import: scored retroactively, not a live reading]",2025-10-18,scoring
2025-10-19,0.5749,-4.251,1,down,"IODA bgp worst-of route visibility 0.5749 of normal, driven by CM (daily-min ÷ 28d median), across 153/153 countries (settled UTC day 2025-10-19) [archive import: scored retroactively, not a live reading]",2025-10-19,scoring
2025-10-20,0.7324,-2.676,0,down,"IODA bgp worst-of route visibility 0.7324 of normal, driven by CM (daily-min ÷ 28d median), across 153/153 countries (settled UTC day 2025-10-20) [archive import: scored retroactively, not a live reading]",2025-10-20,scoring
2025-10-21,0.8154,-1.846,0,down,"IODA bgp worst-of route visibility 0.8154 of normal, driven by VI (daily-min ÷ 28d median), across 153/153 countries (settled UTC day 2025-10-21) [archive import: scored retroactively, not a live reading]",2025-10-21,scoring
2025-10-22,0.8154,-1.846,0,down,"IODA bgp worst-of route visibility 0.8154 of normal, driven by VI (daily-min ÷ 28d median), across 153/153 countries (settled UTC day 2025-10-22) [archive import: scored retroactively, not a live reading]",2025-10-22,scoring
2025-10-23,0.6086,-3.914,1,down,"IODA bgp worst-of route visibility 0.6086 of normal, driven by CM (daily-min ÷ 28d median), across 153/153 countries (settled UTC day 2025-10-23) [archive import: scored retroactively, not a live reading]",2025-10-23,scoring
2025-10-24,0.9625,-0.375,0,down,"IODA bgp worst-of route visibility 0.9625 of normal, driven by NG (daily-min ÷ 28d median), across 153/153 countries (settled UTC day 2025-10-24) [archive import: scored retroactively, not a live reading]",2025-10-24,scoring
2025-10-25,0.9633,-0.367,0,down,"IODA bgp worst-of route visibility 0.9633 of normal, driven by ET (daily-min ÷ 28d median), across 153/153 countries (settled UTC day 2025-10-25) [archive import: scored retroactively, not a live reading]",2025-10-25,scoring
2025-10-26,0.9001,-0.999,0,down,"IODA bgp worst-of route visibility 0.9001 of normal, driven by MZ (daily-min ÷ 28d median), across 153/153 countries (settled UTC day 2025-10-26) [archive import: scored retroactively, not a live reading]",2025-10-26,scoring
2025-10-27,0.9681,-0.319,0,down,"IODA bgp worst-of route visibility 0.9681 of normal, driven by KZ (daily-min ÷ 28d median), across 153/153 countries (settled UTC day 2025-10-27) [archive import: scored retroactively, not a live reading]",2025-10-27,scoring
2025-10-28,0.967,-0.330,0,down,"IODA bgp worst-of route visibility 0.9670 of normal, driven by SY (daily-min ÷ 28d median), across 153/153 countries (settled UTC day 2025-10-28) [archive import: scored retroactively, not a live reading]",2025-10-28,scoring
2025-10-29,0.8009,-1.991,0,down,"IODA bgp worst-of route visibility 0.8009 of normal, driven by TZ (daily-min ÷ 28d median), across 153/153 countries (settled UTC day 2025-10-29) [archive import: scored retroactively, not a live reading]",2025-10-29,scoring
2025-10-30,0.7734,-2.266,0,down,"IODA bgp worst-of route visibility 0.7734 of normal, driven by TZ (daily-min ÷ 28d median), across 153/153 countries (settled UTC day 2025-10-30) [archive import: scored retroactively, not a live reading]",2025-10-30,scoring
2025-10-31,0.762,-2.380,0,down,"IODA bgp worst-of route visibility 0.7620 of normal, driven by TZ (daily-min ÷ 28d median), across 153/153 countries (settled UTC day 2025-10-31) [archive import: scored retroactively, not a live reading]",2025-10-31,scoring
2025-11-01,0.7616,-2.384,0,down,"IODA bgp worst-of route visibility 0.7616 of normal, driven by TZ (daily-min ÷ 28d median), across 153/153 countries (settled UTC day 2025-11-01) [archive import: scored retroactively, not a live reading]",2025-11-01,scoring
2025-11-02,0.747,-2.530,0,down,"IODA bgp worst-of route visibility 0.7470 of normal, driven by TZ (daily-min ÷ 28d median), across 153/153 countries (settled UTC day 2025-11-02) [archive import: scored retroactively, not a live reading]",2025-11-02,scoring
2025-11-03,0.747,-2.530,0,down,"IODA bgp worst-of route visibility 0.7470 of normal, driven by TZ (daily-min ÷ 28d median), across 153/153 countries (settled UTC day 2025-11-03) [archive import: scored retroactively, not a live reading]",2025-11-03,scoring
2025-11-04,0.7687,-2.313,0,down,"IODA bgp worst-of route visibility 0.7687 of normal, driven by BH (daily-min ÷ 28d median), across 153/153 countries (settled UTC day 2025-11-04) [archive import: scored retroactively, not a live reading]",2025-11-04,scoring
2025-11-05,0.7687,-2.313,0,down,"IODA bgp worst-of route visibility 0.7687 of normal, driven by BH (daily-min ÷ 28d median), across 153/153 countries (settled UTC day 2025-11-05) [archive import: scored retroactively, not a live reading]",2025-11-05,scoring
2025-11-06,0.7678,-2.322,0,down,"IODA bgp worst-of route visibility 0.7678 of normal, driven by BH (daily-min ÷ 28d median), across 153/153 countries (settled UTC day 2025-11-06) [archive import: scored retroactively, not a live reading]",2025-11-06,scoring
2025-11-07,0.7678,-2.322,0,down,"IODA bgp worst-of route visibility 0.7678 of normal, driven by BH (daily-min ÷ 28d median), across 153/153 countries (settled UTC day 2025-11-07) [archive import: scored retroactively, not a live reading]",2025-11-07,scoring
2025-11-08,0.768,-2.320,0,down,"IODA bgp worst-of route visibility 0.7680 of normal, driven by BH (daily-min ÷ 28d median), across 153/153 countries (settled UTC day 2025-11-08) [archive import: scored retroactively, not a live reading]",2025-11-08,scoring
2025-11-09,0.7681,-2.319,0,down,"IODA bgp worst-of route visibility 0.7681 of normal, driven by BH (daily-min ÷ 28d median), across 153/153 countries (settled UTC day 2025-11-09) [archive import: scored retroactively, not a live reading]",2025-11-09,scoring
2025-11-10,0.7681,-2.319,0,down,"IODA bgp worst-of route visibility 0.7681 of normal, driven by BH (daily-min ÷ 28d median), across 153/153 countries (settled UTC day 2025-11-10) [archive import: scored retroactively, not a live reading]",2025-11-10,scoring
2025-11-11,0.7697,-2.303,0,down,"IODA bgp worst-of route visibility 0.7697 of normal, driven by BH (daily-min ÷ 28d median), across 153/153 countries (settled UTC day 2025-11-11) [archive import: scored retroactively, not a live reading]",2025-11-11,scoring
2025-11-12,0.7726,-2.274,0,down,"IODA bgp worst-of route visibility 0.7726 of normal, driven by BH (daily-min ÷ 28d median), across 153/153 countries (settled UTC day 2025-11-12) [archive import: scored retroactively, not a live reading]",2025-11-12,scoring
2025-11-13,0.7729,-2.271,0,down,"IODA bgp worst-of route visibility 0.7729 of normal, driven by BH (daily-min ÷ 28d median), across 153/153 countries (settled UTC day 2025-11-13) [archive import: scored retroactively, not a live reading]",2025-11-13,scoring
2025-11-14,0.7736,-2.264,0,down,"IODA bgp worst-of route visibility 0.7736 of normal, driven by BH (daily-min ÷ 28d median), across 153/153 countries (settled UTC day 2025-11-14) [archive import: scored retroactively, not a live reading]",2025-11-14,scoring
2025-11-15,0.7736,-2.264,0,down,"IODA bgp worst-of route visibility 0.7736 of normal, driven by BH (daily-min ÷ 28d median), across 153/153 countries (settled UTC day 2025-11-15) [archive import: scored retroactively, not a live reading]",2025-11-15,scoring
2025-11-16,0.7737,-2.263,0,down,"IODA bgp worst-of route visibility 0.7737 of normal, driven by BH (daily-min ÷ 28d median), across 153/153 countries (settled UTC day 2025-11-16) [archive import: scored retroactively, not a live reading]",2025-11-16,scoring
2025-11-17,0.7738,-2.262,0,down,"IODA bgp worst-of route visibility 0.7738 of normal, driven by BH (daily-min ÷ 28d median), across 153/153 countries (settled UTC day 2025-11-17) [archive import: scored retroactively, not a live reading]",2025-11-17,scoring
2025-11-18,0.8704,-1.296,0,down,"IODA bgp worst-of route visibility 0.8704 of normal, driven by BH (daily-min ÷ 28d median), across 153/153 countries (settled UTC day 2025-11-18) [archive import: scored retroactively, not a live reading]",2025-11-18,scoring
2025-11-19,0.9375,-0.625,0,down,"IODA bgp worst-of route visibility 0.9375 of normal, driven by GU (daily-min ÷ 28d median), across 153/153 countries (settled UTC day 2025-11-19) [archive import: scored retroactively, not a live reading]",2025-11-19,scoring
2025-11-20,0.9079,-0.921,0,down,"IODA bgp worst-of route visibility 0.9079 of normal, driven by SG (daily-min ÷ 28d median), across 153/153 countries (settled UTC day 2025-11-20) [archive import: scored retroactively, not a live reading]",2025-11-20,scoring
2025-11-21,0.908,-0.920,0,down,"IODA bgp worst-of route visibility 0.9080 of normal, driven by SG (daily-min ÷ 28d median), across 153/153 countries (settled UTC day 2025-11-21) [archive import: scored retroactively, not a live reading]",2025-11-21,scoring
2025-11-22,0.908,-0.920,0,down,"IODA bgp worst-of route visibility 0.9080 of normal, driven by SG (daily-min ÷ 28d median), across 153/153 countries (settled UTC day 2025-11-22) [archive import: scored retroactively, not a live reading]",2025-11-22,scoring
2025-11-23,0.9081,-0.919,0,down,"IODA bgp worst-of route visibility 0.9081 of normal, driven by SG (daily-min ÷ 28d median), across 153/153 countries (settled UTC day 2025-11-23) [archive import: scored retroactively, not a live reading]",2025-11-23,scoring
2025-11-24,0.9081,-0.919,0,down,"IODA bgp worst-of route visibility 0.9081 of normal, driven by SG (daily-min ÷ 28d median), across 153/153 countries (settled UTC day 2025-11-24) [archive import: scored retroactively, not a live reading]",2025-11-24,scoring
2025-11-25,0.8624,-1.376,0,down,"IODA bgp worst-of route visibility 0.8624 of normal, driven by HT (daily-min ÷ 28d median), across 153/153 countries (settled UTC day 2025-11-25) [archive import: scored retroactively, not a live reading]",2025-11-25,scoring
2025-11-26,0.865,-1.350,0,down,"IODA bgp worst-of route visibility 0.8650 of normal, driven by MZ (daily-min ÷ 28d median), across 153/153 countries (settled UTC day 2025-11-26) [archive import: scored retroactively, not a live reading]",2025-11-26,scoring
2025-11-27,0.9088,-0.912,0,down,"IODA bgp worst-of route visibility 0.9088 of normal, driven by SG (daily-min ÷ 28d median), across 153/153 countries (settled UTC day 2025-11-27) [archive import: scored retroactively, not a live reading]",2025-11-27,scoring
2025-11-28,0.9087,-0.913,0,down,"IODA bgp worst-of route visibility 0.9087 of normal, driven by SG (daily-min ÷ 28d median), across 153/153 countries (settled UTC day 2025-11-28) [archive import: scored retroactively, not a live reading]",2025-11-28,scoring
2025-11-29,0.9087,-0.913,0,down,"IODA bgp worst-of route visibility 0.9087 of normal, driven by SG (daily-min ÷ 28d median), across 153/153 countries (settled UTC day 2025-11-29) [archive import: scored retroactively, not a live reading]",2025-11-29,scoring
2025-11-30,0.9088,-0.912,0,down,"IODA bgp worst-of route visibility 0.9088 of normal, driven by SG (daily-min ÷ 28d median), across 153/153 countries (settled UTC day 2025-11-30) [archive import: scored retroactively, not a live reading]",2025-11-30,scoring
2025-12-01,0.9086,-0.914,0,down,"IODA bgp worst-of route visibility 0.9086 of normal, driven by SG (daily-min ÷ 28d median), across 153/153 countries (settled UTC day 2025-12-01) [archive import: scored retroactively, not a live reading]",2025-12-01,scoring
2025-12-02,0.9086,-0.914,0,down,"IODA bgp worst-of route visibility 0.9086 of normal, driven by SG (daily-min ÷ 28d median), across 153/153 countries (settled UTC day 2025-12-02) [archive import: scored retroactively, not a live reading]",2025-12-02,scoring
2025-12-03,0.9099,-0.901,0,down,"IODA bgp worst-of route visibility 0.9099 of normal, driven by SG (daily-min ÷ 28d median), across 153/153 countries (settled UTC day 2025-12-03) [archive import: scored retroactively, not a live reading]",2025-12-03,scoring
2025-12-04,0.9528,-0.472,0,down,"IODA bgp worst-of route visibility 0.9528 of normal, driven by SG (daily-min ÷ 28d median), across 153/153 countries (settled UTC day 2025-12-04) [archive import: scored retroactively, not a live reading]",2025-12-04,scoring
2025-12-05,0.9037,-0.963,0,down,"IODA bgp worst-of route visibility 0.9037 of normal, driven by AM (daily-min ÷ 28d median), across 153/153 countries (settled UTC day 2025-12-05) [archive import: scored retroactively, not a live reading]",2025-12-05,scoring
2025-12-06,0.9265,-0.735,0,down,"IODA bgp worst-of route visibility 0.9265 of normal, driven by CG (daily-min ÷ 28d median), across 153/153 countries (settled UTC day 2025-12-06) [archive import: scored retroactively, not a live reading]",2025-12-06,scoring
2025-12-07,0.8587,-1.413,0,down,"IODA bgp worst-of route visibility 0.8587 of normal, driven by CG (daily-min ÷ 28d median), across 153/153 countries (settled UTC day 2025-12-07) [archive import: scored retroactively, not a live reading]",2025-12-07,scoring
2025-12-08,0.9449,-0.551,0,down,"IODA bgp worst-of route visibility 0.9449 of normal, driven by ET (daily-min ÷ 28d median), across 153/153 countries (settled UTC day 2025-12-08) [archive import: scored retroactively, not a live reading]",2025-12-08,scoring
2025-12-09,0.9688,-0.312,0,down,"IODA bgp worst-of route visibility 0.9688 of normal, driven by HU (daily-min ÷ 28d median), across 153/153 countries (settled UTC day 2025-12-09) [archive import: scored retroactively, not a live reading]",2025-12-09,scoring
2025-12-10,0.9757,-0.243,0,down,"IODA bgp worst-of route visibility 0.9757 of normal, driven by RE (daily-min ÷ 28d median), across 153/153 countries (settled UTC day 2025-12-10) [archive import: scored retroactively, not a live reading]",2025-12-10,scoring
2025-12-11,0.9587,-0.413,0,down,"IODA bgp worst-of route visibility 0.9587 of normal, driven by ET (daily-min ÷ 28d median), across 153/153 countries (settled UTC day 2025-12-11) [archive import: scored retroactively, not a live reading]",2025-12-11,scoring
2025-12-12,0.8697,-1.303,0,down,"IODA bgp worst-of route visibility 0.8697 of normal, driven by CW (daily-min ÷ 28d median), across 153/153 countries (settled UTC day 2025-12-12) [archive import: scored retroactively, not a live reading]",2025-12-12,scoring
2025-12-13,0.8697,-1.303,0,down,"IODA bgp worst-of route visibility 0.8697 of normal, driven by CW (daily-min ÷ 28d median), across 153/153 countries (settled UTC day 2025-12-13) [archive import: scored retroactively, not a live reading]",2025-12-13,scoring
2025-12-14,0.8697,-1.303,0,down,"IODA bgp worst-of route visibility 0.8697 of normal, driven by CW (daily-min ÷ 28d median), across 153/153 countries (settled UTC day 2025-12-14) [archive import: scored retroactively, not a live reading]",2025-12-14,scoring
2025-12-15,0.8448,-1.552,0,down,"IODA bgp worst-of route visibility 0.8448 of normal, driven by RW (daily-min ÷ 28d median), across 153/153 countries (settled UTC day 2025-12-15) [archive import: scored retroactively, not a live reading]",2025-12-15,scoring
2025-12-16,0.79,-2.100,0,down,"IODA bgp worst-of route visibility 0.7900 of normal, driven by CM (daily-min ÷ 28d median), across 153/153 countries (settled UTC day 2025-12-16) [archive import: scored retroactively, not a live reading]",2025-12-16,scoring
2025-12-17,0.7899,-2.101,0,down,"IODA bgp worst-of route visibility 0.7899 of normal, driven by CM (daily-min ÷ 28d median), across 153/153 countries (settled UTC day 2025-12-17) [archive import: scored retroactively, not a live reading]",2025-12-17,scoring
2025-12-18,0.7903,-2.097,0,down,"IODA bgp worst-of route visibility 0.7903 of normal, driven by CM (daily-min ÷ 28d median), across 153/153 countries (settled UTC day 2025-12-18) [archive import: scored retroactively, not a live reading]",2025-12-18,scoring
2025-12-19,0.3904,-6.096,1,down,"IODA bgp worst-of route visibility 0.3904 of normal, driven by CM (daily-min ÷ 28d median), across 153/153 countries (settled UTC day 2025-12-19) [archive import: scored retroactively, not a live reading]",2025-12-19,scoring
2025-12-20,0.3915,-6.085,1,down,"IODA bgp worst-of route visibility 0.3915 of normal, driven by CM (daily-min ÷ 28d median), across 153/153 countries (settled UTC day 2025-12-20) [archive import: scored retroactively, not a live reading]",2025-12-20,scoring
2025-12-21,0.3956,-6.044,1,down,"IODA bgp worst-of route visibility 0.3956 of normal, driven by CM (daily-min ÷ 28d median), across 153/153 countries (settled UTC day 2025-12-21) [archive import: scored retroactively, not a live reading]",2025-12-21,scoring
2025-12-22,0.3943,-6.057,1,down,"IODA bgp worst-of route visibility 0.3943 of normal, driven by CM (daily-min ÷ 28d median), across 153/153 countries (settled UTC day 2025-12-22) [archive import: scored retroactively, not a live reading]",2025-12-22,scoring
2025-12-23,0.3915,-6.085,1,down,"IODA bgp worst-of route visibility 0.3915 of normal, driven by CM (daily-min ÷ 28d median), across 153/153 countries (settled UTC day 2025-12-23) [archive import: scored retroactively, not a live reading]",2025-12-23,scoring
2025-12-24,0.3848,-6.152,1,down,"IODA bgp worst-of route visibility 0.3848 of normal, driven by CM (daily-min ÷ 28d median), across 153/153 countries (settled UTC day 2025-12-24) [archive import: scored retroactively, not a live reading]",2025-12-24,scoring
2025-12-25,0.3901,-6.099,1,down,"IODA bgp worst-of route visibility 0.3901 of normal, driven by CM (daily-min ÷ 28d median), across 153/153 countries (settled UTC day 2025-12-25) [archive import: scored retroactively, not a live reading]",2025-12-25,scoring
2025-12-26,0.3847,-6.153,1,down,"IODA bgp worst-of route visibility 0.3847 of normal, driven by CM (daily-min ÷ 28d median), across 153/153 countries (settled UTC day 2025-12-26) [archive import: scored retroactively, not a live reading]",2025-12-26,scoring
2025-12-27,0.3958,-6.042,1,down,"IODA bgp worst-of route visibility 0.3958 of normal, driven by CM (daily-min ÷ 28d median), across 153/153 countries (settled UTC day 2025-12-27) [archive import: scored retroactively, not a live reading]",2025-12-27,scoring
2025-12-28,0.3963,-6.037,1,down,"IODA bgp worst-of route visibility 0.3963 of normal, driven by CM (daily-min ÷ 28d median), across 153/153 countries (settled UTC day 2025-12-28) [archive import: scored retroactively, not a live reading]",2025-12-28,scoring
2025-12-29,0.386,-6.140,1,down,"IODA bgp worst-of route visibility 0.3860 of normal, driven by CM (daily-min ÷ 28d median), across 153/153 countries (settled UTC day 2025-12-29) [archive import: scored retroactively, not a live reading]",2025-12-29,scoring
2025-12-30,0.3924,-6.076,1,down,"IODA bgp worst-of route visibility 0.3924 of normal, driven by CM (daily-min ÷ 28d median), across 153/153 countries (settled UTC day 2025-12-30) [archive import: scored retroactively, not a live reading]",2025-12-30,scoring
2025-12-31,0.4372,-5.628,1,down,"IODA bgp worst-of route visibility 0.4372 of normal, driven by CM (daily-min ÷ 28d median), across 153/153 countries (settled UTC day 2025-12-31) [archive import: scored retroactively, not a live reading]",2025-12-31,scoring
2026-01-01,0.5029,-4.971,1,down,"IODA bgp worst-of route visibility 0.5029 of normal, driven by CM (daily-min ÷ 28d median), across 153/153 countries (settled UTC day 2026-01-01) [archive import: scored retroactively, not a live reading]",2026-01-01,scoring
2026-01-02,0.5356,-4.644,1,down,"IODA bgp worst-of route visibility 0.5356 of normal, driven by CG (daily-min ÷ 28d median), across 153/153 countries (settled UTC day 2026-01-02) [archive import: scored retroactively, not a live reading]",2026-01-02,scoring
2026-01-03,0.956,-0.440,0,down,"IODA bgp worst-of route visibility 0.9560 of normal, driven by VE (daily-min ÷ 28d median), across 153/153 countries (settled UTC day 2026-01-03) [archive import: scored retroactively, not a live reading]",2026-01-03,scoring
2026-01-04,0.9445,-0.555,0,down,"IODA bgp worst-of route visibility 0.9445 of normal, driven by BF (daily-min ÷ 28d median), across 153/153 countries (settled UTC day 2026-01-04) [archive import: scored retroactively, not a live reading]",2026-01-04,scoring
2026-01-05,0.9672,-0.328,0,down,"IODA bgp worst-of route visibility 0.9672 of normal, driven by KW (daily-min ÷ 28d median), across 153/153 countries (settled UTC day 2026-01-05) [archive import: scored retroactively, not a live reading]",2026-01-05,scoring
2026-01-06,0.9505,-0.495,0,down,"IODA bgp worst-of route visibility 0.9505 of normal, driven by LU (daily-min ÷ 28d median), across 153/153 countries (settled UTC day 2026-01-06) [archive import: scored retroactively, not a live reading]",2026-01-06,scoring
2026-01-07,0.9225,-0.775,0,down,"IODA bgp worst-of route visibility 0.9225 of normal, driven by CM (daily-min ÷ 28d median), across 153/153 countries (settled UTC day 2026-01-07) [archive import: scored retroactively, not a live reading]",2026-01-07,scoring
2026-01-08,0.8674,-1.326,0,down,"IODA bgp worst-of route visibility 0.8674 of normal, driven by IR (daily-min ÷ 28d median), across 153/153 countries (settled UTC day 2026-01-08) [archive import: scored retroactively, not a live reading]",2026-01-08,scoring
2026-01-09,0.8689,-1.311,0,down,"IODA bgp worst-of route visibility 0.8689 of normal, driven by IR (daily-min ÷ 28d median), across 153/153 countries (settled UTC day 2026-01-09) [archive import: scored retroactively, not a live reading]",2026-01-09,scoring
2026-01-10,0.8289,-1.711,0,down,"IODA bgp worst-of route visibility 0.8289 of normal, driven by CG (daily-min ÷ 28d median), across 153/153 countries (settled UTC day 2026-01-10) [archive import: scored retroactively, not a live reading]",2026-01-10,scoring
2026-01-11,0.9033,-0.967,0,down,"IODA bgp worst-of route visibility 0.9033 of normal, driven by IR (daily-min ÷ 28d median), across 153/153 countries (settled UTC day 2026-01-11) [archive import: scored retroactively, not a live reading]",2026-01-11,scoring
2026-01-12,0.9039,-0.961,0,down,"IODA bgp worst-of route visibility 0.9039 of normal, driven by IR (daily-min ÷ 28d median), across 153/153 countries (settled UTC day 2026-01-12) [archive import: scored retroactively, not a live reading]",2026-01-12,scoring
2026-01-13,0.8574,-1.426,0,down,"IODA bgp worst-of route visibility 0.8574 of normal, driven by UG (daily-min ÷ 28d median), across 153/153 countries (settled UTC day 2026-01-13) [archive import: scored retroactively, not a live reading]",2026-01-13,scoring
2026-01-14,0.8947,-1.053,0,down,"IODA bgp worst-of route visibility 0.8947 of normal, driven by UG (daily-min ÷ 28d median), across 153/153 countries (settled UTC day 2026-01-14) [archive import: scored retroactively, not a live reading]",2026-01-14,scoring
2026-01-15,0.9218,-0.782,0,down,"IODA bgp worst-of route visibility 0.9218 of normal, driven by GE (daily-min ÷ 28d median), across 153/153 countries (settled UTC day 2026-01-15) [archive import: scored retroactively, not a live reading]",2026-01-15,scoring
2026-01-16,0.951,-0.490,0,down,"IODA bgp worst-of route visibility 0.9510 of normal, driven by HT (daily-min ÷ 28d median), across 153/153 countries (settled UTC day 2026-01-16) [archive import: scored retroactively, not a live reading]",2026-01-16,scoring
2026-01-17,0.9421,-0.579,0,down,"IODA bgp worst-of route visibility 0.9421 of normal, driven by IR (daily-min ÷ 28d median), across 153/153 countries (settled UTC day 2026-01-17) [archive import: scored retroactively, not a live reading]",2026-01-17,scoring
2026-01-18,0.9308,-0.692,0,down,"IODA bgp worst-of route visibility 0.9308 of normal, driven by IR (daily-min ÷ 28d median), across 153/153 countries (settled UTC day 2026-01-18) [archive import: scored retroactively, not a live reading]",2026-01-18,scoring
2026-01-19,0.955,-0.450,0,down,"IODA bgp worst-of route visibility 0.9550 of normal, driven by BJ (daily-min ÷ 28d median), across 153/153 countries (settled UTC day 2026-01-19) [archive import: scored retroactively, not a live reading]",2026-01-19,scoring
2026-01-20,0.7173,-2.827,0,down,"IODA bgp worst-of route visibility 0.7173 of normal, driven by CG (daily-min ÷ 28d median), across 153/153 countries (settled UTC day 2026-01-20) [archive import: scored retroactively, not a live reading]",2026-01-20,scoring
2026-01-21,0.7224,-2.776,0,down,"IODA bgp worst-of route visibility 0.7224 of normal, driven by SY (daily-min ÷ 28d median), across 153/153 countries (settled UTC day 2026-01-21) [archive import: scored retroactively, not a live reading]",2026-01-21,scoring
2026-01-22,0.7401,-2.599,0,down,"IODA bgp worst-of route visibility 0.7401 of normal, driven by SY (daily-min ÷ 28d median), across 153/153 countries (settled UTC day 2026-01-22) [archive import: scored retroactively, not a live reading]",2026-01-22,scoring
2026-01-23,0.977,-0.230,0,down,"IODA bgp worst-of route visibility 0.9770 of normal, driven by ET (daily-min ÷ 28d median), across 153/153 countries (settled UTC day 2026-01-23) [archive import: scored retroactively, not a live reading]",2026-01-23,scoring
2026-01-24,0.9816,-0.184,0,down,"IODA bgp worst-of route visibility 0.9816 of normal, driven by ET (daily-min ÷ 28d median), across 153/153 countries (settled UTC day 2026-01-24) [archive import: scored retroactively, not a live reading]",2026-01-24,scoring
2026-01-25,0.9776,-0.224,0,down,"IODA bgp worst-of route visibility 0.9776 of normal, driven by ZW (daily-min ÷ 28d median), across 153/153 countries (settled UTC day 2026-01-25) [archive import: scored retroactively, not a live reading]",2026-01-25,scoring
2026-01-26,0.9864,-0.136,0,down,"IODA bgp worst-of route visibility 0.9864 of normal, driven by AM (daily-min ÷ 28d median), across 153/153 countries (settled UTC day 2026-01-26) [archive import: scored retroactively, not a live reading]",2026-01-26,scoring
2026-01-27,0.8633,-1.367,0,down,"IODA bgp worst-of route visibility 0.8633 of normal, driven by ET (daily-min ÷ 28d median), across 153/153 countries (settled UTC day 2026-01-27) [archive import: scored retroactively, not a live reading]",2026-01-27,scoring
2026-01-28,0.9534,-0.466,0,down,"IODA bgp worst-of route visibility 0.9534 of normal, driven by MZ (daily-min ÷ 28d median), across 153/153 countries (settled UTC day 2026-01-28) [archive import: scored retroactively, not a live reading]",2026-01-28,scoring
2026-01-29,0.8726,-1.274,0,down,"IODA bgp worst-of route visibility 0.8726 of normal, driven by CM (daily-min ÷ 28d median), across 153/153 countries (settled UTC day 2026-01-29) [archive import: scored retroactively, not a live reading]",2026-01-29,scoring
2026-01-30,0.9346,-0.654,0,down,"IODA bgp worst-of route visibility 0.9346 of normal, driven by GE (daily-min ÷ 28d median), across 153/153 countries (settled UTC day 2026-01-30) [archive import: scored retroactively, not a live reading]",2026-01-30,scoring
2026-01-31,0.9822,-0.178,0,down,"IODA bgp worst-of route visibility 0.9822 of normal, driven by CG (daily-min ÷ 28d median), across 153/153 countries (settled UTC day 2026-01-31) [archive import: scored retroactively, not a live reading]",2026-01-31,scoring
2026-02-01,0.9447,-0.553,0,down,"IODA bgp worst-of route visibility 0.9447 of normal, driven by ET (daily-min ÷ 28d median), across 153/153 countries (settled UTC day 2026-02-01) [archive import: scored retroactively, not a live reading]",2026-02-01,scoring
2026-02-02,0.8446,-1.554,0,down,"IODA bgp worst-of route visibility 0.8446 of normal, driven by BJ (daily-min ÷ 28d median), across 153/153 countries (settled UTC day 2026-02-02) [archive import: scored retroactively, not a live reading]",2026-02-02,scoring
2026-02-03,0.8924,-1.076,0,down,"IODA bgp worst-of route visibility 0.8924 of normal, driven by ID (daily-min ÷ 28d median), across 153/153 countries (settled UTC day 2026-02-03) [archive import: scored retroactively, not a live reading]",2026-02-03,scoring
2026-02-04,0.8923,-1.077,0,down,"IODA bgp worst-of route visibility 0.8923 of normal, driven by ID (daily-min ÷ 28d median), across 153/153 countries (settled UTC day 2026-02-04) [archive import: scored retroactively, not a live reading]",2026-02-04,scoring
2026-02-05,0.8924,-1.076,0,down,"IODA bgp worst-of route visibility 0.8924 of normal, driven by ID (daily-min ÷ 28d median), across 153/153 countries (settled UTC day 2026-02-05) [archive import: scored retroactively, not a live reading]",2026-02-05,scoring
2026-02-06,0.8922,-1.078,0,down,"IODA bgp worst-of route visibility 0.8922 of normal, driven by ID (daily-min ÷ 28d median), across 153/153 countries (settled UTC day 2026-02-06) [archive import: scored retroactively, not a live reading]",2026-02-06,scoring
2026-02-07,0.8921,-1.079,0,down,"IODA bgp worst-of route visibility 0.8921 of normal, driven by ID (daily-min ÷ 28d median), across 153/153 countries (settled UTC day 2026-02-07) [archive import: scored retroactively, not a live reading]",2026-02-07,scoring
2026-02-08,0.8921,-1.079,0,down,"IODA bgp worst-of route visibility 0.8921 of normal, driven by ID (daily-min ÷ 28d median), across 153/153 countries (settled UTC day 2026-02-08) [archive import: scored retroactively, not a live reading]",2026-02-08,scoring
2026-02-09,0.8922,-1.078,0,down,"IODA bgp worst-of route visibility 0.8922 of normal, driven by ID (daily-min ÷ 28d median), across 153/153 countries (settled UTC day 2026-02-09) [archive import: scored retroactively, not a live reading]",2026-02-09,scoring
2026-02-10,0.8134,-1.866,0,down,"IODA bgp worst-of route visibility 0.8134 of normal, driven by CM (daily-min ÷ 28d median), across 153/153 countries (settled UTC day 2026-02-10) [archive import: scored retroactively, not a live reading]",2026-02-10,scoring
2026-02-11,0.6462,-3.538,1,down,"IODA bgp worst-of route visibility 0.6462 of normal, driven by BO (daily-min ÷ 28d median), across 153/153 countries (settled UTC day 2026-02-11) [archive import: scored retroactively, not a live reading]",2026-02-11,scoring
2026-02-12,0.6464,-3.536,1,down,"IODA bgp worst-of route visibility 0.6464 of normal, driven by BO (daily-min ÷ 28d median), across 153/153 countries (settled UTC day 2026-02-12) [archive import: scored retroactively, not a live reading]",2026-02-12,scoring
2026-02-13,0.8655,-1.345,0,down,"IODA bgp worst-of route visibility 0.8655 of normal, driven by MZ (daily-min ÷ 28d median), across 153/153 countries (settled UTC day 2026-02-13) [archive import: scored retroactively, not a live reading]",2026-02-13,scoring
2026-02-14,0.8917,-1.083,0,down,"IODA bgp worst-of route visibility 0.8917 of normal, driven by ID (daily-min ÷ 28d median), across 153/153 countries (settled UTC day 2026-02-14) [archive import: scored retroactively, not a live reading]",2026-02-14,scoring
2026-02-15,0.8923,-1.077,0,down,"IODA bgp worst-of route visibility 0.8923 of normal, driven by ID (daily-min ÷ 28d median), across 153/153 countries (settled UTC day 2026-02-15) [archive import: scored retroactively, not a live reading]",2026-02-15,scoring
2026-02-16,0.8926,-1.074,0,down,"IODA bgp worst-of route visibility 0.8926 of normal, driven by ID (daily-min ÷ 28d median), across 153/153 countries (settled UTC day 2026-02-16) [archive import: scored retroactively, not a live reading]",2026-02-16,scoring
2026-02-17,0.9434,-0.566,0,down,"IODA bgp worst-of route visibility 0.9434 of normal, driven by ID (daily-min ÷ 28d median), across 153/153 countries (settled UTC day 2026-02-17) [archive import: scored retroactively, not a live reading]",2026-02-17,scoring
2026-02-18,0.9534,-0.466,0,down,"IODA bgp worst-of route visibility 0.9534 of normal, driven by LU (daily-min ÷ 28d median), across 153/153 countries (settled UTC day 2026-02-18) [archive import: scored retroactively, not a live reading]",2026-02-18,scoring
2026-02-19,0.9767,-0.233,0,down,"IODA bgp worst-of route visibility 0.9767 of normal, driven by NG (daily-min ÷ 28d median), across 153/153 countries (settled UTC day 2026-02-19) [archive import: scored retroactively, not a live reading]",2026-02-19,scoring
2026-02-20,0.9586,-0.414,0,down,"IODA bgp worst-of route visibility 0.9586 of normal, driven by ET (daily-min ÷ 28d median), across 153/153 countries (settled UTC day 2026-02-20) [archive import: scored retroactively, not a live reading]",2026-02-20,scoring
2026-02-21,0.8773,-1.227,0,down,"IODA bgp worst-of route visibility 0.8773 of normal, driven by CM (daily-min ÷ 28d median), across 153/153 countries (settled UTC day 2026-02-21) [archive import: scored retroactively, not a live reading]",2026-02-21,scoring
2026-02-22,0.9764,-0.236,0,down,"IODA bgp worst-of route visibility 0.9764 of normal, driven by LU (daily-min ÷ 28d median), across 153/153 countries (settled UTC day 2026-02-22) [archive import: scored retroactively, not a live reading]",2026-02-22,scoring
2026-02-23,0.9885,-0.115,0,down,"IODA bgp worst-of route visibility 0.9885 of normal, driven by GB (daily-min ÷ 28d median), across 153/153 countries (settled UTC day 2026-02-23) [archive import: scored retroactively, not a live reading]",2026-02-23,scoring
2026-02-24,0.9632,-0.368,0,down,"IODA bgp worst-of route visibility 0.9632 of normal, driven by ET (daily-min ÷ 28d median), across 153/153 countries (settled UTC day 2026-02-24) [archive import: scored retroactively, not a live reading]",2026-02-24,scoring
2026-02-25,0.964,-0.360,0,down,"IODA bgp worst-of route visibility 0.9640 of normal, driven by BJ (daily-min ÷ 28d median), across 153/153 countries (settled UTC day 2026-02-25) [archive import: scored retroactively, not a live reading]",2026-02-25,scoring
2026-02-26,0.8828,-1.172,0,down,"IODA bgp worst-of route visibility 0.8828 of normal, driven by CM (daily-min ÷ 28d median), across 153/153 countries (settled UTC day 2026-02-26) [archive import: scored retroactively, not a live reading]",2026-02-26,scoring
2026-02-27,0.9234,-0.766,0,down,"IODA bgp worst-of route visibility 0.9234 of normal, driven by AO (daily-min ÷ 28d median), across 153/153 countries (settled UTC day 2026-02-27) [archive import: scored retroactively, not a live reading]",2026-02-27,scoring
2026-02-28,0.9577,-0.423,0,down,"IODA bgp worst-of route visibility 0.9577 of normal, driven by IR (daily-min ÷ 28d median), across 153/153 countries (settled UTC day 2026-02-28) [archive import: scored retroactively, not a live reading]",2026-02-28,scoring
2026-03-01,0.9687,-0.313,0,down,"IODA bgp worst-of route visibility 0.9687 of normal, driven by IR (daily-min ÷ 28d median), across 153/153 countries (settled UTC day 2026-03-01) [archive import: scored retroactively, not a live reading]",2026-03-01,scoring
2026-03-02,0.984,-0.160,0,down,"IODA bgp worst-of route visibility 0.9840 of normal, driven by CG (daily-min ÷ 28d median), across 153/153 countries (settled UTC day 2026-03-02) [archive import: scored retroactively, not a live reading]",2026-03-02,scoring
2026-03-03,0.9749,-0.251,0,down,"IODA bgp worst-of route visibility 0.9749 of normal, driven by AF (daily-min ÷ 28d median), across 153/153 countries (settled UTC day 2026-03-03) [archive import: scored retroactively, not a live reading]",2026-03-03,scoring
2026-03-04,0.9676,-0.324,0,down,"IODA bgp worst-of route visibility 0.9676 of normal, driven by ET (daily-min ÷ 28d median), across 153/153 countries (settled UTC day 2026-03-04) [archive import: scored retroactively, not a live reading]",2026-03-04,scoring
2026-03-05,0.9446,-0.554,0,down,"IODA bgp worst-of route visibility 0.9446 of normal, driven by ET (daily-min ÷ 28d median), across 153/153 countries (settled UTC day 2026-03-05) [archive import: scored retroactively, not a live reading]",2026-03-05,scoring
2026-03-06,0.8316,-1.684,0,down,"IODA bgp worst-of route visibility 0.8316 of normal, driven by CG (daily-min ÷ 28d median), across 153/153 countries (settled UTC day 2026-03-06) [archive import: scored retroactively, not a live reading]",2026-03-06,scoring
2026-03-07,0.8076,-1.924,0,down,"IODA bgp worst-of route visibility 0.8076 of normal, driven by MU (daily-min ÷ 28d median), across 153/153 countries (settled UTC day 2026-03-07) [archive import: scored retroactively, not a live reading]",2026-03-07,scoring
2026-03-08,0.8051,-1.949,0,down,"IODA bgp worst-of route visibility 0.8051 of normal, driven by MU (daily-min ÷ 28d median), across 153/153 countries (settled UTC day 2026-03-08) [archive import: scored retroactively, not a live reading]",2026-03-08,scoring
2026-03-09,0.8594,-1.406,0,down,"IODA bgp worst-of route visibility 0.8594 of normal, driven by AO (daily-min ÷ 28d median), across 153/153 countries (settled UTC day 2026-03-09) [archive import: scored retroactively, not a live reading]",2026-03-09,scoring
2026-03-10,0.675,-3.250,1,down,"IODA bgp worst-of route visibility 0.6750 of normal, driven by MU (daily-min ÷ 28d median), across 153/153 countries (settled UTC day 2026-03-10) [archive import: scored retroactively, not a live reading]",2026-03-10,scoring
2026-03-11,0.6739,-3.261,1,down,"IODA bgp worst-of route visibility 0.6739 of normal, driven by MU (daily-min ÷ 28d median), across 153/153 countries (settled UTC day 2026-03-11) [archive import: scored retroactively, not a live reading]",2026-03-11,scoring
2026-03-12,0.6715,-3.285,1,down,"IODA bgp worst-of route visibility 0.6715 of normal, driven by MU (daily-min ÷ 28d median), across 153/153 countries (settled UTC day 2026-03-12) [archive import: scored retroactively, not a live reading]",2026-03-12,scoring
2026-03-13,0.6717,-3.283,1,down,"IODA bgp worst-of route visibility 0.6717 of normal, driven by MU (daily-min ÷ 28d median), across 153/153 countries (settled UTC day 2026-03-13) [archive import: scored retroactively, not a live reading]",2026-03-13,scoring
2026-03-14,0.6731,-3.269,1,down,"IODA bgp worst-of route visibility 0.6731 of normal, driven by MU (daily-min ÷ 28d median), across 153/153 countries (settled UTC day 2026-03-14) [archive import: scored retroactively, not a live reading]",2026-03-14,scoring
2026-03-15,0.4849,-5.151,1,down,"IODA bgp worst-of route visibility 0.4849 of normal, driven by CG (daily-min ÷ 28d median), across 153/153 countries (settled UTC day 2026-03-15) [archive import: scored retroactively, not a live reading]",2026-03-15,scoring
2026-03-16,0.4902,-5.098,1,down,"IODA bgp worst-of route visibility 0.4902 of normal, driven by CG (daily-min ÷ 28d median), across 153/153 countries (settled UTC day 2026-03-16) [archive import: scored retroactively, not a live reading]",2026-03-16,scoring
2026-03-17,0.6729,-3.271,1,down,"IODA bgp worst-of route visibility 0.6729 of normal, driven by MU (daily-min ÷ 28d median), across 153/153 countries (settled UTC day 2026-03-17) [archive import: scored retroactively, not a live reading]",2026-03-17,scoring
2026-03-18,0.6747,-3.253,1,down,"IODA bgp worst-of route visibility 0.6747 of normal, driven by MU (daily-min ÷ 28d median), across 153/153 countries (settled UTC day 2026-03-18) [archive import: scored retroactively, not a live reading]",2026-03-18,scoring
2026-03-19,0.6755,-3.245,1,down,"IODA bgp worst-of route visibility 0.6755 of normal, driven by MU (daily-min ÷ 28d median), across 153/153 countries (settled UTC day 2026-03-19) [archive import: scored retroactively, not a live reading]",2026-03-19,scoring
2026-03-20,0.6742,-3.258,1,down,"IODA bgp worst-of route visibility 0.6742 of normal, driven by MU (daily-min ÷ 28d median), across 153/153 countries (settled UTC day 2026-03-20) [archive import: scored retroactively, not a live reading]",2026-03-20,scoring
2026-03-21,0.6754,-3.246,1,down,"IODA bgp worst-of route visibility 0.6754 of normal, driven by MU (daily-min ÷ 28d median), across 153/153 countries (settled UTC day 2026-03-21) [archive import: scored retroactively, not a live reading]",2026-03-21,scoring
2026-03-22,0.6756,-3.244,1,down,"IODA bgp worst-of route visibility 0.6756 of normal, driven by MU (daily-min ÷ 28d median), across 153/153 countries (settled UTC day 2026-03-22) [archive import: scored retroactively, not a live reading]",2026-03-22,scoring
2026-03-23,0.6756,-3.244,1,down,"IODA bgp worst-of route visibility 0.6756 of normal, driven by MU (daily-min ÷ 28d median), across 153/153 countries (settled UTC day 2026-03-23) [archive import: scored retroactively, not a live reading]",2026-03-23,scoring
2026-03-24,0.6494,-3.506,1,down,"IODA bgp worst-of route visibility 0.6494 of normal, driven by VI (daily-min ÷ 28d median), across 153/153 countries (settled UTC day 2026-03-24) [archive import: scored retroactively, not a live reading]",2026-03-24,scoring
2026-03-25,0.9586,-0.414,0,down,"IODA bgp worst-of route visibility 0.9586 of normal, driven by ET (daily-min ÷ 28d median), across 153/153 countries (settled UTC day 2026-03-25) [archive import: scored retroactively, not a live reading]",2026-03-25,scoring
2026-03-26,0.9487,-0.513,0,down,"IODA bgp worst-of route visibility 0.9487 of normal, driven by HN (daily-min ÷ 28d median), across 153/153 countries (settled UTC day 2026-03-26) [archive import: scored retroactively, not a live reading]",2026-03-26,scoring
2026-03-27,0.9046,-0.954,0,down,"IODA bgp worst-of route visibility 0.9046 of normal, driven by ZW (daily-min ÷ 28d median), across 153/153 countries (settled UTC day 2026-03-27) [archive import: scored retroactively, not a live reading]",2026-03-27,scoring
2026-03-28,0.7719,-2.281,0,down,"IODA bgp worst-of route visibility 0.7719 of normal, driven by CM (daily-min ÷ 28d median), across 153/153 countries (settled UTC day 2026-03-28) [archive import: scored retroactively, not a live reading]",2026-03-28,scoring
2026-03-29,0.8596,-1.404,0,down,"IODA bgp worst-of route visibility 0.8596 of normal, driven by AO (daily-min ÷ 28d median), across 153/153 countries (settled UTC day 2026-03-29) [archive import: scored retroactively, not a live reading]",2026-03-29,scoring
2026-03-30,0.8594,-1.406,0,down,"IODA bgp worst-of route visibility 0.8594 of normal, driven by AO (daily-min ÷ 28d median), across 153/153 countries (settled UTC day 2026-03-30) [archive import: scored retroactively, not a live reading]",2026-03-30,scoring
2026-03-31,0.5579,-4.421,1,down,"IODA bgp worst-of route visibility 0.5579 of normal, driven by VI (daily-min ÷ 28d median), across 153/153 countries (settled UTC day 2026-03-31) [archive import: scored retroactively, not a live reading]",2026-03-31,scoring
2026-04-01,0.9023,-0.977,0,down,"IODA bgp worst-of route visibility 0.9023 of normal, driven by NA (daily-min ÷ 28d median), across 153/153 countries (settled UTC day 2026-04-01) [archive import: scored retroactively, not a live reading]",2026-04-01,scoring
2026-04-02,0.9719,-0.281,0,down,"IODA bgp worst-of route visibility 0.9719 of normal, driven by EG (daily-min ÷ 28d median), across 153/153 countries (settled UTC day 2026-04-02) [archive import: scored retroactively, not a live reading]",2026-04-02,scoring
2026-04-03,0.9737,-0.263,0,down,"IODA bgp worst-of route visibility 0.9737 of normal, driven by BN (daily-min ÷ 28d median), across 153/153 countries (settled UTC day 2026-04-03) [archive import: scored retroactively, not a live reading]",2026-04-03,scoring
2026-04-04,0.9005,-0.995,0,down,"IODA bgp worst-of route visibility 0.9005 of normal, driven by BO (daily-min ÷ 28d median), across 153/153 countries (settled UTC day 2026-04-04) [archive import: scored retroactively, not a live reading]",2026-04-04,scoring
2026-04-05,0.9792,-0.208,0,down,"IODA bgp worst-of route visibility 0.9792 of normal, driven by CL (daily-min ÷ 28d median), across 153/153 countries (settled UTC day 2026-04-05) [archive import: scored retroactively, not a live reading]",2026-04-05,scoring
2026-04-06,0.9493,-0.507,0,down,"IODA bgp worst-of route visibility 0.9493 of normal, driven by NA (daily-min ÷ 28d median), across 153/153 countries (settled UTC day 2026-04-06) [archive import: scored retroactively, not a live reading]",2026-04-06,scoring
2026-04-07,0.9691,-0.309,0,down,"IODA bgp worst-of route visibility 0.9691 of normal, driven by IQ (daily-min ÷ 28d median), across 153/153 countries (settled UTC day 2026-04-07) [archive import: scored retroactively, not a live reading]",2026-04-07,scoring
2026-04-08,0.9826,-0.174,0,down,"IODA bgp worst-of route visibility 0.9826 of normal, driven by CL (daily-min ÷ 28d median), across 153/153 countries (settled UTC day 2026-04-08) [archive import: scored retroactively, not a live reading]",2026-04-08,scoring
2026-04-09,0.8257,-1.743,0,down,"IODA bgp worst-of route visibility 0.8257 of normal, driven by GE (daily-min ÷ 28d median), across 153/153 countries (settled UTC day 2026-04-09) [archive import: scored retroactively, not a live reading]",2026-04-09,scoring
2026-04-10,0.9394,-0.606,0,down,"IODA bgp worst-of route visibility 0.9394 of normal, driven by CM (daily-min ÷ 28d median), across 153/153 countries (settled UTC day 2026-04-10) [archive import: scored retroactively, not a live reading]",2026-04-10,scoring
2026-04-11,0.7583,-2.417,0,down,"IODA bgp worst-of route visibility 0.7583 of normal, driven by ID (daily-min ÷ 28d median), across 153/153 countries (settled UTC day 2026-04-11) [archive import: scored retroactively, not a live reading]",2026-04-11,scoring
2026-04-12,0.7585,-2.415,0,down,"IODA bgp worst-of route visibility 0.7585 of normal, driven by ID (daily-min ÷ 28d median), across 153/153 countries (settled UTC day 2026-04-12) [archive import: scored retroactively, not a live reading]",2026-04-12,scoring
2026-04-13,0.7582,-2.418,0,down,"IODA bgp worst-of route visibility 0.7582 of normal, driven by ID (daily-min ÷ 28d median), across 153/153 countries (settled UTC day 2026-04-13) [archive import: scored retroactively, not a live reading]",2026-04-13,scoring
2026-04-14,0.7585,-2.415,0,down,"IODA bgp worst-of route visibility 0.7585 of normal, driven by ID (daily-min ÷ 28d median), across 153/153 countries (settled UTC day 2026-04-14) [archive import: scored retroactively, not a live reading]",2026-04-14,scoring
2026-04-15,0.7584,-2.416,0,down,"IODA bgp worst-of route visibility 0.7584 of normal, driven by ID (daily-min ÷ 28d median), across 153/153 countries (settled UTC day 2026-04-15) [archive import: scored retroactively, not a live reading]",2026-04-15,scoring
2026-04-16,0.7586,-2.414,0,down,"IODA bgp worst-of route visibility 0.7586 of normal, driven by ID (daily-min ÷ 28d median), across 153/153 countries (settled UTC day 2026-04-16) [archive import: scored retroactively, not a live reading]",2026-04-16,scoring
2026-04-17,0.7586,-2.414,0,down,"IODA bgp worst-of route visibility 0.7586 of normal, driven by ID (daily-min ÷ 28d median), across 153/153 countries (settled UTC day 2026-04-17) [archive import: scored retroactively, not a live reading]",2026-04-17,scoring
2026-04-18,0.7587,-2.413,0,down,"IODA bgp worst-of route visibility 0.7587 of normal, driven by ID (daily-min ÷ 28d median), across 153/153 countries (settled UTC day 2026-04-18) [archive import: scored retroactively, not a live reading]",2026-04-18,scoring
2026-04-19,0.7588,-2.412,0,down,"IODA bgp worst-of route visibility 0.7588 of normal, driven by ID (daily-min ÷ 28d median), across 153/153 countries (settled UTC day 2026-04-19) [archive import: scored retroactively, not a live reading]",2026-04-19,scoring
2026-04-20,0.7586,-2.414,0,down,"IODA bgp worst-of route visibility 0.7586 of normal, driven by ID (daily-min ÷ 28d median), across 153/153 countries (settled UTC day 2026-04-20) [archive import: scored retroactively, not a live reading]",2026-04-20,scoring
2026-04-21,0.7586,-2.414,0,down,"IODA bgp worst-of route visibility 0.7586 of normal, driven by ID (daily-min ÷ 28d median), across 153/153 countries (settled UTC day 2026-04-21) [archive import: scored retroactively, not a live reading]",2026-04-21,scoring
2026-04-22,0.7585,-2.415,0,down,"IODA bgp worst-of route visibility 0.7585 of normal, driven by ID (daily-min ÷ 28d median), across 153/153 countries (settled UTC day 2026-04-22) [archive import: scored retroactively, not a live reading]",2026-04-22,scoring
2026-04-23,0.7579,-2.421,0,down,"IODA bgp worst-of route visibility 0.7579 of normal, driven by ID (daily-min ÷ 28d median), across 153/153 countries (settled UTC day 2026-04-23) [archive import: scored retroactively, not a live reading]",2026-04-23,scoring
2026-04-24,0.7582,-2.418,0,down,"IODA bgp worst-of route visibility 0.7582 of normal, driven by ID (daily-min ÷ 28d median), across 153/153 countries (settled UTC day 2026-04-24) [archive import: scored retroactively, not a live reading]",2026-04-24,scoring
2026-04-25,0.7584,-2.416,0,down,"IODA bgp worst-of route visibility 0.7584 of normal, driven by ID (daily-min ÷ 28d median), across 153/153 countries (settled UTC day 2026-04-25) [archive import: scored retroactively, not a live reading]",2026-04-25,scoring
2026-04-26,0.863,-1.370,0,down,"IODA bgp worst-of route visibility 0.8630 of normal, driven by ID (daily-min ÷ 28d median), across 153/153 countries (settled UTC day 2026-04-26) [archive import: scored retroactively, not a live reading]",2026-04-26,scoring
2026-04-27,0.9685,-0.315,0,down,"IODA bgp worst-of route visibility 0.9685 of normal, driven by ZW (daily-min ÷ 28d median), across 153/153 countries (settled UTC day 2026-04-27) [archive import: scored retroactively, not a live reading]",2026-04-27,scoring
2026-04-28,0.9618,-0.382,0,down,"IODA bgp worst-of route visibility 0.9618 of normal, driven by CW (daily-min ÷ 28d median), across 153/153 countries (settled UTC day 2026-04-28) [archive import: scored retroactively, not a live reading]",2026-04-28,scoring
2026-04-29,0.7755,-2.245,0,down,"IODA bgp worst-of route visibility 0.7755 of normal, driven by BJ (daily-min ÷ 28d median), across 153/153 countries (settled UTC day 2026-04-29) [archive import: scored retroactively, not a live reading]",2026-04-29,scoring
2026-04-30,0.9618,-0.382,0,down,"IODA bgp worst-of route visibility 0.9618 of normal, driven by CW (daily-min ÷ 28d median), across 153/153 countries (settled UTC day 2026-04-30) [archive import: scored retroactively, not a live reading]",2026-04-30,scoring
2026-05-01,0.9618,-0.382,0,down,"IODA bgp worst-of route visibility 0.9618 of normal, driven by CW (daily-min ÷ 28d median), across 153/153 countries (settled UTC day 2026-05-01) [archive import: scored retroactively, not a live reading]",2026-05-01,scoring
2026-05-02,0.9618,-0.382,0,down,"IODA bgp worst-of route visibility 0.9618 of normal, driven by CW (daily-min ÷ 28d median), across 153/153 countries (settled UTC day 2026-05-02) [archive import: scored retroactively, not a live reading]",2026-05-02,scoring
2026-05-03,0.9535,-0.465,0,down,"IODA bgp worst-of route visibility 0.9535 of normal, driven by ZW (daily-min ÷ 28d median), across 153/153 countries (settled UTC day 2026-05-03) [archive import: scored retroactively, not a live reading]",2026-05-03,scoring
2026-05-04,0.9603,-0.397,0,down,"IODA bgp worst-of route visibility 0.9603 of normal, driven by ZW (daily-min ÷ 28d median), across 153/153 countries (settled UTC day 2026-05-04) [archive import: scored retroactively, not a live reading]",2026-05-04,scoring
2026-05-05,0.9618,-0.382,0,down,"IODA bgp worst-of route visibility 0.9618 of normal, driven by CW (daily-min ÷ 28d median), across 153/153 countries (settled UTC day 2026-05-05) [archive import: scored retroactively, not a live reading]",2026-05-05,scoring
2026-05-06,0.9618,-0.382,0,down,"IODA bgp worst-of route visibility 0.9618 of normal, driven by CW (daily-min ÷ 28d median), across 153/153 countries (settled UTC day 2026-05-06) [archive import: scored retroactively, not a live reading]",2026-05-06,scoring
2026-05-07,0.9618,-0.382,0,down,"IODA bgp worst-of route visibility 0.9618 of normal, driven by CW (daily-min ÷ 28d median), across 153/153 countries (settled UTC day 2026-05-07) [archive import: scored retroactively, not a live reading]",2026-05-07,scoring
2026-05-08,0.9337,-0.663,0,down,"IODA bgp worst-of route visibility 0.9337 of normal, driven by AO (daily-min ÷ 28d median), across 153/153 countries (settled UTC day 2026-05-08) [archive import: scored retroactively, not a live reading]",2026-05-08,scoring
2026-05-09,0.9618,-0.382,0,down,"IODA bgp worst-of route visibility 0.9618 of normal, driven by CW (daily-min ÷ 28d median), across 153/153 countries (settled UTC day 2026-05-09) [archive import: scored retroactively, not a live reading]",2026-05-09,scoring
2026-05-10,0.9618,-0.382,0,down,"IODA bgp worst-of route visibility 0.9618 of normal, driven by CW (daily-min ÷ 28d median), across 153/153 countries (settled UTC day 2026-05-10) [archive import: scored retroactively, not a live reading]",2026-05-10,scoring
2026-05-11,0.9605,-0.395,0,down,"IODA bgp worst-of route visibility 0.9605 of normal, driven by ME (daily-min ÷ 28d median), across 153/153 countries (settled UTC day 2026-05-11) [archive import: scored retroactively, not a live reading]",2026-05-11,scoring
2026-05-12,0.9577,-0.423,0,down,"IODA bgp worst-of route visibility 0.9577 of normal, driven by CW (daily-min ÷ 28d median), across 153/153 countries (settled UTC day 2026-05-12) [archive import: scored retroactively, not a live reading]",2026-05-12,scoring
2026-05-13,0.9741,-0.259,0,down,"IODA bgp worst-of route visibility 0.9741 of normal, driven by MM (daily-min ÷ 28d median), across 153/153 countries (settled UTC day 2026-05-13) [archive import: scored retroactively, not a live reading]",2026-05-13,scoring
2026-05-14,0.9617,-0.383,0,down,"IODA bgp worst-of route visibility 0.9617 of normal, driven by NG (daily-min ÷ 28d median), across 153/153 countries (settled UTC day 2026-05-14) [archive import: scored retroactively, not a live reading]",2026-05-14,scoring
2026-05-15,0.945,-0.550,0,down,"IODA bgp worst-of route visibility 0.9450 of normal, driven by AM (daily-min ÷ 28d median), across 153/153 countries (settled UTC day 2026-05-15) [archive import: scored retroactively, not a live reading]",2026-05-15,scoring
2026-05-16,0.9413,-0.587,0,down,"IODA bgp worst-of route visibility 0.9413 of normal, driven by AM (daily-min ÷ 28d median), across 153/153 countries (settled UTC day 2026-05-16) [archive import: scored retroactively, not a live reading]",2026-05-16,scoring
2026-05-17,0.9409,-0.591,0,down,"IODA bgp worst-of route visibility 0.9409 of normal, driven by NG (daily-min ÷ 28d median), across 153/153 countries (settled UTC day 2026-05-17) [archive import: scored retroactively, not a live reading]",2026-05-17,scoring
2026-05-18,0.9477,-0.523,0,down,"IODA bgp worst-of route visibility 0.9477 of normal, driven by BF (daily-min ÷ 28d median), across 153/153 countries (settled UTC day 2026-05-18) [archive import: scored retroactively, not a live reading]",2026-05-18,scoring
2026-05-19,0.9345,-0.655,0,down,"IODA bgp worst-of route visibility 0.9345 of normal, driven by KE (daily-min ÷ 28d median), across 153/153 countries (settled UTC day 2026-05-19) [archive import: scored retroactively, not a live reading]",2026-05-19,scoring
2026-05-20,0.8049,-1.951,0,down,"IODA bgp worst-of route visibility 0.8049 of normal, driven by IQ (daily-min ÷ 28d median), across 153/153 countries (settled UTC day 2026-05-20) [archive import: scored retroactively, not a live reading]",2026-05-20,scoring
2026-05-21,0.9001,-0.999,0,down,"IODA bgp worst-of route visibility 0.9001 of normal, driven by AM (daily-min ÷ 28d median), across 153/153 countries (settled UTC day 2026-05-21) [archive import: scored retroactively, not a live reading]",2026-05-21,scoring
2026-05-22,0.901,-0.990,0,down,"IODA bgp worst-of route visibility 0.9010 of normal, driven by AM (daily-min ÷ 28d median), across 153/153 countries (settled UTC day 2026-05-22) [archive import: scored retroactively, not a live reading]",2026-05-22,scoring
2026-05-23,0.7727,-2.273,0,down,"IODA bgp worst-of route visibility 0.7727 of normal, driven by HT (daily-min ÷ 28d median), across 153/153 countries (settled UTC day 2026-05-23) [archive import: scored retroactively, not a live reading]",2026-05-23,scoring
2026-05-24,0.4094,-5.906,1,down,"IODA bgp worst-of route visibility 0.4094 of normal, driven by IQ (daily-min ÷ 28d median), across 153/153 countries (settled UTC day 2026-05-24) [archive import: scored retroactively, not a live reading]",2026-05-24,scoring
2026-05-25,0.9049,-0.951,0,down,"IODA bgp worst-of route visibility 0.9049 of normal, driven by AM (daily-min ÷ 28d median), across 153/153 countries (settled UTC day 2026-05-25) [archive import: scored retroactively, not a live reading]",2026-05-25,scoring
2026-05-26,0.884,-1.160,0,down,"IODA bgp worst-of route visibility 0.8840 of normal, driven by AM (daily-min ÷ 28d median), across 153/153 countries (settled UTC day 2026-05-26) [archive import: scored retroactively, not a live reading]",2026-05-26,scoring
2026-05-27,0.8663,-1.337,0,down,"IODA bgp worst-of route visibility 0.8663 of normal, driven by HT (daily-min ÷ 28d median), across 153/153 countries (settled UTC day 2026-05-27) [archive import: scored retroactively, not a live reading]",2026-05-27,scoring
2026-05-28,0.8663,-1.337,0,down,"IODA bgp worst-of route visibility 0.8663 of normal, driven by HT (daily-min ÷ 28d median), across 153/153 countries (settled UTC day 2026-05-28) [archive import: scored retroactively, not a live reading]",2026-05-28,scoring
2026-05-29,0.9075,-0.925,0,down,"IODA bgp worst-of route visibility 0.9075 of normal, driven by AM (daily-min ÷ 28d median), across 153/153 countries (settled UTC day 2026-05-29) [archive import: scored retroactively, not a live reading]",2026-05-29,scoring
2026-05-30,0.927,-0.730,0,down,"IODA bgp worst-of route visibility 0.9270 of normal, driven by AM (daily-min ÷ 28d median), across 153/153 countries (settled UTC day 2026-05-30) [archive import: scored retroactively, not a live reading]",2026-05-30,scoring
2026-05-31,0.9226,-0.774,0,down,"IODA bgp worst-of route visibility 0.9226 of normal, driven by AM (daily-min ÷ 28d median), across 153/153 countries (settled UTC day 2026-05-31) [archive import: scored retroactively, not a live reading]",2026-05-31,scoring
2026-06-01,0.7878,-2.122,0,down,"IODA bgp worst-of route visibility 0.7878 of normal, driven by CM (daily-min ÷ 28d median), across 153/153 countries (settled UTC day 2026-06-01) [archive import: scored retroactively, not a live reading]",2026-06-01,scoring
2026-06-02,0.4317,-5.683,1,down,"IODA bgp worst-of route visibility 0.4317 of normal, driven by IQ (daily-min ÷ 28d median), across 153/153 countries (settled UTC day 2026-06-02) [archive import: scored retroactively, not a live reading]",2026-06-02,scoring
2026-06-03,0.9181,-0.819,0,down,"IODA bgp worst-of route visibility 0.9181 of normal, driven by GE (daily-min ÷ 28d median), across 153/153 countries (settled UTC day 2026-06-03) [archive import: scored retroactively, not a live reading]",2026-06-03,scoring
2026-06-04,0.9248,-0.752,0,down,"IODA bgp worst-of route visibility 0.9248 of normal, driven by BF (daily-min ÷ 28d median), across 153/153 countries (settled UTC day 2026-06-04) [archive import: scored retroactively, not a live reading]",2026-06-04,scoring
2026-06-05,0.9455,-0.545,0,down,"IODA bgp worst-of route visibility 0.9455 of normal, driven by IL (daily-min ÷ 28d median), across 153/153 countries (settled UTC day 2026-06-05) [archive import: scored retroactively, not a live reading]",2026-06-05,scoring
2026-06-06,0.8211,-1.789,0,down,"IODA bgp worst-of route visibility 0.8211 of normal, driven by IQ (daily-min ÷ 28d median), across 153/153 countries (settled UTC day 2026-06-06) [archive import: scored retroactively, not a live reading]",2026-06-06,scoring
2026-06-07,0.9457,-0.543,0,down,"IODA bgp worst-of route visibility 0.9457 of normal, driven by IL (daily-min ÷ 28d median), across 153/153 countries (settled UTC day 2026-06-07) [archive import: scored retroactively, not a live reading]",2026-06-07,scoring
2026-06-08,0.9457,-0.543,0,down,"IODA bgp worst-of route visibility 0.9457 of normal, driven by IL (daily-min ÷ 28d median), across 153/153 countries (settled UTC day 2026-06-08) [archive import: scored retroactively, not a live reading]",2026-06-08,scoring
2026-06-09,0.8245,-1.755,0,down,"IODA bgp worst-of route visibility 0.8245 of normal, driven by IQ (daily-min ÷ 28d median), across 153/153 countries (settled UTC day 2026-06-09) [archive import: scored retroactively, not a live reading]",2026-06-09,scoring
2026-06-10,0.9477,-0.523,0,down,"IODA bgp worst-of route visibility 0.9477 of normal, driven by IL (daily-min ÷ 28d median), across 153/153 countries (settled UTC day 2026-06-10) [archive import: scored retroactively, not a live reading]",2026-06-10,scoring
2026-06-11,0.7962,-2.038,0,down,"IODA bgp worst-of route visibility 0.7962 of normal, driven by IQ (daily-min ÷ 28d median), across 153/153 countries (settled UTC day 2026-06-11) [archive import: scored retroactively, not a live reading]",2026-06-11,scoring
2026-06-12,0.9379,-0.621,0,down,"IODA bgp worst-of route visibility 0.9379 of normal, driven by AF (daily-min ÷ 28d median), across 153/153 countries (settled UTC day 2026-06-12) [archive import: scored retroactively, not a live reading]",2026-06-12,scoring
2026-06-13,0.8151,-1.849,0,down,"IODA bgp worst-of route visibility 0.8151 of normal, driven by CG (daily-min ÷ 28d median), across 153/153 countries (settled UTC day 2026-06-13) [archive import: scored retroactively, not a live reading]",2026-06-13,scoring
2026-06-14,0.8544,-1.456,0,down,"IODA bgp worst-of route visibility 0.8544 of normal, driven by IQ (daily-min ÷ 28d median), across 153/153 countries (settled UTC day 2026-06-14) [archive import: scored retroactively, not a live reading]",2026-06-14,scoring
2026-06-15,0.8202,-1.798,0,down,"IODA bgp worst-of route visibility 0.8202 of normal, driven by IQ (daily-min ÷ 28d median), across 153/153 countries (settled UTC day 2026-06-15) [archive import: scored retroactively, not a live reading]",2026-06-15,scoring
2026-06-16,0.9355,-0.645,0,down,"IODA bgp worst-of route visibility 0.9355 of normal, driven by AF (daily-min ÷ 28d median), across 153/153 countries (settled UTC day 2026-06-16) [archive import: scored retroactively, not a live reading]",2026-06-16,scoring
2026-06-17,0.9027,-0.973,0,down,"IODA bgp worst-of route visibility 0.9027 of normal, driven by HN (daily-min ÷ 28d median), across 153/153 countries (settled UTC day 2026-06-17) [archive import: scored retroactively, not a live reading]",2026-06-17,scoring
2026-06-18,0.8192,-1.808,0,down,"IODA bgp worst-of route visibility 0.8192 of normal, driven by IQ (daily-min ÷ 28d median), across 153/153 countries (settled UTC day 2026-06-18) [archive import: scored retroactively, not a live reading]",2026-06-18,scoring
2026-06-19,0.8141,-1.859,0,down,"IODA bgp worst-of route visibility 0.8141 of normal, driven by CM (daily-min ÷ 28d median), across 153/153 countries (settled UTC day 2026-06-19) [archive import: scored retroactively, not a live reading]",2026-06-19,scoring
2026-06-20,0.8874,-1.126,0,down,"IODA bgp worst-of route visibility 0.8874 of normal, driven by LS (daily-min ÷ 28d median), across 153/153 countries (settled UTC day 2026-06-20) [archive import: scored retroactively, not a live reading]",2026-06-20,scoring
2026-06-21,0.8252,-1.748,0,down,"IODA bgp worst-of route visibility 0.8252 of normal, driven by IQ (daily-min ÷ 28d median), across 153/153 countries (settled UTC day 2026-06-21) [archive import: scored retroactively, not a live reading]",2026-06-21,scoring
2026-06-22,0.9495,-0.505,0,down,"IODA bgp worst-of route visibility 0.9495 of normal, driven by ET (daily-min ÷ 28d median), across 153/153 countries (settled UTC day 2026-06-22) [archive import: scored retroactively, not a live reading]",2026-06-22,scoring
2026-06-23,0.9679,-0.321,0,down,"IODA bgp worst-of route visibility 0.9679 of normal, driven by ET (daily-min ÷ 28d median), across 153/153 countries (settled UTC day 2026-06-23) [archive import: scored retroactively, not a live reading]",2026-06-23,scoring
2026-06-24,0.7207,-2.793,0,down,"IODA bgp worst-of route visibility 0.7207 of normal, driven by VE (daily-min ÷ 28d median), across 153/153 countries (settled UTC day 2026-06-24) [archive import: scored retroactively, not a live reading]",2026-06-24,scoring
2026-06-25,0.7208,-2.792,0,down,"IODA bgp worst-of route visibility 0.7208 of normal, driven by VE (daily-min ÷ 28d median), across 153/153 countries (settled UTC day 2026-06-25) [archive import: scored retroactively, not a live reading]",2026-06-25,scoring
2026-06-26,0.7609,-2.391,0,down,"IODA bgp worst-of route visibility 0.7609 of normal, driven by VE (daily-min ÷ 28d median), across 153/153 countries (settled UTC day 2026-06-26) [archive import: scored retroactively, not a live reading]",2026-06-26,scoring
2026-06-27,0.7169,-2.831,0,down,"IODA bgp worst-of route visibility 0.7169 of normal, driven by VE (daily-min ÷ 28d median), across 153/153 countries (settled UTC day 2026-06-27) [archive import: scored retroactively, not a live reading]",2026-06-27,scoring
2026-06-28,0.7224,-2.776,0,down,"IODA bgp worst-of route visibility 0.7224 of normal, driven by VE (daily-min ÷ 28d median), across 153/153 countries (settled UTC day 2026-06-28) [archive import: scored retroactively, not a live reading]",2026-06-28,scoring
2026-06-29,0.7215,-2.785,0,down,"IODA bgp worst-of route visibility 0.7215 of normal, driven by VE (daily-min ÷ 28d median), across 153/153 countries (settled UTC day 2026-06-29) [archive import: scored retroactively, not a live reading]",2026-06-29,scoring
2026-06-30,0.7116,-2.884,0,down,"IODA bgp worst-of route visibility 0.7116 of normal, driven by VE (daily-min ÷ 28d median), across 153/153 countries (settled UTC day 2026-06-30) [archive import: scored retroactively, not a live reading]",2026-06-30,scoring
2026-07-01,0.713,-2.870,0,down,"IODA bgp worst-of route visibility 0.7130 of normal, driven by VE (daily-min ÷ 28d median), across 153/153 countries (settled UTC day 2026-07-01) [archive import: scored retroactively, not a live reading]",2026-07-01,scoring
2026-07-02,0.7145,-2.855,0,down,"IODA bgp worst-of route visibility 0.7145 of normal, driven by VE (daily-min ÷ 28d median), across 153/153 countries (settled UTC day 2026-07-02) [archive import: scored retroactively, not a live reading]",2026-07-02,scoring
2026-07-03,0.7127,-2.873,0,down,"IODA bgp worst-of route visibility 0.7127 of normal, driven by VE (daily-min ÷ 28d median), across 153/153 countries (settled UTC day 2026-07-03) [archive import: scored retroactively, not a live reading]",2026-07-03,scoring
2026-07-04,0.724,-2.760,0,down,"IODA bgp worst-of route visibility 0.7240 of normal, driven by VE (daily-min ÷ 28d median), across 153/153 countries (settled UTC day 2026-07-04) [archive import: scored retroactively, not a live reading]",2026-07-04,scoring
2026-07-05,0.7268,-2.732,0,down,"IODA bgp worst-of route visibility 0.7268 of normal, driven by VE (daily-min ÷ 28d median), across 153/153 countries (settled UTC day 2026-07-05) [archive import: scored retroactively, not a live reading]",2026-07-05,scoring
2026-07-06,0.7272,-2.728,0,down,"IODA bgp worst-of route visibility 0.7272 of normal, driven by VE (daily-min ÷ 28d median), across 153/153 countries (settled UTC day 2026-07-06) [archive import: scored retroactively, not a live reading]",2026-07-06,scoring
2026-07-07,0.7277,-2.723,0,down,"IODA bgp worst-of route visibility 0.7277 of normal, driven by VE (daily-min ÷ 28d median), across 153/153 countries (settled UTC day 2026-07-07) [archive import: scored retroactively, not a live reading]",2026-07-07,scoring
2026-07-08,0.7263,-2.737,0,down,"IODA bgp worst-of route visibility 0.7263 of normal, driven by VE (daily-min ÷ 28d median), across 153/153 countries (settled UTC day 2026-07-08) [archive import: scored retroactively, not a live reading]",2026-07-08,scoring
2026-07-09,0.8223,-1.777,0,down,"IODA bgp worst-of route visibility 0.8223 of normal, driven by VE (daily-min ÷ 28d median), across 153/153 countries (settled UTC day 2026-07-09) [archive import: scored retroactively, not a live reading]",2026-07-09,scoring
2026-07-10,0.8345,-1.655,0,down,"IODA bgp worst-of route visibility 0.8345 of normal, driven by RW (daily-min ÷ 28d median), across 153/153 countries (settled UTC day 2026-07-10) [archive import: scored retroactively, not a live reading]",2026-07-10,scoring
2026-07-11,0.9449,-0.551,0,down,"IODA bgp worst-of route visibility 0.9449 of normal, driven by BF (daily-min ÷ 28d median), across 153/153 countries (settled UTC day 2026-07-11) [archive import: scored retroactively, not a live reading]",2026-07-11,scoring
2026-07-12,0.9674,-0.326,0,down,"IODA bgp worst-of route visibility 0.9674 of normal, driven by ZW (daily-min ÷ 28d median), across 153/153 countries (settled UTC day 2026-07-12) [archive import: scored retroactively, not a live reading]",2026-07-12,scoring
2026-07-13,0.9423,-0.577,0,down,"IODA bgp worst-of route visibility 0.9423 of normal, driven by BF (daily-min ÷ 28d median), across 153/153 countries (settled UTC day 2026-07-13) [archive import: scored retroactively, not a live reading]",2026-07-13,scoring
2026-07-14,0.9719,-0.281,0,down,"IODA bgp worst-of route visibility 0.9719 of normal, driven by ZW (daily-min ÷ 28d median), across 153/153 countries (settled UTC day 2026-07-14) [archive import: scored retroactively, not a live reading]",2026-07-14,scoring
2026-07-15,0.8578,-1.422,0,down,"IODA bgp worst-of route visibility 0.8578 of normal, driven by UG (daily-min ÷ 28d median), across 153/153 countries (settled UTC day 2026-07-15) [archive import: scored retroactively, not a live reading]",2026-07-15,scoring
2026-07-16,0.8574,-1.426,0,down,"IODA bgp worst-of route visibility 0.8574 of normal, driven by UG (daily-min ÷ 28d median), across 153/153 countries (settled UTC day 2026-07-16) [archive import: scored retroactively, not a live reading]",2026-07-16,scoring
2026-07-17,0.8574,-1.426,0,down,"IODA bgp worst-of route visibility 0.8574 of normal, driven by UG (daily-min ÷ 28d median), across 153/153 countries (settled UTC day 2026-07-17) [archive import: scored retroactively, not a live reading]",2026-07-17,scoring
2026-07-18,0.8576,-1.424,0,down,"IODA bgp worst-of route visibility 0.8576 of normal, driven by UG (daily-min ÷ 28d median), across 153/153 countries (settled UTC day 2026-07-18) [archive import: scored retroactively, not a live reading]",2026-07-18,scoring
2026-07-19,0.8576,-1.424,0,down,"IODA bgp worst-of route visibility 0.8576 of normal, driven by UG (daily-min ÷ 28d median), across 153/153 countries (settled UTC day 2026-07-19) [archive import: scored retroactively, not a live reading]",2026-07-19,scoring
2026-07-20,0.8576,-1.424,0,down,"IODA bgp worst-of route visibility 0.8576 of normal, driven by UG (daily-min ÷ 28d median), across 153/153 countries (settled UTC day 2026-07-20) [archive import: scored retroactively, not a live reading]",2026-07-20,scoring
2026-07-21,0.8576,-1.424,0,down,"IODA bgp worst-of route visibility 0.8576 of normal, driven by UG (daily-min ÷ 28d median), across 153/153 countries (settled UTC day 2026-07-21) [archive import: scored retroactively, not a live reading]",2026-07-21,scoring
2026-07-22,0.8576,-1.424,0,down,"IODA bgp worst-of route visibility 0.8576 of normal, driven by UG (daily-min ÷ 28d median), across 153/153 countries (settled UTC day 2026-07-22) [archive import: scored retroactively, not a live reading]",2026-07-22,scoring
2026-07-23,0.8576,-1.424,0,down,"IODA bgp worst-of route visibility 0.8576 of normal, driven by UG (daily-min ÷ 28d median), across 153/153 countries (settled UTC day 2026-07-23) [archive import: scored retroactively, not a live reading]",2026-07-23,scoring
2026-07-24,0.8576,-1.424,0,down,"IODA bgp worst-of route visibility 0.8576 of normal, driven by UG (daily-min ÷ 28d median), across 153/153 countries (settled UTC day 2026-07-24) [archive import: scored retroactively, not a live reading]",2026-07-24,scoring
2026-07-25,0.8577,-1.423,0,down,"IODA bgp worst-of route visibility 0.8577 of normal, driven by UG (daily-min ÷ 28d median), across 153/153 countries (settled UTC day 2026-07-25) [archive import: scored retroactively, not a live reading]",2026-07-25,scoring
2026-07-26,0.8576,-1.424,0,down,"IODA bgp worst-of route visibility 0.8576 of normal, driven by UG (daily-min ÷ 28d median), across 153/153 countries (settled UTC day 2026-07-26) [archive import: scored retroactively, not a live reading]",2026-07-26,scoring
2026-07-27,0.8578,-1.422,0,down,"IODA bgp worst-of route visibility 0.8578 of normal, driven by UG (daily-min ÷ 28d median), across 153/153 countries (settled UTC day 2026-07-27) [archive import: scored retroactively, not a live reading]",2026-07-27,scoring
2026-07-28,0.4516,-5.484,1,down,"IODA bgp worst-of route visibility 0.4516 of normal, driven by LY (daily-min ÷ 28d median), across 153/153 countries (settled UTC day 2026-07-28) [archive import: scored retroactively, not a live reading]",2026-07-28,scoring
2026-07-29,0.8579,-1.421,0,down,"IODA bgp worst-of route visibility 0.8579 of normal, driven by UG (daily-min ÷ 28d median), across 153/153 countries (settled UTC day 2026-07-29) [archive import: scored retroactively, not a live reading]",2026-07-29,scoring
2026-07-30,0.9236,-0.764,0,down,"IODA bgp worst-of route visibility 0.9236 of normal, driven by UG (daily-min ÷ 28d median), across 153/153 countries (settled UTC day 2026-07-30) [archive import: scored retroactively, not a live reading]",2026-07-30,scoring
2026-07-31,0.7064,-2.936,0,down,"IODA bgp worst-of route visibility 0.7064 of normal, driven by VI (daily-min ÷ 28d median), across 153/153 countries (settled UTC day 2026-07-31) [archive import: scored retroactively, not a live reading]",2026-07-31,scoring
2026-08-01,0.9135,-0.865,0,down,"IODA bgp worst-of route visibility 0.9135 of normal, driven by SY (daily-min ÷ 28d median), across 153/153 countries (settled UTC day 2026-08-01) [archive import: scored retroactively, not a live reading]",2026-08-01,scoring
2026-08-02,0.8652,-1.348,0,down,"IODA bgp worst-of route visibility 0.8652 of normal, driven by MZ (daily-min ÷ 28d median), across 153/153 countries (settled UTC day 2026-08-02) [archive import: scored retroactively, not a live reading]",2026-08-02,scoring
2026-08-03,0.9442,-0.558,0,down,"IODA bgp worst-of route visibility 0.9442 of normal, driven by BF (daily-min ÷ 28d median), across 153/153 countries (settled UTC day 2026-08-03) [archive import: scored retroactively, not a live reading]",2026-08-03,scoring
2026-08-04,0.8224,-1.776,0,down,"IODA bgp worst-of route visibility 0.8224 of normal, driven by CI (daily-min ÷ 28d median), across 153/153 countries (settled UTC day 2026-08-04) [archive import: scored retroactively, not a live reading]",2026-08-04,scoring
2026-08-05,0.7917,-2.083,0,down,"IODA bgp worst-of route visibility 0.7917 of normal, driven by CI (daily-min ÷ 28d median), across 153/153 countries (settled UTC day 2026-08-05) [archive import: scored retroactively, not a live reading]",2026-08-05,scoring
2026-08-06,0.8224,-1.776,0,down,"IODA bgp worst-of route visibility 0.8224 of normal, driven by CI (daily-min ÷ 28d median), across 153/153 countries (settled UTC day 2026-08-06) [archive import: scored retroactively, not a live reading]",2026-08-06,scoring
2026-08-07,0.8224,-1.776,0,down,"IODA bgp worst-of route visibility 0.8224 of normal, driven by CI (daily-min ÷ 28d median), across 153/153 countries (settled UTC day 2026-08-07) [archive import: scored retroactively, not a live reading]",2026-08-07,scoring
2026-08-08,0.8224,-1.776,0,down,"IODA bgp worst-of route visibility 0.8224 of normal, driven by CI (daily-min ÷ 28d median), across 153/153 countries (settled UTC day 2026-08-08) [archive import: scored retroactively, not a live reading]",2026-08-08,scoring
2026-08-09,0.8224,-1.776,0,down,"IODA bgp worst-of route visibility 0.8224 of normal, driven by CI (daily-min ÷ 28d median), across 153/153 countries (settled UTC day 2026-08-09) [archive import: scored retroactively, not a live reading]",2026-08-09,scoring
2026-08-10,0.8224,-1.776,0,down,"IODA bgp worst-of route visibility 0.8224 of normal, driven by CI (daily-min ÷ 28d median), across 153/153 countries (settled UTC day 2026-08-10) [archive import: scored retroactively, not a live reading]",2026-08-10,scoring
2026-08-11,0.8224,-1.776,0,down,"IODA bgp worst-of route visibility 0.8224 of normal, driven by CI (daily-min ÷ 28d median), across 153/153 countries (settled UTC day 2026-08-11) [archive import: scored retroactively, not a live reading]",2026-08-11,scoring
2026-08-12,0.7634,-2.366,0,down,"IODA bgp worst-of route visibility 0.7634 of normal, driven by CI (daily-min ÷ 28d median), across 153/153 countries (settled UTC day 2026-08-12) [archive import: scored retroactively, not a live reading]",2026-08-12,scoring
2026-08-13,0.7636,-2.364,0,down,"IODA bgp worst-of route visibility 0.7636 of normal, driven by CI (daily-min ÷ 28d median), across 153/153 countries (settled UTC day 2026-08-13) [archive import: scored retroactively, not a live reading]",2026-08-13,scoring
2026-08-14,0.7636,-2.364,0,down,"IODA bgp worst-of route visibility 0.7636 of normal, driven by CI (daily-min ÷ 28d median), across 153/153 countries (settled UTC day 2026-08-14) [archive import: scored retroactively, not a live reading]",2026-08-14,scoring
2026-08-15,0.7636,-2.364,0,down,"IODA bgp worst-of route visibility 0.7636 of normal, driven by CI (daily-min ÷ 28d median), across 153/153 countries (settled UTC day 2026-08-15) [archive import: scored retroactively, not a live reading]",2026-08-15,scoring
2026-08-16,0.7636,-2.364,0,down,"IODA bgp worst-of route visibility 0.7636 of normal, driven by CI (daily-min ÷ 28d median), across 153/153 countries (settled UTC day 2026-08-16) [archive import: scored retroactively, not a live reading]",2026-08-16,scoring
2026-08-17,0.7636,-2.364,0,down,"IODA bgp worst-of route visibility 0.7636 of normal, driven by CI (daily-min ÷ 28d median), across 153/153 countries (settled UTC day 2026-08-17) [archive import: scored retroactively, not a live reading]",2026-08-17,scoring
2026-08-18,0.8378,-1.622,0,down,"IODA bgp worst-of route visibility 0.8378 of normal, driven by CI (daily-min ÷ 28d median), across 153/153 countries (settled UTC day 2026-08-18) [archive import: scored retroactively, not a live reading]",2026-08-18,scoring
2026-08-19,0.9281,-0.719,0,down,"IODA bgp worst-of route visibility 0.9281 of normal, driven by CI (daily-min ÷ 28d median), across 153/153 countries (settled UTC day 2026-08-19) [archive import: scored retroactively, not a live reading]",2026-08-19,scoring
2026-08-20,0.9281,-0.719,0,down,"IODA bgp worst-of route visibility 0.9281 of normal, driven by CI (daily-min ÷ 28d median), across 153/153 countries (settled UTC day 2026-08-20) [archive import: scored retroactively, not a live reading]",2026-08-20,scoring
2026-08-21,0.5576,-4.424,1,down,"IODA bgp worst-of route visibility 0.5576 of normal, driven by VI (daily-min ÷ 28d median), across 153/153 countries (settled UTC day 2026-08-21) [archive import: scored retroactively, not a live reading]",2026-08-21,scoring
2026-08-22,0.928,-0.720,0,down,"IODA bgp worst-of route visibility 0.9280 of normal, driven by CI (daily-min ÷ 28d median), across 153/153 countries (settled UTC day 2026-08-22) [archive import: scored retroactively, not a live reading]",2026-08-22,scoring
2026-08-23,0.9281,-0.719,0,down,"IODA bgp worst-of route visibility 0.9281 of normal, driven by CI (daily-min ÷ 28d median), across 153/153 countries (settled UTC day 2026-08-23) [archive import: scored retroactively, not a live reading]",2026-08-23,scoring
2026-08-24,0.9281,-0.719,0,down,"IODA bgp worst-of route visibility 0.9281 of normal, driven by CI (daily-min ÷ 28d median), across 153/153 countries (settled UTC day 2026-08-24) [archive import: scored retroactively, not a live reading]",2026-08-24,scoring
2026-08-25,0.9281,-0.719,0,down,"IODA bgp worst-of route visibility 0.9281 of normal, driven by CI (daily-min ÷ 28d median), across 153/153 countries (settled UTC day 2026-08-25) [archive import: scored retroactively, not a live reading]",2026-08-25,scoring
2026-08-26,0.8962,-1.038,0,down,"IODA bgp worst-of route visibility 0.8962 of normal, driven by IQ (daily-min ÷ 28d median), across 153/153 countries (settled UTC day 2026-08-26) [archive import: scored retroactively, not a live reading]",2026-08-26,scoring
2026-08-27,0.5908,-4.092,1,down,"IODA bgp worst-of route visibility 0.5908 of normal, driven by HT (daily-min ÷ 28d median), across 153/153 countries (settled UTC day 2026-08-27) [archive import: scored retroactively, not a live reading]",2026-08-27,scoring
2026-08-28,0.9845,-0.155,0,down,"IODA bgp worst-of route visibility 0.9845 of normal, driven by NG (daily-min ÷ 28d median), across 153/153 countries (settled UTC day 2026-08-28) [archive import: scored retroactively, not a live reading]",2026-08-28,scoring
2026-08-29,0.9235,-0.765,0,down,"IODA bgp worst-of route visibility 0.9235 of normal, driven by IQ (daily-min ÷ 28d median), across 153/153 countries (settled UTC day 2026-08-29) [archive import: scored retroactively, not a live reading]",2026-08-29,scoring
2026-08-30,0.9233,-0.767,0,down,"IODA bgp worst-of route visibility 0.9233 of normal, driven by IQ (daily-min ÷ 28d median), across 153/153 countries (settled UTC day 2026-08-30) [archive import: scored retroactively, not a live reading]",2026-08-30,scoring
2026-08-31,0.9211,-0.789,0,down,"IODA bgp worst-of route visibility 0.9211 of normal, driven by IQ (daily-min ÷ 28d median), across 153/153 countries (settled UTC day 2026-08-31) [archive import: scored retroactively, not a live reading]",2026-08-31,scoring
2026-09-01,0.7481,-2.519,0,down,"IODA bgp worst-of route visibility 0.7481 of normal, driven by SA (daily-min ÷ 28d median), across 153/153 countries (settled UTC day 2026-09-01) [archive import: scored retroactively, not a live reading]",2026-09-01,scoring
2026-09-02,0.7478,-2.522,0,down,"IODA bgp worst-of route visibility 0.7478 of normal, driven by SA (daily-min ÷ 28d median), across 153/153 countries (settled UTC day 2026-09-02) [archive import: scored retroactively, not a live reading]",2026-09-02,scoring
2026-09-03,0.748,-2.520,0,down,"IODA bgp worst-of route visibility 0.7480 of normal, driven by SA (daily-min ÷ 28d median), across 153/153 countries (settled UTC day 2026-09-03) [archive import: scored retroactively, not a live reading]",2026-09-03,scoring
2026-09-04,0.9676,-0.324,0,down,"IODA bgp worst-of route visibility 0.9676 of normal, driven by VE (daily-min ÷ 28d median), across 153/153 countries (settled UTC day 2026-09-04) [archive import: scored retroactively, not a live reading]",2026-09-04,scoring
2026-09-05,0.9211,-0.789,0,down,"IODA bgp worst-of route visibility 0.9211 of normal, driven by IQ (daily-min ÷ 28d median), across 153/153 countries (settled UTC day 2026-09-05) [archive import: scored retroactively, not a live reading]",2026-09-05,scoring
2026-09-06,0.9022,-0.978,0,down,"IODA bgp worst-of route visibility 0.9022 of normal, driven by SY (daily-min ÷ 28d median), across 153/153 countries (settled UTC day 2026-09-06) [archive import: scored retroactively, not a live reading]",2026-09-06,scoring
2026-09-07,0.9155,-0.845,0,down,"IODA bgp worst-of route visibility 0.9155 of normal, driven by IQ (daily-min ÷ 28d median), across 153/153 countries (settled UTC day 2026-09-07) [archive import: scored retroactively, not a live reading]",2026-09-07,scoring
2026-09-08,0.9156,-0.844,0,down,"IODA bgp worst-of route visibility 0.9156 of normal, driven by IQ (daily-min ÷ 28d median), across 153/153 countries (settled UTC day 2026-09-08) [archive import: scored retroactively, not a live reading]",2026-09-08,scoring
