date,raw_value,z_score,trembling,direction,source_note,obs_date,status
2022-07-27,2.667,,0,,"GFZ Potsdam planetary Kp daily max 2.667 on 2022-07-27 [archive import: scored retroactively, not a live reading]",2022-07-27,warming-up
2022-07-28,2.333,,0,,"GFZ Potsdam planetary Kp daily max 2.333 on 2022-07-28 [archive import: scored retroactively, not a live reading]",2022-07-28,warming-up
2022-07-29,1.667,,0,,"GFZ Potsdam planetary Kp daily max 1.667 on 2022-07-29 [archive import: scored retroactively, not a live reading]",2022-07-29,warming-up
2022-07-30,2.333,,0,,"GFZ Potsdam planetary Kp daily max 2.333 on 2022-07-30 [archive import: scored retroactively, not a live reading]",2022-07-30,warming-up
2022-07-31,4,,0,,"GFZ Potsdam planetary Kp daily max 4 on 2022-07-31 [archive import: scored retroactively, not a live reading]",2022-07-31,warming-up
2022-08-01,2.667,,0,,"GFZ Potsdam planetary Kp daily max 2.667 on 2022-08-01 [archive import: scored retroactively, not a live reading]",2022-08-01,warming-up
2022-08-02,2.333,,0,,"GFZ Potsdam planetary Kp daily max 2.333 on 2022-08-02 [archive import: scored retroactively, not a live reading]",2022-08-02,warming-up
2022-08-03,2.667,,0,,"GFZ Potsdam planetary Kp daily max 2.667 on 2022-08-03 [archive import: scored retroactively, not a live reading]",2022-08-03,warming-up
2022-08-04,2,,0,,"GFZ Potsdam planetary Kp daily max 2 on 2022-08-04 [archive import: scored retroactively, not a live reading]",2022-08-04,warming-up
2022-08-05,3,,0,,"GFZ Potsdam planetary Kp daily max 3 on 2022-08-05 [archive import: scored retroactively, not a live reading]",2022-08-05,warming-up
2022-08-06,1,-2.789,0,down,"GFZ Potsdam planetary Kp daily max 1 on 2022-08-06 [archive import: scored retroactively, not a live reading]",2022-08-06,scoring
2022-08-07,5.667,5.064,1,up,"GFZ Potsdam planetary Kp daily max 5.667 on 2022-08-07 [archive import: scored retroactively, not a live reading]",2022-08-07,scoring
2022-08-08,5,4.436,1,up,"GFZ Potsdam planetary Kp daily max 5 on 2022-08-08 [archive import: scored retroactively, not a live reading]",2022-08-08,scoring
2022-08-09,4,1.990,0,up,"GFZ Potsdam planetary Kp daily max 4 on 2022-08-09 [archive import: scored retroactively, not a live reading]",2022-08-09,scoring
2022-08-10,3.667,0.858,0,up,"GFZ Potsdam planetary Kp daily max 3.667 on 2022-08-10 [archive import: scored retroactively, not a live reading]",2022-08-10,scoring
2022-08-11,4.333,1.231,0,up,"GFZ Potsdam planetary Kp daily max 4.333 on 2022-08-11 [archive import: scored retroactively, not a live reading]",2022-08-11,scoring
2022-08-12,2.667,0.000,0,flat,"GFZ Potsdam planetary Kp daily max 2.667 on 2022-08-12 [archive import: scored retroactively, not a live reading]",2022-08-12,scoring
2022-08-13,2.667,0.000,0,flat,"GFZ Potsdam planetary Kp daily max 2.667 on 2022-08-13 [archive import: scored retroactively, not a live reading]",2022-08-13,scoring
2022-08-14,2.667,0.000,0,flat,"GFZ Potsdam planetary Kp daily max 2.667 on 2022-08-14 [archive import: scored retroactively, not a live reading]",2022-08-14,scoring
2022-08-15,2.333,-0.483,0,down,"GFZ Potsdam planetary Kp daily max 2.333 on 2022-08-15 [archive import: scored retroactively, not a live reading]",2022-08-15,scoring
2022-08-16,1.667,-1.604,0,down,"GFZ Potsdam planetary Kp daily max 1.667 on 2022-08-16 [archive import: scored retroactively, not a live reading]",2022-08-16,scoring
2022-08-17,6.667,5.749,1,up,"GFZ Potsdam planetary Kp daily max 6.667 on 2022-08-17 [archive import: scored retroactively, not a live reading]",2022-08-17,scoring
2022-08-18,5,1.849,0,up,"GFZ Potsdam planetary Kp daily max 5 on 2022-08-18 [archive import: scored retroactively, not a live reading]",2022-08-18,scoring
2022-08-19,5,1.673,0,up,"GFZ Potsdam planetary Kp daily max 5 on 2022-08-19 [archive import: scored retroactively, not a live reading]",2022-08-19,scoring
2022-08-20,4,1.042,0,up,"GFZ Potsdam planetary Kp daily max 4 on 2022-08-20 [archive import: scored retroactively, not a live reading]",2022-08-20,scoring
2022-08-21,4.333,1.189,0,up,"GFZ Potsdam planetary Kp daily max 4.333 on 2022-08-21 [archive import: scored retroactively, not a live reading]",2022-08-21,scoring
2022-08-22,3,0.258,0,up,"GFZ Potsdam planetary Kp daily max 3 on 2022-08-22 [archive import: scored retroactively, not a live reading]",2022-08-22,scoring
2022-08-23,2,-0.474,0,down,"GFZ Potsdam planetary Kp daily max 2 on 2022-08-23 [archive import: scored retroactively, not a live reading]",2022-08-23,scoring
2022-08-24,1,-1.277,0,down,"GFZ Potsdam planetary Kp daily max 1 on 2022-08-24 [archive import: scored retroactively, not a live reading]",2022-08-24,scoring
2022-08-25,1.333,-0.944,0,down,"GFZ Potsdam planetary Kp daily max 1.333 on 2022-08-25 [archive import: scored retroactively, not a live reading]",2022-08-25,scoring
2022-08-26,1.333,-1.014,0,down,"GFZ Potsdam planetary Kp daily max 1.333 on 2022-08-26 [archive import: scored retroactively, not a live reading]",2022-08-26,scoring
2022-08-27,3.667,0.705,0,up,"GFZ Potsdam planetary Kp daily max 3.667 on 2022-08-27 [archive import: scored retroactively, not a live reading]",2022-08-27,scoring
2022-08-28,3,0.251,0,up,"GFZ Potsdam planetary Kp daily max 3 on 2022-08-28 [archive import: scored retroactively, not a live reading]",2022-08-28,scoring
2022-08-29,3.667,0.703,0,up,"GFZ Potsdam planetary Kp daily max 3.667 on 2022-08-29 [archive import: scored retroactively, not a live reading]",2022-08-29,scoring
2022-08-30,4,1.000,0,up,"GFZ Potsdam planetary Kp daily max 4 on 2022-08-30 [archive import: scored retroactively, not a live reading]",2022-08-30,scoring
2022-08-31,4.333,1.169,0,up,"GFZ Potsdam planetary Kp daily max 4.333 on 2022-08-31 [archive import: scored retroactively, not a live reading]",2022-08-31,scoring
2022-09-01,3.333,0.373,0,up,"GFZ Potsdam planetary Kp daily max 3.333 on 2022-09-01 [archive import: scored retroactively, not a live reading]",2022-09-01,scoring
2022-09-02,3.667,0.467,0,up,"GFZ Potsdam planetary Kp daily max 3.667 on 2022-09-02 [archive import: scored retroactively, not a live reading]",2022-09-02,scoring
2022-09-03,5,1.484,0,up,"GFZ Potsdam planetary Kp daily max 5 on 2022-09-03 [archive import: scored retroactively, not a live reading]",2022-09-03,scoring
2022-09-04,6.333,2.330,0,up,"GFZ Potsdam planetary Kp daily max 6.333 on 2022-09-04 [archive import: scored retroactively, not a live reading]",2022-09-04,scoring
2022-09-05,5,1.478,0,up,"GFZ Potsdam planetary Kp daily max 5 on 2022-09-05 [archive import: scored retroactively, not a live reading]",2022-09-05,scoring
2022-09-06,4,0.698,0,up,"GFZ Potsdam planetary Kp daily max 4 on 2022-09-06 [archive import: scored retroactively, not a live reading]",2022-09-06,scoring
2022-09-07,3.667,0.368,0,up,"GFZ Potsdam planetary Kp daily max 3.667 on 2022-09-07 [archive import: scored retroactively, not a live reading]",2022-09-07,scoring
2022-09-08,4.333,0.697,0,up,"GFZ Potsdam planetary Kp daily max 4.333 on 2022-09-08 [archive import: scored retroactively, not a live reading]",2022-09-08,scoring
2022-09-09,3.667,0.122,0,up,"GFZ Potsdam planetary Kp daily max 3.667 on 2022-09-09 [archive import: scored retroactively, not a live reading]",2022-09-09,scoring
2022-09-10,3.333,-0.232,0,down,"GFZ Potsdam planetary Kp daily max 3.333 on 2022-09-10 [archive import: scored retroactively, not a live reading]",2022-09-10,scoring
2022-09-11,3.333,-0.122,0,down,"GFZ Potsdam planetary Kp daily max 3.333 on 2022-09-11 [archive import: scored retroactively, not a live reading]",2022-09-11,scoring
2022-09-12,2.667,-0.463,0,down,"GFZ Potsdam planetary Kp daily max 2.667 on 2022-09-12 [archive import: scored retroactively, not a live reading]",2022-09-12,scoring
2022-09-13,1.333,-1.456,0,down,"GFZ Potsdam planetary Kp daily max 1.333 on 2022-09-13 [archive import: scored retroactively, not a live reading]",2022-09-13,scoring
2022-09-14,4,0.463,0,up,"GFZ Potsdam planetary Kp daily max 4 on 2022-09-14 [archive import: scored retroactively, not a live reading]",2022-09-14,scoring
2022-09-15,3.667,0.242,0,up,"GFZ Potsdam planetary Kp daily max 3.667 on 2022-09-15 [archive import: scored retroactively, not a live reading]",2022-09-15,scoring
2022-09-16,1.667,-1.155,0,down,"GFZ Potsdam planetary Kp daily max 1.667 on 2022-09-16 [archive import: scored retroactively, not a live reading]",2022-09-16,scoring
2022-09-17,2,-0.965,0,down,"GFZ Potsdam planetary Kp daily max 2 on 2022-09-17 [archive import: scored retroactively, not a live reading]",2022-09-17,scoring
2022-09-18,3.333,0.000,0,flat,"GFZ Potsdam planetary Kp daily max 3.333 on 2022-09-18 [archive import: scored retroactively, not a live reading]",2022-09-18,scoring
2022-09-19,3.667,0.241,0,up,"GFZ Potsdam planetary Kp daily max 3.667 on 2022-09-19 [archive import: scored retroactively, not a live reading]",2022-09-19,scoring
2022-09-20,2.667,-0.462,0,down,"GFZ Potsdam planetary Kp daily max 2.667 on 2022-09-20 [archive import: scored retroactively, not a live reading]",2022-09-20,scoring
2022-09-21,2,-0.960,0,down,"GFZ Potsdam planetary Kp daily max 2 on 2022-09-21 [archive import: scored retroactively, not a live reading]",2022-09-21,scoring
2022-09-22,3,-0.231,0,down,"GFZ Potsdam planetary Kp daily max 3 on 2022-09-22 [archive import: scored retroactively, not a live reading]",2022-09-22,scoring
2022-09-23,3.333,0.000,0,flat,"GFZ Potsdam planetary Kp daily max 3.333 on 2022-09-23 [archive import: scored retroactively, not a live reading]",2022-09-23,scoring
2022-09-24,3.333,0.000,0,flat,"GFZ Potsdam planetary Kp daily max 3.333 on 2022-09-24 [archive import: scored retroactively, not a live reading]",2022-09-24,scoring
2022-09-25,1.667,-1.197,0,down,"GFZ Potsdam planetary Kp daily max 1.667 on 2022-09-25 [archive import: scored retroactively, not a live reading]",2022-09-25,scoring
2022-09-26,3.333,0.000,0,flat,"GFZ Potsdam planetary Kp daily max 3.333 on 2022-09-26 [archive import: scored retroactively, not a live reading]",2022-09-26,scoring
2022-09-27,5.333,1.434,0,up,"GFZ Potsdam planetary Kp daily max 5.333 on 2022-09-27 [archive import: scored retroactively, not a live reading]",2022-09-27,scoring
2022-09-28,1.333,-1.382,0,down,"GFZ Potsdam planetary Kp daily max 1.333 on 2022-09-28 [archive import: scored retroactively, not a live reading]",2022-09-28,scoring
2022-09-29,2.667,-0.476,0,down,"GFZ Potsdam planetary Kp daily max 2.667 on 2022-09-29 [archive import: scored retroactively, not a live reading]",2022-09-29,scoring
2022-09-30,4,0.460,0,up,"GFZ Potsdam planetary Kp daily max 4 on 2022-09-30 [archive import: scored retroactively, not a live reading]",2022-09-30,scoring
2022-10-01,1.333,-1.429,0,down,"GFZ Potsdam planetary Kp daily max 1.333 on 2022-10-01 [archive import: scored retroactively, not a live reading]",2022-10-01,scoring
2022-10-02,4.667,0.920,0,up,"GFZ Potsdam planetary Kp daily max 4.667 on 2022-10-02 [archive import: scored retroactively, not a live reading]",2022-10-02,scoring
2022-10-03,5.667,1.663,0,up,"GFZ Potsdam planetary Kp daily max 5.667 on 2022-10-03 [archive import: scored retroactively, not a live reading]",2022-10-03,scoring
2022-10-04,4.333,0.688,0,up,"GFZ Potsdam planetary Kp daily max 4.333 on 2022-10-04 [archive import: scored retroactively, not a live reading]",2022-10-04,scoring
2022-10-05,3.333,0.000,0,flat,"GFZ Potsdam planetary Kp daily max 3.333 on 2022-10-05 [archive import: scored retroactively, not a live reading]",2022-10-05,scoring
2022-10-06,4,0.460,0,up,"GFZ Potsdam planetary Kp daily max 4 on 2022-10-06 [archive import: scored retroactively, not a live reading]",2022-10-06,scoring
2022-10-07,4,0.474,0,up,"GFZ Potsdam planetary Kp daily max 4 on 2022-10-07 [archive import: scored retroactively, not a live reading]",2022-10-07,scoring
2022-10-08,3.333,0.000,0,flat,"GFZ Potsdam planetary Kp daily max 3.333 on 2022-10-08 [archive import: scored retroactively, not a live reading]",2022-10-08,scoring
2022-10-09,4.333,0.710,0,up,"GFZ Potsdam planetary Kp daily max 4.333 on 2022-10-09 [archive import: scored retroactively, not a live reading]",2022-10-09,scoring
2022-10-10,3.333,0.000,0,flat,"GFZ Potsdam planetary Kp daily max 3.333 on 2022-10-10 [archive import: scored retroactively, not a live reading]",2022-10-10,scoring
2022-10-11,3,-0.236,0,down,"GFZ Potsdam planetary Kp daily max 3 on 2022-10-11 [archive import: scored retroactively, not a live reading]",2022-10-11,scoring
2022-10-12,2.333,-0.688,0,down,"GFZ Potsdam planetary Kp daily max 2.333 on 2022-10-12 [archive import: scored retroactively, not a live reading]",2022-10-12,scoring
2022-10-13,1.333,-1.417,0,down,"GFZ Potsdam planetary Kp daily max 1.333 on 2022-10-13 [archive import: scored retroactively, not a live reading]",2022-10-13,scoring
2022-10-14,4.333,0.688,0,up,"GFZ Potsdam planetary Kp daily max 4.333 on 2022-10-14 [archive import: scored retroactively, not a live reading]",2022-10-14,scoring
2022-10-15,4.667,0.944,0,up,"GFZ Potsdam planetary Kp daily max 4.667 on 2022-10-15 [archive import: scored retroactively, not a live reading]",2022-10-15,scoring
2022-10-16,4,0.459,0,up,"GFZ Potsdam planetary Kp daily max 4 on 2022-10-16 [archive import: scored retroactively, not a live reading]",2022-10-16,scoring
2022-10-17,3,-0.235,0,down,"GFZ Potsdam planetary Kp daily max 3 on 2022-10-17 [archive import: scored retroactively, not a live reading]",2022-10-17,scoring
2022-10-18,2.333,-0.687,0,down,"GFZ Potsdam planetary Kp daily max 2.333 on 2022-10-18 [archive import: scored retroactively, not a live reading]",2022-10-18,scoring
2022-10-19,1.333,-1.413,0,down,"GFZ Potsdam planetary Kp daily max 1.333 on 2022-10-19 [archive import: scored retroactively, not a live reading]",2022-10-19,scoring
2022-10-20,3,-0.229,0,down,"GFZ Potsdam planetary Kp daily max 3 on 2022-10-20 [archive import: scored retroactively, not a live reading]",2022-10-20,scoring
2022-10-21,1.333,-1.411,0,down,"GFZ Potsdam planetary Kp daily max 1.333 on 2022-10-21 [archive import: scored retroactively, not a live reading]",2022-10-21,scoring
2022-10-22,5.333,1.373,0,up,"GFZ Potsdam planetary Kp daily max 5.333 on 2022-10-22 [archive import: scored retroactively, not a live reading]",2022-10-22,scoring
2022-10-23,4.333,0.704,0,up,"GFZ Potsdam planetary Kp daily max 4.333 on 2022-10-23 [archive import: scored retroactively, not a live reading]",2022-10-23,scoring
2022-10-24,2.667,-0.457,0,down,"GFZ Potsdam planetary Kp daily max 2.667 on 2022-10-24 [archive import: scored retroactively, not a live reading]",2022-10-24,scoring
2022-10-25,2,-0.939,0,down,"GFZ Potsdam planetary Kp daily max 2 on 2022-10-25 [archive import: scored retroactively, not a live reading]",2022-10-25,scoring
2022-10-26,2.667,-0.468,0,down,"GFZ Potsdam planetary Kp daily max 2.667 on 2022-10-26 [archive import: scored retroactively, not a live reading]",2022-10-26,scoring
2022-10-27,3,-0.234,0,down,"GFZ Potsdam planetary Kp daily max 3 on 2022-10-27 [archive import: scored retroactively, not a live reading]",2022-10-27,scoring
2022-10-28,4.333,0.704,0,up,"GFZ Potsdam planetary Kp daily max 4.333 on 2022-10-28 [archive import: scored retroactively, not a live reading]",2022-10-28,scoring
2022-10-29,4.667,0.940,0,up,"GFZ Potsdam planetary Kp daily max 4.667 on 2022-10-29 [archive import: scored retroactively, not a live reading]",2022-10-29,scoring
2022-10-30,3,-0.235,0,down,"GFZ Potsdam planetary Kp daily max 3 on 2022-10-30 [archive import: scored retroactively, not a live reading]",2022-10-30,scoring
2022-10-31,3.333,0.000,0,flat,"GFZ Potsdam planetary Kp daily max 3.333 on 2022-10-31 [archive import: scored retroactively, not a live reading]",2022-10-31,scoring
2022-11-01,3.333,0.000,0,flat,"GFZ Potsdam planetary Kp daily max 3.333 on 2022-11-01 [archive import: scored retroactively, not a live reading]",2022-11-01,scoring
2022-11-02,4,0.470,0,up,"GFZ Potsdam planetary Kp daily max 4 on 2022-11-02 [archive import: scored retroactively, not a live reading]",2022-11-02,scoring
2022-11-03,5,1.174,0,up,"GFZ Potsdam planetary Kp daily max 5 on 2022-11-03 [archive import: scored retroactively, not a live reading]",2022-11-03,scoring
2022-11-04,3.667,0.235,0,up,"GFZ Potsdam planetary Kp daily max 3.667 on 2022-11-04 [archive import: scored retroactively, not a live reading]",2022-11-04,scoring
2022-11-05,3.333,0.000,0,flat,"GFZ Potsdam planetary Kp daily max 3.333 on 2022-11-05 [archive import: scored retroactively, not a live reading]",2022-11-05,scoring
2022-11-06,0.667,-1.878,0,down,"GFZ Potsdam planetary Kp daily max 0.667 on 2022-11-06 [archive import: scored retroactively, not a live reading]",2022-11-06,scoring
2022-11-07,5,1.174,0,up,"GFZ Potsdam planetary Kp daily max 5 on 2022-11-07 [archive import: scored retroactively, not a live reading]",2022-11-07,scoring
2022-11-08,3.333,0.000,0,flat,"GFZ Potsdam planetary Kp daily max 3.333 on 2022-11-08 [archive import: scored retroactively, not a live reading]",2022-11-08,scoring
2022-11-09,3,-0.235,0,down,"GFZ Potsdam planetary Kp daily max 3 on 2022-11-09 [archive import: scored retroactively, not a live reading]",2022-11-09,scoring
2022-11-10,0.333,-2.113,0,down,"GFZ Potsdam planetary Kp daily max 0.333 on 2022-11-10 [archive import: scored retroactively, not a live reading]",2022-11-10,scoring
2022-11-11,2.667,-0.469,0,down,"GFZ Potsdam planetary Kp daily max 2.667 on 2022-11-11 [archive import: scored retroactively, not a live reading]",2022-11-11,scoring
2022-11-12,2.333,-0.704,0,down,"GFZ Potsdam planetary Kp daily max 2.333 on 2022-11-12 [archive import: scored retroactively, not a live reading]",2022-11-12,scoring
2022-11-13,2.667,-0.469,0,down,"GFZ Potsdam planetary Kp daily max 2.667 on 2022-11-13 [archive import: scored retroactively, not a live reading]",2022-11-13,scoring
2022-11-14,1.667,-1.173,0,down,"GFZ Potsdam planetary Kp daily max 1.667 on 2022-11-14 [archive import: scored retroactively, not a live reading]",2022-11-14,scoring
2022-11-15,1,-1.643,0,down,"GFZ Potsdam planetary Kp daily max 1 on 2022-11-15 [archive import: scored retroactively, not a live reading]",2022-11-15,scoring
2022-11-16,1.333,-1.409,0,down,"GFZ Potsdam planetary Kp daily max 1.333 on 2022-11-16 [archive import: scored retroactively, not a live reading]",2022-11-16,scoring
2022-11-17,0.667,-1.878,0,down,"GFZ Potsdam planetary Kp daily max 0.667 on 2022-11-17 [archive import: scored retroactively, not a live reading]",2022-11-17,scoring
2022-11-18,3,-0.235,0,down,"GFZ Potsdam planetary Kp daily max 3 on 2022-11-18 [archive import: scored retroactively, not a live reading]",2022-11-18,scoring
2022-11-19,2.333,-0.704,0,down,"GFZ Potsdam planetary Kp daily max 2.333 on 2022-11-19 [archive import: scored retroactively, not a live reading]",2022-11-19,scoring
2022-11-20,2.667,-0.469,0,down,"GFZ Potsdam planetary Kp daily max 2.667 on 2022-11-20 [archive import: scored retroactively, not a live reading]",2022-11-20,scoring
2022-11-21,3.333,0.000,0,flat,"GFZ Potsdam planetary Kp daily max 3.333 on 2022-11-21 [archive import: scored retroactively, not a live reading]",2022-11-21,scoring
2022-11-22,1,-1.643,0,down,"GFZ Potsdam planetary Kp daily max 1 on 2022-11-22 [archive import: scored retroactively, not a live reading]",2022-11-22,scoring
2022-11-23,1,-1.643,0,down,"GFZ Potsdam planetary Kp daily max 1 on 2022-11-23 [archive import: scored retroactively, not a live reading]",2022-11-23,scoring
2022-11-24,2.333,-0.704,0,down,"GFZ Potsdam planetary Kp daily max 2.333 on 2022-11-24 [archive import: scored retroactively, not a live reading]",2022-11-24,scoring
2022-11-25,4,0.470,0,up,"GFZ Potsdam planetary Kp daily max 4 on 2022-11-25 [archive import: scored retroactively, not a live reading]",2022-11-25,scoring
2022-11-26,3.667,0.235,0,up,"GFZ Potsdam planetary Kp daily max 3.667 on 2022-11-26 [archive import: scored retroactively, not a live reading]",2022-11-26,scoring
2022-11-27,3.667,0.235,0,up,"GFZ Potsdam planetary Kp daily max 3.667 on 2022-11-27 [archive import: scored retroactively, not a live reading]",2022-11-27,scoring
2022-11-28,5.333,1.409,0,up,"GFZ Potsdam planetary Kp daily max 5.333 on 2022-11-28 [archive import: scored retroactively, not a live reading]",2022-11-28,scoring
2022-11-29,4,0.470,0,up,"GFZ Potsdam planetary Kp daily max 4 on 2022-11-29 [archive import: scored retroactively, not a live reading]",2022-11-29,scoring
2022-11-30,5.333,1.409,0,up,"GFZ Potsdam planetary Kp daily max 5.333 on 2022-11-30 [archive import: scored retroactively, not a live reading]",2022-11-30,scoring
2022-12-01,4.667,0.940,0,up,"GFZ Potsdam planetary Kp daily max 4.667 on 2022-12-01 [archive import: scored retroactively, not a live reading]",2022-12-01,scoring
2022-12-02,3.333,0.000,0,flat,"GFZ Potsdam planetary Kp daily max 3.333 on 2022-12-02 [archive import: scored retroactively, not a live reading]",2022-12-02,scoring
2022-12-03,3.333,0.000,0,flat,"GFZ Potsdam planetary Kp daily max 3.333 on 2022-12-03 [archive import: scored retroactively, not a live reading]",2022-12-03,scoring
2022-12-04,4.333,0.704,0,up,"GFZ Potsdam planetary Kp daily max 4.333 on 2022-12-04 [archive import: scored retroactively, not a live reading]",2022-12-04,scoring
2022-12-05,2.667,-0.469,0,down,"GFZ Potsdam planetary Kp daily max 2.667 on 2022-12-05 [archive import: scored retroactively, not a live reading]",2022-12-05,scoring
2022-12-06,1.667,-1.173,0,down,"GFZ Potsdam planetary Kp daily max 1.667 on 2022-12-06 [archive import: scored retroactively, not a live reading]",2022-12-06,scoring
2022-12-07,4.667,0.940,0,up,"GFZ Potsdam planetary Kp daily max 4.667 on 2022-12-07 [archive import: scored retroactively, not a live reading]",2022-12-07,scoring
2022-12-08,4,0.470,0,up,"GFZ Potsdam planetary Kp daily max 4 on 2022-12-08 [archive import: scored retroactively, not a live reading]",2022-12-08,scoring
2022-12-09,4.333,0.704,0,up,"GFZ Potsdam planetary Kp daily max 4.333 on 2022-12-09 [archive import: scored retroactively, not a live reading]",2022-12-09,scoring
2022-12-10,3,-0.235,0,down,"GFZ Potsdam planetary Kp daily max 3 on 2022-12-10 [archive import: scored retroactively, not a live reading]",2022-12-10,scoring
2022-12-11,2.667,-0.469,0,down,"GFZ Potsdam planetary Kp daily max 2.667 on 2022-12-11 [archive import: scored retroactively, not a live reading]",2022-12-11,scoring
2022-12-12,2.667,-0.469,0,down,"GFZ Potsdam planetary Kp daily max 2.667 on 2022-12-12 [archive import: scored retroactively, not a live reading]",2022-12-12,scoring
2022-12-13,2,-0.939,0,down,"GFZ Potsdam planetary Kp daily max 2 on 2022-12-13 [archive import: scored retroactively, not a live reading]",2022-12-13,scoring
2022-12-14,2,-0.939,0,down,"GFZ Potsdam planetary Kp daily max 2 on 2022-12-14 [archive import: scored retroactively, not a live reading]",2022-12-14,scoring
2022-12-15,2,-0.822,0,down,"GFZ Potsdam planetary Kp daily max 2 on 2022-12-15 [archive import: scored retroactively, not a live reading]",2022-12-15,scoring
2022-12-16,2.667,-0.352,0,down,"GFZ Potsdam planetary Kp daily max 2.667 on 2022-12-16 [archive import: scored retroactively, not a live reading]",2022-12-16,scoring
2022-12-17,1.667,-1.056,0,down,"GFZ Potsdam planetary Kp daily max 1.667 on 2022-12-17 [archive import: scored retroactively, not a live reading]",2022-12-17,scoring
2022-12-18,2,-0.704,0,down,"GFZ Potsdam planetary Kp daily max 2 on 2022-12-18 [archive import: scored retroactively, not a live reading]",2022-12-18,scoring
2022-12-19,3.667,0.470,0,up,"GFZ Potsdam planetary Kp daily max 3.667 on 2022-12-19 [archive import: scored retroactively, not a live reading]",2022-12-19,scoring
2022-12-20,2.333,-0.470,0,down,"GFZ Potsdam planetary Kp daily max 2.333 on 2022-12-20 [archive import: scored retroactively, not a live reading]",2022-12-20,scoring
2022-12-21,3.333,0.235,0,up,"GFZ Potsdam planetary Kp daily max 3.333 on 2022-12-21 [archive import: scored retroactively, not a live reading]",2022-12-21,scoring
2022-12-22,3.667,0.353,0,up,"GFZ Potsdam planetary Kp daily max 3.667 on 2022-12-22 [archive import: scored retroactively, not a live reading]",2022-12-22,scoring
2022-12-23,4.667,1.057,0,up,"GFZ Potsdam planetary Kp daily max 4.667 on 2022-12-23 [archive import: scored retroactively, not a live reading]",2022-12-23,scoring
2022-12-24,4.333,0.822,0,up,"GFZ Potsdam planetary Kp daily max 4.333 on 2022-12-24 [archive import: scored retroactively, not a live reading]",2022-12-24,scoring
2022-12-25,3,-0.235,0,down,"GFZ Potsdam planetary Kp daily max 3 on 2022-12-25 [archive import: scored retroactively, not a live reading]",2022-12-25,scoring
2022-12-26,5.667,1.761,0,up,"GFZ Potsdam planetary Kp daily max 5.667 on 2022-12-26 [archive import: scored retroactively, not a live reading]",2022-12-26,scoring
2022-12-27,4.333,0.822,0,up,"GFZ Potsdam planetary Kp daily max 4.333 on 2022-12-27 [archive import: scored retroactively, not a live reading]",2022-12-27,scoring
2022-12-28,2.333,-0.704,0,down,"GFZ Potsdam planetary Kp daily max 2.333 on 2022-12-28 [archive import: scored retroactively, not a live reading]",2022-12-28,scoring
2022-12-29,3.667,0.235,0,up,"GFZ Potsdam planetary Kp daily max 3.667 on 2022-12-29 [archive import: scored retroactively, not a live reading]",2022-12-29,scoring
2022-12-30,4.667,0.940,0,up,"GFZ Potsdam planetary Kp daily max 4.667 on 2022-12-30 [archive import: scored retroactively, not a live reading]",2022-12-30,scoring
2022-12-31,4,0.470,0,up,"GFZ Potsdam planetary Kp daily max 4 on 2022-12-31 [archive import: scored retroactively, not a live reading]",2022-12-31,scoring
2023-01-01,4,0.470,0,up,"GFZ Potsdam planetary Kp daily max 4 on 2023-01-01 [archive import: scored retroactively, not a live reading]",2023-01-01,scoring
2023-01-02,3,-0.235,0,down,"GFZ Potsdam planetary Kp daily max 3 on 2023-01-02 [archive import: scored retroactively, not a live reading]",2023-01-02,scoring
2023-01-03,2.667,-0.469,0,down,"GFZ Potsdam planetary Kp daily max 2.667 on 2023-01-03 [archive import: scored retroactively, not a live reading]",2023-01-03,scoring
2023-01-04,4.667,1.057,0,up,"GFZ Potsdam planetary Kp daily max 4.667 on 2023-01-04 [archive import: scored retroactively, not a live reading]",2023-01-04,scoring
2023-01-05,3,-0.117,0,down,"GFZ Potsdam planetary Kp daily max 3 on 2023-01-05 [archive import: scored retroactively, not a live reading]",2023-01-05,scoring
2023-01-06,1.333,-1.174,0,down,"GFZ Potsdam planetary Kp daily max 1.333 on 2023-01-06 [archive import: scored retroactively, not a live reading]",2023-01-06,scoring
2023-01-07,2.667,-0.235,0,down,"GFZ Potsdam planetary Kp daily max 2.667 on 2023-01-07 [archive import: scored retroactively, not a live reading]",2023-01-07,scoring
2023-01-08,3,0.000,0,flat,"GFZ Potsdam planetary Kp daily max 3 on 2023-01-08 [archive import: scored retroactively, not a live reading]",2023-01-08,scoring
2023-01-09,2,-0.704,0,down,"GFZ Potsdam planetary Kp daily max 2 on 2023-01-09 [archive import: scored retroactively, not a live reading]",2023-01-09,scoring
2023-01-10,3,0.000,0,flat,"GFZ Potsdam planetary Kp daily max 3 on 2023-01-10 [archive import: scored retroactively, not a live reading]",2023-01-10,scoring
2023-01-11,2.667,-0.235,0,down,"GFZ Potsdam planetary Kp daily max 2.667 on 2023-01-11 [archive import: scored retroactively, not a live reading]",2023-01-11,scoring
2023-01-12,3,0.000,0,flat,"GFZ Potsdam planetary Kp daily max 3 on 2023-01-12 [archive import: scored retroactively, not a live reading]",2023-01-12,scoring
2023-01-13,4,0.704,0,up,"GFZ Potsdam planetary Kp daily max 4 on 2023-01-13 [archive import: scored retroactively, not a live reading]",2023-01-13,scoring
2023-01-14,3.333,0.235,0,up,"GFZ Potsdam planetary Kp daily max 3.333 on 2023-01-14 [archive import: scored retroactively, not a live reading]",2023-01-14,scoring
2023-01-15,5,1.409,0,up,"GFZ Potsdam planetary Kp daily max 5 on 2023-01-15 [archive import: scored retroactively, not a live reading]",2023-01-15,scoring
2023-01-16,4,0.704,0,up,"GFZ Potsdam planetary Kp daily max 4 on 2023-01-16 [archive import: scored retroactively, not a live reading]",2023-01-16,scoring
2023-01-17,3.333,0.235,0,up,"GFZ Potsdam planetary Kp daily max 3.333 on 2023-01-17 [archive import: scored retroactively, not a live reading]",2023-01-17,scoring
2023-01-18,4,0.704,0,up,"GFZ Potsdam planetary Kp daily max 4 on 2023-01-18 [archive import: scored retroactively, not a live reading]",2023-01-18,scoring
2023-01-19,2.667,-0.235,0,down,"GFZ Potsdam planetary Kp daily max 2.667 on 2023-01-19 [archive import: scored retroactively, not a live reading]",2023-01-19,scoring
2023-01-20,2.667,-0.235,0,down,"GFZ Potsdam planetary Kp daily max 2.667 on 2023-01-20 [archive import: scored retroactively, not a live reading]",2023-01-20,scoring
2023-01-21,4,0.704,0,up,"GFZ Potsdam planetary Kp daily max 4 on 2023-01-21 [archive import: scored retroactively, not a live reading]",2023-01-21,scoring
2023-01-22,3.333,0.235,0,up,"GFZ Potsdam planetary Kp daily max 3.333 on 2023-01-22 [archive import: scored retroactively, not a live reading]",2023-01-22,scoring
2023-01-23,3,0.000,0,flat,"GFZ Potsdam planetary Kp daily max 3 on 2023-01-23 [archive import: scored retroactively, not a live reading]",2023-01-23,scoring
2023-01-24,1.333,-1.174,0,down,"GFZ Potsdam planetary Kp daily max 1.333 on 2023-01-24 [archive import: scored retroactively, not a live reading]",2023-01-24,scoring
2023-01-25,3,0.000,0,flat,"GFZ Potsdam planetary Kp daily max 3 on 2023-01-25 [archive import: scored retroactively, not a live reading]",2023-01-25,scoring
2023-01-26,2.667,-0.235,0,down,"GFZ Potsdam planetary Kp daily max 2.667 on 2023-01-26 [archive import: scored retroactively, not a live reading]",2023-01-26,scoring
2023-01-27,3.333,0.235,0,up,"GFZ Potsdam planetary Kp daily max 3.333 on 2023-01-27 [archive import: scored retroactively, not a live reading]",2023-01-27,scoring
2023-01-28,3,0.000,0,flat,"GFZ Potsdam planetary Kp daily max 3 on 2023-01-28 [archive import: scored retroactively, not a live reading]",2023-01-28,scoring
2023-01-29,2,-0.704,0,down,"GFZ Potsdam planetary Kp daily max 2 on 2023-01-29 [archive import: scored retroactively, not a live reading]",2023-01-29,scoring
2023-01-30,2.667,-0.235,0,down,"GFZ Potsdam planetary Kp daily max 2.667 on 2023-01-30 [archive import: scored retroactively, not a live reading]",2023-01-30,scoring
2023-01-31,3.333,0.235,0,up,"GFZ Potsdam planetary Kp daily max 3.333 on 2023-01-31 [archive import: scored retroactively, not a live reading]",2023-01-31,scoring
2023-02-01,2.667,-0.235,0,down,"GFZ Potsdam planetary Kp daily max 2.667 on 2023-02-01 [archive import: scored retroactively, not a live reading]",2023-02-01,scoring
2023-02-02,3.333,0.235,0,up,"GFZ Potsdam planetary Kp daily max 3.333 on 2023-02-02 [archive import: scored retroactively, not a live reading]",2023-02-02,scoring
2023-02-03,3,0.000,0,flat,"GFZ Potsdam planetary Kp daily max 3 on 2023-02-03 [archive import: scored retroactively, not a live reading]",2023-02-03,scoring
2023-02-04,2.667,-0.235,0,down,"GFZ Potsdam planetary Kp daily max 2.667 on 2023-02-04 [archive import: scored retroactively, not a live reading]",2023-02-04,scoring
2023-02-05,2,-0.704,0,down,"GFZ Potsdam planetary Kp daily max 2 on 2023-02-05 [archive import: scored retroactively, not a live reading]",2023-02-05,scoring
2023-02-06,3.667,0.470,0,up,"GFZ Potsdam planetary Kp daily max 3.667 on 2023-02-06 [archive import: scored retroactively, not a live reading]",2023-02-06,scoring
2023-02-07,4,0.704,0,up,"GFZ Potsdam planetary Kp daily max 4 on 2023-02-07 [archive import: scored retroactively, not a live reading]",2023-02-07,scoring
2023-02-08,4,0.704,0,up,"GFZ Potsdam planetary Kp daily max 4 on 2023-02-08 [archive import: scored retroactively, not a live reading]",2023-02-08,scoring
2023-02-09,4.333,0.939,0,up,"GFZ Potsdam planetary Kp daily max 4.333 on 2023-02-09 [archive import: scored retroactively, not a live reading]",2023-02-09,scoring
2023-02-10,4,0.704,0,up,"GFZ Potsdam planetary Kp daily max 4 on 2023-02-10 [archive import: scored retroactively, not a live reading]",2023-02-10,scoring
2023-02-11,3.333,0.235,0,up,"GFZ Potsdam planetary Kp daily max 3.333 on 2023-02-11 [archive import: scored retroactively, not a live reading]",2023-02-11,scoring
2023-02-12,2.333,-0.470,0,down,"GFZ Potsdam planetary Kp daily max 2.333 on 2023-02-12 [archive import: scored retroactively, not a live reading]",2023-02-12,scoring
2023-02-13,2,-0.704,0,down,"GFZ Potsdam planetary Kp daily max 2 on 2023-02-13 [archive import: scored retroactively, not a live reading]",2023-02-13,scoring
2023-02-14,2.333,-0.470,0,down,"GFZ Potsdam planetary Kp daily max 2.333 on 2023-02-14 [archive import: scored retroactively, not a live reading]",2023-02-14,scoring
2023-02-15,5.333,3.276,1,up,"GFZ Potsdam planetary Kp daily max 5.333 on 2023-02-15 [archive import: scored retroactively, not a live reading]",2023-02-15,scoring
2023-02-16,5,2.809,0,up,"GFZ Potsdam planetary Kp daily max 5 on 2023-02-16 [archive import: scored retroactively, not a live reading]",2023-02-16,scoring
2023-02-17,3,-0.117,0,down,"GFZ Potsdam planetary Kp daily max 3 on 2023-02-17 [archive import: scored retroactively, not a live reading]",2023-02-17,scoring
2023-02-18,2.333,-0.587,0,down,"GFZ Potsdam planetary Kp daily max 2.333 on 2023-02-18 [archive import: scored retroactively, not a live reading]",2023-02-18,scoring
2023-02-19,2.667,-0.352,0,down,"GFZ Potsdam planetary Kp daily max 2.667 on 2023-02-19 [archive import: scored retroactively, not a live reading]",2023-02-19,scoring
2023-02-20,3,0.000,0,flat,"GFZ Potsdam planetary Kp daily max 3 on 2023-02-20 [archive import: scored retroactively, not a live reading]",2023-02-20,scoring
2023-02-21,4,1.404,0,up,"GFZ Potsdam planetary Kp daily max 4 on 2023-02-21 [archive import: scored retroactively, not a live reading]",2023-02-21,scoring
2023-02-22,2.333,-1.171,0,down,"GFZ Potsdam planetary Kp daily max 2.333 on 2023-02-22 [archive import: scored retroactively, not a live reading]",2023-02-22,scoring
2023-02-23,4.333,1.638,0,up,"GFZ Potsdam planetary Kp daily max 4.333 on 2023-02-23 [archive import: scored retroactively, not a live reading]",2023-02-23,scoring
2023-02-24,2.333,-1.171,0,down,"GFZ Potsdam planetary Kp daily max 2.333 on 2023-02-24 [archive import: scored retroactively, not a live reading]",2023-02-24,scoring
2023-02-25,3.333,0.468,0,up,"GFZ Potsdam planetary Kp daily max 3.333 on 2023-02-25 [archive import: scored retroactively, not a live reading]",2023-02-25,scoring
2023-02-26,5.667,3.746,1,up,"GFZ Potsdam planetary Kp daily max 5.667 on 2023-02-26 [archive import: scored retroactively, not a live reading]",2023-02-26,scoring
2023-02-27,6.667,5.150,1,up,"GFZ Potsdam planetary Kp daily max 6.667 on 2023-02-27 [archive import: scored retroactively, not a live reading]",2023-02-27,scoring
2023-02-28,5.667,3.746,1,up,"GFZ Potsdam planetary Kp daily max 5.667 on 2023-02-28 [archive import: scored retroactively, not a live reading]",2023-02-28,scoring
2023-03-01,3,0.000,0,flat,"GFZ Potsdam planetary Kp daily max 3 on 2023-03-01 [archive import: scored retroactively, not a live reading]",2023-03-01,scoring
2023-03-02,3.667,0.937,0,up,"GFZ Potsdam planetary Kp daily max 3.667 on 2023-03-02 [archive import: scored retroactively, not a live reading]",2023-03-02,scoring
2023-03-03,4,1.404,0,up,"GFZ Potsdam planetary Kp daily max 4 on 2023-03-03 [archive import: scored retroactively, not a live reading]",2023-03-03,scoring
2023-03-04,4,1.404,0,up,"GFZ Potsdam planetary Kp daily max 4 on 2023-03-04 [archive import: scored retroactively, not a live reading]",2023-03-04,scoring
2023-03-05,4.333,1.872,0,up,"GFZ Potsdam planetary Kp daily max 4.333 on 2023-03-05 [archive import: scored retroactively, not a live reading]",2023-03-05,scoring
2023-03-06,3.667,0.937,0,up,"GFZ Potsdam planetary Kp daily max 3.667 on 2023-03-06 [archive import: scored retroactively, not a live reading]",2023-03-06,scoring
2023-03-07,3,-0.234,0,down,"GFZ Potsdam planetary Kp daily max 3 on 2023-03-07 [archive import: scored retroactively, not a live reading]",2023-03-07,scoring
2023-03-08,3,0.000,0,flat,"GFZ Potsdam planetary Kp daily max 3 on 2023-03-08 [archive import: scored retroactively, not a live reading]",2023-03-08,scoring
2023-03-09,4,1.404,0,up,"GFZ Potsdam planetary Kp daily max 4 on 2023-03-09 [archive import: scored retroactively, not a live reading]",2023-03-09,scoring
2023-03-10,3.333,0.468,0,up,"GFZ Potsdam planetary Kp daily max 3.333 on 2023-03-10 [archive import: scored retroactively, not a live reading]",2023-03-10,scoring
2023-03-11,2.667,-0.468,0,down,"GFZ Potsdam planetary Kp daily max 2.667 on 2023-03-11 [archive import: scored retroactively, not a live reading]",2023-03-11,scoring
2023-03-12,3,0.000,0,flat,"GFZ Potsdam planetary Kp daily max 3 on 2023-03-12 [archive import: scored retroactively, not a live reading]",2023-03-12,scoring
2023-03-13,1.333,-2.341,0,down,"GFZ Potsdam planetary Kp daily max 1.333 on 2023-03-13 [archive import: scored retroactively, not a live reading]",2023-03-13,scoring
2023-03-14,4.333,1.872,0,up,"GFZ Potsdam planetary Kp daily max 4.333 on 2023-03-14 [archive import: scored retroactively, not a live reading]",2023-03-14,scoring
2023-03-15,5.667,3.512,1,up,"GFZ Potsdam planetary Kp daily max 5.667 on 2023-03-15 [archive import: scored retroactively, not a live reading]",2023-03-15,scoring
2023-03-16,3.667,0.469,0,up,"GFZ Potsdam planetary Kp daily max 3.667 on 2023-03-16 [archive import: scored retroactively, not a live reading]",2023-03-16,scoring
2023-03-17,2.333,-1.404,0,down,"GFZ Potsdam planetary Kp daily max 2.333 on 2023-03-17 [archive import: scored retroactively, not a live reading]",2023-03-17,scoring
2023-03-18,2.667,-0.935,0,down,"GFZ Potsdam planetary Kp daily max 2.667 on 2023-03-18 [archive import: scored retroactively, not a live reading]",2023-03-18,scoring
2023-03-19,3.333,0.000,0,flat,"GFZ Potsdam planetary Kp daily max 3.333 on 2023-03-19 [archive import: scored retroactively, not a live reading]",2023-03-19,scoring
2023-03-20,4,0.937,0,up,"GFZ Potsdam planetary Kp daily max 4 on 2023-03-20 [archive import: scored retroactively, not a live reading]",2023-03-20,scoring
2023-03-21,2.333,-1.404,0,down,"GFZ Potsdam planetary Kp daily max 2.333 on 2023-03-21 [archive import: scored retroactively, not a live reading]",2023-03-21,scoring
2023-03-22,3.667,0.469,0,up,"GFZ Potsdam planetary Kp daily max 3.667 on 2023-03-22 [archive import: scored retroactively, not a live reading]",2023-03-22,scoring
2023-03-23,7,5.150,1,up,"GFZ Potsdam planetary Kp daily max 7 on 2023-03-23 [archive import: scored retroactively, not a live reading]",2023-03-23,scoring
2023-03-24,8,6.554,1,up,"GFZ Potsdam planetary Kp daily max 8 on 2023-03-24 [archive import: scored retroactively, not a live reading]",2023-03-24,scoring
2023-03-25,3.667,0.469,0,up,"GFZ Potsdam planetary Kp daily max 3.667 on 2023-03-25 [archive import: scored retroactively, not a live reading]",2023-03-25,scoring
2023-03-26,2.667,-0.935,0,down,"GFZ Potsdam planetary Kp daily max 2.667 on 2023-03-26 [archive import: scored retroactively, not a live reading]",2023-03-26,scoring
2023-03-27,1,-3.276,1,down,"GFZ Potsdam planetary Kp daily max 1 on 2023-03-27 [archive import: scored retroactively, not a live reading]",2023-03-27,scoring
2023-03-28,1.667,-2.340,0,down,"GFZ Potsdam planetary Kp daily max 1.667 on 2023-03-28 [archive import: scored retroactively, not a live reading]",2023-03-28,scoring
2023-03-29,2,-1.872,0,down,"GFZ Potsdam planetary Kp daily max 2 on 2023-03-29 [archive import: scored retroactively, not a live reading]",2023-03-29,scoring
2023-03-30,5,2.575,0,up,"GFZ Potsdam planetary Kp daily max 5 on 2023-03-30 [archive import: scored retroactively, not a live reading]",2023-03-30,scoring
2023-03-31,4.333,1.638,0,up,"GFZ Potsdam planetary Kp daily max 4.333 on 2023-03-31 [archive import: scored retroactively, not a live reading]",2023-03-31,scoring
2023-04-01,3.667,0.703,0,up,"GFZ Potsdam planetary Kp daily max 3.667 on 2023-04-01 [archive import: scored retroactively, not a live reading]",2023-04-01,scoring
2023-04-02,3.667,0.703,0,up,"GFZ Potsdam planetary Kp daily max 3.667 on 2023-04-02 [archive import: scored retroactively, not a live reading]",2023-04-02,scoring
2023-04-03,3.667,0.469,0,up,"GFZ Potsdam planetary Kp daily max 3.667 on 2023-04-03 [archive import: scored retroactively, not a live reading]",2023-04-03,scoring
2023-04-04,3.667,0.469,0,up,"GFZ Potsdam planetary Kp daily max 3.667 on 2023-04-04 [archive import: scored retroactively, not a live reading]",2023-04-04,scoring
2023-04-05,3.333,0.000,0,flat,"GFZ Potsdam planetary Kp daily max 3.333 on 2023-04-05 [archive import: scored retroactively, not a live reading]",2023-04-05,scoring
2023-04-06,3,-0.468,0,down,"GFZ Potsdam planetary Kp daily max 3 on 2023-04-06 [archive import: scored retroactively, not a live reading]",2023-04-06,scoring
2023-04-07,3,-0.468,0,down,"GFZ Potsdam planetary Kp daily max 3 on 2023-04-07 [archive import: scored retroactively, not a live reading]",2023-04-07,scoring
2023-04-08,2,-1.872,0,down,"GFZ Potsdam planetary Kp daily max 2 on 2023-04-08 [archive import: scored retroactively, not a live reading]",2023-04-08,scoring
2023-04-09,3,-0.468,0,down,"GFZ Potsdam planetary Kp daily max 3 on 2023-04-09 [archive import: scored retroactively, not a live reading]",2023-04-09,scoring
2023-04-10,3.333,0.000,0,flat,"GFZ Potsdam planetary Kp daily max 3.333 on 2023-04-10 [archive import: scored retroactively, not a live reading]",2023-04-10,scoring
2023-04-11,2.333,-1.404,0,down,"GFZ Potsdam planetary Kp daily max 2.333 on 2023-04-11 [archive import: scored retroactively, not a live reading]",2023-04-11,scoring
2023-04-12,1.333,-2.809,0,down,"GFZ Potsdam planetary Kp daily max 1.333 on 2023-04-12 [archive import: scored retroactively, not a live reading]",2023-04-12,scoring
2023-04-13,2.333,-1.404,0,down,"GFZ Potsdam planetary Kp daily max 2.333 on 2023-04-13 [archive import: scored retroactively, not a live reading]",2023-04-13,scoring
2023-04-14,2.333,-1.404,0,down,"GFZ Potsdam planetary Kp daily max 2.333 on 2023-04-14 [archive import: scored retroactively, not a live reading]",2023-04-14,scoring
2023-04-15,2.333,-1.404,0,down,"GFZ Potsdam planetary Kp daily max 2.333 on 2023-04-15 [archive import: scored retroactively, not a live reading]",2023-04-15,scoring
2023-04-16,1.667,-2.340,0,down,"GFZ Potsdam planetary Kp daily max 1.667 on 2023-04-16 [archive import: scored retroactively, not a live reading]",2023-04-16,scoring
2023-04-17,1.667,-2.106,0,down,"GFZ Potsdam planetary Kp daily max 1.667 on 2023-04-17 [archive import: scored retroactively, not a live reading]",2023-04-17,scoring
2023-04-18,4.667,2.341,0,up,"GFZ Potsdam planetary Kp daily max 4.667 on 2023-04-18 [archive import: scored retroactively, not a live reading]",2023-04-18,scoring
2023-04-19,3.667,0.470,0,up,"GFZ Potsdam planetary Kp daily max 3.667 on 2023-04-19 [archive import: scored retroactively, not a live reading]",2023-04-19,scoring
2023-04-20,2.333,-0.587,0,down,"GFZ Potsdam planetary Kp daily max 2.333 on 2023-04-20 [archive import: scored retroactively, not a live reading]",2023-04-20,scoring
2023-04-21,3.333,0.117,0,up,"GFZ Potsdam planetary Kp daily max 3.333 on 2023-04-21 [archive import: scored retroactively, not a live reading]",2023-04-21,scoring
2023-04-22,2.333,-0.587,0,down,"GFZ Potsdam planetary Kp daily max 2.333 on 2023-04-22 [archive import: scored retroactively, not a live reading]",2023-04-22,scoring
2023-04-23,8.333,3.756,1,up,"GFZ Potsdam planetary Kp daily max 8.333 on 2023-04-23 [archive import: scored retroactively, not a live reading]",2023-04-23,scoring
2023-04-24,8,3.404,1,up,"GFZ Potsdam planetary Kp daily max 8 on 2023-04-24 [archive import: scored retroactively, not a live reading]",2023-04-24,scoring
2023-04-25,3.333,0.000,0,flat,"GFZ Potsdam planetary Kp daily max 3.333 on 2023-04-25 [archive import: scored retroactively, not a live reading]",2023-04-25,scoring
2023-04-26,3.333,0.000,0,flat,"GFZ Potsdam planetary Kp daily max 3.333 on 2023-04-26 [archive import: scored retroactively, not a live reading]",2023-04-26,scoring
2023-04-27,4.333,0.704,0,up,"GFZ Potsdam planetary Kp daily max 4.333 on 2023-04-27 [archive import: scored retroactively, not a live reading]",2023-04-27,scoring
2023-04-28,4,0.470,0,up,"GFZ Potsdam planetary Kp daily max 4 on 2023-04-28 [archive import: scored retroactively, not a live reading]",2023-04-28,scoring
2023-04-29,4,0.470,0,up,"GFZ Potsdam planetary Kp daily max 4 on 2023-04-29 [archive import: scored retroactively, not a live reading]",2023-04-29,scoring
2023-04-30,3,-0.235,0,down,"GFZ Potsdam planetary Kp daily max 3 on 2023-04-30 [archive import: scored retroactively, not a live reading]",2023-04-30,scoring
2023-05-01,3.333,0.000,0,flat,"GFZ Potsdam planetary Kp daily max 3.333 on 2023-05-01 [archive import: scored retroactively, not a live reading]",2023-05-01,scoring
2023-05-02,3.333,0.000,0,flat,"GFZ Potsdam planetary Kp daily max 3.333 on 2023-05-02 [archive import: scored retroactively, not a live reading]",2023-05-02,scoring
2023-05-03,2,-0.939,0,down,"GFZ Potsdam planetary Kp daily max 2 on 2023-05-03 [archive import: scored retroactively, not a live reading]",2023-05-03,scoring
2023-05-04,2.333,-0.704,0,down,"GFZ Potsdam planetary Kp daily max 2.333 on 2023-05-04 [archive import: scored retroactively, not a live reading]",2023-05-04,scoring
2023-05-05,1.667,-1.173,0,down,"GFZ Potsdam planetary Kp daily max 1.667 on 2023-05-05 [archive import: scored retroactively, not a live reading]",2023-05-05,scoring
2023-05-06,6,1.878,0,up,"GFZ Potsdam planetary Kp daily max 6 on 2023-05-06 [archive import: scored retroactively, not a live reading]",2023-05-06,scoring
2023-05-07,4,0.470,0,up,"GFZ Potsdam planetary Kp daily max 4 on 2023-05-07 [archive import: scored retroactively, not a live reading]",2023-05-07,scoring
2023-05-08,4.333,0.704,0,up,"GFZ Potsdam planetary Kp daily max 4.333 on 2023-05-08 [archive import: scored retroactively, not a live reading]",2023-05-08,scoring
2023-05-09,4.333,0.704,0,up,"GFZ Potsdam planetary Kp daily max 4.333 on 2023-05-09 [archive import: scored retroactively, not a live reading]",2023-05-09,scoring
2023-05-10,5.333,1.409,0,up,"GFZ Potsdam planetary Kp daily max 5.333 on 2023-05-10 [archive import: scored retroactively, not a live reading]",2023-05-10,scoring
2023-05-11,2.667,-0.469,0,down,"GFZ Potsdam planetary Kp daily max 2.667 on 2023-05-11 [archive import: scored retroactively, not a live reading]",2023-05-11,scoring
2023-05-12,5.333,1.409,0,up,"GFZ Potsdam planetary Kp daily max 5.333 on 2023-05-12 [archive import: scored retroactively, not a live reading]",2023-05-12,scoring
2023-05-13,4,0.470,0,up,"GFZ Potsdam planetary Kp daily max 4 on 2023-05-13 [archive import: scored retroactively, not a live reading]",2023-05-13,scoring
2023-05-14,3.333,0.000,0,flat,"GFZ Potsdam planetary Kp daily max 3.333 on 2023-05-14 [archive import: scored retroactively, not a live reading]",2023-05-14,scoring
2023-05-15,2.667,-0.469,0,down,"GFZ Potsdam planetary Kp daily max 2.667 on 2023-05-15 [archive import: scored retroactively, not a live reading]",2023-05-15,scoring
2023-05-16,2.667,-0.469,0,down,"GFZ Potsdam planetary Kp daily max 2.667 on 2023-05-16 [archive import: scored retroactively, not a live reading]",2023-05-16,scoring
2023-05-17,1,-1.643,0,down,"GFZ Potsdam planetary Kp daily max 1 on 2023-05-17 [archive import: scored retroactively, not a live reading]",2023-05-17,scoring
2023-05-18,0.667,-1.878,0,down,"GFZ Potsdam planetary Kp daily max 0.667 on 2023-05-18 [archive import: scored retroactively, not a live reading]",2023-05-18,scoring
2023-05-19,4,0.470,0,up,"GFZ Potsdam planetary Kp daily max 4 on 2023-05-19 [archive import: scored retroactively, not a live reading]",2023-05-19,scoring
2023-05-20,5.667,1.644,0,up,"GFZ Potsdam planetary Kp daily max 5.667 on 2023-05-20 [archive import: scored retroactively, not a live reading]",2023-05-20,scoring
2023-05-21,5.667,1.644,0,up,"GFZ Potsdam planetary Kp daily max 5.667 on 2023-05-21 [archive import: scored retroactively, not a live reading]",2023-05-21,scoring
2023-05-22,4.667,0.940,0,up,"GFZ Potsdam planetary Kp daily max 4.667 on 2023-05-22 [archive import: scored retroactively, not a live reading]",2023-05-22,scoring
2023-05-23,3.667,0.235,0,up,"GFZ Potsdam planetary Kp daily max 3.667 on 2023-05-23 [archive import: scored retroactively, not a live reading]",2023-05-23,scoring
2023-05-24,3,-0.235,0,down,"GFZ Potsdam planetary Kp daily max 3 on 2023-05-24 [archive import: scored retroactively, not a live reading]",2023-05-24,scoring
2023-05-25,3,-0.235,0,down,"GFZ Potsdam planetary Kp daily max 3 on 2023-05-25 [archive import: scored retroactively, not a live reading]",2023-05-25,scoring
2023-05-26,1.667,-1.173,0,down,"GFZ Potsdam planetary Kp daily max 1.667 on 2023-05-26 [archive import: scored retroactively, not a live reading]",2023-05-26,scoring
2023-05-27,2,-0.937,0,down,"GFZ Potsdam planetary Kp daily max 2 on 2023-05-27 [archive import: scored retroactively, not a live reading]",2023-05-27,scoring
2023-05-28,3,-0.234,0,down,"GFZ Potsdam planetary Kp daily max 3 on 2023-05-28 [archive import: scored retroactively, not a live reading]",2023-05-28,scoring
2023-05-29,1.333,-1.409,0,down,"GFZ Potsdam planetary Kp daily max 1.333 on 2023-05-29 [archive import: scored retroactively, not a live reading]",2023-05-29,scoring
2023-05-30,2,-0.939,0,down,"GFZ Potsdam planetary Kp daily max 2 on 2023-05-30 [archive import: scored retroactively, not a live reading]",2023-05-30,scoring
2023-05-31,3,-0.235,0,down,"GFZ Potsdam planetary Kp daily max 3 on 2023-05-31 [archive import: scored retroactively, not a live reading]",2023-05-31,scoring
2023-06-01,3.667,0.235,0,up,"GFZ Potsdam planetary Kp daily max 3.667 on 2023-06-01 [archive import: scored retroactively, not a live reading]",2023-06-01,scoring
2023-06-02,2,-0.939,0,down,"GFZ Potsdam planetary Kp daily max 2 on 2023-06-02 [archive import: scored retroactively, not a live reading]",2023-06-02,scoring
2023-06-03,1.667,-1.173,0,down,"GFZ Potsdam planetary Kp daily max 1.667 on 2023-06-03 [archive import: scored retroactively, not a live reading]",2023-06-03,scoring
2023-06-04,4,0.470,0,up,"GFZ Potsdam planetary Kp daily max 4 on 2023-06-04 [archive import: scored retroactively, not a live reading]",2023-06-04,scoring
2023-06-05,1.667,-1.173,0,down,"GFZ Potsdam planetary Kp daily max 1.667 on 2023-06-05 [archive import: scored retroactively, not a live reading]",2023-06-05,scoring
2023-06-06,2.667,-0.468,0,down,"GFZ Potsdam planetary Kp daily max 2.667 on 2023-06-06 [archive import: scored retroactively, not a live reading]",2023-06-06,scoring
2023-06-07,2,-0.939,0,down,"GFZ Potsdam planetary Kp daily max 2 on 2023-06-07 [archive import: scored retroactively, not a live reading]",2023-06-07,scoring
2023-06-08,1.667,-1.056,0,down,"GFZ Potsdam planetary Kp daily max 1.667 on 2023-06-08 [archive import: scored retroactively, not a live reading]",2023-06-08,scoring
2023-06-09,1.667,-0.937,0,down,"GFZ Potsdam planetary Kp daily max 1.667 on 2023-06-09 [archive import: scored retroactively, not a live reading]",2023-06-09,scoring
2023-06-10,1.333,-1.172,0,down,"GFZ Potsdam planetary Kp daily max 1.333 on 2023-06-10 [archive import: scored retroactively, not a live reading]",2023-06-10,scoring
2023-06-11,3,0.000,0,flat,"GFZ Potsdam planetary Kp daily max 3 on 2023-06-11 [archive import: scored retroactively, not a live reading]",2023-06-11,scoring
2023-06-12,2.333,-0.469,0,down,"GFZ Potsdam planetary Kp daily max 2.333 on 2023-06-12 [archive import: scored retroactively, not a live reading]",2023-06-12,scoring
2023-06-13,2.333,-0.470,0,down,"GFZ Potsdam planetary Kp daily max 2.333 on 2023-06-13 [archive import: scored retroactively, not a live reading]",2023-06-13,scoring
2023-06-14,2.667,-0.235,0,down,"GFZ Potsdam planetary Kp daily max 2.667 on 2023-06-14 [archive import: scored retroactively, not a live reading]",2023-06-14,scoring
2023-06-15,5.333,1.643,0,up,"GFZ Potsdam planetary Kp daily max 5.333 on 2023-06-15 [archive import: scored retroactively, not a live reading]",2023-06-15,scoring
2023-06-16,6,2.113,0,up,"GFZ Potsdam planetary Kp daily max 6 on 2023-06-16 [archive import: scored retroactively, not a live reading]",2023-06-16,scoring
2023-06-17,2.333,-0.469,0,down,"GFZ Potsdam planetary Kp daily max 2.333 on 2023-06-17 [archive import: scored retroactively, not a live reading]",2023-06-17,scoring
2023-06-18,3,0.000,0,flat,"GFZ Potsdam planetary Kp daily max 3 on 2023-06-18 [archive import: scored retroactively, not a live reading]",2023-06-18,scoring
2023-06-19,3.333,0.234,0,up,"GFZ Potsdam planetary Kp daily max 3.333 on 2023-06-19 [archive import: scored retroactively, not a live reading]",2023-06-19,scoring
2023-06-20,2.667,-0.234,0,down,"GFZ Potsdam planetary Kp daily max 2.667 on 2023-06-20 [archive import: scored retroactively, not a live reading]",2023-06-20,scoring
2023-06-21,2.667,-0.234,0,down,"GFZ Potsdam planetary Kp daily max 2.667 on 2023-06-21 [archive import: scored retroactively, not a live reading]",2023-06-21,scoring
2023-06-22,2.667,-0.235,0,down,"GFZ Potsdam planetary Kp daily max 2.667 on 2023-06-22 [archive import: scored retroactively, not a live reading]",2023-06-22,scoring
2023-06-23,2.667,-0.235,0,down,"GFZ Potsdam planetary Kp daily max 2.667 on 2023-06-23 [archive import: scored retroactively, not a live reading]",2023-06-23,scoring
2023-06-24,4.333,0.939,0,up,"GFZ Potsdam planetary Kp daily max 4.333 on 2023-06-24 [archive import: scored retroactively, not a live reading]",2023-06-24,scoring
2023-06-25,5,1.409,0,up,"GFZ Potsdam planetary Kp daily max 5 on 2023-06-25 [archive import: scored retroactively, not a live reading]",2023-06-25,scoring
2023-06-26,3,0.000,0,flat,"GFZ Potsdam planetary Kp daily max 3 on 2023-06-26 [archive import: scored retroactively, not a live reading]",2023-06-26,scoring
2023-06-27,2.333,-0.470,0,down,"GFZ Potsdam planetary Kp daily max 2.333 on 2023-06-27 [archive import: scored retroactively, not a live reading]",2023-06-27,scoring
2023-06-28,2.333,-0.470,0,down,"GFZ Potsdam planetary Kp daily max 2.333 on 2023-06-28 [archive import: scored retroactively, not a live reading]",2023-06-28,scoring
2023-06-29,3.667,0.470,0,up,"GFZ Potsdam planetary Kp daily max 3.667 on 2023-06-29 [archive import: scored retroactively, not a live reading]",2023-06-29,scoring
2023-06-30,3,0.000,0,flat,"GFZ Potsdam planetary Kp daily max 3 on 2023-06-30 [archive import: scored retroactively, not a live reading]",2023-06-30,scoring
2023-07-01,2,-0.704,0,down,"GFZ Potsdam planetary Kp daily max 2 on 2023-07-01 [archive import: scored retroactively, not a live reading]",2023-07-01,scoring
2023-07-02,1.667,-0.939,0,down,"GFZ Potsdam planetary Kp daily max 1.667 on 2023-07-02 [archive import: scored retroactively, not a live reading]",2023-07-02,scoring
2023-07-03,1.333,-1.174,0,down,"GFZ Potsdam planetary Kp daily max 1.333 on 2023-07-03 [archive import: scored retroactively, not a live reading]",2023-07-03,scoring
2023-07-04,1,-1.409,0,down,"GFZ Potsdam planetary Kp daily max 1 on 2023-07-04 [archive import: scored retroactively, not a live reading]",2023-07-04,scoring
2023-07-05,2.667,-0.235,0,down,"GFZ Potsdam planetary Kp daily max 2.667 on 2023-07-05 [archive import: scored retroactively, not a live reading]",2023-07-05,scoring
2023-07-06,3.333,0.352,0,up,"GFZ Potsdam planetary Kp daily max 3.333 on 2023-07-06 [archive import: scored retroactively, not a live reading]",2023-07-06,scoring
2023-07-07,4,0.822,0,up,"GFZ Potsdam planetary Kp daily max 4 on 2023-07-07 [archive import: scored retroactively, not a live reading]",2023-07-07,scoring
2023-07-08,3.333,0.235,0,up,"GFZ Potsdam planetary Kp daily max 3.333 on 2023-07-08 [archive import: scored retroactively, not a live reading]",2023-07-08,scoring
2023-07-09,1.333,-1.174,0,down,"GFZ Potsdam planetary Kp daily max 1.333 on 2023-07-09 [archive import: scored retroactively, not a live reading]",2023-07-09,scoring
2023-07-10,1.333,-1.057,0,down,"GFZ Potsdam planetary Kp daily max 1.333 on 2023-07-10 [archive import: scored retroactively, not a live reading]",2023-07-10,scoring
2023-07-11,2.667,-0.117,0,down,"GFZ Potsdam planetary Kp daily max 2.667 on 2023-07-11 [archive import: scored retroactively, not a live reading]",2023-07-11,scoring
2023-07-12,2.333,-0.353,0,down,"GFZ Potsdam planetary Kp daily max 2.333 on 2023-07-12 [archive import: scored retroactively, not a live reading]",2023-07-12,scoring
2023-07-13,3,0.117,0,up,"GFZ Potsdam planetary Kp daily max 3 on 2023-07-13 [archive import: scored retroactively, not a live reading]",2023-07-13,scoring
2023-07-14,4.667,1.174,0,up,"GFZ Potsdam planetary Kp daily max 4.667 on 2023-07-14 [archive import: scored retroactively, not a live reading]",2023-07-14,scoring
2023-07-15,2.667,-0.235,0,down,"GFZ Potsdam planetary Kp daily max 2.667 on 2023-07-15 [archive import: scored retroactively, not a live reading]",2023-07-15,scoring
2023-07-16,4,0.704,0,up,"GFZ Potsdam planetary Kp daily max 4 on 2023-07-16 [archive import: scored retroactively, not a live reading]",2023-07-16,scoring
2023-07-17,4.667,1.174,0,up,"GFZ Potsdam planetary Kp daily max 4.667 on 2023-07-17 [archive import: scored retroactively, not a live reading]",2023-07-17,scoring
2023-07-18,4.333,0.939,0,up,"GFZ Potsdam planetary Kp daily max 4.333 on 2023-07-18 [archive import: scored retroactively, not a live reading]",2023-07-18,scoring
2023-07-19,1.333,-1.174,0,down,"GFZ Potsdam planetary Kp daily max 1.333 on 2023-07-19 [archive import: scored retroactively, not a live reading]",2023-07-19,scoring
2023-07-20,4.333,0.939,0,up,"GFZ Potsdam planetary Kp daily max 4.333 on 2023-07-20 [archive import: scored retroactively, not a live reading]",2023-07-20,scoring
2023-07-21,4.333,0.937,0,up,"GFZ Potsdam planetary Kp daily max 4.333 on 2023-07-21 [archive import: scored retroactively, not a live reading]",2023-07-21,scoring
2023-07-22,3,0.000,0,flat,"GFZ Potsdam planetary Kp daily max 3 on 2023-07-22 [archive import: scored retroactively, not a live reading]",2023-07-22,scoring
2023-07-23,2.333,-0.470,0,down,"GFZ Potsdam planetary Kp daily max 2.333 on 2023-07-23 [archive import: scored retroactively, not a live reading]",2023-07-23,scoring
2023-07-24,2.333,-0.470,0,down,"GFZ Potsdam planetary Kp daily max 2.333 on 2023-07-24 [archive import: scored retroactively, not a live reading]",2023-07-24,scoring
2023-07-25,4.333,0.939,0,up,"GFZ Potsdam planetary Kp daily max 4.333 on 2023-07-25 [archive import: scored retroactively, not a live reading]",2023-07-25,scoring
2023-07-26,4.667,1.174,0,up,"GFZ Potsdam planetary Kp daily max 4.667 on 2023-07-26 [archive import: scored retroactively, not a live reading]",2023-07-26,scoring
2023-07-27,2,-0.704,0,down,"GFZ Potsdam planetary Kp daily max 2 on 2023-07-27 [archive import: scored retroactively, not a live reading]",2023-07-27,scoring
2023-07-28,2.333,-0.470,0,down,"GFZ Potsdam planetary Kp daily max 2.333 on 2023-07-28 [archive import: scored retroactively, not a live reading]",2023-07-28,scoring
2023-07-29,3,0.117,0,up,"GFZ Potsdam planetary Kp daily max 3 on 2023-07-29 [archive import: scored retroactively, not a live reading]",2023-07-29,scoring
2023-07-30,2.667,-0.117,0,down,"GFZ Potsdam planetary Kp daily max 2.667 on 2023-07-30 [archive import: scored retroactively, not a live reading]",2023-07-30,scoring
2023-07-31,2.333,-0.235,0,down,"GFZ Potsdam planetary Kp daily max 2.333 on 2023-07-31 [archive import: scored retroactively, not a live reading]",2023-07-31,scoring
2023-08-01,3,0.235,0,up,"GFZ Potsdam planetary Kp daily max 3 on 2023-08-01 [archive import: scored retroactively, not a live reading]",2023-08-01,scoring
2023-08-02,4,0.939,0,up,"GFZ Potsdam planetary Kp daily max 4 on 2023-08-02 [archive import: scored retroactively, not a live reading]",2023-08-02,scoring
2023-08-03,2,-0.587,0,down,"GFZ Potsdam planetary Kp daily max 2 on 2023-08-03 [archive import: scored retroactively, not a live reading]",2023-08-03,scoring
2023-08-04,4,0.822,0,up,"GFZ Potsdam planetary Kp daily max 4 on 2023-08-04 [archive import: scored retroactively, not a live reading]",2023-08-04,scoring
2023-08-05,6.333,2.465,0,up,"GFZ Potsdam planetary Kp daily max 6.333 on 2023-08-05 [archive import: scored retroactively, not a live reading]",2023-08-05,scoring
2023-08-06,1,-1.291,0,down,"GFZ Potsdam planetary Kp daily max 1 on 2023-08-06 [archive import: scored retroactively, not a live reading]",2023-08-06,scoring
2023-08-07,4,0.939,0,up,"GFZ Potsdam planetary Kp daily max 4 on 2023-08-07 [archive import: scored retroactively, not a live reading]",2023-08-07,scoring
2023-08-08,4,0.939,0,up,"GFZ Potsdam planetary Kp daily max 4 on 2023-08-08 [archive import: scored retroactively, not a live reading]",2023-08-08,scoring
2023-08-09,2.333,-0.235,0,down,"GFZ Potsdam planetary Kp daily max 2.333 on 2023-08-09 [archive import: scored retroactively, not a live reading]",2023-08-09,scoring
2023-08-10,2.667,0.000,0,flat,"GFZ Potsdam planetary Kp daily max 2.667 on 2023-08-10 [archive import: scored retroactively, not a live reading]",2023-08-10,scoring
2023-08-11,1.333,-0.940,0,down,"GFZ Potsdam planetary Kp daily max 1.333 on 2023-08-11 [archive import: scored retroactively, not a live reading]",2023-08-11,scoring
2023-08-12,2.333,-0.235,0,down,"GFZ Potsdam planetary Kp daily max 2.333 on 2023-08-12 [archive import: scored retroactively, not a live reading]",2023-08-12,scoring
2023-08-13,2,-0.470,0,down,"GFZ Potsdam planetary Kp daily max 2 on 2023-08-13 [archive import: scored retroactively, not a live reading]",2023-08-13,scoring
2023-08-14,1.333,-0.940,0,down,"GFZ Potsdam planetary Kp daily max 1.333 on 2023-08-14 [archive import: scored retroactively, not a live reading]",2023-08-14,scoring
2023-08-15,1,-1.174,0,down,"GFZ Potsdam planetary Kp daily max 1 on 2023-08-15 [archive import: scored retroactively, not a live reading]",2023-08-15,scoring
2023-08-16,3,0.235,0,up,"GFZ Potsdam planetary Kp daily max 3 on 2023-08-16 [archive import: scored retroactively, not a live reading]",2023-08-16,scoring
2023-08-17,2.333,-0.235,0,down,"GFZ Potsdam planetary Kp daily max 2.333 on 2023-08-17 [archive import: scored retroactively, not a live reading]",2023-08-17,scoring
2023-08-18,3,0.235,0,up,"GFZ Potsdam planetary Kp daily max 3 on 2023-08-18 [archive import: scored retroactively, not a live reading]",2023-08-18,scoring
2023-08-19,3,0.235,0,up,"GFZ Potsdam planetary Kp daily max 3 on 2023-08-19 [archive import: scored retroactively, not a live reading]",2023-08-19,scoring
2023-08-20,3.333,0.469,0,up,"GFZ Potsdam planetary Kp daily max 3.333 on 2023-08-20 [archive import: scored retroactively, not a live reading]",2023-08-20,scoring
2023-08-21,2.667,0.000,0,flat,"GFZ Potsdam planetary Kp daily max 2.667 on 2023-08-21 [archive import: scored retroactively, not a live reading]",2023-08-21,scoring
2023-08-22,3.333,0.935,0,up,"GFZ Potsdam planetary Kp daily max 3.333 on 2023-08-22 [archive import: scored retroactively, not a live reading]",2023-08-22,scoring
2023-08-23,1.667,-1.404,0,down,"GFZ Potsdam planetary Kp daily max 1.667 on 2023-08-23 [archive import: scored retroactively, not a live reading]",2023-08-23,scoring
2023-08-24,3,0.468,0,up,"GFZ Potsdam planetary Kp daily max 3 on 2023-08-24 [archive import: scored retroactively, not a live reading]",2023-08-24,scoring
2023-08-25,2,-0.937,0,down,"GFZ Potsdam planetary Kp daily max 2 on 2023-08-25 [archive import: scored retroactively, not a live reading]",2023-08-25,scoring
2023-08-26,2,-0.937,0,down,"GFZ Potsdam planetary Kp daily max 2 on 2023-08-26 [archive import: scored retroactively, not a live reading]",2023-08-26,scoring
2023-08-27,3.333,0.935,0,up,"GFZ Potsdam planetary Kp daily max 3.333 on 2023-08-27 [archive import: scored retroactively, not a live reading]",2023-08-27,scoring
2023-08-28,2,-0.937,0,down,"GFZ Potsdam planetary Kp daily max 2 on 2023-08-28 [archive import: scored retroactively, not a live reading]",2023-08-28,scoring
2023-08-29,2,-0.937,0,down,"GFZ Potsdam planetary Kp daily max 2 on 2023-08-29 [archive import: scored retroactively, not a live reading]",2023-08-29,scoring
2023-08-30,2,-0.937,0,down,"GFZ Potsdam planetary Kp daily max 2 on 2023-08-30 [archive import: scored retroactively, not a live reading]",2023-08-30,scoring
2023-08-31,2,-0.937,0,down,"GFZ Potsdam planetary Kp daily max 2 on 2023-08-31 [archive import: scored retroactively, not a live reading]",2023-08-31,scoring
2023-09-01,3.333,0.935,0,up,"GFZ Potsdam planetary Kp daily max 3.333 on 2023-09-01 [archive import: scored retroactively, not a live reading]",2023-09-01,scoring
2023-09-02,5.333,3.744,1,up,"GFZ Potsdam planetary Kp daily max 5.333 on 2023-09-02 [archive import: scored retroactively, not a live reading]",2023-09-02,scoring
2023-09-03,5.333,3.744,1,up,"GFZ Potsdam planetary Kp daily max 5.333 on 2023-09-03 [archive import: scored retroactively, not a live reading]",2023-09-03,scoring
2023-09-04,2.667,0.000,0,flat,"GFZ Potsdam planetary Kp daily max 2.667 on 2023-09-04 [archive import: scored retroactively, not a live reading]",2023-09-04,scoring
2023-09-05,4,0.939,0,up,"GFZ Potsdam planetary Kp daily max 4 on 2023-09-05 [archive import: scored retroactively, not a live reading]",2023-09-05,scoring
2023-09-06,3.333,0.469,0,up,"GFZ Potsdam planetary Kp daily max 3.333 on 2023-09-06 [archive import: scored retroactively, not a live reading]",2023-09-06,scoring
2023-09-07,2,-0.470,0,down,"GFZ Potsdam planetary Kp daily max 2 on 2023-09-07 [archive import: scored retroactively, not a live reading]",2023-09-07,scoring
2023-09-08,2.667,0.000,0,flat,"GFZ Potsdam planetary Kp daily max 2.667 on 2023-09-08 [archive import: scored retroactively, not a live reading]",2023-09-08,scoring
2023-09-09,2.667,0.000,0,flat,"GFZ Potsdam planetary Kp daily max 2.667 on 2023-09-09 [archive import: scored retroactively, not a live reading]",2023-09-09,scoring
2023-09-10,1.333,-1.873,0,down,"GFZ Potsdam planetary Kp daily max 1.333 on 2023-09-10 [archive import: scored retroactively, not a live reading]",2023-09-10,scoring
2023-09-11,2,-0.470,0,down,"GFZ Potsdam planetary Kp daily max 2 on 2023-09-11 [archive import: scored retroactively, not a live reading]",2023-09-11,scoring
2023-09-12,5.333,1.878,0,up,"GFZ Potsdam planetary Kp daily max 5.333 on 2023-09-12 [archive import: scored retroactively, not a live reading]",2023-09-12,scoring
2023-09-13,4.667,1.409,0,up,"GFZ Potsdam planetary Kp daily max 4.667 on 2023-09-13 [archive import: scored retroactively, not a live reading]",2023-09-13,scoring
2023-09-14,4.333,1.173,0,up,"GFZ Potsdam planetary Kp daily max 4.333 on 2023-09-14 [archive import: scored retroactively, not a live reading]",2023-09-14,scoring
2023-09-15,3,0.235,0,up,"GFZ Potsdam planetary Kp daily max 3 on 2023-09-15 [archive import: scored retroactively, not a live reading]",2023-09-15,scoring
2023-09-16,3,0.235,0,up,"GFZ Potsdam planetary Kp daily max 3 on 2023-09-16 [archive import: scored retroactively, not a live reading]",2023-09-16,scoring
2023-09-17,3.333,0.469,0,up,"GFZ Potsdam planetary Kp daily max 3.333 on 2023-09-17 [archive import: scored retroactively, not a live reading]",2023-09-17,scoring
2023-09-18,5,1.643,0,up,"GFZ Potsdam planetary Kp daily max 5 on 2023-09-18 [archive import: scored retroactively, not a live reading]",2023-09-18,scoring
2023-09-19,6.333,2.582,0,up,"GFZ Potsdam planetary Kp daily max 6.333 on 2023-09-19 [archive import: scored retroactively, not a live reading]",2023-09-19,scoring
2023-09-20,3.667,0.587,0,up,"GFZ Potsdam planetary Kp daily max 3.667 on 2023-09-20 [archive import: scored retroactively, not a live reading]",2023-09-20,scoring
2023-09-21,2.667,-0.235,0,down,"GFZ Potsdam planetary Kp daily max 2.667 on 2023-09-21 [archive import: scored retroactively, not a live reading]",2023-09-21,scoring
2023-09-22,3.333,0.235,0,up,"GFZ Potsdam planetary Kp daily max 3.333 on 2023-09-22 [archive import: scored retroactively, not a live reading]",2023-09-22,scoring
2023-09-23,2.667,-0.235,0,down,"GFZ Potsdam planetary Kp daily max 2.667 on 2023-09-23 [archive import: scored retroactively, not a live reading]",2023-09-23,scoring
2023-09-24,5.667,1.996,0,up,"GFZ Potsdam planetary Kp daily max 5.667 on 2023-09-24 [archive import: scored retroactively, not a live reading]",2023-09-24,scoring
2023-09-25,5.333,1.760,0,up,"GFZ Potsdam planetary Kp daily max 5.333 on 2023-09-25 [archive import: scored retroactively, not a live reading]",2023-09-25,scoring
2023-09-26,5,1.409,0,up,"GFZ Potsdam planetary Kp daily max 5 on 2023-09-26 [archive import: scored retroactively, not a live reading]",2023-09-26,scoring
2023-09-27,3.667,0.469,0,up,"GFZ Potsdam planetary Kp daily max 3.667 on 2023-09-27 [archive import: scored retroactively, not a live reading]",2023-09-27,scoring
2023-09-28,3,0.000,0,flat,"GFZ Potsdam planetary Kp daily max 3 on 2023-09-28 [archive import: scored retroactively, not a live reading]",2023-09-28,scoring
2023-09-29,4,0.703,0,up,"GFZ Potsdam planetary Kp daily max 4 on 2023-09-29 [archive import: scored retroactively, not a live reading]",2023-09-29,scoring
2023-09-30,2.333,-0.469,0,down,"GFZ Potsdam planetary Kp daily max 2.333 on 2023-09-30 [archive import: scored retroactively, not a live reading]",2023-09-30,scoring
2023-10-01,3.667,0.469,0,up,"GFZ Potsdam planetary Kp daily max 3.667 on 2023-10-01 [archive import: scored retroactively, not a live reading]",2023-10-01,scoring
2023-10-02,3,0.000,0,flat,"GFZ Potsdam planetary Kp daily max 3 on 2023-10-02 [archive import: scored retroactively, not a live reading]",2023-10-02,scoring
2023-10-03,2.333,-0.470,0,down,"GFZ Potsdam planetary Kp daily max 2.333 on 2023-10-03 [archive import: scored retroactively, not a live reading]",2023-10-03,scoring
2023-10-04,3.333,0.235,0,up,"GFZ Potsdam planetary Kp daily max 3.333 on 2023-10-04 [archive import: scored retroactively, not a live reading]",2023-10-04,scoring
2023-10-05,5,1.409,0,up,"GFZ Potsdam planetary Kp daily max 5 on 2023-10-05 [archive import: scored retroactively, not a live reading]",2023-10-05,scoring
2023-10-06,3,0.000,0,flat,"GFZ Potsdam planetary Kp daily max 3 on 2023-10-06 [archive import: scored retroactively, not a live reading]",2023-10-06,scoring
2023-10-07,1.667,-0.939,0,down,"GFZ Potsdam planetary Kp daily max 1.667 on 2023-10-07 [archive import: scored retroactively, not a live reading]",2023-10-07,scoring
2023-10-08,2.333,-0.470,0,down,"GFZ Potsdam planetary Kp daily max 2.333 on 2023-10-08 [archive import: scored retroactively, not a live reading]",2023-10-08,scoring
2023-10-09,3,0.000,0,flat,"GFZ Potsdam planetary Kp daily max 3 on 2023-10-09 [archive import: scored retroactively, not a live reading]",2023-10-09,scoring
2023-10-10,2,-0.704,0,down,"GFZ Potsdam planetary Kp daily max 2 on 2023-10-10 [archive import: scored retroactively, not a live reading]",2023-10-10,scoring
2023-10-11,1,-1.409,0,down,"GFZ Potsdam planetary Kp daily max 1 on 2023-10-11 [archive import: scored retroactively, not a live reading]",2023-10-11,scoring
2023-10-12,1,-1.409,0,down,"GFZ Potsdam planetary Kp daily max 1 on 2023-10-12 [archive import: scored retroactively, not a live reading]",2023-10-12,scoring
2023-10-13,3.667,0.469,0,up,"GFZ Potsdam planetary Kp daily max 3.667 on 2023-10-13 [archive import: scored retroactively, not a live reading]",2023-10-13,scoring
2023-10-14,3,0.000,0,flat,"GFZ Potsdam planetary Kp daily max 3 on 2023-10-14 [archive import: scored retroactively, not a live reading]",2023-10-14,scoring
2023-10-15,1.667,-0.937,0,down,"GFZ Potsdam planetary Kp daily max 1.667 on 2023-10-15 [archive import: scored retroactively, not a live reading]",2023-10-15,scoring
2023-10-16,2,-0.704,0,down,"GFZ Potsdam planetary Kp daily max 2 on 2023-10-16 [archive import: scored retroactively, not a live reading]",2023-10-16,scoring
2023-10-17,0.667,-1.643,0,down,"GFZ Potsdam planetary Kp daily max 0.667 on 2023-10-17 [archive import: scored retroactively, not a live reading]",2023-10-17,scoring
2023-10-18,3,0.000,0,flat,"GFZ Potsdam planetary Kp daily max 3 on 2023-10-18 [archive import: scored retroactively, not a live reading]",2023-10-18,scoring
2023-10-19,3.333,0.235,0,up,"GFZ Potsdam planetary Kp daily max 3.333 on 2023-10-19 [archive import: scored retroactively, not a live reading]",2023-10-19,scoring
2023-10-20,2.667,-0.235,0,down,"GFZ Potsdam planetary Kp daily max 2.667 on 2023-10-20 [archive import: scored retroactively, not a live reading]",2023-10-20,scoring
2023-10-21,5,1.409,0,up,"GFZ Potsdam planetary Kp daily max 5 on 2023-10-21 [archive import: scored retroactively, not a live reading]",2023-10-21,scoring
2023-10-22,3,0.000,0,flat,"GFZ Potsdam planetary Kp daily max 3 on 2023-10-22 [archive import: scored retroactively, not a live reading]",2023-10-22,scoring
2023-10-23,0.667,-1.643,0,down,"GFZ Potsdam planetary Kp daily max 0.667 on 2023-10-23 [archive import: scored retroactively, not a live reading]",2023-10-23,scoring
2023-10-24,1,-1.409,0,down,"GFZ Potsdam planetary Kp daily max 1 on 2023-10-24 [archive import: scored retroactively, not a live reading]",2023-10-24,scoring
2023-10-25,1.667,-0.939,0,down,"GFZ Potsdam planetary Kp daily max 1.667 on 2023-10-25 [archive import: scored retroactively, not a live reading]",2023-10-25,scoring
2023-10-26,4.667,1.174,0,up,"GFZ Potsdam planetary Kp daily max 4.667 on 2023-10-26 [archive import: scored retroactively, not a live reading]",2023-10-26,scoring
2023-10-27,4,0.704,0,up,"GFZ Potsdam planetary Kp daily max 4 on 2023-10-27 [archive import: scored retroactively, not a live reading]",2023-10-27,scoring
2023-10-28,4,0.703,0,up,"GFZ Potsdam planetary Kp daily max 4 on 2023-10-28 [archive import: scored retroactively, not a live reading]",2023-10-28,scoring
2023-10-29,4.667,1.172,0,up,"GFZ Potsdam planetary Kp daily max 4.667 on 2023-10-29 [archive import: scored retroactively, not a live reading]",2023-10-29,scoring
2023-10-30,4,0.703,0,up,"GFZ Potsdam planetary Kp daily max 4 on 2023-10-30 [archive import: scored retroactively, not a live reading]",2023-10-30,scoring
2023-10-31,2.667,-0.234,0,down,"GFZ Potsdam planetary Kp daily max 2.667 on 2023-10-31 [archive import: scored retroactively, not a live reading]",2023-10-31,scoring
2023-11-01,2.667,-0.234,0,down,"GFZ Potsdam planetary Kp daily max 2.667 on 2023-11-01 [archive import: scored retroactively, not a live reading]",2023-11-01,scoring
2023-11-02,2.333,-0.469,0,down,"GFZ Potsdam planetary Kp daily max 2.333 on 2023-11-02 [archive import: scored retroactively, not a live reading]",2023-11-02,scoring
2023-11-03,1,-1.407,0,down,"GFZ Potsdam planetary Kp daily max 1 on 2023-11-03 [archive import: scored retroactively, not a live reading]",2023-11-03,scoring
2023-11-04,4.667,1.172,0,up,"GFZ Potsdam planetary Kp daily max 4.667 on 2023-11-04 [archive import: scored retroactively, not a live reading]",2023-11-04,scoring
2023-11-05,7.333,3.047,1,up,"GFZ Potsdam planetary Kp daily max 7.333 on 2023-11-05 [archive import: scored retroactively, not a live reading]",2023-11-05,scoring
2023-11-06,5.667,1.876,0,up,"GFZ Potsdam planetary Kp daily max 5.667 on 2023-11-06 [archive import: scored retroactively, not a live reading]",2023-11-06,scoring
2023-11-07,5,1.407,0,up,"GFZ Potsdam planetary Kp daily max 5 on 2023-11-07 [archive import: scored retroactively, not a live reading]",2023-11-07,scoring
2023-11-08,4,0.703,0,up,"GFZ Potsdam planetary Kp daily max 4 on 2023-11-08 [archive import: scored retroactively, not a live reading]",2023-11-08,scoring
2023-11-09,3,0.000,0,flat,"GFZ Potsdam planetary Kp daily max 3 on 2023-11-09 [archive import: scored retroactively, not a live reading]",2023-11-09,scoring
2023-11-10,3.333,0.234,0,up,"GFZ Potsdam planetary Kp daily max 3.333 on 2023-11-10 [archive import: scored retroactively, not a live reading]",2023-11-10,scoring
2023-11-11,1.667,-0.937,0,down,"GFZ Potsdam planetary Kp daily max 1.667 on 2023-11-11 [archive import: scored retroactively, not a live reading]",2023-11-11,scoring
2023-11-12,4,0.703,0,up,"GFZ Potsdam planetary Kp daily max 4 on 2023-11-12 [archive import: scored retroactively, not a live reading]",2023-11-12,scoring
2023-11-13,5,1.407,0,up,"GFZ Potsdam planetary Kp daily max 5 on 2023-11-13 [archive import: scored retroactively, not a live reading]",2023-11-13,scoring
2023-11-14,3,0.000,0,flat,"GFZ Potsdam planetary Kp daily max 3 on 2023-11-14 [archive import: scored retroactively, not a live reading]",2023-11-14,scoring
2023-11-15,3.333,0.234,0,up,"GFZ Potsdam planetary Kp daily max 3.333 on 2023-11-15 [archive import: scored retroactively, not a live reading]",2023-11-15,scoring
2023-11-16,2,-0.703,0,down,"GFZ Potsdam planetary Kp daily max 2 on 2023-11-16 [archive import: scored retroactively, not a live reading]",2023-11-16,scoring
2023-11-17,2,-0.703,0,down,"GFZ Potsdam planetary Kp daily max 2 on 2023-11-17 [archive import: scored retroactively, not a live reading]",2023-11-17,scoring
2023-11-18,1.333,-1.172,0,down,"GFZ Potsdam planetary Kp daily max 1.333 on 2023-11-18 [archive import: scored retroactively, not a live reading]",2023-11-18,scoring
2023-11-19,1,-1.407,0,down,"GFZ Potsdam planetary Kp daily max 1 on 2023-11-19 [archive import: scored retroactively, not a live reading]",2023-11-19,scoring
2023-11-20,1.667,-0.937,0,down,"GFZ Potsdam planetary Kp daily max 1.667 on 2023-11-20 [archive import: scored retroactively, not a live reading]",2023-11-20,scoring
2023-11-21,4.333,0.937,0,up,"GFZ Potsdam planetary Kp daily max 4.333 on 2023-11-21 [archive import: scored retroactively, not a live reading]",2023-11-21,scoring
2023-11-22,5.333,1.641,0,up,"GFZ Potsdam planetary Kp daily max 5.333 on 2023-11-22 [archive import: scored retroactively, not a live reading]",2023-11-22,scoring
2023-11-23,3,0.000,0,flat,"GFZ Potsdam planetary Kp daily max 3 on 2023-11-23 [archive import: scored retroactively, not a live reading]",2023-11-23,scoring
2023-11-24,2.667,-0.234,0,down,"GFZ Potsdam planetary Kp daily max 2.667 on 2023-11-24 [archive import: scored retroactively, not a live reading]",2023-11-24,scoring
2023-11-25,6.333,2.344,0,up,"GFZ Potsdam planetary Kp daily max 6.333 on 2023-11-25 [archive import: scored retroactively, not a live reading]",2023-11-25,scoring
2023-11-26,4,0.703,0,up,"GFZ Potsdam planetary Kp daily max 4 on 2023-11-26 [archive import: scored retroactively, not a live reading]",2023-11-26,scoring
2023-11-27,2.333,-0.469,0,down,"GFZ Potsdam planetary Kp daily max 2.333 on 2023-11-27 [archive import: scored retroactively, not a live reading]",2023-11-27,scoring
2023-11-28,2,-0.703,0,down,"GFZ Potsdam planetary Kp daily max 2 on 2023-11-28 [archive import: scored retroactively, not a live reading]",2023-11-28,scoring
2023-11-29,1.667,-0.937,0,down,"GFZ Potsdam planetary Kp daily max 1.667 on 2023-11-29 [archive import: scored retroactively, not a live reading]",2023-11-29,scoring
2023-11-30,2.333,-0.469,0,down,"GFZ Potsdam planetary Kp daily max 2.333 on 2023-11-30 [archive import: scored retroactively, not a live reading]",2023-11-30,scoring
2023-12-01,6.667,2.579,0,up,"GFZ Potsdam planetary Kp daily max 6.667 on 2023-12-01 [archive import: scored retroactively, not a live reading]",2023-12-01,scoring
2023-12-02,5.333,1.641,0,up,"GFZ Potsdam planetary Kp daily max 5.333 on 2023-12-02 [archive import: scored retroactively, not a live reading]",2023-12-02,scoring
2023-12-03,3,0.000,0,flat,"GFZ Potsdam planetary Kp daily max 3 on 2023-12-03 [archive import: scored retroactively, not a live reading]",2023-12-03,scoring
2023-12-04,2.667,-0.234,0,down,"GFZ Potsdam planetary Kp daily max 2.667 on 2023-12-04 [archive import: scored retroactively, not a live reading]",2023-12-04,scoring
2023-12-05,3.333,0.234,0,up,"GFZ Potsdam planetary Kp daily max 3.333 on 2023-12-05 [archive import: scored retroactively, not a live reading]",2023-12-05,scoring
2023-12-06,3,0.000,0,flat,"GFZ Potsdam planetary Kp daily max 3 on 2023-12-06 [archive import: scored retroactively, not a live reading]",2023-12-06,scoring
2023-12-07,2,-0.703,0,down,"GFZ Potsdam planetary Kp daily max 2 on 2023-12-07 [archive import: scored retroactively, not a live reading]",2023-12-07,scoring
2023-12-08,2,-0.703,0,down,"GFZ Potsdam planetary Kp daily max 2 on 2023-12-08 [archive import: scored retroactively, not a live reading]",2023-12-08,scoring
2023-12-09,0.667,-1.641,0,down,"GFZ Potsdam planetary Kp daily max 0.667 on 2023-12-09 [archive import: scored retroactively, not a live reading]",2023-12-09,scoring
2023-12-10,1.333,-1.172,0,down,"GFZ Potsdam planetary Kp daily max 1.333 on 2023-12-10 [archive import: scored retroactively, not a live reading]",2023-12-10,scoring
2023-12-11,1,-1.407,0,down,"GFZ Potsdam planetary Kp daily max 1 on 2023-12-11 [archive import: scored retroactively, not a live reading]",2023-12-11,scoring
2023-12-12,3.333,0.234,0,up,"GFZ Potsdam planetary Kp daily max 3.333 on 2023-12-12 [archive import: scored retroactively, not a live reading]",2023-12-12,scoring
2023-12-13,2.667,-0.234,0,down,"GFZ Potsdam planetary Kp daily max 2.667 on 2023-12-13 [archive import: scored retroactively, not a live reading]",2023-12-13,scoring
2023-12-14,4.333,0.937,0,up,"GFZ Potsdam planetary Kp daily max 4.333 on 2023-12-14 [archive import: scored retroactively, not a live reading]",2023-12-14,scoring
2023-12-15,3.333,0.234,0,up,"GFZ Potsdam planetary Kp daily max 3.333 on 2023-12-15 [archive import: scored retroactively, not a live reading]",2023-12-15,scoring
2023-12-16,4,0.703,0,up,"GFZ Potsdam planetary Kp daily max 4 on 2023-12-16 [archive import: scored retroactively, not a live reading]",2023-12-16,scoring
2023-12-17,5.333,1.641,0,up,"GFZ Potsdam planetary Kp daily max 5.333 on 2023-12-17 [archive import: scored retroactively, not a live reading]",2023-12-17,scoring
2023-12-18,5.333,1.641,0,up,"GFZ Potsdam planetary Kp daily max 5.333 on 2023-12-18 [archive import: scored retroactively, not a live reading]",2023-12-18,scoring
2023-12-19,3.667,0.469,0,up,"GFZ Potsdam planetary Kp daily max 3.667 on 2023-12-19 [archive import: scored retroactively, not a live reading]",2023-12-19,scoring
2023-12-20,4,0.703,0,up,"GFZ Potsdam planetary Kp daily max 4 on 2023-12-20 [archive import: scored retroactively, not a live reading]",2023-12-20,scoring
2023-12-21,2.667,-0.234,0,down,"GFZ Potsdam planetary Kp daily max 2.667 on 2023-12-21 [archive import: scored retroactively, not a live reading]",2023-12-21,scoring
2023-12-22,1.333,-1.172,0,down,"GFZ Potsdam planetary Kp daily max 1.333 on 2023-12-22 [archive import: scored retroactively, not a live reading]",2023-12-22,scoring
2023-12-23,2.667,-0.234,0,down,"GFZ Potsdam planetary Kp daily max 2.667 on 2023-12-23 [archive import: scored retroactively, not a live reading]",2023-12-23,scoring
2023-12-24,3,0.000,0,flat,"GFZ Potsdam planetary Kp daily max 3 on 2023-12-24 [archive import: scored retroactively, not a live reading]",2023-12-24,scoring
2023-12-25,1.333,-1.172,0,down,"GFZ Potsdam planetary Kp daily max 1.333 on 2023-12-25 [archive import: scored retroactively, not a live reading]",2023-12-25,scoring
2023-12-26,1.667,-0.937,0,down,"GFZ Potsdam planetary Kp daily max 1.667 on 2023-12-26 [archive import: scored retroactively, not a live reading]",2023-12-26,scoring
2023-12-27,2,-0.703,0,down,"GFZ Potsdam planetary Kp daily max 2 on 2023-12-27 [archive import: scored retroactively, not a live reading]",2023-12-27,scoring
2023-12-28,1.667,-0.937,0,down,"GFZ Potsdam planetary Kp daily max 1.667 on 2023-12-28 [archive import: scored retroactively, not a live reading]",2023-12-28,scoring
2023-12-29,2.333,-0.469,0,down,"GFZ Potsdam planetary Kp daily max 2.333 on 2023-12-29 [archive import: scored retroactively, not a live reading]",2023-12-29,scoring
2023-12-30,2.333,-0.469,0,down,"GFZ Potsdam planetary Kp daily max 2.333 on 2023-12-30 [archive import: scored retroactively, not a live reading]",2023-12-30,scoring
2023-12-31,1.333,-1.172,0,down,"GFZ Potsdam planetary Kp daily max 1.333 on 2023-12-31 [archive import: scored retroactively, not a live reading]",2023-12-31,scoring
2024-01-01,4,0.820,0,up,"GFZ Potsdam planetary Kp daily max 4 on 2024-01-01 [archive import: scored retroactively, not a live reading]",2024-01-01,scoring
2024-01-02,2.667,-0.234,0,down,"GFZ Potsdam planetary Kp daily max 2.667 on 2024-01-02 [archive import: scored retroactively, not a live reading]",2024-01-02,scoring
2024-01-03,3.333,0.351,0,up,"GFZ Potsdam planetary Kp daily max 3.333 on 2024-01-03 [archive import: scored retroactively, not a live reading]",2024-01-03,scoring
2024-01-04,2.667,-0.117,0,down,"GFZ Potsdam planetary Kp daily max 2.667 on 2024-01-04 [archive import: scored retroactively, not a live reading]",2024-01-04,scoring
2024-01-05,2,-0.469,0,down,"GFZ Potsdam planetary Kp daily max 2 on 2024-01-05 [archive import: scored retroactively, not a live reading]",2024-01-05,scoring
2024-01-06,1,-1.172,0,down,"GFZ Potsdam planetary Kp daily max 1 on 2024-01-06 [archive import: scored retroactively, not a live reading]",2024-01-06,scoring
2024-01-07,0.333,-1.641,0,down,"GFZ Potsdam planetary Kp daily max 0.333 on 2024-01-07 [archive import: scored retroactively, not a live reading]",2024-01-07,scoring
2024-01-08,2,-0.469,0,down,"GFZ Potsdam planetary Kp daily max 2 on 2024-01-08 [archive import: scored retroactively, not a live reading]",2024-01-08,scoring
2024-01-09,2.333,-0.235,0,down,"GFZ Potsdam planetary Kp daily max 2.333 on 2024-01-09 [archive import: scored retroactively, not a live reading]",2024-01-09,scoring
2024-01-10,2.333,-0.235,0,down,"GFZ Potsdam planetary Kp daily max 2.333 on 2024-01-10 [archive import: scored retroactively, not a live reading]",2024-01-10,scoring
2024-01-11,2,-0.469,0,down,"GFZ Potsdam planetary Kp daily max 2 on 2024-01-11 [archive import: scored retroactively, not a live reading]",2024-01-11,scoring
2024-01-12,1.333,-0.938,0,down,"GFZ Potsdam planetary Kp daily max 1.333 on 2024-01-12 [archive import: scored retroactively, not a live reading]",2024-01-12,scoring
2024-01-13,0.667,-1.407,0,down,"GFZ Potsdam planetary Kp daily max 0.667 on 2024-01-13 [archive import: scored retroactively, not a live reading]",2024-01-13,scoring
2024-01-14,2,-0.469,0,down,"GFZ Potsdam planetary Kp daily max 2 on 2024-01-14 [archive import: scored retroactively, not a live reading]",2024-01-14,scoring
2024-01-15,2.333,-0.235,0,down,"GFZ Potsdam planetary Kp daily max 2.333 on 2024-01-15 [archive import: scored retroactively, not a live reading]",2024-01-15,scoring
2024-01-16,2.667,0.000,0,flat,"GFZ Potsdam planetary Kp daily max 2.667 on 2024-01-16 [archive import: scored retroactively, not a live reading]",2024-01-16,scoring
2024-01-17,1.333,-0.938,0,down,"GFZ Potsdam planetary Kp daily max 1.333 on 2024-01-17 [archive import: scored retroactively, not a live reading]",2024-01-17,scoring
2024-01-18,2.333,-0.235,0,down,"GFZ Potsdam planetary Kp daily max 2.333 on 2024-01-18 [archive import: scored retroactively, not a live reading]",2024-01-18,scoring
2024-01-19,2.667,0.000,0,flat,"GFZ Potsdam planetary Kp daily max 2.667 on 2024-01-19 [archive import: scored retroactively, not a live reading]",2024-01-19,scoring
2024-01-20,2.333,-0.235,0,down,"GFZ Potsdam planetary Kp daily max 2.333 on 2024-01-20 [archive import: scored retroactively, not a live reading]",2024-01-20,scoring
2024-01-21,2,-0.469,0,down,"GFZ Potsdam planetary Kp daily max 2 on 2024-01-21 [archive import: scored retroactively, not a live reading]",2024-01-21,scoring
2024-01-22,3.333,0.468,0,up,"GFZ Potsdam planetary Kp daily max 3.333 on 2024-01-22 [archive import: scored retroactively, not a live reading]",2024-01-22,scoring
2024-01-23,2.667,0.000,0,flat,"GFZ Potsdam planetary Kp daily max 2.667 on 2024-01-23 [archive import: scored retroactively, not a live reading]",2024-01-23,scoring
2024-01-24,3.333,0.468,0,up,"GFZ Potsdam planetary Kp daily max 3.333 on 2024-01-24 [archive import: scored retroactively, not a live reading]",2024-01-24,scoring
2024-01-25,2.333,-0.235,0,down,"GFZ Potsdam planetary Kp daily max 2.333 on 2024-01-25 [archive import: scored retroactively, not a live reading]",2024-01-25,scoring
2024-01-26,2,-0.469,0,down,"GFZ Potsdam planetary Kp daily max 2 on 2024-01-26 [archive import: scored retroactively, not a live reading]",2024-01-26,scoring
2024-01-27,2.333,-0.235,0,down,"GFZ Potsdam planetary Kp daily max 2.333 on 2024-01-27 [archive import: scored retroactively, not a live reading]",2024-01-27,scoring
2024-01-28,3,0.235,0,up,"GFZ Potsdam planetary Kp daily max 3 on 2024-01-28 [archive import: scored retroactively, not a live reading]",2024-01-28,scoring
2024-01-29,2.667,0.000,0,flat,"GFZ Potsdam planetary Kp daily max 2.667 on 2024-01-29 [archive import: scored retroactively, not a live reading]",2024-01-29,scoring
2024-01-30,2.333,-0.235,0,down,"GFZ Potsdam planetary Kp daily max 2.333 on 2024-01-30 [archive import: scored retroactively, not a live reading]",2024-01-30,scoring
2024-01-31,2.333,-0.235,0,down,"GFZ Potsdam planetary Kp daily max 2.333 on 2024-01-31 [archive import: scored retroactively, not a live reading]",2024-01-31,scoring
2024-02-01,2,-0.470,0,down,"GFZ Potsdam planetary Kp daily max 2 on 2024-02-01 [archive import: scored retroactively, not a live reading]",2024-02-01,scoring
2024-02-02,1,-1.174,0,down,"GFZ Potsdam planetary Kp daily max 1 on 2024-02-02 [archive import: scored retroactively, not a live reading]",2024-02-02,scoring
2024-02-03,0.667,-1.291,0,down,"GFZ Potsdam planetary Kp daily max 0.667 on 2024-02-03 [archive import: scored retroactively, not a live reading]",2024-02-03,scoring
2024-02-04,3,0.470,0,up,"GFZ Potsdam planetary Kp daily max 3 on 2024-02-04 [archive import: scored retroactively, not a live reading]",2024-02-04,scoring
2024-02-05,2.667,0.235,0,up,"GFZ Potsdam planetary Kp daily max 2.667 on 2024-02-05 [archive import: scored retroactively, not a live reading]",2024-02-05,scoring
2024-02-06,3,0.470,0,up,"GFZ Potsdam planetary Kp daily max 3 on 2024-02-06 [archive import: scored retroactively, not a live reading]",2024-02-06,scoring
2024-02-07,1.333,-0.704,0,down,"GFZ Potsdam planetary Kp daily max 1.333 on 2024-02-07 [archive import: scored retroactively, not a live reading]",2024-02-07,scoring
2024-02-08,1.667,-0.469,0,down,"GFZ Potsdam planetary Kp daily max 1.667 on 2024-02-08 [archive import: scored retroactively, not a live reading]",2024-02-08,scoring
2024-02-09,3,0.470,0,up,"GFZ Potsdam planetary Kp daily max 3 on 2024-02-09 [archive import: scored retroactively, not a live reading]",2024-02-09,scoring
2024-02-10,2.333,0.000,0,flat,"GFZ Potsdam planetary Kp daily max 2.333 on 2024-02-10 [archive import: scored retroactively, not a live reading]",2024-02-10,scoring
2024-02-11,4.333,2.809,0,up,"GFZ Potsdam planetary Kp daily max 4.333 on 2024-02-11 [archive import: scored retroactively, not a live reading]",2024-02-11,scoring
2024-02-12,2.333,0.000,0,flat,"GFZ Potsdam planetary Kp daily max 2.333 on 2024-02-12 [archive import: scored retroactively, not a live reading]",2024-02-12,scoring
2024-02-13,3.667,1.873,0,up,"GFZ Potsdam planetary Kp daily max 3.667 on 2024-02-13 [archive import: scored retroactively, not a live reading]",2024-02-13,scoring
2024-02-14,3,0.937,0,up,"GFZ Potsdam planetary Kp daily max 3 on 2024-02-14 [archive import: scored retroactively, not a live reading]",2024-02-14,scoring
2024-02-15,1.333,-1.404,0,down,"GFZ Potsdam planetary Kp daily max 1.333 on 2024-02-15 [archive import: scored retroactively, not a live reading]",2024-02-15,scoring
2024-02-16,2,-0.468,0,down,"GFZ Potsdam planetary Kp daily max 2 on 2024-02-16 [archive import: scored retroactively, not a live reading]",2024-02-16,scoring
2024-02-17,2,-0.468,0,down,"GFZ Potsdam planetary Kp daily max 2 on 2024-02-17 [archive import: scored retroactively, not a live reading]",2024-02-17,scoring
2024-02-18,3.333,1.404,0,up,"GFZ Potsdam planetary Kp daily max 3.333 on 2024-02-18 [archive import: scored retroactively, not a live reading]",2024-02-18,scoring
2024-02-19,0.333,-2.809,0,down,"GFZ Potsdam planetary Kp daily max 0.333 on 2024-02-19 [archive import: scored retroactively, not a live reading]",2024-02-19,scoring
2024-02-20,2.333,0.000,0,flat,"GFZ Potsdam planetary Kp daily max 2.333 on 2024-02-20 [archive import: scored retroactively, not a live reading]",2024-02-20,scoring
2024-02-21,1.333,-1.404,0,down,"GFZ Potsdam planetary Kp daily max 1.333 on 2024-02-21 [archive import: scored retroactively, not a live reading]",2024-02-21,scoring
2024-02-22,1.667,-0.935,0,down,"GFZ Potsdam planetary Kp daily max 1.667 on 2024-02-22 [archive import: scored retroactively, not a live reading]",2024-02-22,scoring
2024-02-23,1.333,-1.404,0,down,"GFZ Potsdam planetary Kp daily max 1.333 on 2024-02-23 [archive import: scored retroactively, not a live reading]",2024-02-23,scoring
2024-02-24,2.333,0.000,0,flat,"GFZ Potsdam planetary Kp daily max 2.333 on 2024-02-24 [archive import: scored retroactively, not a live reading]",2024-02-24,scoring
2024-02-25,3,0.937,0,up,"GFZ Potsdam planetary Kp daily max 3 on 2024-02-25 [archive import: scored retroactively, not a live reading]",2024-02-25,scoring
2024-02-26,3,0.937,0,up,"GFZ Potsdam planetary Kp daily max 3 on 2024-02-26 [archive import: scored retroactively, not a live reading]",2024-02-26,scoring
2024-02-27,4.333,2.809,0,up,"GFZ Potsdam planetary Kp daily max 4.333 on 2024-02-27 [archive import: scored retroactively, not a live reading]",2024-02-27,scoring
2024-02-28,2,-0.468,0,down,"GFZ Potsdam planetary Kp daily max 2 on 2024-02-28 [archive import: scored retroactively, not a live reading]",2024-02-28,scoring
2024-02-29,1.667,-0.935,0,down,"GFZ Potsdam planetary Kp daily max 1.667 on 2024-02-29 [archive import: scored retroactively, not a live reading]",2024-02-29,scoring
2024-03-01,2.667,0.469,0,up,"GFZ Potsdam planetary Kp daily max 2.667 on 2024-03-01 [archive import: scored retroactively, not a live reading]",2024-03-01,scoring
2024-03-02,2.333,0.000,0,flat,"GFZ Potsdam planetary Kp daily max 2.333 on 2024-03-02 [archive import: scored retroactively, not a live reading]",2024-03-02,scoring
2024-03-03,6.333,5.618,1,up,"GFZ Potsdam planetary Kp daily max 6.333 on 2024-03-03 [archive import: scored retroactively, not a live reading]",2024-03-03,scoring
2024-03-04,4,2.341,0,up,"GFZ Potsdam planetary Kp daily max 4 on 2024-03-04 [archive import: scored retroactively, not a live reading]",2024-03-04,scoring
2024-03-05,2.667,0.469,0,up,"GFZ Potsdam planetary Kp daily max 2.667 on 2024-03-05 [archive import: scored retroactively, not a live reading]",2024-03-05,scoring
2024-03-06,3,0.937,0,up,"GFZ Potsdam planetary Kp daily max 3 on 2024-03-06 [archive import: scored retroactively, not a live reading]",2024-03-06,scoring
2024-03-07,3.667,1.873,0,up,"GFZ Potsdam planetary Kp daily max 3.667 on 2024-03-07 [archive import: scored retroactively, not a live reading]",2024-03-07,scoring
2024-03-08,3.667,1.873,0,up,"GFZ Potsdam planetary Kp daily max 3.667 on 2024-03-08 [archive import: scored retroactively, not a live reading]",2024-03-08,scoring
2024-03-09,4,2.341,0,up,"GFZ Potsdam planetary Kp daily max 4 on 2024-03-09 [archive import: scored retroactively, not a live reading]",2024-03-09,scoring
2024-03-10,2.333,0.000,0,flat,"GFZ Potsdam planetary Kp daily max 2.333 on 2024-03-10 [archive import: scored retroactively, not a live reading]",2024-03-10,scoring
2024-03-11,2,-0.468,0,down,"GFZ Potsdam planetary Kp daily max 2 on 2024-03-11 [archive import: scored retroactively, not a live reading]",2024-03-11,scoring
2024-03-12,2.333,0.000,0,flat,"GFZ Potsdam planetary Kp daily max 2.333 on 2024-03-12 [archive import: scored retroactively, not a live reading]",2024-03-12,scoring
2024-03-13,3.333,1.404,0,up,"GFZ Potsdam planetary Kp daily max 3.333 on 2024-03-13 [archive import: scored retroactively, not a live reading]",2024-03-13,scoring
2024-03-14,3,0.937,0,up,"GFZ Potsdam planetary Kp daily max 3 on 2024-03-14 [archive import: scored retroactively, not a live reading]",2024-03-14,scoring
2024-03-15,3.333,1.404,0,up,"GFZ Potsdam planetary Kp daily max 3.333 on 2024-03-15 [archive import: scored retroactively, not a live reading]",2024-03-15,scoring
2024-03-16,0.667,-2.340,0,down,"GFZ Potsdam planetary Kp daily max 0.667 on 2024-03-16 [archive import: scored retroactively, not a live reading]",2024-03-16,scoring
2024-03-17,0.333,-2.809,0,down,"GFZ Potsdam planetary Kp daily max 0.333 on 2024-03-17 [archive import: scored retroactively, not a live reading]",2024-03-17,scoring
2024-03-18,2.667,0.469,0,up,"GFZ Potsdam planetary Kp daily max 2.667 on 2024-03-18 [archive import: scored retroactively, not a live reading]",2024-03-18,scoring
2024-03-19,2.667,0.469,0,up,"GFZ Potsdam planetary Kp daily max 2.667 on 2024-03-19 [archive import: scored retroactively, not a live reading]",2024-03-19,scoring
2024-03-20,2.333,0.000,0,flat,"GFZ Potsdam planetary Kp daily max 2.333 on 2024-03-20 [archive import: scored retroactively, not a live reading]",2024-03-20,scoring
2024-03-21,4.667,3.278,1,up,"GFZ Potsdam planetary Kp daily max 4.667 on 2024-03-21 [archive import: scored retroactively, not a live reading]",2024-03-21,scoring
2024-03-22,3.333,1.404,0,up,"GFZ Potsdam planetary Kp daily max 3.333 on 2024-03-22 [archive import: scored retroactively, not a live reading]",2024-03-22,scoring
2024-03-23,5.667,4.682,1,up,"GFZ Potsdam planetary Kp daily max 5.667 on 2024-03-23 [archive import: scored retroactively, not a live reading]",2024-03-23,scoring
2024-03-24,8.333,8.426,1,up,"GFZ Potsdam planetary Kp daily max 8.333 on 2024-03-24 [archive import: scored retroactively, not a live reading]",2024-03-24,scoring
2024-03-25,5,3.746,1,up,"GFZ Potsdam planetary Kp daily max 5 on 2024-03-25 [archive import: scored retroactively, not a live reading]",2024-03-25,scoring
2024-03-26,3,0.937,0,up,"GFZ Potsdam planetary Kp daily max 3 on 2024-03-26 [archive import: scored retroactively, not a live reading]",2024-03-26,scoring
2024-03-27,3,0.937,0,up,"GFZ Potsdam planetary Kp daily max 3 on 2024-03-27 [archive import: scored retroactively, not a live reading]",2024-03-27,scoring
2024-03-28,2.667,0.469,0,up,"GFZ Potsdam planetary Kp daily max 2.667 on 2024-03-28 [archive import: scored retroactively, not a live reading]",2024-03-28,scoring
2024-03-29,1.667,-0.935,0,down,"GFZ Potsdam planetary Kp daily max 1.667 on 2024-03-29 [archive import: scored retroactively, not a live reading]",2024-03-29,scoring
2024-03-30,1.667,-0.935,0,down,"GFZ Potsdam planetary Kp daily max 1.667 on 2024-03-30 [archive import: scored retroactively, not a live reading]",2024-03-30,scoring
2024-03-31,3.667,1.873,0,up,"GFZ Potsdam planetary Kp daily max 3.667 on 2024-03-31 [archive import: scored retroactively, not a live reading]",2024-03-31,scoring
2024-04-01,3.667,1.873,0,up,"GFZ Potsdam planetary Kp daily max 3.667 on 2024-04-01 [archive import: scored retroactively, not a live reading]",2024-04-01,scoring
2024-04-02,2.667,0.469,0,up,"GFZ Potsdam planetary Kp daily max 2.667 on 2024-04-02 [archive import: scored retroactively, not a live reading]",2024-04-02,scoring
2024-04-03,2.667,0.469,0,up,"GFZ Potsdam planetary Kp daily max 2.667 on 2024-04-03 [archive import: scored retroactively, not a live reading]",2024-04-03,scoring
2024-04-04,3.333,1.404,0,up,"GFZ Potsdam planetary Kp daily max 3.333 on 2024-04-04 [archive import: scored retroactively, not a live reading]",2024-04-04,scoring
2024-04-05,3.333,1.404,0,up,"GFZ Potsdam planetary Kp daily max 3.333 on 2024-04-05 [archive import: scored retroactively, not a live reading]",2024-04-05,scoring
2024-04-06,3,0.702,0,up,"GFZ Potsdam planetary Kp daily max 3 on 2024-04-06 [archive import: scored retroactively, not a live reading]",2024-04-06,scoring
2024-04-07,2.333,-0.469,0,down,"GFZ Potsdam planetary Kp daily max 2.333 on 2024-04-07 [archive import: scored retroactively, not a live reading]",2024-04-07,scoring
2024-04-08,3.333,0.935,0,up,"GFZ Potsdam planetary Kp daily max 3.333 on 2024-04-08 [archive import: scored retroactively, not a live reading]",2024-04-08,scoring
2024-04-09,3.333,0.935,0,up,"GFZ Potsdam planetary Kp daily max 3.333 on 2024-04-09 [archive import: scored retroactively, not a live reading]",2024-04-09,scoring
2024-04-10,2.667,0.000,0,flat,"GFZ Potsdam planetary Kp daily max 2.667 on 2024-04-10 [archive import: scored retroactively, not a live reading]",2024-04-10,scoring
2024-04-11,2.667,0.000,0,flat,"GFZ Potsdam planetary Kp daily max 2.667 on 2024-04-11 [archive import: scored retroactively, not a live reading]",2024-04-11,scoring
2024-04-12,2.333,-0.469,0,down,"GFZ Potsdam planetary Kp daily max 2.333 on 2024-04-12 [archive import: scored retroactively, not a live reading]",2024-04-12,scoring
2024-04-13,2,-0.937,0,down,"GFZ Potsdam planetary Kp daily max 2 on 2024-04-13 [archive import: scored retroactively, not a live reading]",2024-04-13,scoring
2024-04-14,1.667,-1.404,0,down,"GFZ Potsdam planetary Kp daily max 1.667 on 2024-04-14 [archive import: scored retroactively, not a live reading]",2024-04-14,scoring
2024-04-15,2.667,0.000,0,flat,"GFZ Potsdam planetary Kp daily max 2.667 on 2024-04-15 [archive import: scored retroactively, not a live reading]",2024-04-15,scoring
2024-04-16,5.333,3.744,1,up,"GFZ Potsdam planetary Kp daily max 5.333 on 2024-04-16 [archive import: scored retroactively, not a live reading]",2024-04-16,scoring
2024-04-17,3,0.468,0,up,"GFZ Potsdam planetary Kp daily max 3 on 2024-04-17 [archive import: scored retroactively, not a live reading]",2024-04-17,scoring
2024-04-18,1.667,-1.404,0,down,"GFZ Potsdam planetary Kp daily max 1.667 on 2024-04-18 [archive import: scored retroactively, not a live reading]",2024-04-18,scoring
2024-04-19,7,6.085,1,up,"GFZ Potsdam planetary Kp daily max 7 on 2024-04-19 [archive import: scored retroactively, not a live reading]",2024-04-19,scoring
2024-04-20,2.667,0.000,0,flat,"GFZ Potsdam planetary Kp daily max 2.667 on 2024-04-20 [archive import: scored retroactively, not a live reading]",2024-04-20,scoring
2024-04-21,4,1.872,0,up,"GFZ Potsdam planetary Kp daily max 4 on 2024-04-21 [archive import: scored retroactively, not a live reading]",2024-04-21,scoring
2024-04-22,2.333,-0.469,0,down,"GFZ Potsdam planetary Kp daily max 2.333 on 2024-04-22 [archive import: scored retroactively, not a live reading]",2024-04-22,scoring
2024-04-23,2.667,0.000,0,flat,"GFZ Potsdam planetary Kp daily max 2.667 on 2024-04-23 [archive import: scored retroactively, not a live reading]",2024-04-23,scoring
2024-04-24,1,-2.341,0,down,"GFZ Potsdam planetary Kp daily max 1 on 2024-04-24 [archive import: scored retroactively, not a live reading]",2024-04-24,scoring
2024-04-25,0.667,-2.809,0,down,"GFZ Potsdam planetary Kp daily max 0.667 on 2024-04-25 [archive import: scored retroactively, not a live reading]",2024-04-25,scoring
2024-04-26,5,3.276,1,up,"GFZ Potsdam planetary Kp daily max 5 on 2024-04-26 [archive import: scored retroactively, not a live reading]",2024-04-26,scoring
2024-04-27,3.333,0.935,0,up,"GFZ Potsdam planetary Kp daily max 3.333 on 2024-04-27 [archive import: scored retroactively, not a live reading]",2024-04-27,scoring
2024-04-28,3.667,0.704,0,up,"GFZ Potsdam planetary Kp daily max 3.667 on 2024-04-28 [archive import: scored retroactively, not a live reading]",2024-04-28,scoring
2024-04-29,2.667,0.000,0,flat,"GFZ Potsdam planetary Kp daily max 2.667 on 2024-04-29 [archive import: scored retroactively, not a live reading]",2024-04-29,scoring
2024-04-30,4.333,1.173,0,up,"GFZ Potsdam planetary Kp daily max 4.333 on 2024-04-30 [archive import: scored retroactively, not a live reading]",2024-04-30,scoring
2024-05-01,3.667,0.704,0,up,"GFZ Potsdam planetary Kp daily max 3.667 on 2024-05-01 [archive import: scored retroactively, not a live reading]",2024-05-01,scoring
2024-05-02,6.667,2.817,0,up,"GFZ Potsdam planetary Kp daily max 6.667 on 2024-05-02 [archive import: scored retroactively, not a live reading]",2024-05-02,scoring
2024-05-03,4,0.939,0,up,"GFZ Potsdam planetary Kp daily max 4 on 2024-05-03 [archive import: scored retroactively, not a live reading]",2024-05-03,scoring
2024-05-04,3,0.235,0,up,"GFZ Potsdam planetary Kp daily max 3 on 2024-05-04 [archive import: scored retroactively, not a live reading]",2024-05-04,scoring
2024-05-05,4.333,1.173,0,up,"GFZ Potsdam planetary Kp daily max 4.333 on 2024-05-05 [archive import: scored retroactively, not a live reading]",2024-05-05,scoring
2024-05-06,5.333,1.760,0,up,"GFZ Potsdam planetary Kp daily max 5.333 on 2024-05-06 [archive import: scored retroactively, not a live reading]",2024-05-06,scoring
2024-05-07,2.667,-0.117,0,down,"GFZ Potsdam planetary Kp daily max 2.667 on 2024-05-07 [archive import: scored retroactively, not a live reading]",2024-05-07,scoring
2024-05-08,2,-0.587,0,down,"GFZ Potsdam planetary Kp daily max 2 on 2024-05-08 [archive import: scored retroactively, not a live reading]",2024-05-08,scoring
2024-05-09,2.333,-0.353,0,down,"GFZ Potsdam planetary Kp daily max 2.333 on 2024-05-09 [archive import: scored retroactively, not a live reading]",2024-05-09,scoring
2024-05-10,8.667,4.226,1,up,"GFZ Potsdam planetary Kp daily max 8.667 on 2024-05-10 [archive import: scored retroactively, not a live reading]",2024-05-10,scoring
2024-05-11,9,4.343,1,up,"GFZ Potsdam planetary Kp daily max 9 on 2024-05-11 [archive import: scored retroactively, not a live reading]",2024-05-11,scoring
2024-05-12,7,2.934,0,up,"GFZ Potsdam planetary Kp daily max 7 on 2024-05-12 [archive import: scored retroactively, not a live reading]",2024-05-12,scoring
2024-05-13,6,2.113,0,up,"GFZ Potsdam planetary Kp daily max 6 on 2024-05-13 [archive import: scored retroactively, not a live reading]",2024-05-13,scoring
2024-05-14,2.333,-0.470,0,down,"GFZ Potsdam planetary Kp daily max 2.333 on 2024-05-14 [archive import: scored retroactively, not a live reading]",2024-05-14,scoring
2024-05-15,3,0.117,0,up,"GFZ Potsdam planetary Kp daily max 3 on 2024-05-15 [archive import: scored retroactively, not a live reading]",2024-05-15,scoring
2024-05-16,6,2.113,0,up,"GFZ Potsdam planetary Kp daily max 6 on 2024-05-16 [archive import: scored retroactively, not a live reading]",2024-05-16,scoring
2024-05-17,6,2.113,0,up,"GFZ Potsdam planetary Kp daily max 6 on 2024-05-17 [archive import: scored retroactively, not a live reading]",2024-05-17,scoring
2024-05-18,4,0.704,0,up,"GFZ Potsdam planetary Kp daily max 4 on 2024-05-18 [archive import: scored retroactively, not a live reading]",2024-05-18,scoring
2024-05-19,2.667,-0.235,0,down,"GFZ Potsdam planetary Kp daily max 2.667 on 2024-05-19 [archive import: scored retroactively, not a live reading]",2024-05-19,scoring
2024-05-20,2.333,-0.470,0,down,"GFZ Potsdam planetary Kp daily max 2.333 on 2024-05-20 [archive import: scored retroactively, not a live reading]",2024-05-20,scoring
2024-05-21,2.667,-0.235,0,down,"GFZ Potsdam planetary Kp daily max 2.667 on 2024-05-21 [archive import: scored retroactively, not a live reading]",2024-05-21,scoring
2024-05-22,1.667,-0.939,0,down,"GFZ Potsdam planetary Kp daily max 1.667 on 2024-05-22 [archive import: scored retroactively, not a live reading]",2024-05-22,scoring
2024-05-23,3.333,0.235,0,up,"GFZ Potsdam planetary Kp daily max 3.333 on 2024-05-23 [archive import: scored retroactively, not a live reading]",2024-05-23,scoring
2024-05-24,3,0.000,0,flat,"GFZ Potsdam planetary Kp daily max 3 on 2024-05-24 [archive import: scored retroactively, not a live reading]",2024-05-24,scoring
2024-05-25,2.333,-0.470,0,down,"GFZ Potsdam planetary Kp daily max 2.333 on 2024-05-25 [archive import: scored retroactively, not a live reading]",2024-05-25,scoring
2024-05-26,2.667,-0.235,0,down,"GFZ Potsdam planetary Kp daily max 2.667 on 2024-05-26 [archive import: scored retroactively, not a live reading]",2024-05-26,scoring
2024-05-27,3,0.000,0,flat,"GFZ Potsdam planetary Kp daily max 3 on 2024-05-27 [archive import: scored retroactively, not a live reading]",2024-05-27,scoring
2024-05-28,2,-0.704,0,down,"GFZ Potsdam planetary Kp daily max 2 on 2024-05-28 [archive import: scored retroactively, not a live reading]",2024-05-28,scoring
2024-05-29,2.333,-0.470,0,down,"GFZ Potsdam planetary Kp daily max 2.333 on 2024-05-29 [archive import: scored retroactively, not a live reading]",2024-05-29,scoring
2024-05-30,3.333,0.235,0,up,"GFZ Potsdam planetary Kp daily max 3.333 on 2024-05-30 [archive import: scored retroactively, not a live reading]",2024-05-30,scoring
2024-05-31,4.333,0.939,0,up,"GFZ Potsdam planetary Kp daily max 4.333 on 2024-05-31 [archive import: scored retroactively, not a live reading]",2024-05-31,scoring
2024-06-01,2.667,-0.235,0,down,"GFZ Potsdam planetary Kp daily max 2.667 on 2024-06-01 [archive import: scored retroactively, not a live reading]",2024-06-01,scoring
2024-06-02,2.333,-0.470,0,down,"GFZ Potsdam planetary Kp daily max 2.333 on 2024-06-02 [archive import: scored retroactively, not a live reading]",2024-06-02,scoring
2024-06-03,4.333,0.939,0,up,"GFZ Potsdam planetary Kp daily max 4.333 on 2024-06-03 [archive import: scored retroactively, not a live reading]",2024-06-03,scoring
2024-06-04,2.667,-0.235,0,down,"GFZ Potsdam planetary Kp daily max 2.667 on 2024-06-04 [archive import: scored retroactively, not a live reading]",2024-06-04,scoring
2024-06-05,2.333,-0.470,0,down,"GFZ Potsdam planetary Kp daily max 2.333 on 2024-06-05 [archive import: scored retroactively, not a live reading]",2024-06-05,scoring
2024-06-06,2,-0.704,0,down,"GFZ Potsdam planetary Kp daily max 2 on 2024-06-06 [archive import: scored retroactively, not a live reading]",2024-06-06,scoring
2024-06-07,6.333,2.347,0,up,"GFZ Potsdam planetary Kp daily max 6.333 on 2024-06-07 [archive import: scored retroactively, not a live reading]",2024-06-07,scoring
2024-06-08,4.667,1.174,0,up,"GFZ Potsdam planetary Kp daily max 4.667 on 2024-06-08 [archive import: scored retroactively, not a live reading]",2024-06-08,scoring
2024-06-09,2,-0.704,0,down,"GFZ Potsdam planetary Kp daily max 2 on 2024-06-09 [archive import: scored retroactively, not a live reading]",2024-06-09,scoring
2024-06-10,4,0.704,0,up,"GFZ Potsdam planetary Kp daily max 4 on 2024-06-10 [archive import: scored retroactively, not a live reading]",2024-06-10,scoring
2024-06-11,4.333,0.939,0,up,"GFZ Potsdam planetary Kp daily max 4.333 on 2024-06-11 [archive import: scored retroactively, not a live reading]",2024-06-11,scoring
2024-06-12,1.333,-1.174,0,down,"GFZ Potsdam planetary Kp daily max 1.333 on 2024-06-12 [archive import: scored retroactively, not a live reading]",2024-06-12,scoring
2024-06-13,1,-1.409,0,down,"GFZ Potsdam planetary Kp daily max 1 on 2024-06-13 [archive import: scored retroactively, not a live reading]",2024-06-13,scoring
2024-06-14,2.333,-0.470,0,down,"GFZ Potsdam planetary Kp daily max 2.333 on 2024-06-14 [archive import: scored retroactively, not a live reading]",2024-06-14,scoring
2024-06-15,4.667,1.174,0,up,"GFZ Potsdam planetary Kp daily max 4.667 on 2024-06-15 [archive import: scored retroactively, not a live reading]",2024-06-15,scoring
2024-06-16,4,0.704,0,up,"GFZ Potsdam planetary Kp daily max 4 on 2024-06-16 [archive import: scored retroactively, not a live reading]",2024-06-16,scoring
2024-06-17,3.333,0.235,0,up,"GFZ Potsdam planetary Kp daily max 3.333 on 2024-06-17 [archive import: scored retroactively, not a live reading]",2024-06-17,scoring
2024-06-18,3.333,0.235,0,up,"GFZ Potsdam planetary Kp daily max 3.333 on 2024-06-18 [archive import: scored retroactively, not a live reading]",2024-06-18,scoring
2024-06-19,3.333,0.235,0,up,"GFZ Potsdam planetary Kp daily max 3.333 on 2024-06-19 [archive import: scored retroactively, not a live reading]",2024-06-19,scoring
2024-06-20,2.333,-0.470,0,down,"GFZ Potsdam planetary Kp daily max 2.333 on 2024-06-20 [archive import: scored retroactively, not a live reading]",2024-06-20,scoring
2024-06-21,1.333,-1.174,0,down,"GFZ Potsdam planetary Kp daily max 1.333 on 2024-06-21 [archive import: scored retroactively, not a live reading]",2024-06-21,scoring
2024-06-22,1.333,-1.174,0,down,"GFZ Potsdam planetary Kp daily max 1.333 on 2024-06-22 [archive import: scored retroactively, not a live reading]",2024-06-22,scoring
2024-06-23,3.333,0.235,0,up,"GFZ Potsdam planetary Kp daily max 3.333 on 2024-06-23 [archive import: scored retroactively, not a live reading]",2024-06-23,scoring
2024-06-24,1.667,-0.939,0,down,"GFZ Potsdam planetary Kp daily max 1.667 on 2024-06-24 [archive import: scored retroactively, not a live reading]",2024-06-24,scoring
2024-06-25,2.667,-0.235,0,down,"GFZ Potsdam planetary Kp daily max 2.667 on 2024-06-25 [archive import: scored retroactively, not a live reading]",2024-06-25,scoring
2024-06-26,2.667,-0.117,0,down,"GFZ Potsdam planetary Kp daily max 2.667 on 2024-06-26 [archive import: scored retroactively, not a live reading]",2024-06-26,scoring
2024-06-27,3.333,0.352,0,up,"GFZ Potsdam planetary Kp daily max 3.333 on 2024-06-27 [archive import: scored retroactively, not a live reading]",2024-06-27,scoring
2024-06-28,7.667,3.287,1,up,"GFZ Potsdam planetary Kp daily max 7.667 on 2024-06-28 [archive import: scored retroactively, not a live reading]",2024-06-28,scoring
2024-06-29,4,0.704,0,up,"GFZ Potsdam planetary Kp daily max 4 on 2024-06-29 [archive import: scored retroactively, not a live reading]",2024-06-29,scoring
2024-06-30,3.667,0.470,0,up,"GFZ Potsdam planetary Kp daily max 3.667 on 2024-06-30 [archive import: scored retroactively, not a live reading]",2024-06-30,scoring
2024-07-01,1.667,-0.939,0,down,"GFZ Potsdam planetary Kp daily max 1.667 on 2024-07-01 [archive import: scored retroactively, not a live reading]",2024-07-01,scoring
2024-07-02,1.333,-1.174,0,down,"GFZ Potsdam planetary Kp daily max 1.333 on 2024-07-02 [archive import: scored retroactively, not a live reading]",2024-07-02,scoring
2024-07-03,1.333,-1.174,0,down,"GFZ Potsdam planetary Kp daily max 1.333 on 2024-07-03 [archive import: scored retroactively, not a live reading]",2024-07-03,scoring
2024-07-04,3,0.000,0,flat,"GFZ Potsdam planetary Kp daily max 3 on 2024-07-04 [archive import: scored retroactively, not a live reading]",2024-07-04,scoring
2024-07-05,3,0.000,0,flat,"GFZ Potsdam planetary Kp daily max 3 on 2024-07-05 [archive import: scored retroactively, not a live reading]",2024-07-05,scoring
2024-07-06,1,-1.409,0,down,"GFZ Potsdam planetary Kp daily max 1 on 2024-07-06 [archive import: scored retroactively, not a live reading]",2024-07-06,scoring
2024-07-07,2.667,-0.235,0,down,"GFZ Potsdam planetary Kp daily max 2.667 on 2024-07-07 [archive import: scored retroactively, not a live reading]",2024-07-07,scoring
2024-07-08,3.333,0.352,0,up,"GFZ Potsdam planetary Kp daily max 3.333 on 2024-07-08 [archive import: scored retroactively, not a live reading]",2024-07-08,scoring
2024-07-09,2.333,-0.353,0,down,"GFZ Potsdam planetary Kp daily max 2.333 on 2024-07-09 [archive import: scored retroactively, not a live reading]",2024-07-09,scoring
2024-07-10,1.667,-0.822,0,down,"GFZ Potsdam planetary Kp daily max 1.667 on 2024-07-10 [archive import: scored retroactively, not a live reading]",2024-07-10,scoring
2024-07-11,2,-0.586,0,down,"GFZ Potsdam planetary Kp daily max 2 on 2024-07-11 [archive import: scored retroactively, not a live reading]",2024-07-11,scoring
2024-07-12,2,-0.586,0,down,"GFZ Potsdam planetary Kp daily max 2 on 2024-07-12 [archive import: scored retroactively, not a live reading]",2024-07-12,scoring
2024-07-13,1.333,-1.055,0,down,"GFZ Potsdam planetary Kp daily max 1.333 on 2024-07-13 [archive import: scored retroactively, not a live reading]",2024-07-13,scoring
2024-07-14,1.333,-1.055,0,down,"GFZ Potsdam planetary Kp daily max 1.333 on 2024-07-14 [archive import: scored retroactively, not a live reading]",2024-07-14,scoring
2024-07-15,3,0.117,0,up,"GFZ Potsdam planetary Kp daily max 3 on 2024-07-15 [archive import: scored retroactively, not a live reading]",2024-07-15,scoring
2024-07-16,3.333,0.351,0,up,"GFZ Potsdam planetary Kp daily max 3.333 on 2024-07-16 [archive import: scored retroactively, not a live reading]",2024-07-16,scoring
2024-07-17,2.333,-0.352,0,down,"GFZ Potsdam planetary Kp daily max 2.333 on 2024-07-17 [archive import: scored retroactively, not a live reading]",2024-07-17,scoring
2024-07-18,1.333,-1.055,0,down,"GFZ Potsdam planetary Kp daily max 1.333 on 2024-07-18 [archive import: scored retroactively, not a live reading]",2024-07-18,scoring
2024-07-19,1.333,-0.938,0,down,"GFZ Potsdam planetary Kp daily max 1.333 on 2024-07-19 [archive import: scored retroactively, not a live reading]",2024-07-19,scoring
2024-07-20,2.667,0.000,0,flat,"GFZ Potsdam planetary Kp daily max 2.667 on 2024-07-20 [archive import: scored retroactively, not a live reading]",2024-07-20,scoring
2024-07-21,1.667,-0.703,0,down,"GFZ Potsdam planetary Kp daily max 1.667 on 2024-07-21 [archive import: scored retroactively, not a live reading]",2024-07-21,scoring
2024-07-22,3,0.234,0,up,"GFZ Potsdam planetary Kp daily max 3 on 2024-07-22 [archive import: scored retroactively, not a live reading]",2024-07-22,scoring
2024-07-23,2.667,0.000,0,flat,"GFZ Potsdam planetary Kp daily max 2.667 on 2024-07-23 [archive import: scored retroactively, not a live reading]",2024-07-23,scoring
2024-07-24,1.667,-0.704,0,down,"GFZ Potsdam planetary Kp daily max 1.667 on 2024-07-24 [archive import: scored retroactively, not a live reading]",2024-07-24,scoring
2024-07-25,3.333,0.469,0,up,"GFZ Potsdam planetary Kp daily max 3.333 on 2024-07-25 [archive import: scored retroactively, not a live reading]",2024-07-25,scoring
2024-07-26,5,1.643,0,up,"GFZ Potsdam planetary Kp daily max 5 on 2024-07-26 [archive import: scored retroactively, not a live reading]",2024-07-26,scoring
2024-07-27,4,0.939,0,up,"GFZ Potsdam planetary Kp daily max 4 on 2024-07-27 [archive import: scored retroactively, not a live reading]",2024-07-27,scoring
2024-07-28,2.667,0.000,0,flat,"GFZ Potsdam planetary Kp daily max 2.667 on 2024-07-28 [archive import: scored retroactively, not a live reading]",2024-07-28,scoring
2024-07-29,2,-0.470,0,down,"GFZ Potsdam planetary Kp daily max 2 on 2024-07-29 [archive import: scored retroactively, not a live reading]",2024-07-29,scoring
2024-07-30,5.333,1.878,0,up,"GFZ Potsdam planetary Kp daily max 5.333 on 2024-07-30 [archive import: scored retroactively, not a live reading]",2024-07-30,scoring
2024-07-31,4.667,1.409,0,up,"GFZ Potsdam planetary Kp daily max 4.667 on 2024-07-31 [archive import: scored retroactively, not a live reading]",2024-07-31,scoring
2024-08-01,5.333,1.878,0,up,"GFZ Potsdam planetary Kp daily max 5.333 on 2024-08-01 [archive import: scored retroactively, not a live reading]",2024-08-01,scoring
2024-08-02,2.667,0.000,0,flat,"GFZ Potsdam planetary Kp daily max 2.667 on 2024-08-02 [archive import: scored retroactively, not a live reading]",2024-08-02,scoring
2024-08-03,2.667,0.000,0,flat,"GFZ Potsdam planetary Kp daily max 2.667 on 2024-08-03 [archive import: scored retroactively, not a live reading]",2024-08-03,scoring
2024-08-04,7,3.052,1,up,"GFZ Potsdam planetary Kp daily max 7 on 2024-08-04 [archive import: scored retroactively, not a live reading]",2024-08-04,scoring
2024-08-05,3,0.235,0,up,"GFZ Potsdam planetary Kp daily max 3 on 2024-08-05 [archive import: scored retroactively, not a live reading]",2024-08-05,scoring
2024-08-06,1.667,-0.704,0,down,"GFZ Potsdam planetary Kp daily max 1.667 on 2024-08-06 [archive import: scored retroactively, not a live reading]",2024-08-06,scoring
2024-08-07,2.333,-0.235,0,down,"GFZ Potsdam planetary Kp daily max 2.333 on 2024-08-07 [archive import: scored retroactively, not a live reading]",2024-08-07,scoring
2024-08-08,2.667,0.000,0,flat,"GFZ Potsdam planetary Kp daily max 2.667 on 2024-08-08 [archive import: scored retroactively, not a live reading]",2024-08-08,scoring
2024-08-09,2,-0.470,0,down,"GFZ Potsdam planetary Kp daily max 2 on 2024-08-09 [archive import: scored retroactively, not a live reading]",2024-08-09,scoring
2024-08-10,2.333,-0.235,0,down,"GFZ Potsdam planetary Kp daily max 2.333 on 2024-08-10 [archive import: scored retroactively, not a live reading]",2024-08-10,scoring
2024-08-11,5,1.643,0,up,"GFZ Potsdam planetary Kp daily max 5 on 2024-08-11 [archive import: scored retroactively, not a live reading]",2024-08-11,scoring
2024-08-12,8,3.756,1,up,"GFZ Potsdam planetary Kp daily max 8 on 2024-08-12 [archive import: scored retroactively, not a live reading]",2024-08-12,scoring
2024-08-13,4.333,1.173,0,up,"GFZ Potsdam planetary Kp daily max 4.333 on 2024-08-13 [archive import: scored retroactively, not a live reading]",2024-08-13,scoring
2024-08-14,3.667,0.704,0,up,"GFZ Potsdam planetary Kp daily max 3.667 on 2024-08-14 [archive import: scored retroactively, not a live reading]",2024-08-14,scoring
2024-08-15,2,-0.470,0,down,"GFZ Potsdam planetary Kp daily max 2 on 2024-08-15 [archive import: scored retroactively, not a live reading]",2024-08-15,scoring
2024-08-16,2.667,0.000,0,flat,"GFZ Potsdam planetary Kp daily max 2.667 on 2024-08-16 [archive import: scored retroactively, not a live reading]",2024-08-16,scoring
2024-08-17,6.333,2.582,0,up,"GFZ Potsdam planetary Kp daily max 6.333 on 2024-08-17 [archive import: scored retroactively, not a live reading]",2024-08-17,scoring
2024-08-18,3.667,0.704,0,up,"GFZ Potsdam planetary Kp daily max 3.667 on 2024-08-18 [archive import: scored retroactively, not a live reading]",2024-08-18,scoring
2024-08-19,3,0.235,0,up,"GFZ Potsdam planetary Kp daily max 3 on 2024-08-19 [archive import: scored retroactively, not a live reading]",2024-08-19,scoring
2024-08-20,3.333,0.469,0,up,"GFZ Potsdam planetary Kp daily max 3.333 on 2024-08-20 [archive import: scored retroactively, not a live reading]",2024-08-20,scoring
2024-08-21,3.333,0.469,0,up,"GFZ Potsdam planetary Kp daily max 3.333 on 2024-08-21 [archive import: scored retroactively, not a live reading]",2024-08-21,scoring
2024-08-22,3,0.235,0,up,"GFZ Potsdam planetary Kp daily max 3 on 2024-08-22 [archive import: scored retroactively, not a live reading]",2024-08-22,scoring
2024-08-23,2.333,-0.235,0,down,"GFZ Potsdam planetary Kp daily max 2.333 on 2024-08-23 [archive import: scored retroactively, not a live reading]",2024-08-23,scoring
2024-08-24,3,0.235,0,up,"GFZ Potsdam planetary Kp daily max 3 on 2024-08-24 [archive import: scored retroactively, not a live reading]",2024-08-24,scoring
2024-08-25,2.333,-0.235,0,down,"GFZ Potsdam planetary Kp daily max 2.333 on 2024-08-25 [archive import: scored retroactively, not a live reading]",2024-08-25,scoring
2024-08-26,1.667,-0.704,0,down,"GFZ Potsdam planetary Kp daily max 1.667 on 2024-08-26 [archive import: scored retroactively, not a live reading]",2024-08-26,scoring
2024-08-27,3.333,0.469,0,up,"GFZ Potsdam planetary Kp daily max 3.333 on 2024-08-27 [archive import: scored retroactively, not a live reading]",2024-08-27,scoring
2024-08-28,5.667,2.113,0,up,"GFZ Potsdam planetary Kp daily max 5.667 on 2024-08-28 [archive import: scored retroactively, not a live reading]",2024-08-28,scoring
2024-08-29,2,-0.470,0,down,"GFZ Potsdam planetary Kp daily max 2 on 2024-08-29 [archive import: scored retroactively, not a live reading]",2024-08-29,scoring
2024-08-30,4.667,1.409,0,up,"GFZ Potsdam planetary Kp daily max 4.667 on 2024-08-30 [archive import: scored retroactively, not a live reading]",2024-08-30,scoring
2024-08-31,4.667,1.409,0,up,"GFZ Potsdam planetary Kp daily max 4.667 on 2024-08-31 [archive import: scored retroactively, not a live reading]",2024-08-31,scoring
2024-09-01,3.667,0.704,0,up,"GFZ Potsdam planetary Kp daily max 3.667 on 2024-09-01 [archive import: scored retroactively, not a live reading]",2024-09-01,scoring
2024-09-02,2.667,0.000,0,flat,"GFZ Potsdam planetary Kp daily max 2.667 on 2024-09-02 [archive import: scored retroactively, not a live reading]",2024-09-02,scoring
2024-09-03,2,-0.470,0,down,"GFZ Potsdam planetary Kp daily max 2 on 2024-09-03 [archive import: scored retroactively, not a live reading]",2024-09-03,scoring
2024-09-04,4.333,1.173,0,up,"GFZ Potsdam planetary Kp daily max 4.333 on 2024-09-04 [archive import: scored retroactively, not a live reading]",2024-09-04,scoring
2024-09-05,1.667,-0.822,0,down,"GFZ Potsdam planetary Kp daily max 1.667 on 2024-09-05 [archive import: scored retroactively, not a live reading]",2024-09-05,scoring
2024-09-06,3,0.235,0,up,"GFZ Potsdam planetary Kp daily max 3 on 2024-09-06 [archive import: scored retroactively, not a live reading]",2024-09-06,scoring
2024-09-07,2.333,-0.235,0,down,"GFZ Potsdam planetary Kp daily max 2.333 on 2024-09-07 [archive import: scored retroactively, not a live reading]",2024-09-07,scoring
2024-09-08,2.333,-0.235,0,down,"GFZ Potsdam planetary Kp daily max 2.333 on 2024-09-08 [archive import: scored retroactively, not a live reading]",2024-09-08,scoring
2024-09-09,2.667,0.000,0,flat,"GFZ Potsdam planetary Kp daily max 2.667 on 2024-09-09 [archive import: scored retroactively, not a live reading]",2024-09-09,scoring
2024-09-10,2.333,-0.235,0,down,"GFZ Potsdam planetary Kp daily max 2.333 on 2024-09-10 [archive import: scored retroactively, not a live reading]",2024-09-10,scoring
2024-09-11,3.667,0.704,0,up,"GFZ Potsdam planetary Kp daily max 3.667 on 2024-09-11 [archive import: scored retroactively, not a live reading]",2024-09-11,scoring
2024-09-12,7,3.052,1,up,"GFZ Potsdam planetary Kp daily max 7 on 2024-09-12 [archive import: scored retroactively, not a live reading]",2024-09-12,scoring
2024-09-13,6,2.347,0,up,"GFZ Potsdam planetary Kp daily max 6 on 2024-09-13 [archive import: scored retroactively, not a live reading]",2024-09-13,scoring
2024-09-14,4.333,1.173,0,up,"GFZ Potsdam planetary Kp daily max 4.333 on 2024-09-14 [archive import: scored retroactively, not a live reading]",2024-09-14,scoring
2024-09-15,4,0.939,0,up,"GFZ Potsdam planetary Kp daily max 4 on 2024-09-15 [archive import: scored retroactively, not a live reading]",2024-09-15,scoring
2024-09-16,4,0.939,0,up,"GFZ Potsdam planetary Kp daily max 4 on 2024-09-16 [archive import: scored retroactively, not a live reading]",2024-09-16,scoring
2024-09-17,7.333,3.286,1,up,"GFZ Potsdam planetary Kp daily max 7.333 on 2024-09-17 [archive import: scored retroactively, not a live reading]",2024-09-17,scoring
2024-09-18,3.667,0.704,0,up,"GFZ Potsdam planetary Kp daily max 3.667 on 2024-09-18 [archive import: scored retroactively, not a live reading]",2024-09-18,scoring
2024-09-19,4.333,1.056,0,up,"GFZ Potsdam planetary Kp daily max 4.333 on 2024-09-19 [archive import: scored retroactively, not a live reading]",2024-09-19,scoring
2024-09-20,3.333,0.235,0,up,"GFZ Potsdam planetary Kp daily max 3.333 on 2024-09-20 [archive import: scored retroactively, not a live reading]",2024-09-20,scoring
2024-09-21,2,-0.704,0,down,"GFZ Potsdam planetary Kp daily max 2 on 2024-09-21 [archive import: scored retroactively, not a live reading]",2024-09-21,scoring
2024-09-22,2,-0.704,0,down,"GFZ Potsdam planetary Kp daily max 2 on 2024-09-22 [archive import: scored retroactively, not a live reading]",2024-09-22,scoring
2024-09-23,4.333,0.939,0,up,"GFZ Potsdam planetary Kp daily max 4.333 on 2024-09-23 [archive import: scored retroactively, not a live reading]",2024-09-23,scoring
2024-09-24,4.333,0.939,0,up,"GFZ Potsdam planetary Kp daily max 4.333 on 2024-09-24 [archive import: scored retroactively, not a live reading]",2024-09-24,scoring
2024-09-25,4.667,1.172,0,up,"GFZ Potsdam planetary Kp daily max 4.667 on 2024-09-25 [archive import: scored retroactively, not a live reading]",2024-09-25,scoring
2024-09-26,4,0.703,0,up,"GFZ Potsdam planetary Kp daily max 4 on 2024-09-26 [archive import: scored retroactively, not a live reading]",2024-09-26,scoring
2024-09-27,2.333,-0.469,0,down,"GFZ Potsdam planetary Kp daily max 2.333 on 2024-09-27 [archive import: scored retroactively, not a live reading]",2024-09-27,scoring
2024-09-28,3,0.000,0,flat,"GFZ Potsdam planetary Kp daily max 3 on 2024-09-28 [archive import: scored retroactively, not a live reading]",2024-09-28,scoring
2024-09-29,3.667,0.470,0,up,"GFZ Potsdam planetary Kp daily max 3.667 on 2024-09-29 [archive import: scored retroactively, not a live reading]",2024-09-29,scoring
2024-09-30,4,0.703,0,up,"GFZ Potsdam planetary Kp daily max 4 on 2024-09-30 [archive import: scored retroactively, not a live reading]",2024-09-30,scoring
2024-10-01,2,-0.703,0,down,"GFZ Potsdam planetary Kp daily max 2 on 2024-10-01 [archive import: scored retroactively, not a live reading]",2024-10-01,scoring
2024-10-02,2,-0.704,0,down,"GFZ Potsdam planetary Kp daily max 2 on 2024-10-02 [archive import: scored retroactively, not a live reading]",2024-10-02,scoring
2024-10-03,3,0.000,0,flat,"GFZ Potsdam planetary Kp daily max 3 on 2024-10-03 [archive import: scored retroactively, not a live reading]",2024-10-03,scoring
2024-10-04,3,0.000,0,flat,"GFZ Potsdam planetary Kp daily max 3 on 2024-10-04 [archive import: scored retroactively, not a live reading]",2024-10-04,scoring
2024-10-05,2.333,-0.470,0,down,"GFZ Potsdam planetary Kp daily max 2.333 on 2024-10-05 [archive import: scored retroactively, not a live reading]",2024-10-05,scoring
2024-10-06,4.667,1.174,0,up,"GFZ Potsdam planetary Kp daily max 4.667 on 2024-10-06 [archive import: scored retroactively, not a live reading]",2024-10-06,scoring
2024-10-07,6.333,2.347,0,up,"GFZ Potsdam planetary Kp daily max 6.333 on 2024-10-07 [archive import: scored retroactively, not a live reading]",2024-10-07,scoring
2024-10-08,7,2.813,0,up,"GFZ Potsdam planetary Kp daily max 7 on 2024-10-08 [archive import: scored retroactively, not a live reading]",2024-10-08,scoring
2024-10-09,4.333,0.937,0,up,"GFZ Potsdam planetary Kp daily max 4.333 on 2024-10-09 [archive import: scored retroactively, not a live reading]",2024-10-09,scoring
2024-10-10,8.667,3.985,1,up,"GFZ Potsdam planetary Kp daily max 8.667 on 2024-10-10 [archive import: scored retroactively, not a live reading]",2024-10-10,scoring
2024-10-11,8.333,3.750,1,up,"GFZ Potsdam planetary Kp daily max 8.333 on 2024-10-11 [archive import: scored retroactively, not a live reading]",2024-10-11,scoring
2024-10-12,4.667,1.172,0,up,"GFZ Potsdam planetary Kp daily max 4.667 on 2024-10-12 [archive import: scored retroactively, not a live reading]",2024-10-12,scoring
2024-10-13,1.667,-1.055,0,down,"GFZ Potsdam planetary Kp daily max 1.667 on 2024-10-13 [archive import: scored retroactively, not a live reading]",2024-10-13,scoring
2024-10-14,3.667,0.352,0,up,"GFZ Potsdam planetary Kp daily max 3.667 on 2024-10-14 [archive import: scored retroactively, not a live reading]",2024-10-14,scoring
2024-10-15,3.333,0.117,0,up,"GFZ Potsdam planetary Kp daily max 3.333 on 2024-10-15 [archive import: scored retroactively, not a live reading]",2024-10-15,scoring
2024-10-16,3,-0.234,0,down,"GFZ Potsdam planetary Kp daily max 3 on 2024-10-16 [archive import: scored retroactively, not a live reading]",2024-10-16,scoring
2024-10-17,3,-0.234,0,down,"GFZ Potsdam planetary Kp daily max 3 on 2024-10-17 [archive import: scored retroactively, not a live reading]",2024-10-17,scoring
2024-10-18,3.667,0.235,0,up,"GFZ Potsdam planetary Kp daily max 3.667 on 2024-10-18 [archive import: scored retroactively, not a live reading]",2024-10-18,scoring
2024-10-19,5,1.172,0,up,"GFZ Potsdam planetary Kp daily max 5 on 2024-10-19 [archive import: scored retroactively, not a live reading]",2024-10-19,scoring
2024-10-20,3,-0.234,0,down,"GFZ Potsdam planetary Kp daily max 3 on 2024-10-20 [archive import: scored retroactively, not a live reading]",2024-10-20,scoring
2024-10-21,2,-0.937,0,down,"GFZ Potsdam planetary Kp daily max 2 on 2024-10-21 [archive import: scored retroactively, not a live reading]",2024-10-21,scoring
2024-10-22,3,-0.234,0,down,"GFZ Potsdam planetary Kp daily max 3 on 2024-10-22 [archive import: scored retroactively, not a live reading]",2024-10-22,scoring
2024-10-23,3,-0.234,0,down,"GFZ Potsdam planetary Kp daily max 3 on 2024-10-23 [archive import: scored retroactively, not a live reading]",2024-10-23,scoring
2024-10-24,4.333,0.703,0,up,"GFZ Potsdam planetary Kp daily max 4.333 on 2024-10-24 [archive import: scored retroactively, not a live reading]",2024-10-24,scoring
2024-10-25,1,-1.641,0,down,"GFZ Potsdam planetary Kp daily max 1 on 2024-10-25 [archive import: scored retroactively, not a live reading]",2024-10-25,scoring
2024-10-26,4,0.469,0,up,"GFZ Potsdam planetary Kp daily max 4 on 2024-10-26 [archive import: scored retroactively, not a live reading]",2024-10-26,scoring
2024-10-27,2.667,-0.468,0,down,"GFZ Potsdam planetary Kp daily max 2.667 on 2024-10-27 [archive import: scored retroactively, not a live reading]",2024-10-27,scoring
2024-10-28,4.667,0.938,0,up,"GFZ Potsdam planetary Kp daily max 4.667 on 2024-10-28 [archive import: scored retroactively, not a live reading]",2024-10-28,scoring
2024-10-29,4,0.469,0,up,"GFZ Potsdam planetary Kp daily max 4 on 2024-10-29 [archive import: scored retroactively, not a live reading]",2024-10-29,scoring
2024-10-30,4,0.469,0,up,"GFZ Potsdam planetary Kp daily max 4 on 2024-10-30 [archive import: scored retroactively, not a live reading]",2024-10-30,scoring
2024-10-31,3.667,0.235,0,up,"GFZ Potsdam planetary Kp daily max 3.667 on 2024-10-31 [archive import: scored retroactively, not a live reading]",2024-10-31,scoring
2024-11-01,2.667,-0.468,0,down,"GFZ Potsdam planetary Kp daily max 2.667 on 2024-11-01 [archive import: scored retroactively, not a live reading]",2024-11-01,scoring
2024-11-02,4,0.469,0,up,"GFZ Potsdam planetary Kp daily max 4 on 2024-11-02 [archive import: scored retroactively, not a live reading]",2024-11-02,scoring
2024-11-03,4,0.469,0,up,"GFZ Potsdam planetary Kp daily max 4 on 2024-11-03 [archive import: scored retroactively, not a live reading]",2024-11-03,scoring
2024-11-04,4.333,0.703,0,up,"GFZ Potsdam planetary Kp daily max 4.333 on 2024-11-04 [archive import: scored retroactively, not a live reading]",2024-11-04,scoring
2024-11-05,2.667,-0.586,0,down,"GFZ Potsdam planetary Kp daily max 2.667 on 2024-11-05 [archive import: scored retroactively, not a live reading]",2024-11-05,scoring
2024-11-06,3.333,-0.117,0,down,"GFZ Potsdam planetary Kp daily max 3.333 on 2024-11-06 [archive import: scored retroactively, not a live reading]",2024-11-06,scoring
2024-11-07,3,-0.352,0,down,"GFZ Potsdam planetary Kp daily max 3 on 2024-11-07 [archive import: scored retroactively, not a live reading]",2024-11-07,scoring
2024-11-08,3.667,0.117,0,up,"GFZ Potsdam planetary Kp daily max 3.667 on 2024-11-08 [archive import: scored retroactively, not a live reading]",2024-11-08,scoring
2024-11-09,5,0.937,0,up,"GFZ Potsdam planetary Kp daily max 5 on 2024-11-09 [archive import: scored retroactively, not a live reading]",2024-11-09,scoring
2024-11-10,5.667,1.407,0,up,"GFZ Potsdam planetary Kp daily max 5.667 on 2024-11-10 [archive import: scored retroactively, not a live reading]",2024-11-10,scoring
2024-11-11,3,-0.469,0,down,"GFZ Potsdam planetary Kp daily max 3 on 2024-11-11 [archive import: scored retroactively, not a live reading]",2024-11-11,scoring
2024-11-12,1.667,-1.289,0,down,"GFZ Potsdam planetary Kp daily max 1.667 on 2024-11-12 [archive import: scored retroactively, not a live reading]",2024-11-12,scoring
2024-11-13,2.667,-0.468,0,down,"GFZ Potsdam planetary Kp daily max 2.667 on 2024-11-13 [archive import: scored retroactively, not a live reading]",2024-11-13,scoring
2024-11-14,3.667,0.235,0,up,"GFZ Potsdam planetary Kp daily max 3.667 on 2024-11-14 [archive import: scored retroactively, not a live reading]",2024-11-14,scoring
2024-11-15,3.333,-0.117,0,down,"GFZ Potsdam planetary Kp daily max 3.333 on 2024-11-15 [archive import: scored retroactively, not a live reading]",2024-11-15,scoring
2024-11-16,3.333,0.000,0,flat,"GFZ Potsdam planetary Kp daily max 3.333 on 2024-11-16 [archive import: scored retroactively, not a live reading]",2024-11-16,scoring
2024-11-17,2.667,-0.469,0,down,"GFZ Potsdam planetary Kp daily max 2.667 on 2024-11-17 [archive import: scored retroactively, not a live reading]",2024-11-17,scoring
2024-11-18,2,-0.939,0,down,"GFZ Potsdam planetary Kp daily max 2 on 2024-11-18 [archive import: scored retroactively, not a live reading]",2024-11-18,scoring
2024-11-19,2.667,-0.469,0,down,"GFZ Potsdam planetary Kp daily max 2.667 on 2024-11-19 [archive import: scored retroactively, not a live reading]",2024-11-19,scoring
2024-11-20,2.667,-0.469,0,down,"GFZ Potsdam planetary Kp daily max 2.667 on 2024-11-20 [archive import: scored retroactively, not a live reading]",2024-11-20,scoring
2024-11-21,3,-0.235,0,down,"GFZ Potsdam planetary Kp daily max 3 on 2024-11-21 [archive import: scored retroactively, not a live reading]",2024-11-21,scoring
2024-11-22,3.333,0.000,0,flat,"GFZ Potsdam planetary Kp daily max 3.333 on 2024-11-22 [archive import: scored retroactively, not a live reading]",2024-11-22,scoring
2024-11-23,2.667,-0.469,0,down,"GFZ Potsdam planetary Kp daily max 2.667 on 2024-11-23 [archive import: scored retroactively, not a live reading]",2024-11-23,scoring
2024-11-24,4,0.470,0,up,"GFZ Potsdam planetary Kp daily max 4 on 2024-11-24 [archive import: scored retroactively, not a live reading]",2024-11-24,scoring
2024-11-25,3.333,0.000,0,flat,"GFZ Potsdam planetary Kp daily max 3.333 on 2024-11-25 [archive import: scored retroactively, not a live reading]",2024-11-25,scoring
2024-11-26,3,-0.235,0,down,"GFZ Potsdam planetary Kp daily max 3 on 2024-11-26 [archive import: scored retroactively, not a live reading]",2024-11-26,scoring
2024-11-27,2.333,-0.704,0,down,"GFZ Potsdam planetary Kp daily max 2.333 on 2024-11-27 [archive import: scored retroactively, not a live reading]",2024-11-27,scoring
2024-11-28,1.667,-1.173,0,down,"GFZ Potsdam planetary Kp daily max 1.667 on 2024-11-28 [archive import: scored retroactively, not a live reading]",2024-11-28,scoring
2024-11-29,2.667,-0.469,0,down,"GFZ Potsdam planetary Kp daily max 2.667 on 2024-11-29 [archive import: scored retroactively, not a live reading]",2024-11-29,scoring
2024-11-30,4.333,0.704,0,up,"GFZ Potsdam planetary Kp daily max 4.333 on 2024-11-30 [archive import: scored retroactively, not a live reading]",2024-11-30,scoring
2024-12-01,2.667,-0.469,0,down,"GFZ Potsdam planetary Kp daily max 2.667 on 2024-12-01 [archive import: scored retroactively, not a live reading]",2024-12-01,scoring
2024-12-02,2.333,-0.704,0,down,"GFZ Potsdam planetary Kp daily max 2.333 on 2024-12-02 [archive import: scored retroactively, not a live reading]",2024-12-02,scoring
2024-12-03,3.333,0.000,0,flat,"GFZ Potsdam planetary Kp daily max 3.333 on 2024-12-03 [archive import: scored retroactively, not a live reading]",2024-12-03,scoring
2024-12-04,2,-0.939,0,down,"GFZ Potsdam planetary Kp daily max 2 on 2024-12-04 [archive import: scored retroactively, not a live reading]",2024-12-04,scoring
2024-12-05,2.333,-0.704,0,down,"GFZ Potsdam planetary Kp daily max 2.333 on 2024-12-05 [archive import: scored retroactively, not a live reading]",2024-12-05,scoring
2024-12-06,2.333,-0.704,0,down,"GFZ Potsdam planetary Kp daily max 2.333 on 2024-12-06 [archive import: scored retroactively, not a live reading]",2024-12-06,scoring
2024-12-07,1.667,-1.173,0,down,"GFZ Potsdam planetary Kp daily max 1.667 on 2024-12-07 [archive import: scored retroactively, not a live reading]",2024-12-07,scoring
2024-12-08,2.333,-0.704,0,down,"GFZ Potsdam planetary Kp daily max 2.333 on 2024-12-08 [archive import: scored retroactively, not a live reading]",2024-12-08,scoring
2024-12-09,4.333,0.704,0,up,"GFZ Potsdam planetary Kp daily max 4.333 on 2024-12-09 [archive import: scored retroactively, not a live reading]",2024-12-09,scoring
2024-12-10,2.333,-0.704,0,down,"GFZ Potsdam planetary Kp daily max 2.333 on 2024-12-10 [archive import: scored retroactively, not a live reading]",2024-12-10,scoring
2024-12-11,2,-0.939,0,down,"GFZ Potsdam planetary Kp daily max 2 on 2024-12-11 [archive import: scored retroactively, not a live reading]",2024-12-11,scoring
2024-12-12,2.333,-0.704,0,down,"GFZ Potsdam planetary Kp daily max 2.333 on 2024-12-12 [archive import: scored retroactively, not a live reading]",2024-12-12,scoring
2024-12-13,1.667,-1.173,0,down,"GFZ Potsdam planetary Kp daily max 1.667 on 2024-12-13 [archive import: scored retroactively, not a live reading]",2024-12-13,scoring
2024-12-14,3.333,0.117,0,up,"GFZ Potsdam planetary Kp daily max 3.333 on 2024-12-14 [archive import: scored retroactively, not a live reading]",2024-12-14,scoring
2024-12-15,3,-0.117,0,down,"GFZ Potsdam planetary Kp daily max 3 on 2024-12-15 [archive import: scored retroactively, not a live reading]",2024-12-15,scoring
2024-12-16,3.667,0.470,0,up,"GFZ Potsdam planetary Kp daily max 3.667 on 2024-12-16 [archive import: scored retroactively, not a live reading]",2024-12-16,scoring
2024-12-17,5.333,1.643,0,up,"GFZ Potsdam planetary Kp daily max 5.333 on 2024-12-17 [archive import: scored retroactively, not a live reading]",2024-12-17,scoring
2024-12-18,3.667,0.470,0,up,"GFZ Potsdam planetary Kp daily max 3.667 on 2024-12-18 [archive import: scored retroactively, not a live reading]",2024-12-18,scoring
2024-12-19,3.667,0.470,0,up,"GFZ Potsdam planetary Kp daily max 3.667 on 2024-12-19 [archive import: scored retroactively, not a live reading]",2024-12-19,scoring
2024-12-20,3.667,0.470,0,up,"GFZ Potsdam planetary Kp daily max 3.667 on 2024-12-20 [archive import: scored retroactively, not a live reading]",2024-12-20,scoring
2024-12-21,3.333,0.117,0,up,"GFZ Potsdam planetary Kp daily max 3.333 on 2024-12-21 [archive import: scored retroactively, not a live reading]",2024-12-21,scoring
2024-12-22,3.333,0.000,0,flat,"GFZ Potsdam planetary Kp daily max 3.333 on 2024-12-22 [archive import: scored retroactively, not a live reading]",2024-12-22,scoring
2024-12-23,3.667,0.235,0,up,"GFZ Potsdam planetary Kp daily max 3.667 on 2024-12-23 [archive import: scored retroactively, not a live reading]",2024-12-23,scoring
2024-12-24,3.333,0.000,0,flat,"GFZ Potsdam planetary Kp daily max 3.333 on 2024-12-24 [archive import: scored retroactively, not a live reading]",2024-12-24,scoring
2024-12-25,2,-1.872,0,down,"GFZ Potsdam planetary Kp daily max 2 on 2024-12-25 [archive import: scored retroactively, not a live reading]",2024-12-25,scoring
2024-12-26,0.333,-3.979,1,down,"GFZ Potsdam planetary Kp daily max 0.333 on 2024-12-26 [archive import: scored retroactively, not a live reading]",2024-12-26,scoring
2024-12-27,1.333,-1.291,0,down,"GFZ Potsdam planetary Kp daily max 1.333 on 2024-12-27 [archive import: scored retroactively, not a live reading]",2024-12-27,scoring
2024-12-28,1.333,-1.291,0,down,"GFZ Potsdam planetary Kp daily max 1.333 on 2024-12-28 [archive import: scored retroactively, not a live reading]",2024-12-28,scoring
2024-12-29,1.667,-0.939,0,down,"GFZ Potsdam planetary Kp daily max 1.667 on 2024-12-29 [archive import: scored retroactively, not a live reading]",2024-12-29,scoring
2024-12-30,2.333,-0.470,0,down,"GFZ Potsdam planetary Kp daily max 2.333 on 2024-12-30 [archive import: scored retroactively, not a live reading]",2024-12-30,scoring
2024-12-31,4,0.704,0,up,"GFZ Potsdam planetary Kp daily max 4 on 2024-12-31 [archive import: scored retroactively, not a live reading]",2024-12-31,scoring
2025-01-01,8,3.522,1,up,"GFZ Potsdam planetary Kp daily max 8 on 2025-01-01 [archive import: scored retroactively, not a live reading]",2025-01-01,scoring
2025-01-02,4.667,1.057,0,up,"GFZ Potsdam planetary Kp daily max 4.667 on 2025-01-02 [archive import: scored retroactively, not a live reading]",2025-01-02,scoring
2025-01-03,3.333,0.000,0,flat,"GFZ Potsdam planetary Kp daily max 3.333 on 2025-01-03 [archive import: scored retroactively, not a live reading]",2025-01-03,scoring
2025-01-04,5.333,1.409,0,up,"GFZ Potsdam planetary Kp daily max 5.333 on 2025-01-04 [archive import: scored retroactively, not a live reading]",2025-01-04,scoring
2025-01-05,4.333,0.704,0,up,"GFZ Potsdam planetary Kp daily max 4.333 on 2025-01-05 [archive import: scored retroactively, not a live reading]",2025-01-05,scoring
2025-01-06,3.667,0.235,0,up,"GFZ Potsdam planetary Kp daily max 3.667 on 2025-01-06 [archive import: scored retroactively, not a live reading]",2025-01-06,scoring
2025-01-07,3.333,0.000,0,flat,"GFZ Potsdam planetary Kp daily max 3.333 on 2025-01-07 [archive import: scored retroactively, not a live reading]",2025-01-07,scoring
2025-01-08,3.667,0.235,0,up,"GFZ Potsdam planetary Kp daily max 3.667 on 2025-01-08 [archive import: scored retroactively, not a live reading]",2025-01-08,scoring
2025-01-09,3.667,0.235,0,up,"GFZ Potsdam planetary Kp daily max 3.667 on 2025-01-09 [archive import: scored retroactively, not a live reading]",2025-01-09,scoring
2025-01-10,4,0.937,0,up,"GFZ Potsdam planetary Kp daily max 4 on 2025-01-10 [archive import: scored retroactively, not a live reading]",2025-01-10,scoring
2025-01-11,3,-0.468,0,down,"GFZ Potsdam planetary Kp daily max 3 on 2025-01-11 [archive import: scored retroactively, not a live reading]",2025-01-11,scoring
2025-01-12,2.333,-1.404,0,down,"GFZ Potsdam planetary Kp daily max 2.333 on 2025-01-12 [archive import: scored retroactively, not a live reading]",2025-01-12,scoring
2025-01-13,4,0.937,0,up,"GFZ Potsdam planetary Kp daily max 4 on 2025-01-13 [archive import: scored retroactively, not a live reading]",2025-01-13,scoring
2025-01-14,3,-0.468,0,down,"GFZ Potsdam planetary Kp daily max 3 on 2025-01-14 [archive import: scored retroactively, not a live reading]",2025-01-14,scoring
2025-01-15,3.667,0.469,0,up,"GFZ Potsdam planetary Kp daily max 3.667 on 2025-01-15 [archive import: scored retroactively, not a live reading]",2025-01-15,scoring
2025-01-16,3.667,0.469,0,up,"GFZ Potsdam planetary Kp daily max 3.667 on 2025-01-16 [archive import: scored retroactively, not a live reading]",2025-01-16,scoring
2025-01-17,4,0.937,0,up,"GFZ Potsdam planetary Kp daily max 4 on 2025-01-17 [archive import: scored retroactively, not a live reading]",2025-01-17,scoring
2025-01-18,2.333,-1.404,0,down,"GFZ Potsdam planetary Kp daily max 2.333 on 2025-01-18 [archive import: scored retroactively, not a live reading]",2025-01-18,scoring
2025-01-19,3.667,0.469,0,up,"GFZ Potsdam planetary Kp daily max 3.667 on 2025-01-19 [archive import: scored retroactively, not a live reading]",2025-01-19,scoring
2025-01-20,4.333,1.404,0,up,"GFZ Potsdam planetary Kp daily max 4.333 on 2025-01-20 [archive import: scored retroactively, not a live reading]",2025-01-20,scoring
2025-01-21,3,-0.468,0,down,"GFZ Potsdam planetary Kp daily max 3 on 2025-01-21 [archive import: scored retroactively, not a live reading]",2025-01-21,scoring
2025-01-22,3,-0.468,0,down,"GFZ Potsdam planetary Kp daily max 3 on 2025-01-22 [archive import: scored retroactively, not a live reading]",2025-01-22,scoring
2025-01-23,3.667,0.469,0,up,"GFZ Potsdam planetary Kp daily max 3.667 on 2025-01-23 [archive import: scored retroactively, not a live reading]",2025-01-23,scoring
2025-01-24,2.333,-1.404,0,down,"GFZ Potsdam planetary Kp daily max 2.333 on 2025-01-24 [archive import: scored retroactively, not a live reading]",2025-01-24,scoring
2025-01-25,1,-3.276,1,down,"GFZ Potsdam planetary Kp daily max 1 on 2025-01-25 [archive import: scored retroactively, not a live reading]",2025-01-25,scoring
2025-01-26,0.667,-3.744,1,down,"GFZ Potsdam planetary Kp daily max 0.667 on 2025-01-26 [archive import: scored retroactively, not a live reading]",2025-01-26,scoring
2025-01-27,2.667,-0.935,0,down,"GFZ Potsdam planetary Kp daily max 2.667 on 2025-01-27 [archive import: scored retroactively, not a live reading]",2025-01-27,scoring
2025-01-28,3.667,0.469,0,up,"GFZ Potsdam planetary Kp daily max 3.667 on 2025-01-28 [archive import: scored retroactively, not a live reading]",2025-01-28,scoring
2025-01-29,2,-1.872,0,down,"GFZ Potsdam planetary Kp daily max 2 on 2025-01-29 [archive import: scored retroactively, not a live reading]",2025-01-29,scoring
2025-01-30,2.667,-0.701,0,down,"GFZ Potsdam planetary Kp daily max 2.667 on 2025-01-30 [archive import: scored retroactively, not a live reading]",2025-01-30,scoring
2025-01-31,2.667,-0.701,0,down,"GFZ Potsdam planetary Kp daily max 2.667 on 2025-01-31 [archive import: scored retroactively, not a live reading]",2025-01-31,scoring
2025-02-01,4.333,1.872,0,up,"GFZ Potsdam planetary Kp daily max 4.333 on 2025-02-01 [archive import: scored retroactively, not a live reading]",2025-02-01,scoring
2025-02-02,4.333,1.872,0,up,"GFZ Potsdam planetary Kp daily max 4.333 on 2025-02-02 [archive import: scored retroactively, not a live reading]",2025-02-02,scoring
2025-02-03,1,-2.809,0,down,"GFZ Potsdam planetary Kp daily max 1 on 2025-02-03 [archive import: scored retroactively, not a live reading]",2025-02-03,scoring
2025-02-04,1.667,-1.872,0,down,"GFZ Potsdam planetary Kp daily max 1.667 on 2025-02-04 [archive import: scored retroactively, not a live reading]",2025-02-04,scoring
2025-02-05,2.667,-0.235,0,down,"GFZ Potsdam planetary Kp daily max 2.667 on 2025-02-05 [archive import: scored retroactively, not a live reading]",2025-02-05,scoring
2025-02-06,2.667,-0.235,0,down,"GFZ Potsdam planetary Kp daily max 2.667 on 2025-02-06 [archive import: scored retroactively, not a live reading]",2025-02-06,scoring
2025-02-07,1,-1.409,0,down,"GFZ Potsdam planetary Kp daily max 1 on 2025-02-07 [archive import: scored retroactively, not a live reading]",2025-02-07,scoring
2025-02-08,3.333,0.468,0,up,"GFZ Potsdam planetary Kp daily max 3.333 on 2025-02-08 [archive import: scored retroactively, not a live reading]",2025-02-08,scoring
2025-02-09,4.667,2.341,0,up,"GFZ Potsdam planetary Kp daily max 4.667 on 2025-02-09 [archive import: scored retroactively, not a live reading]",2025-02-09,scoring
2025-02-10,4.667,2.341,0,up,"GFZ Potsdam planetary Kp daily max 4.667 on 2025-02-10 [archive import: scored retroactively, not a live reading]",2025-02-10,scoring
2025-02-11,3.667,0.937,0,up,"GFZ Potsdam planetary Kp daily max 3.667 on 2025-02-11 [archive import: scored retroactively, not a live reading]",2025-02-11,scoring
2025-02-12,4.333,1.872,0,up,"GFZ Potsdam planetary Kp daily max 4.333 on 2025-02-12 [archive import: scored retroactively, not a live reading]",2025-02-12,scoring
2025-02-13,4.333,0.939,0,up,"GFZ Potsdam planetary Kp daily max 4.333 on 2025-02-13 [archive import: scored retroactively, not a live reading]",2025-02-13,scoring
2025-02-14,4.667,1.174,0,up,"GFZ Potsdam planetary Kp daily max 4.667 on 2025-02-14 [archive import: scored retroactively, not a live reading]",2025-02-14,scoring
2025-02-15,5,1.409,0,up,"GFZ Potsdam planetary Kp daily max 5 on 2025-02-15 [archive import: scored retroactively, not a live reading]",2025-02-15,scoring
2025-02-16,4,0.587,0,up,"GFZ Potsdam planetary Kp daily max 4 on 2025-02-16 [archive import: scored retroactively, not a live reading]",2025-02-16,scoring
2025-02-17,3.667,0.235,0,up,"GFZ Potsdam planetary Kp daily max 3.667 on 2025-02-17 [archive import: scored retroactively, not a live reading]",2025-02-17,scoring
2025-02-18,4.333,0.704,0,up,"GFZ Potsdam planetary Kp daily max 4.333 on 2025-02-18 [archive import: scored retroactively, not a live reading]",2025-02-18,scoring
2025-02-19,5,1.174,0,up,"GFZ Potsdam planetary Kp daily max 5 on 2025-02-19 [archive import: scored retroactively, not a live reading]",2025-02-19,scoring
2025-02-20,3.333,0.000,0,flat,"GFZ Potsdam planetary Kp daily max 3.333 on 2025-02-20 [archive import: scored retroactively, not a live reading]",2025-02-20,scoring
2025-02-21,2.667,-0.469,0,down,"GFZ Potsdam planetary Kp daily max 2.667 on 2025-02-21 [archive import: scored retroactively, not a live reading]",2025-02-21,scoring
2025-02-22,2.667,-0.469,0,down,"GFZ Potsdam planetary Kp daily max 2.667 on 2025-02-22 [archive import: scored retroactively, not a live reading]",2025-02-22,scoring
2025-02-23,3,-0.235,0,down,"GFZ Potsdam planetary Kp daily max 3 on 2025-02-23 [archive import: scored retroactively, not a live reading]",2025-02-23,scoring
2025-02-24,4.667,0.940,0,up,"GFZ Potsdam planetary Kp daily max 4.667 on 2025-02-24 [archive import: scored retroactively, not a live reading]",2025-02-24,scoring
2025-02-25,3,-0.235,0,down,"GFZ Potsdam planetary Kp daily max 3 on 2025-02-25 [archive import: scored retroactively, not a live reading]",2025-02-25,scoring
2025-02-26,3.333,0.000,0,flat,"GFZ Potsdam planetary Kp daily max 3.333 on 2025-02-26 [archive import: scored retroactively, not a live reading]",2025-02-26,scoring
2025-02-27,5.667,1.644,0,up,"GFZ Potsdam planetary Kp daily max 5.667 on 2025-02-27 [archive import: scored retroactively, not a live reading]",2025-02-27,scoring
2025-02-28,5,1.174,0,up,"GFZ Potsdam planetary Kp daily max 5 on 2025-02-28 [archive import: scored retroactively, not a live reading]",2025-02-28,scoring
2025-03-01,4,0.470,0,up,"GFZ Potsdam planetary Kp daily max 4 on 2025-03-01 [archive import: scored retroactively, not a live reading]",2025-03-01,scoring
2025-03-02,2.333,-0.704,0,down,"GFZ Potsdam planetary Kp daily max 2.333 on 2025-03-02 [archive import: scored retroactively, not a live reading]",2025-03-02,scoring
2025-03-03,1.333,-1.409,0,down,"GFZ Potsdam planetary Kp daily max 1.333 on 2025-03-03 [archive import: scored retroactively, not a live reading]",2025-03-03,scoring
2025-03-04,4.333,0.704,0,up,"GFZ Potsdam planetary Kp daily max 4.333 on 2025-03-04 [archive import: scored retroactively, not a live reading]",2025-03-04,scoring
2025-03-05,3.333,0.000,0,flat,"GFZ Potsdam planetary Kp daily max 3.333 on 2025-03-05 [archive import: scored retroactively, not a live reading]",2025-03-05,scoring
2025-03-06,2.333,-0.704,0,down,"GFZ Potsdam planetary Kp daily max 2.333 on 2025-03-06 [archive import: scored retroactively, not a live reading]",2025-03-06,scoring
2025-03-07,3,-0.235,0,down,"GFZ Potsdam planetary Kp daily max 3 on 2025-03-07 [archive import: scored retroactively, not a live reading]",2025-03-07,scoring
2025-03-08,5,1.174,0,up,"GFZ Potsdam planetary Kp daily max 5 on 2025-03-08 [archive import: scored retroactively, not a live reading]",2025-03-08,scoring
2025-03-09,5.667,1.644,0,up,"GFZ Potsdam planetary Kp daily max 5.667 on 2025-03-09 [archive import: scored retroactively, not a live reading]",2025-03-09,scoring
2025-03-10,2.667,-0.469,0,down,"GFZ Potsdam planetary Kp daily max 2.667 on 2025-03-10 [archive import: scored retroactively, not a live reading]",2025-03-10,scoring
2025-03-11,2.667,-0.469,0,down,"GFZ Potsdam planetary Kp daily max 2.667 on 2025-03-11 [archive import: scored retroactively, not a live reading]",2025-03-11,scoring
2025-03-12,5,1.174,0,up,"GFZ Potsdam planetary Kp daily max 5 on 2025-03-12 [archive import: scored retroactively, not a live reading]",2025-03-12,scoring
2025-03-13,5,1.174,0,up,"GFZ Potsdam planetary Kp daily max 5 on 2025-03-13 [archive import: scored retroactively, not a live reading]",2025-03-13,scoring
2025-03-14,5.333,1.291,0,up,"GFZ Potsdam planetary Kp daily max 5.333 on 2025-03-14 [archive import: scored retroactively, not a live reading]",2025-03-14,scoring
2025-03-15,4,0.235,0,up,"GFZ Potsdam planetary Kp daily max 4 on 2025-03-15 [archive import: scored retroactively, not a live reading]",2025-03-15,scoring
2025-03-16,3.333,-0.235,0,down,"GFZ Potsdam planetary Kp daily max 3.333 on 2025-03-16 [archive import: scored retroactively, not a live reading]",2025-03-16,scoring
2025-03-17,3.333,-0.235,0,down,"GFZ Potsdam planetary Kp daily max 3.333 on 2025-03-17 [archive import: scored retroactively, not a live reading]",2025-03-17,scoring
2025-03-18,3.333,-0.118,0,down,"GFZ Potsdam planetary Kp daily max 3.333 on 2025-03-18 [archive import: scored retroactively, not a live reading]",2025-03-18,scoring
2025-03-19,4.667,0.940,0,up,"GFZ Potsdam planetary Kp daily max 4.667 on 2025-03-19 [archive import: scored retroactively, not a live reading]",2025-03-19,scoring
2025-03-20,2.333,-0.704,0,down,"GFZ Potsdam planetary Kp daily max 2.333 on 2025-03-20 [archive import: scored retroactively, not a live reading]",2025-03-20,scoring
2025-03-21,5.333,1.409,0,up,"GFZ Potsdam planetary Kp daily max 5.333 on 2025-03-21 [archive import: scored retroactively, not a live reading]",2025-03-21,scoring
2025-03-22,5.667,1.644,0,up,"GFZ Potsdam planetary Kp daily max 5.667 on 2025-03-22 [archive import: scored retroactively, not a live reading]",2025-03-22,scoring
2025-03-23,4,0.352,0,up,"GFZ Potsdam planetary Kp daily max 4 on 2025-03-23 [archive import: scored retroactively, not a live reading]",2025-03-23,scoring
2025-03-24,4.333,0.587,0,up,"GFZ Potsdam planetary Kp daily max 4.333 on 2025-03-24 [archive import: scored retroactively, not a live reading]",2025-03-24,scoring
2025-03-25,4,0.235,0,up,"GFZ Potsdam planetary Kp daily max 4 on 2025-03-25 [archive import: scored retroactively, not a live reading]",2025-03-25,scoring
2025-03-26,5.667,1.409,0,up,"GFZ Potsdam planetary Kp daily max 5.667 on 2025-03-26 [archive import: scored retroactively, not a live reading]",2025-03-26,scoring
2025-03-27,4.667,0.704,0,up,"GFZ Potsdam planetary Kp daily max 4.667 on 2025-03-27 [archive import: scored retroactively, not a live reading]",2025-03-27,scoring
2025-03-28,4,0.235,0,up,"GFZ Potsdam planetary Kp daily max 4 on 2025-03-28 [archive import: scored retroactively, not a live reading]",2025-03-28,scoring
2025-03-29,3.333,-0.235,0,down,"GFZ Potsdam planetary Kp daily max 3.333 on 2025-03-29 [archive import: scored retroactively, not a live reading]",2025-03-29,scoring
2025-03-30,2.333,-0.940,0,down,"GFZ Potsdam planetary Kp daily max 2.333 on 2025-03-30 [archive import: scored retroactively, not a live reading]",2025-03-30,scoring
2025-03-31,2,-1.174,0,down,"GFZ Potsdam planetary Kp daily max 2 on 2025-03-31 [archive import: scored retroactively, not a live reading]",2025-03-31,scoring
2025-04-01,2.333,-0.940,0,down,"GFZ Potsdam planetary Kp daily max 2.333 on 2025-04-01 [archive import: scored retroactively, not a live reading]",2025-04-01,scoring
2025-04-02,3.667,0.000,0,flat,"GFZ Potsdam planetary Kp daily max 3.667 on 2025-04-02 [archive import: scored retroactively, not a live reading]",2025-04-02,scoring
2025-04-03,4.667,0.704,0,up,"GFZ Potsdam planetary Kp daily max 4.667 on 2025-04-03 [archive import: scored retroactively, not a live reading]",2025-04-03,scoring
2025-04-04,4.667,0.704,0,up,"GFZ Potsdam planetary Kp daily max 4.667 on 2025-04-04 [archive import: scored retroactively, not a live reading]",2025-04-04,scoring
2025-04-05,5.667,1.409,0,up,"GFZ Potsdam planetary Kp daily max 5.667 on 2025-04-05 [archive import: scored retroactively, not a live reading]",2025-04-05,scoring
2025-04-06,5,0.939,0,up,"GFZ Potsdam planetary Kp daily max 5 on 2025-04-06 [archive import: scored retroactively, not a live reading]",2025-04-06,scoring
2025-04-07,4,0.235,0,up,"GFZ Potsdam planetary Kp daily max 4 on 2025-04-07 [archive import: scored retroactively, not a live reading]",2025-04-07,scoring
2025-04-08,4.333,0.469,0,up,"GFZ Potsdam planetary Kp daily max 4.333 on 2025-04-08 [archive import: scored retroactively, not a live reading]",2025-04-08,scoring
2025-04-09,4.667,0.704,0,up,"GFZ Potsdam planetary Kp daily max 4.667 on 2025-04-09 [archive import: scored retroactively, not a live reading]",2025-04-09,scoring
2025-04-10,4,0.235,0,up,"GFZ Potsdam planetary Kp daily max 4 on 2025-04-10 [archive import: scored retroactively, not a live reading]",2025-04-10,scoring
2025-04-11,4,0.235,0,up,"GFZ Potsdam planetary Kp daily max 4 on 2025-04-11 [archive import: scored retroactively, not a live reading]",2025-04-11,scoring
2025-04-12,4.333,0.469,0,up,"GFZ Potsdam planetary Kp daily max 4.333 on 2025-04-12 [archive import: scored retroactively, not a live reading]",2025-04-12,scoring
2025-04-13,3.667,0.000,0,flat,"GFZ Potsdam planetary Kp daily max 3.667 on 2025-04-13 [archive import: scored retroactively, not a live reading]",2025-04-13,scoring
2025-04-14,4.667,0.704,0,up,"GFZ Potsdam planetary Kp daily max 4.667 on 2025-04-14 [archive import: scored retroactively, not a live reading]",2025-04-14,scoring
2025-04-15,6.333,1.878,0,up,"GFZ Potsdam planetary Kp daily max 6.333 on 2025-04-15 [archive import: scored retroactively, not a live reading]",2025-04-15,scoring
2025-04-16,7.667,2.700,0,up,"GFZ Potsdam planetary Kp daily max 7.667 on 2025-04-16 [archive import: scored retroactively, not a live reading]",2025-04-16,scoring
2025-04-17,3.667,-0.235,0,down,"GFZ Potsdam planetary Kp daily max 3.667 on 2025-04-17 [archive import: scored retroactively, not a live reading]",2025-04-17,scoring
2025-04-18,4.333,0.352,0,up,"GFZ Potsdam planetary Kp daily max 4.333 on 2025-04-18 [archive import: scored retroactively, not a live reading]",2025-04-18,scoring
2025-04-19,4.667,0.470,0,up,"GFZ Potsdam planetary Kp daily max 4.667 on 2025-04-19 [archive import: scored retroactively, not a live reading]",2025-04-19,scoring
2025-04-20,5,0.704,0,up,"GFZ Potsdam planetary Kp daily max 5 on 2025-04-20 [archive import: scored retroactively, not a live reading]",2025-04-20,scoring
2025-04-21,5.333,0.939,0,up,"GFZ Potsdam planetary Kp daily max 5.333 on 2025-04-21 [archive import: scored retroactively, not a live reading]",2025-04-21,scoring
2025-04-22,3.667,-0.235,0,down,"GFZ Potsdam planetary Kp daily max 3.667 on 2025-04-22 [archive import: scored retroactively, not a live reading]",2025-04-22,scoring
2025-04-23,2.667,-0.939,0,down,"GFZ Potsdam planetary Kp daily max 2.667 on 2025-04-23 [archive import: scored retroactively, not a live reading]",2025-04-23,scoring
2025-04-24,3.667,-0.235,0,down,"GFZ Potsdam planetary Kp daily max 3.667 on 2025-04-24 [archive import: scored retroactively, not a live reading]",2025-04-24,scoring
2025-04-25,2,-1.409,0,down,"GFZ Potsdam planetary Kp daily max 2 on 2025-04-25 [archive import: scored retroactively, not a live reading]",2025-04-25,scoring
2025-04-26,2,-1.409,0,down,"GFZ Potsdam planetary Kp daily max 2 on 2025-04-26 [archive import: scored retroactively, not a live reading]",2025-04-26,scoring
2025-04-27,2.667,-0.939,0,down,"GFZ Potsdam planetary Kp daily max 2.667 on 2025-04-27 [archive import: scored retroactively, not a live reading]",2025-04-27,scoring
2025-04-28,2.333,-1.174,0,down,"GFZ Potsdam planetary Kp daily max 2.333 on 2025-04-28 [archive import: scored retroactively, not a live reading]",2025-04-28,scoring
2025-04-29,2,-1.409,0,down,"GFZ Potsdam planetary Kp daily max 2 on 2025-04-29 [archive import: scored retroactively, not a live reading]",2025-04-29,scoring
2025-04-30,3.333,-0.470,0,down,"GFZ Potsdam planetary Kp daily max 3.333 on 2025-04-30 [archive import: scored retroactively, not a live reading]",2025-04-30,scoring
2025-05-01,4.667,0.470,0,up,"GFZ Potsdam planetary Kp daily max 4.667 on 2025-05-01 [archive import: scored retroactively, not a live reading]",2025-05-01,scoring
2025-05-02,5,0.704,0,up,"GFZ Potsdam planetary Kp daily max 5 on 2025-05-02 [archive import: scored retroactively, not a live reading]",2025-05-02,scoring
2025-05-03,5.333,0.939,0,up,"GFZ Potsdam planetary Kp daily max 5.333 on 2025-05-03 [archive import: scored retroactively, not a live reading]",2025-05-03,scoring
2025-05-04,4.667,0.470,0,up,"GFZ Potsdam planetary Kp daily max 4.667 on 2025-05-04 [archive import: scored retroactively, not a live reading]",2025-05-04,scoring
2025-05-05,4.667,0.470,0,up,"GFZ Potsdam planetary Kp daily max 4.667 on 2025-05-05 [archive import: scored retroactively, not a live reading]",2025-05-05,scoring
2025-05-06,3.667,-0.235,0,down,"GFZ Potsdam planetary Kp daily max 3.667 on 2025-05-06 [archive import: scored retroactively, not a live reading]",2025-05-06,scoring
2025-05-07,2.667,-0.939,0,down,"GFZ Potsdam planetary Kp daily max 2.667 on 2025-05-07 [archive import: scored retroactively, not a live reading]",2025-05-07,scoring
2025-05-08,3.667,-0.235,0,down,"GFZ Potsdam planetary Kp daily max 3.667 on 2025-05-08 [archive import: scored retroactively, not a live reading]",2025-05-08,scoring
2025-05-09,4.667,0.470,0,up,"GFZ Potsdam planetary Kp daily max 4.667 on 2025-05-09 [archive import: scored retroactively, not a live reading]",2025-05-09,scoring
2025-05-10,4.667,0.470,0,up,"GFZ Potsdam planetary Kp daily max 4.667 on 2025-05-10 [archive import: scored retroactively, not a live reading]",2025-05-10,scoring
2025-05-11,4.667,0.470,0,up,"GFZ Potsdam planetary Kp daily max 4.667 on 2025-05-11 [archive import: scored retroactively, not a live reading]",2025-05-11,scoring
2025-05-12,2,-1.409,0,down,"GFZ Potsdam planetary Kp daily max 2 on 2025-05-12 [archive import: scored retroactively, not a live reading]",2025-05-12,scoring
2025-05-13,3.667,-0.235,0,down,"GFZ Potsdam planetary Kp daily max 3.667 on 2025-05-13 [archive import: scored retroactively, not a live reading]",2025-05-13,scoring
2025-05-14,3.667,-0.235,0,down,"GFZ Potsdam planetary Kp daily max 3.667 on 2025-05-14 [archive import: scored retroactively, not a live reading]",2025-05-14,scoring
2025-05-15,3.667,-0.235,0,down,"GFZ Potsdam planetary Kp daily max 3.667 on 2025-05-15 [archive import: scored retroactively, not a live reading]",2025-05-15,scoring
2025-05-16,3.667,-0.235,0,down,"GFZ Potsdam planetary Kp daily max 3.667 on 2025-05-16 [archive import: scored retroactively, not a live reading]",2025-05-16,scoring
2025-05-17,6.333,1.643,0,up,"GFZ Potsdam planetary Kp daily max 6.333 on 2025-05-17 [archive import: scored retroactively, not a live reading]",2025-05-17,scoring
2025-05-18,4.667,0.470,0,up,"GFZ Potsdam planetary Kp daily max 4.667 on 2025-05-18 [archive import: scored retroactively, not a live reading]",2025-05-18,scoring
2025-05-19,3.333,-0.470,0,down,"GFZ Potsdam planetary Kp daily max 3.333 on 2025-05-19 [archive import: scored retroactively, not a live reading]",2025-05-19,scoring
2025-05-20,3.333,-0.470,0,down,"GFZ Potsdam planetary Kp daily max 3.333 on 2025-05-20 [archive import: scored retroactively, not a live reading]",2025-05-20,scoring
2025-05-21,4,0.000,0,flat,"GFZ Potsdam planetary Kp daily max 4 on 2025-05-21 [archive import: scored retroactively, not a live reading]",2025-05-21,scoring
2025-05-22,2.333,-1.174,0,down,"GFZ Potsdam planetary Kp daily max 2.333 on 2025-05-22 [archive import: scored retroactively, not a live reading]",2025-05-22,scoring
2025-05-23,3.333,-0.470,0,down,"GFZ Potsdam planetary Kp daily max 3.333 on 2025-05-23 [archive import: scored retroactively, not a live reading]",2025-05-23,scoring
2025-05-24,1.333,-1.878,0,down,"GFZ Potsdam planetary Kp daily max 1.333 on 2025-05-24 [archive import: scored retroactively, not a live reading]",2025-05-24,scoring
2025-05-25,2,-1.409,0,down,"GFZ Potsdam planetary Kp daily max 2 on 2025-05-25 [archive import: scored retroactively, not a live reading]",2025-05-25,scoring
2025-05-26,3,-0.704,0,down,"GFZ Potsdam planetary Kp daily max 3 on 2025-05-26 [archive import: scored retroactively, not a live reading]",2025-05-26,scoring
2025-05-27,4.333,0.235,0,up,"GFZ Potsdam planetary Kp daily max 4.333 on 2025-05-27 [archive import: scored retroactively, not a live reading]",2025-05-27,scoring
2025-05-28,4.333,0.235,0,up,"GFZ Potsdam planetary Kp daily max 4.333 on 2025-05-28 [archive import: scored retroactively, not a live reading]",2025-05-28,scoring
2025-05-29,6.333,1.643,0,up,"GFZ Potsdam planetary Kp daily max 6.333 on 2025-05-29 [archive import: scored retroactively, not a live reading]",2025-05-29,scoring
2025-05-30,4.667,0.470,0,up,"GFZ Potsdam planetary Kp daily max 4.667 on 2025-05-30 [archive import: scored retroactively, not a live reading]",2025-05-30,scoring
2025-05-31,4,0.000,0,flat,"GFZ Potsdam planetary Kp daily max 4 on 2025-05-31 [archive import: scored retroactively, not a live reading]",2025-05-31,scoring
2025-06-01,7.667,2.583,0,up,"GFZ Potsdam planetary Kp daily max 7.667 on 2025-06-01 [archive import: scored retroactively, not a live reading]",2025-06-01,scoring
2025-06-02,7,2.113,0,up,"GFZ Potsdam planetary Kp daily max 7 on 2025-06-02 [archive import: scored retroactively, not a live reading]",2025-06-02,scoring
2025-06-03,7,2.113,0,up,"GFZ Potsdam planetary Kp daily max 7 on 2025-06-03 [archive import: scored retroactively, not a live reading]",2025-06-03,scoring
2025-06-04,5.333,0.939,0,up,"GFZ Potsdam planetary Kp daily max 5.333 on 2025-06-04 [archive import: scored retroactively, not a live reading]",2025-06-04,scoring
2025-06-05,3.667,-0.235,0,down,"GFZ Potsdam planetary Kp daily max 3.667 on 2025-06-05 [archive import: scored retroactively, not a live reading]",2025-06-05,scoring
2025-06-06,2.333,-1.174,0,down,"GFZ Potsdam planetary Kp daily max 2.333 on 2025-06-06 [archive import: scored retroactively, not a live reading]",2025-06-06,scoring
2025-06-07,4.333,0.235,0,up,"GFZ Potsdam planetary Kp daily max 4.333 on 2025-06-07 [archive import: scored retroactively, not a live reading]",2025-06-07,scoring
2025-06-08,4,0.000,0,flat,"GFZ Potsdam planetary Kp daily max 4 on 2025-06-08 [archive import: scored retroactively, not a live reading]",2025-06-08,scoring
2025-06-09,4,0.000,0,flat,"GFZ Potsdam planetary Kp daily max 4 on 2025-06-09 [archive import: scored retroactively, not a live reading]",2025-06-09,scoring
2025-06-10,2.667,-0.939,0,down,"GFZ Potsdam planetary Kp daily max 2.667 on 2025-06-10 [archive import: scored retroactively, not a live reading]",2025-06-10,scoring
2025-06-11,4.667,0.470,0,up,"GFZ Potsdam planetary Kp daily max 4.667 on 2025-06-11 [archive import: scored retroactively, not a live reading]",2025-06-11,scoring
2025-06-12,5.333,0.939,0,up,"GFZ Potsdam planetary Kp daily max 5.333 on 2025-06-12 [archive import: scored retroactively, not a live reading]",2025-06-12,scoring
2025-06-13,6.667,1.878,0,up,"GFZ Potsdam planetary Kp daily max 6.667 on 2025-06-13 [archive import: scored retroactively, not a live reading]",2025-06-13,scoring
2025-06-14,5.333,0.939,0,up,"GFZ Potsdam planetary Kp daily max 5.333 on 2025-06-14 [archive import: scored retroactively, not a live reading]",2025-06-14,scoring
2025-06-15,3,-0.704,0,down,"GFZ Potsdam planetary Kp daily max 3 on 2025-06-15 [archive import: scored retroactively, not a live reading]",2025-06-15,scoring
2025-06-16,3.667,-0.235,0,down,"GFZ Potsdam planetary Kp daily max 3.667 on 2025-06-16 [archive import: scored retroactively, not a live reading]",2025-06-16,scoring
2025-06-17,2.333,-1.174,0,down,"GFZ Potsdam planetary Kp daily max 2.333 on 2025-06-17 [archive import: scored retroactively, not a live reading]",2025-06-17,scoring
2025-06-18,3.333,-0.470,0,down,"GFZ Potsdam planetary Kp daily max 3.333 on 2025-06-18 [archive import: scored retroactively, not a live reading]",2025-06-18,scoring
2025-06-19,4.333,0.235,0,up,"GFZ Potsdam planetary Kp daily max 4.333 on 2025-06-19 [archive import: scored retroactively, not a live reading]",2025-06-19,scoring
2025-06-20,3,-0.704,0,down,"GFZ Potsdam planetary Kp daily max 3 on 2025-06-20 [archive import: scored retroactively, not a live reading]",2025-06-20,scoring
2025-06-21,3.333,-0.470,0,down,"GFZ Potsdam planetary Kp daily max 3.333 on 2025-06-21 [archive import: scored retroactively, not a live reading]",2025-06-21,scoring
2025-06-22,3.333,-0.470,0,down,"GFZ Potsdam planetary Kp daily max 3.333 on 2025-06-22 [archive import: scored retroactively, not a live reading]",2025-06-22,scoring
2025-06-23,2.667,-0.939,0,down,"GFZ Potsdam planetary Kp daily max 2.667 on 2025-06-23 [archive import: scored retroactively, not a live reading]",2025-06-23,scoring
2025-06-24,2.667,-0.939,0,down,"GFZ Potsdam planetary Kp daily max 2.667 on 2025-06-24 [archive import: scored retroactively, not a live reading]",2025-06-24,scoring
2025-06-25,4.333,0.235,0,up,"GFZ Potsdam planetary Kp daily max 4.333 on 2025-06-25 [archive import: scored retroactively, not a live reading]",2025-06-25,scoring
2025-06-26,5.333,0.939,0,up,"GFZ Potsdam planetary Kp daily max 5.333 on 2025-06-26 [archive import: scored retroactively, not a live reading]",2025-06-26,scoring
2025-06-27,5,0.704,0,up,"GFZ Potsdam planetary Kp daily max 5 on 2025-06-27 [archive import: scored retroactively, not a live reading]",2025-06-27,scoring
2025-06-28,3.333,-0.470,0,down,"GFZ Potsdam planetary Kp daily max 3.333 on 2025-06-28 [archive import: scored retroactively, not a live reading]",2025-06-28,scoring
2025-06-29,2.333,-1.174,0,down,"GFZ Potsdam planetary Kp daily max 2.333 on 2025-06-29 [archive import: scored retroactively, not a live reading]",2025-06-29,scoring
2025-06-30,3,-0.704,0,down,"GFZ Potsdam planetary Kp daily max 3 on 2025-06-30 [archive import: scored retroactively, not a live reading]",2025-06-30,scoring
2025-07-01,3.333,-0.470,0,down,"GFZ Potsdam planetary Kp daily max 3.333 on 2025-07-01 [archive import: scored retroactively, not a live reading]",2025-07-01,scoring
2025-07-02,2.333,-1.174,0,down,"GFZ Potsdam planetary Kp daily max 2.333 on 2025-07-02 [archive import: scored retroactively, not a live reading]",2025-07-02,scoring
2025-07-03,4,0.000,0,flat,"GFZ Potsdam planetary Kp daily max 4 on 2025-07-03 [archive import: scored retroactively, not a live reading]",2025-07-03,scoring
2025-07-04,3.667,-0.235,0,down,"GFZ Potsdam planetary Kp daily max 3.667 on 2025-07-04 [archive import: scored retroactively, not a live reading]",2025-07-04,scoring
2025-07-05,4,0.000,0,flat,"GFZ Potsdam planetary Kp daily max 4 on 2025-07-05 [archive import: scored retroactively, not a live reading]",2025-07-05,scoring
2025-07-06,5,0.704,0,up,"GFZ Potsdam planetary Kp daily max 5 on 2025-07-06 [archive import: scored retroactively, not a live reading]",2025-07-06,scoring
2025-07-07,5,0.704,0,up,"GFZ Potsdam planetary Kp daily max 5 on 2025-07-07 [archive import: scored retroactively, not a live reading]",2025-07-07,scoring
2025-07-08,3.333,-0.470,0,down,"GFZ Potsdam planetary Kp daily max 3.333 on 2025-07-08 [archive import: scored retroactively, not a live reading]",2025-07-08,scoring
2025-07-09,2.667,-0.822,0,down,"GFZ Potsdam planetary Kp daily max 2.667 on 2025-07-09 [archive import: scored retroactively, not a live reading]",2025-07-09,scoring
2025-07-10,1,-1.878,0,down,"GFZ Potsdam planetary Kp daily max 1 on 2025-07-10 [archive import: scored retroactively, not a live reading]",2025-07-10,scoring
2025-07-11,4.333,0.469,0,up,"GFZ Potsdam planetary Kp daily max 4.333 on 2025-07-11 [archive import: scored retroactively, not a live reading]",2025-07-11,scoring
2025-07-12,3,-0.470,0,down,"GFZ Potsdam planetary Kp daily max 3 on 2025-07-12 [archive import: scored retroactively, not a live reading]",2025-07-12,scoring
2025-07-13,4.333,0.469,0,up,"GFZ Potsdam planetary Kp daily max 4.333 on 2025-07-13 [archive import: scored retroactively, not a live reading]",2025-07-13,scoring
2025-07-14,4.333,0.469,0,up,"GFZ Potsdam planetary Kp daily max 4.333 on 2025-07-14 [archive import: scored retroactively, not a live reading]",2025-07-14,scoring
2025-07-15,4.667,0.704,0,up,"GFZ Potsdam planetary Kp daily max 4.667 on 2025-07-15 [archive import: scored retroactively, not a live reading]",2025-07-15,scoring
2025-07-16,4.667,0.704,0,up,"GFZ Potsdam planetary Kp daily max 4.667 on 2025-07-16 [archive import: scored retroactively, not a live reading]",2025-07-16,scoring
2025-07-17,4,0.235,0,up,"GFZ Potsdam planetary Kp daily max 4 on 2025-07-17 [archive import: scored retroactively, not a live reading]",2025-07-17,scoring
2025-07-18,4,0.235,0,up,"GFZ Potsdam planetary Kp daily max 4 on 2025-07-18 [archive import: scored retroactively, not a live reading]",2025-07-18,scoring
2025-07-19,2.667,-0.704,0,down,"GFZ Potsdam planetary Kp daily max 2.667 on 2025-07-19 [archive import: scored retroactively, not a live reading]",2025-07-19,scoring
2025-07-20,1.667,-1.409,0,down,"GFZ Potsdam planetary Kp daily max 1.667 on 2025-07-20 [archive import: scored retroactively, not a live reading]",2025-07-20,scoring
2025-07-21,1.333,-1.644,0,down,"GFZ Potsdam planetary Kp daily max 1.333 on 2025-07-21 [archive import: scored retroactively, not a live reading]",2025-07-21,scoring
2025-07-22,4.667,0.704,0,up,"GFZ Potsdam planetary Kp daily max 4.667 on 2025-07-22 [archive import: scored retroactively, not a live reading]",2025-07-22,scoring
2025-07-23,4.667,0.704,0,up,"GFZ Potsdam planetary Kp daily max 4.667 on 2025-07-23 [archive import: scored retroactively, not a live reading]",2025-07-23,scoring
2025-07-24,3.667,0.000,0,flat,"GFZ Potsdam planetary Kp daily max 3.667 on 2025-07-24 [archive import: scored retroactively, not a live reading]",2025-07-24,scoring
2025-07-25,2.667,-0.704,0,down,"GFZ Potsdam planetary Kp daily max 2.667 on 2025-07-25 [archive import: scored retroactively, not a live reading]",2025-07-25,scoring
2025-07-26,3.667,0.000,0,flat,"GFZ Potsdam planetary Kp daily max 3.667 on 2025-07-26 [archive import: scored retroactively, not a live reading]",2025-07-26,scoring
2025-07-27,1.333,-1.644,0,down,"GFZ Potsdam planetary Kp daily max 1.333 on 2025-07-27 [archive import: scored retroactively, not a live reading]",2025-07-27,scoring
2025-07-28,2.333,-0.940,0,down,"GFZ Potsdam planetary Kp daily max 2.333 on 2025-07-28 [archive import: scored retroactively, not a live reading]",2025-07-28,scoring
2025-07-29,2.667,-0.704,0,down,"GFZ Potsdam planetary Kp daily max 2.667 on 2025-07-29 [archive import: scored retroactively, not a live reading]",2025-07-29,scoring
2025-07-30,3,-0.470,0,down,"GFZ Potsdam planetary Kp daily max 3 on 2025-07-30 [archive import: scored retroactively, not a live reading]",2025-07-30,scoring
2025-07-31,3,-0.470,0,down,"GFZ Potsdam planetary Kp daily max 3 on 2025-07-31 [archive import: scored retroactively, not a live reading]",2025-07-31,scoring
2025-08-01,3.333,-0.235,0,down,"GFZ Potsdam planetary Kp daily max 3.333 on 2025-08-01 [archive import: scored retroactively, not a live reading]",2025-08-01,scoring
2025-08-02,3,-0.470,0,down,"GFZ Potsdam planetary Kp daily max 3 on 2025-08-02 [archive import: scored retroactively, not a live reading]",2025-08-02,scoring
2025-08-03,4,0.235,0,up,"GFZ Potsdam planetary Kp daily max 4 on 2025-08-03 [archive import: scored retroactively, not a live reading]",2025-08-03,scoring
2025-08-04,2.333,-0.940,0,down,"GFZ Potsdam planetary Kp daily max 2.333 on 2025-08-04 [archive import: scored retroactively, not a live reading]",2025-08-04,scoring
2025-08-05,3,-0.470,0,down,"GFZ Potsdam planetary Kp daily max 3 on 2025-08-05 [archive import: scored retroactively, not a live reading]",2025-08-05,scoring
2025-08-06,2.667,-0.704,0,down,"GFZ Potsdam planetary Kp daily max 2.667 on 2025-08-06 [archive import: scored retroactively, not a live reading]",2025-08-06,scoring
2025-08-07,1,-1.878,0,down,"GFZ Potsdam planetary Kp daily max 1 on 2025-08-07 [archive import: scored retroactively, not a live reading]",2025-08-07,scoring
2025-08-08,5,0.939,0,up,"GFZ Potsdam planetary Kp daily max 5 on 2025-08-08 [archive import: scored retroactively, not a live reading]",2025-08-08,scoring
2025-08-09,5.667,1.409,0,up,"GFZ Potsdam planetary Kp daily max 5.667 on 2025-08-09 [archive import: scored retroactively, not a live reading]",2025-08-09,scoring
2025-08-10,4.333,0.469,0,up,"GFZ Potsdam planetary Kp daily max 4.333 on 2025-08-10 [archive import: scored retroactively, not a live reading]",2025-08-10,scoring
2025-08-11,4.333,0.469,0,up,"GFZ Potsdam planetary Kp daily max 4.333 on 2025-08-11 [archive import: scored retroactively, not a live reading]",2025-08-11,scoring
2025-08-12,4,0.235,0,up,"GFZ Potsdam planetary Kp daily max 4 on 2025-08-12 [archive import: scored retroactively, not a live reading]",2025-08-12,scoring
2025-08-13,3.333,-0.235,0,down,"GFZ Potsdam planetary Kp daily max 3.333 on 2025-08-13 [archive import: scored retroactively, not a live reading]",2025-08-13,scoring
2025-08-14,3.333,-0.235,0,down,"GFZ Potsdam planetary Kp daily max 3.333 on 2025-08-14 [archive import: scored retroactively, not a live reading]",2025-08-14,scoring
2025-08-15,2.333,-0.940,0,down,"GFZ Potsdam planetary Kp daily max 2.333 on 2025-08-15 [archive import: scored retroactively, not a live reading]",2025-08-15,scoring
2025-08-16,1.667,-1.409,0,down,"GFZ Potsdam planetary Kp daily max 1.667 on 2025-08-16 [archive import: scored retroactively, not a live reading]",2025-08-16,scoring
2025-08-17,1.667,-1.291,0,down,"GFZ Potsdam planetary Kp daily max 1.667 on 2025-08-17 [archive import: scored retroactively, not a live reading]",2025-08-17,scoring
2025-08-18,3,-0.352,0,down,"GFZ Potsdam planetary Kp daily max 3 on 2025-08-18 [archive import: scored retroactively, not a live reading]",2025-08-18,scoring
2025-08-19,4.667,0.822,0,up,"GFZ Potsdam planetary Kp daily max 4.667 on 2025-08-19 [archive import: scored retroactively, not a live reading]",2025-08-19,scoring
2025-08-20,4,0.352,0,up,"GFZ Potsdam planetary Kp daily max 4 on 2025-08-20 [archive import: scored retroactively, not a live reading]",2025-08-20,scoring
2025-08-21,2.667,-0.704,0,down,"GFZ Potsdam planetary Kp daily max 2.667 on 2025-08-21 [archive import: scored retroactively, not a live reading]",2025-08-21,scoring
2025-08-22,3,-0.470,0,down,"GFZ Potsdam planetary Kp daily max 3 on 2025-08-22 [archive import: scored retroactively, not a live reading]",2025-08-22,scoring
2025-08-23,2,-1.174,0,down,"GFZ Potsdam planetary Kp daily max 2 on 2025-08-23 [archive import: scored retroactively, not a live reading]",2025-08-23,scoring
2025-08-24,1.667,-1.409,0,down,"GFZ Potsdam planetary Kp daily max 1.667 on 2025-08-24 [archive import: scored retroactively, not a live reading]",2025-08-24,scoring
2025-08-25,3,-0.470,0,down,"GFZ Potsdam planetary Kp daily max 3 on 2025-08-25 [archive import: scored retroactively, not a live reading]",2025-08-25,scoring
2025-08-26,2.667,-0.587,0,down,"GFZ Potsdam planetary Kp daily max 2.667 on 2025-08-26 [archive import: scored retroactively, not a live reading]",2025-08-26,scoring
2025-08-27,2.667,-0.469,0,down,"GFZ Potsdam planetary Kp daily max 2.667 on 2025-08-27 [archive import: scored retroactively, not a live reading]",2025-08-27,scoring
2025-08-28,2,-0.939,0,down,"GFZ Potsdam planetary Kp daily max 2 on 2025-08-28 [archive import: scored retroactively, not a live reading]",2025-08-28,scoring
2025-08-29,2,-0.939,0,down,"GFZ Potsdam planetary Kp daily max 2 on 2025-08-29 [archive import: scored retroactively, not a live reading]",2025-08-29,scoring
2025-08-30,2.333,-0.704,0,down,"GFZ Potsdam planetary Kp daily max 2.333 on 2025-08-30 [archive import: scored retroactively, not a live reading]",2025-08-30,scoring
2025-08-31,2.333,-0.704,0,down,"GFZ Potsdam planetary Kp daily max 2.333 on 2025-08-31 [archive import: scored retroactively, not a live reading]",2025-08-31,scoring
2025-09-01,5.667,1.644,0,up,"GFZ Potsdam planetary Kp daily max 5.667 on 2025-09-01 [archive import: scored retroactively, not a live reading]",2025-09-01,scoring
2025-09-02,5.333,1.409,0,up,"GFZ Potsdam planetary Kp daily max 5.333 on 2025-09-02 [archive import: scored retroactively, not a live reading]",2025-09-02,scoring
2025-09-03,4.333,0.704,0,up,"GFZ Potsdam planetary Kp daily max 4.333 on 2025-09-03 [archive import: scored retroactively, not a live reading]",2025-09-03,scoring
2025-09-04,3,-0.235,0,down,"GFZ Potsdam planetary Kp daily max 3 on 2025-09-04 [archive import: scored retroactively, not a live reading]",2025-09-04,scoring
2025-09-05,3,-0.235,0,down,"GFZ Potsdam planetary Kp daily max 3 on 2025-09-05 [archive import: scored retroactively, not a live reading]",2025-09-05,scoring
2025-09-06,5,1.174,0,up,"GFZ Potsdam planetary Kp daily max 5 on 2025-09-06 [archive import: scored retroactively, not a live reading]",2025-09-06,scoring
2025-09-07,2,-0.939,0,down,"GFZ Potsdam planetary Kp daily max 2 on 2025-09-07 [archive import: scored retroactively, not a live reading]",2025-09-07,scoring
2025-09-08,3.667,0.235,0,up,"GFZ Potsdam planetary Kp daily max 3.667 on 2025-09-08 [archive import: scored retroactively, not a live reading]",2025-09-08,scoring
2025-09-09,5.333,1.409,0,up,"GFZ Potsdam planetary Kp daily max 5.333 on 2025-09-09 [archive import: scored retroactively, not a live reading]",2025-09-09,scoring
2025-09-10,4,0.470,0,up,"GFZ Potsdam planetary Kp daily max 4 on 2025-09-10 [archive import: scored retroactively, not a live reading]",2025-09-10,scoring
2025-09-11,3.333,0.000,0,flat,"GFZ Potsdam planetary Kp daily max 3.333 on 2025-09-11 [archive import: scored retroactively, not a live reading]",2025-09-11,scoring
2025-09-12,2.667,-0.469,0,down,"GFZ Potsdam planetary Kp daily max 2.667 on 2025-09-12 [archive import: scored retroactively, not a live reading]",2025-09-12,scoring
2025-09-13,2.667,-0.469,0,down,"GFZ Potsdam planetary Kp daily max 2.667 on 2025-09-13 [archive import: scored retroactively, not a live reading]",2025-09-13,scoring
2025-09-14,4.667,0.940,0,up,"GFZ Potsdam planetary Kp daily max 4.667 on 2025-09-14 [archive import: scored retroactively, not a live reading]",2025-09-14,scoring
2025-09-15,6.667,2.348,0,up,"GFZ Potsdam planetary Kp daily max 6.667 on 2025-09-15 [archive import: scored retroactively, not a live reading]",2025-09-15,scoring
2025-09-16,4.333,0.704,0,up,"GFZ Potsdam planetary Kp daily max 4.333 on 2025-09-16 [archive import: scored retroactively, not a live reading]",2025-09-16,scoring
2025-09-17,3,-0.235,0,down,"GFZ Potsdam planetary Kp daily max 3 on 2025-09-17 [archive import: scored retroactively, not a live reading]",2025-09-17,scoring
2025-09-18,2.333,-0.704,0,down,"GFZ Potsdam planetary Kp daily max 2.333 on 2025-09-18 [archive import: scored retroactively, not a live reading]",2025-09-18,scoring
2025-09-19,1,-1.643,0,down,"GFZ Potsdam planetary Kp daily max 1 on 2025-09-19 [archive import: scored retroactively, not a live reading]",2025-09-19,scoring
2025-09-20,1.667,-1.056,0,down,"GFZ Potsdam planetary Kp daily max 1.667 on 2025-09-20 [archive import: scored retroactively, not a live reading]",2025-09-20,scoring
2025-09-21,1.667,-0.939,0,down,"GFZ Potsdam planetary Kp daily max 1.667 on 2025-09-21 [archive import: scored retroactively, not a live reading]",2025-09-21,scoring
2025-09-22,3.333,0.235,0,up,"GFZ Potsdam planetary Kp daily max 3.333 on 2025-09-22 [archive import: scored retroactively, not a live reading]",2025-09-22,scoring
2025-09-23,3.667,0.353,0,up,"GFZ Potsdam planetary Kp daily max 3.667 on 2025-09-23 [archive import: scored retroactively, not a live reading]",2025-09-23,scoring
2025-09-24,2.333,-0.587,0,down,"GFZ Potsdam planetary Kp daily max 2.333 on 2025-09-24 [archive import: scored retroactively, not a live reading]",2025-09-24,scoring
2025-09-25,2.333,-0.470,0,down,"GFZ Potsdam planetary Kp daily max 2.333 on 2025-09-25 [archive import: scored retroactively, not a live reading]",2025-09-25,scoring
2025-09-26,2.333,-0.470,0,down,"GFZ Potsdam planetary Kp daily max 2.333 on 2025-09-26 [archive import: scored retroactively, not a live reading]",2025-09-26,scoring
2025-09-27,2.333,-0.470,0,down,"GFZ Potsdam planetary Kp daily max 2.333 on 2025-09-27 [archive import: scored retroactively, not a live reading]",2025-09-27,scoring
2025-09-28,3,0.000,0,flat,"GFZ Potsdam planetary Kp daily max 3 on 2025-09-28 [archive import: scored retroactively, not a live reading]",2025-09-28,scoring
2025-09-29,5.333,1.643,0,up,"GFZ Potsdam planetary Kp daily max 5.333 on 2025-09-29 [archive import: scored retroactively, not a live reading]",2025-09-29,scoring
2025-09-30,7,2.817,0,up,"GFZ Potsdam planetary Kp daily max 7 on 2025-09-30 [archive import: scored retroactively, not a live reading]",2025-09-30,scoring
2025-10-01,6.333,2.347,0,up,"GFZ Potsdam planetary Kp daily max 6.333 on 2025-10-01 [archive import: scored retroactively, not a live reading]",2025-10-01,scoring
2025-10-02,6.667,2.579,0,up,"GFZ Potsdam planetary Kp daily max 6.667 on 2025-10-02 [archive import: scored retroactively, not a live reading]",2025-10-02,scoring
2025-10-03,5,1.407,0,up,"GFZ Potsdam planetary Kp daily max 5 on 2025-10-03 [archive import: scored retroactively, not a live reading]",2025-10-03,scoring
2025-10-04,4,0.703,0,up,"GFZ Potsdam planetary Kp daily max 4 on 2025-10-04 [archive import: scored retroactively, not a live reading]",2025-10-04,scoring
2025-10-05,3.333,0.234,0,up,"GFZ Potsdam planetary Kp daily max 3.333 on 2025-10-05 [archive import: scored retroactively, not a live reading]",2025-10-05,scoring
2025-10-06,2,-0.703,0,down,"GFZ Potsdam planetary Kp daily max 2 on 2025-10-06 [archive import: scored retroactively, not a live reading]",2025-10-06,scoring
2025-10-07,4,0.703,0,up,"GFZ Potsdam planetary Kp daily max 4 on 2025-10-07 [archive import: scored retroactively, not a live reading]",2025-10-07,scoring
2025-10-08,3.667,0.469,0,up,"GFZ Potsdam planetary Kp daily max 3.667 on 2025-10-08 [archive import: scored retroactively, not a live reading]",2025-10-08,scoring
2025-10-09,2,-0.703,0,down,"GFZ Potsdam planetary Kp daily max 2 on 2025-10-09 [archive import: scored retroactively, not a live reading]",2025-10-09,scoring
2025-10-10,3.333,0.234,0,up,"GFZ Potsdam planetary Kp daily max 3.333 on 2025-10-10 [archive import: scored retroactively, not a live reading]",2025-10-10,scoring
2025-10-11,4.333,0.937,0,up,"GFZ Potsdam planetary Kp daily max 4.333 on 2025-10-11 [archive import: scored retroactively, not a live reading]",2025-10-11,scoring
2025-10-12,5,1.407,0,up,"GFZ Potsdam planetary Kp daily max 5 on 2025-10-12 [archive import: scored retroactively, not a live reading]",2025-10-12,scoring
2025-10-13,4.667,1.172,0,up,"GFZ Potsdam planetary Kp daily max 4.667 on 2025-10-13 [archive import: scored retroactively, not a live reading]",2025-10-13,scoring
2025-10-14,2.333,-0.469,0,down,"GFZ Potsdam planetary Kp daily max 2.333 on 2025-10-14 [archive import: scored retroactively, not a live reading]",2025-10-14,scoring
2025-10-15,3.667,0.469,0,up,"GFZ Potsdam planetary Kp daily max 3.667 on 2025-10-15 [archive import: scored retroactively, not a live reading]",2025-10-15,scoring
2025-10-16,1.333,-1.172,0,down,"GFZ Potsdam planetary Kp daily max 1.333 on 2025-10-16 [archive import: scored retroactively, not a live reading]",2025-10-16,scoring
2025-10-17,3.667,0.469,0,up,"GFZ Potsdam planetary Kp daily max 3.667 on 2025-10-17 [archive import: scored retroactively, not a live reading]",2025-10-17,scoring
2025-10-18,6.333,2.344,0,up,"GFZ Potsdam planetary Kp daily max 6.333 on 2025-10-18 [archive import: scored retroactively, not a live reading]",2025-10-18,scoring
2025-10-19,5,1.407,0,up,"GFZ Potsdam planetary Kp daily max 5 on 2025-10-19 [archive import: scored retroactively, not a live reading]",2025-10-19,scoring
2025-10-20,2.667,-0.351,0,down,"GFZ Potsdam planetary Kp daily max 2.667 on 2025-10-20 [archive import: scored retroactively, not a live reading]",2025-10-20,scoring
2025-10-21,3,0.000,0,flat,"GFZ Potsdam planetary Kp daily max 3 on 2025-10-21 [archive import: scored retroactively, not a live reading]",2025-10-21,scoring
2025-10-22,1.333,-1.172,0,down,"GFZ Potsdam planetary Kp daily max 1.333 on 2025-10-22 [archive import: scored retroactively, not a live reading]",2025-10-22,scoring
2025-10-23,2.333,-0.469,0,down,"GFZ Potsdam planetary Kp daily max 2.333 on 2025-10-23 [archive import: scored retroactively, not a live reading]",2025-10-23,scoring
2025-10-24,3,0.000,0,flat,"GFZ Potsdam planetary Kp daily max 3 on 2025-10-24 [archive import: scored retroactively, not a live reading]",2025-10-24,scoring
2025-10-25,3.667,0.469,0,up,"GFZ Potsdam planetary Kp daily max 3.667 on 2025-10-25 [archive import: scored retroactively, not a live reading]",2025-10-25,scoring
2025-10-26,1.333,-1.172,0,down,"GFZ Potsdam planetary Kp daily max 1.333 on 2025-10-26 [archive import: scored retroactively, not a live reading]",2025-10-26,scoring
2025-10-27,3,0.000,0,flat,"GFZ Potsdam planetary Kp daily max 3 on 2025-10-27 [archive import: scored retroactively, not a live reading]",2025-10-27,scoring
2025-10-28,4,0.703,0,up,"GFZ Potsdam planetary Kp daily max 4 on 2025-10-28 [archive import: scored retroactively, not a live reading]",2025-10-28,scoring
2025-10-29,4.333,0.937,0,up,"GFZ Potsdam planetary Kp daily max 4.333 on 2025-10-29 [archive import: scored retroactively, not a live reading]",2025-10-29,scoring
2025-10-30,5.333,1.641,0,up,"GFZ Potsdam planetary Kp daily max 5.333 on 2025-10-30 [archive import: scored retroactively, not a live reading]",2025-10-30,scoring
2025-10-31,4.667,1.172,0,up,"GFZ Potsdam planetary Kp daily max 4.667 on 2025-10-31 [archive import: scored retroactively, not a live reading]",2025-10-31,scoring
2025-11-01,3.333,0.117,0,up,"GFZ Potsdam planetary Kp daily max 3.333 on 2025-11-01 [archive import: scored retroactively, not a live reading]",2025-11-01,scoring
2025-11-02,4.333,0.820,0,up,"GFZ Potsdam planetary Kp daily max 4.333 on 2025-11-02 [archive import: scored retroactively, not a live reading]",2025-11-02,scoring
2025-11-03,4.333,0.703,0,up,"GFZ Potsdam planetary Kp daily max 4.333 on 2025-11-03 [archive import: scored retroactively, not a live reading]",2025-11-03,scoring
2025-11-04,3,-0.234,0,down,"GFZ Potsdam planetary Kp daily max 3 on 2025-11-04 [archive import: scored retroactively, not a live reading]",2025-11-04,scoring
2025-11-05,5.667,1.641,0,up,"GFZ Potsdam planetary Kp daily max 5.667 on 2025-11-05 [archive import: scored retroactively, not a live reading]",2025-11-05,scoring
2025-11-06,6.667,2.345,0,up,"GFZ Potsdam planetary Kp daily max 6.667 on 2025-11-06 [archive import: scored retroactively, not a live reading]",2025-11-06,scoring
2025-11-07,5.333,1.407,0,up,"GFZ Potsdam planetary Kp daily max 5.333 on 2025-11-07 [archive import: scored retroactively, not a live reading]",2025-11-07,scoring
2025-11-08,6,1.876,0,up,"GFZ Potsdam planetary Kp daily max 6 on 2025-11-08 [archive import: scored retroactively, not a live reading]",2025-11-08,scoring
2025-11-09,3,-0.234,0,down,"GFZ Potsdam planetary Kp daily max 3 on 2025-11-09 [archive import: scored retroactively, not a live reading]",2025-11-09,scoring
2025-11-10,4.333,0.703,0,up,"GFZ Potsdam planetary Kp daily max 4.333 on 2025-11-10 [archive import: scored retroactively, not a live reading]",2025-11-10,scoring
2025-11-11,2.667,-0.468,0,down,"GFZ Potsdam planetary Kp daily max 2.667 on 2025-11-11 [archive import: scored retroactively, not a live reading]",2025-11-11,scoring
2025-11-12,8.667,3.751,1,up,"GFZ Potsdam planetary Kp daily max 8.667 on 2025-11-12 [archive import: scored retroactively, not a live reading]",2025-11-12,scoring
2025-11-13,7.333,2.813,0,up,"GFZ Potsdam planetary Kp daily max 7.333 on 2025-11-13 [archive import: scored retroactively, not a live reading]",2025-11-13,scoring
2025-11-14,1.333,-1.407,0,down,"GFZ Potsdam planetary Kp daily max 1.333 on 2025-11-14 [archive import: scored retroactively, not a live reading]",2025-11-14,scoring
2025-11-15,3.333,0.000,0,flat,"GFZ Potsdam planetary Kp daily max 3.333 on 2025-11-15 [archive import: scored retroactively, not a live reading]",2025-11-15,scoring
2025-11-16,3.667,0.235,0,up,"GFZ Potsdam planetary Kp daily max 3.667 on 2025-11-16 [archive import: scored retroactively, not a live reading]",2025-11-16,scoring
2025-11-17,3.667,0.235,0,up,"GFZ Potsdam planetary Kp daily max 3.667 on 2025-11-17 [archive import: scored retroactively, not a live reading]",2025-11-17,scoring
2025-11-18,2.333,-0.703,0,down,"GFZ Potsdam planetary Kp daily max 2.333 on 2025-11-18 [archive import: scored retroactively, not a live reading]",2025-11-18,scoring
2025-11-19,1,-1.641,0,down,"GFZ Potsdam planetary Kp daily max 1 on 2025-11-19 [archive import: scored retroactively, not a live reading]",2025-11-19,scoring
2025-11-20,3,-0.234,0,down,"GFZ Potsdam planetary Kp daily max 3 on 2025-11-20 [archive import: scored retroactively, not a live reading]",2025-11-20,scoring
2025-11-21,2.667,-0.468,0,down,"GFZ Potsdam planetary Kp daily max 2.667 on 2025-11-21 [archive import: scored retroactively, not a live reading]",2025-11-21,scoring
2025-11-22,2.333,-0.703,0,down,"GFZ Potsdam planetary Kp daily max 2.333 on 2025-11-22 [archive import: scored retroactively, not a live reading]",2025-11-22,scoring
2025-11-23,3.667,0.235,0,up,"GFZ Potsdam planetary Kp daily max 3.667 on 2025-11-23 [archive import: scored retroactively, not a live reading]",2025-11-23,scoring
2025-11-24,4.667,0.938,0,up,"GFZ Potsdam planetary Kp daily max 4.667 on 2025-11-24 [archive import: scored retroactively, not a live reading]",2025-11-24,scoring
2025-11-25,4.667,0.938,0,up,"GFZ Potsdam planetary Kp daily max 4.667 on 2025-11-25 [archive import: scored retroactively, not a live reading]",2025-11-25,scoring
2025-11-26,4.333,0.586,0,up,"GFZ Potsdam planetary Kp daily max 4.333 on 2025-11-26 [archive import: scored retroactively, not a live reading]",2025-11-26,scoring
2025-11-27,4.333,0.468,0,up,"GFZ Potsdam planetary Kp daily max 4.333 on 2025-11-27 [archive import: scored retroactively, not a live reading]",2025-11-27,scoring
2025-11-28,4,0.234,0,up,"GFZ Potsdam planetary Kp daily max 4 on 2025-11-28 [archive import: scored retroactively, not a live reading]",2025-11-28,scoring
2025-11-29,4,0.234,0,up,"GFZ Potsdam planetary Kp daily max 4 on 2025-11-29 [archive import: scored retroactively, not a live reading]",2025-11-29,scoring
2025-11-30,4,0.234,0,up,"GFZ Potsdam planetary Kp daily max 4 on 2025-11-30 [archive import: scored retroactively, not a live reading]",2025-11-30,scoring
2025-12-01,3.667,0.000,0,flat,"GFZ Potsdam planetary Kp daily max 3.667 on 2025-12-01 [archive import: scored retroactively, not a live reading]",2025-12-01,scoring
2025-12-02,2.667,-0.703,0,down,"GFZ Potsdam planetary Kp daily max 2.667 on 2025-12-02 [archive import: scored retroactively, not a live reading]",2025-12-02,scoring
2025-12-03,6.667,2.110,0,up,"GFZ Potsdam planetary Kp daily max 6.667 on 2025-12-03 [archive import: scored retroactively, not a live reading]",2025-12-03,scoring
2025-12-04,5,0.937,0,up,"GFZ Potsdam planetary Kp daily max 5 on 2025-12-04 [archive import: scored retroactively, not a live reading]",2025-12-04,scoring
2025-12-05,3.333,-0.235,0,down,"GFZ Potsdam planetary Kp daily max 3.333 on 2025-12-05 [archive import: scored retroactively, not a live reading]",2025-12-05,scoring
2025-12-06,4,0.234,0,up,"GFZ Potsdam planetary Kp daily max 4 on 2025-12-06 [archive import: scored retroactively, not a live reading]",2025-12-06,scoring
2025-12-07,3.333,-0.235,0,down,"GFZ Potsdam planetary Kp daily max 3.333 on 2025-12-07 [archive import: scored retroactively, not a live reading]",2025-12-07,scoring
2025-12-08,1,-1.876,0,down,"GFZ Potsdam planetary Kp daily max 1 on 2025-12-08 [archive import: scored retroactively, not a live reading]",2025-12-08,scoring
2025-12-09,1.333,-1.641,0,down,"GFZ Potsdam planetary Kp daily max 1.333 on 2025-12-09 [archive import: scored retroactively, not a live reading]",2025-12-09,scoring
2025-12-10,6,1.641,0,up,"GFZ Potsdam planetary Kp daily max 6 on 2025-12-10 [archive import: scored retroactively, not a live reading]",2025-12-10,scoring
2025-12-11,6,1.641,0,up,"GFZ Potsdam planetary Kp daily max 6 on 2025-12-11 [archive import: scored retroactively, not a live reading]",2025-12-11,scoring
2025-12-12,5,0.937,0,up,"GFZ Potsdam planetary Kp daily max 5 on 2025-12-12 [archive import: scored retroactively, not a live reading]",2025-12-12,scoring
2025-12-13,4.667,0.703,0,up,"GFZ Potsdam planetary Kp daily max 4.667 on 2025-12-13 [archive import: scored retroactively, not a live reading]",2025-12-13,scoring
2025-12-14,2.667,-0.703,0,down,"GFZ Potsdam planetary Kp daily max 2.667 on 2025-12-14 [archive import: scored retroactively, not a live reading]",2025-12-14,scoring
2025-12-15,3,-0.469,0,down,"GFZ Potsdam planetary Kp daily max 3 on 2025-12-15 [archive import: scored retroactively, not a live reading]",2025-12-15,scoring
2025-12-16,3,-0.469,0,down,"GFZ Potsdam planetary Kp daily max 3 on 2025-12-16 [archive import: scored retroactively, not a live reading]",2025-12-16,scoring
2025-12-17,4.667,0.703,0,up,"GFZ Potsdam planetary Kp daily max 4.667 on 2025-12-17 [archive import: scored retroactively, not a live reading]",2025-12-17,scoring
2025-12-18,4.333,0.468,0,up,"GFZ Potsdam planetary Kp daily max 4.333 on 2025-12-18 [archive import: scored retroactively, not a live reading]",2025-12-18,scoring
2025-12-19,2.333,-0.938,0,down,"GFZ Potsdam planetary Kp daily max 2.333 on 2025-12-19 [archive import: scored retroactively, not a live reading]",2025-12-19,scoring
2025-12-20,2,-1.172,0,down,"GFZ Potsdam planetary Kp daily max 2 on 2025-12-20 [archive import: scored retroactively, not a live reading]",2025-12-20,scoring
2025-12-21,4.667,0.703,0,up,"GFZ Potsdam planetary Kp daily max 4.667 on 2025-12-21 [archive import: scored retroactively, not a live reading]",2025-12-21,scoring
2025-12-22,4.667,0.703,0,up,"GFZ Potsdam planetary Kp daily max 4.667 on 2025-12-22 [archive import: scored retroactively, not a live reading]",2025-12-22,scoring
2025-12-23,4,0.234,0,up,"GFZ Potsdam planetary Kp daily max 4 on 2025-12-23 [archive import: scored retroactively, not a live reading]",2025-12-23,scoring
2025-12-24,4.333,0.468,0,up,"GFZ Potsdam planetary Kp daily max 4.333 on 2025-12-24 [archive import: scored retroactively, not a live reading]",2025-12-24,scoring
2025-12-25,3,-0.586,0,down,"GFZ Potsdam planetary Kp daily max 3 on 2025-12-25 [archive import: scored retroactively, not a live reading]",2025-12-25,scoring
2025-12-26,3.333,-0.352,0,down,"GFZ Potsdam planetary Kp daily max 3.333 on 2025-12-26 [archive import: scored retroactively, not a live reading]",2025-12-26,scoring
2025-12-27,2.667,-0.820,0,down,"GFZ Potsdam planetary Kp daily max 2.667 on 2025-12-27 [archive import: scored retroactively, not a live reading]",2025-12-27,scoring
2025-12-28,2.667,-0.820,0,down,"GFZ Potsdam planetary Kp daily max 2.667 on 2025-12-28 [archive import: scored retroactively, not a live reading]",2025-12-28,scoring
2025-12-29,3,-0.469,0,down,"GFZ Potsdam planetary Kp daily max 3 on 2025-12-29 [archive import: scored retroactively, not a live reading]",2025-12-29,scoring
2025-12-30,3,-0.469,0,down,"GFZ Potsdam planetary Kp daily max 3 on 2025-12-30 [archive import: scored retroactively, not a live reading]",2025-12-30,scoring
2025-12-31,3.333,-0.235,0,down,"GFZ Potsdam planetary Kp daily max 3.333 on 2025-12-31 [archive import: scored retroactively, not a live reading]",2025-12-31,scoring
2026-01-01,3,-0.469,0,down,"GFZ Potsdam planetary Kp daily max 3 on 2026-01-01 [archive import: scored retroactively, not a live reading]",2026-01-01,scoring
2026-01-02,5,0.937,0,up,"GFZ Potsdam planetary Kp daily max 5 on 2026-01-02 [archive import: scored retroactively, not a live reading]",2026-01-02,scoring
2026-01-03,3,-0.469,0,down,"GFZ Potsdam planetary Kp daily max 3 on 2026-01-03 [archive import: scored retroactively, not a live reading]",2026-01-03,scoring
2026-01-04,3,-0.469,0,down,"GFZ Potsdam planetary Kp daily max 3 on 2026-01-04 [archive import: scored retroactively, not a live reading]",2026-01-04,scoring
2026-01-05,4.333,0.468,0,up,"GFZ Potsdam planetary Kp daily max 4.333 on 2026-01-05 [archive import: scored retroactively, not a live reading]",2026-01-05,scoring
2026-01-06,2.333,-0.938,0,down,"GFZ Potsdam planetary Kp daily max 2.333 on 2026-01-06 [archive import: scored retroactively, not a live reading]",2026-01-06,scoring
2026-01-07,2.333,-0.938,0,down,"GFZ Potsdam planetary Kp daily max 2.333 on 2026-01-07 [archive import: scored retroactively, not a live reading]",2026-01-07,scoring
2026-01-08,4,0.234,0,up,"GFZ Potsdam planetary Kp daily max 4 on 2026-01-08 [archive import: scored retroactively, not a live reading]",2026-01-08,scoring
2026-01-09,3.333,-0.235,0,down,"GFZ Potsdam planetary Kp daily max 3.333 on 2026-01-09 [archive import: scored retroactively, not a live reading]",2026-01-09,scoring
2026-01-10,5.667,1.407,0,up,"GFZ Potsdam planetary Kp daily max 5.667 on 2026-01-10 [archive import: scored retroactively, not a live reading]",2026-01-10,scoring
2026-01-11,5.333,1.172,0,up,"GFZ Potsdam planetary Kp daily max 5.333 on 2026-01-11 [archive import: scored retroactively, not a live reading]",2026-01-11,scoring
2026-01-12,4.333,0.468,0,up,"GFZ Potsdam planetary Kp daily max 4.333 on 2026-01-12 [archive import: scored retroactively, not a live reading]",2026-01-12,scoring
2026-01-13,3.333,-0.235,0,down,"GFZ Potsdam planetary Kp daily max 3.333 on 2026-01-13 [archive import: scored retroactively, not a live reading]",2026-01-13,scoring
2026-01-14,2.667,-0.703,0,down,"GFZ Potsdam planetary Kp daily max 2.667 on 2026-01-14 [archive import: scored retroactively, not a live reading]",2026-01-14,scoring
2026-01-15,3,-0.469,0,down,"GFZ Potsdam planetary Kp daily max 3 on 2026-01-15 [archive import: scored retroactively, not a live reading]",2026-01-15,scoring
2026-01-16,5,0.937,0,up,"GFZ Potsdam planetary Kp daily max 5 on 2026-01-16 [archive import: scored retroactively, not a live reading]",2026-01-16,scoring
2026-01-17,5,0.937,0,up,"GFZ Potsdam planetary Kp daily max 5 on 2026-01-17 [archive import: scored retroactively, not a live reading]",2026-01-17,scoring
2026-01-18,3.667,0.000,0,flat,"GFZ Potsdam planetary Kp daily max 3.667 on 2026-01-18 [archive import: scored retroactively, not a live reading]",2026-01-18,scoring
2026-01-19,8.667,3.516,1,up,"GFZ Potsdam planetary Kp daily max 8.667 on 2026-01-19 [archive import: scored retroactively, not a live reading]",2026-01-19,scoring
2026-01-20,7.667,2.813,0,up,"GFZ Potsdam planetary Kp daily max 7.667 on 2026-01-20 [archive import: scored retroactively, not a live reading]",2026-01-20,scoring
2026-01-21,7.333,2.578,0,up,"GFZ Potsdam planetary Kp daily max 7.333 on 2026-01-21 [archive import: scored retroactively, not a live reading]",2026-01-21,scoring
2026-01-22,5.333,1.172,0,up,"GFZ Potsdam planetary Kp daily max 5.333 on 2026-01-22 [archive import: scored retroactively, not a live reading]",2026-01-22,scoring
2026-01-23,4.333,0.351,0,up,"GFZ Potsdam planetary Kp daily max 4.333 on 2026-01-23 [archive import: scored retroactively, not a live reading]",2026-01-23,scoring
2026-01-24,4.333,0.234,0,up,"GFZ Potsdam planetary Kp daily max 4.333 on 2026-01-24 [archive import: scored retroactively, not a live reading]",2026-01-24,scoring
2026-01-25,3.333,-0.469,0,down,"GFZ Potsdam planetary Kp daily max 3.333 on 2026-01-25 [archive import: scored retroactively, not a live reading]",2026-01-25,scoring
2026-01-26,3.333,-0.469,0,down,"GFZ Potsdam planetary Kp daily max 3.333 on 2026-01-26 [archive import: scored retroactively, not a live reading]",2026-01-26,scoring
2026-01-27,3,-0.703,0,down,"GFZ Potsdam planetary Kp daily max 3 on 2026-01-27 [archive import: scored retroactively, not a live reading]",2026-01-27,scoring
2026-01-28,5,0.820,0,up,"GFZ Potsdam planetary Kp daily max 5 on 2026-01-28 [archive import: scored retroactively, not a live reading]",2026-01-28,scoring
2026-01-29,4.333,0.351,0,up,"GFZ Potsdam planetary Kp daily max 4.333 on 2026-01-29 [archive import: scored retroactively, not a live reading]",2026-01-29,scoring
2026-01-30,3.667,-0.117,0,down,"GFZ Potsdam planetary Kp daily max 3.667 on 2026-01-30 [archive import: scored retroactively, not a live reading]",2026-01-30,scoring
2026-01-31,2,-1.289,0,down,"GFZ Potsdam planetary Kp daily max 2 on 2026-01-31 [archive import: scored retroactively, not a live reading]",2026-01-31,scoring
2026-02-01,1.333,-1.641,0,down,"GFZ Potsdam planetary Kp daily max 1.333 on 2026-02-01 [archive import: scored retroactively, not a live reading]",2026-02-01,scoring
2026-02-02,2.333,-0.938,0,down,"GFZ Potsdam planetary Kp daily max 2.333 on 2026-02-02 [archive import: scored retroactively, not a live reading]",2026-02-02,scoring
2026-02-03,2,-1.172,0,down,"GFZ Potsdam planetary Kp daily max 2 on 2026-02-03 [archive import: scored retroactively, not a live reading]",2026-02-03,scoring
2026-02-04,3.667,0.000,0,flat,"GFZ Potsdam planetary Kp daily max 3.667 on 2026-02-04 [archive import: scored retroactively, not a live reading]",2026-02-04,scoring
2026-02-05,5.333,1.172,0,up,"GFZ Potsdam planetary Kp daily max 5.333 on 2026-02-05 [archive import: scored retroactively, not a live reading]",2026-02-05,scoring
2026-02-06,4.333,0.468,0,up,"GFZ Potsdam planetary Kp daily max 4.333 on 2026-02-06 [archive import: scored retroactively, not a live reading]",2026-02-06,scoring
2026-02-07,3.667,0.000,0,flat,"GFZ Potsdam planetary Kp daily max 3.667 on 2026-02-07 [archive import: scored retroactively, not a live reading]",2026-02-07,scoring
2026-02-08,2.667,-0.703,0,down,"GFZ Potsdam planetary Kp daily max 2.667 on 2026-02-08 [archive import: scored retroactively, not a live reading]",2026-02-08,scoring
2026-02-09,2.333,-0.938,0,down,"GFZ Potsdam planetary Kp daily max 2.333 on 2026-02-09 [archive import: scored retroactively, not a live reading]",2026-02-09,scoring
2026-02-10,4.333,0.468,0,up,"GFZ Potsdam planetary Kp daily max 4.333 on 2026-02-10 [archive import: scored retroactively, not a live reading]",2026-02-10,scoring
2026-02-11,4,0.234,0,up,"GFZ Potsdam planetary Kp daily max 4 on 2026-02-11 [archive import: scored retroactively, not a live reading]",2026-02-11,scoring
2026-02-12,2.333,-0.938,0,down,"GFZ Potsdam planetary Kp daily max 2.333 on 2026-02-12 [archive import: scored retroactively, not a live reading]",2026-02-12,scoring
2026-02-13,4,0.235,0,up,"GFZ Potsdam planetary Kp daily max 4 on 2026-02-13 [archive import: scored retroactively, not a live reading]",2026-02-13,scoring
2026-02-14,4.667,0.704,0,up,"GFZ Potsdam planetary Kp daily max 4.667 on 2026-02-14 [archive import: scored retroactively, not a live reading]",2026-02-14,scoring
2026-02-15,5.333,1.172,0,up,"GFZ Potsdam planetary Kp daily max 5.333 on 2026-02-15 [archive import: scored retroactively, not a live reading]",2026-02-15,scoring
2026-02-16,5.667,1.407,0,up,"GFZ Potsdam planetary Kp daily max 5.667 on 2026-02-16 [archive import: scored retroactively, not a live reading]",2026-02-16,scoring
2026-02-17,3,-0.469,0,down,"GFZ Potsdam planetary Kp daily max 3 on 2026-02-17 [archive import: scored retroactively, not a live reading]",2026-02-17,scoring
2026-02-18,3,-0.469,0,down,"GFZ Potsdam planetary Kp daily max 3 on 2026-02-18 [archive import: scored retroactively, not a live reading]",2026-02-18,scoring
2026-02-19,3,-0.469,0,down,"GFZ Potsdam planetary Kp daily max 3 on 2026-02-19 [archive import: scored retroactively, not a live reading]",2026-02-19,scoring
2026-02-20,4,0.234,0,up,"GFZ Potsdam planetary Kp daily max 4 on 2026-02-20 [archive import: scored retroactively, not a live reading]",2026-02-20,scoring
2026-02-21,4,0.117,0,up,"GFZ Potsdam planetary Kp daily max 4 on 2026-02-21 [archive import: scored retroactively, not a live reading]",2026-02-21,scoring
2026-02-22,5.333,0.937,0,up,"GFZ Potsdam planetary Kp daily max 5.333 on 2026-02-22 [archive import: scored retroactively, not a live reading]",2026-02-22,scoring
2026-02-23,4.667,0.469,0,up,"GFZ Potsdam planetary Kp daily max 4.667 on 2026-02-23 [archive import: scored retroactively, not a live reading]",2026-02-23,scoring
2026-02-24,3.667,-0.234,0,down,"GFZ Potsdam planetary Kp daily max 3.667 on 2026-02-24 [archive import: scored retroactively, not a live reading]",2026-02-24,scoring
2026-02-25,3.667,-0.117,0,down,"GFZ Potsdam planetary Kp daily max 3.667 on 2026-02-25 [archive import: scored retroactively, not a live reading]",2026-02-25,scoring
2026-02-26,3.667,0.000,0,flat,"GFZ Potsdam planetary Kp daily max 3.667 on 2026-02-26 [archive import: scored retroactively, not a live reading]",2026-02-26,scoring
2026-02-27,3,-0.469,0,down,"GFZ Potsdam planetary Kp daily max 3 on 2026-02-27 [archive import: scored retroactively, not a live reading]",2026-02-27,scoring
2026-02-28,2.667,-0.703,0,down,"GFZ Potsdam planetary Kp daily max 2.667 on 2026-02-28 [archive import: scored retroactively, not a live reading]",2026-02-28,scoring
2026-03-01,2.667,-0.704,0,down,"GFZ Potsdam planetary Kp daily max 2.667 on 2026-03-01 [archive import: scored retroactively, not a live reading]",2026-03-01,scoring
2026-03-02,1.667,-1.409,0,down,"GFZ Potsdam planetary Kp daily max 1.667 on 2026-03-02 [archive import: scored retroactively, not a live reading]",2026-03-02,scoring
2026-03-03,5,0.937,0,up,"GFZ Potsdam planetary Kp daily max 5 on 2026-03-03 [archive import: scored retroactively, not a live reading]",2026-03-03,scoring
2026-03-04,3,-0.469,0,down,"GFZ Potsdam planetary Kp daily max 3 on 2026-03-04 [archive import: scored retroactively, not a live reading]",2026-03-04,scoring
2026-03-05,1.667,-1.409,0,down,"GFZ Potsdam planetary Kp daily max 1.667 on 2026-03-05 [archive import: scored retroactively, not a live reading]",2026-03-05,scoring
2026-03-06,3,-0.469,0,down,"GFZ Potsdam planetary Kp daily max 3 on 2026-03-06 [archive import: scored retroactively, not a live reading]",2026-03-06,scoring
2026-03-07,4,0.234,0,up,"GFZ Potsdam planetary Kp daily max 4 on 2026-03-07 [archive import: scored retroactively, not a live reading]",2026-03-07,scoring
2026-03-08,4.333,0.468,0,up,"GFZ Potsdam planetary Kp daily max 4.333 on 2026-03-08 [archive import: scored retroactively, not a live reading]",2026-03-08,scoring
2026-03-09,2.333,-0.940,0,down,"GFZ Potsdam planetary Kp daily max 2.333 on 2026-03-09 [archive import: scored retroactively, not a live reading]",2026-03-09,scoring
2026-03-10,4,0.235,0,up,"GFZ Potsdam planetary Kp daily max 4 on 2026-03-10 [archive import: scored retroactively, not a live reading]",2026-03-10,scoring
2026-03-11,3.667,0.000,0,flat,"GFZ Potsdam planetary Kp daily max 3.667 on 2026-03-11 [archive import: scored retroactively, not a live reading]",2026-03-11,scoring
2026-03-12,2.333,-0.940,0,down,"GFZ Potsdam planetary Kp daily max 2.333 on 2026-03-12 [archive import: scored retroactively, not a live reading]",2026-03-12,scoring
2026-03-13,5.667,1.409,0,up,"GFZ Potsdam planetary Kp daily max 5.667 on 2026-03-13 [archive import: scored retroactively, not a live reading]",2026-03-13,scoring
2026-03-14,6,1.643,0,up,"GFZ Potsdam planetary Kp daily max 6 on 2026-03-14 [archive import: scored retroactively, not a live reading]",2026-03-14,scoring
2026-03-15,4,0.235,0,up,"GFZ Potsdam planetary Kp daily max 4 on 2026-03-15 [archive import: scored retroactively, not a live reading]",2026-03-15,scoring
2026-03-16,2.667,-0.704,0,down,"GFZ Potsdam planetary Kp daily max 2.667 on 2026-03-16 [archive import: scored retroactively, not a live reading]",2026-03-16,scoring
2026-03-17,1.667,-1.409,0,down,"GFZ Potsdam planetary Kp daily max 1.667 on 2026-03-17 [archive import: scored retroactively, not a live reading]",2026-03-17,scoring
2026-03-18,1.667,-1.409,0,down,"GFZ Potsdam planetary Kp daily max 1.667 on 2026-03-18 [archive import: scored retroactively, not a live reading]",2026-03-18,scoring
2026-03-19,1,-1.878,0,down,"GFZ Potsdam planetary Kp daily max 1 on 2026-03-19 [archive import: scored retroactively, not a live reading]",2026-03-19,scoring
2026-03-20,6.333,1.875,0,up,"GFZ Potsdam planetary Kp daily max 6.333 on 2026-03-20 [archive import: scored retroactively, not a live reading]",2026-03-20,scoring
2026-03-21,7,2.344,0,up,"GFZ Potsdam planetary Kp daily max 7 on 2026-03-21 [archive import: scored retroactively, not a live reading]",2026-03-21,scoring
2026-03-22,7,2.344,0,up,"GFZ Potsdam planetary Kp daily max 7 on 2026-03-22 [archive import: scored retroactively, not a live reading]",2026-03-22,scoring
2026-03-23,5,0.937,0,up,"GFZ Potsdam planetary Kp daily max 5 on 2026-03-23 [archive import: scored retroactively, not a live reading]",2026-03-23,scoring
2026-03-24,3.667,0.000,0,flat,"GFZ Potsdam planetary Kp daily max 3.667 on 2026-03-24 [archive import: scored retroactively, not a live reading]",2026-03-24,scoring
2026-03-25,5,0.937,0,up,"GFZ Potsdam planetary Kp daily max 5 on 2026-03-25 [archive import: scored retroactively, not a live reading]",2026-03-25,scoring
2026-03-26,3,-0.469,0,down,"GFZ Potsdam planetary Kp daily max 3 on 2026-03-26 [archive import: scored retroactively, not a live reading]",2026-03-26,scoring
2026-03-27,2.333,-0.938,0,down,"GFZ Potsdam planetary Kp daily max 2.333 on 2026-03-27 [archive import: scored retroactively, not a live reading]",2026-03-27,scoring
2026-03-28,3.333,-0.235,0,down,"GFZ Potsdam planetary Kp daily max 3.333 on 2026-03-28 [archive import: scored retroactively, not a live reading]",2026-03-28,scoring
2026-03-29,3.667,0.000,0,flat,"GFZ Potsdam planetary Kp daily max 3.667 on 2026-03-29 [archive import: scored retroactively, not a live reading]",2026-03-29,scoring
2026-03-30,3.333,-0.235,0,down,"GFZ Potsdam planetary Kp daily max 3.333 on 2026-03-30 [archive import: scored retroactively, not a live reading]",2026-03-30,scoring
2026-03-31,2.667,-0.703,0,down,"GFZ Potsdam planetary Kp daily max 2.667 on 2026-03-31 [archive import: scored retroactively, not a live reading]",2026-03-31,scoring
2026-04-01,3,-0.469,0,down,"GFZ Potsdam planetary Kp daily max 3 on 2026-04-01 [archive import: scored retroactively, not a live reading]",2026-04-01,scoring
2026-04-02,6,1.641,0,up,"GFZ Potsdam planetary Kp daily max 6 on 2026-04-02 [archive import: scored retroactively, not a live reading]",2026-04-02,scoring
2026-04-03,6.333,1.875,0,up,"GFZ Potsdam planetary Kp daily max 6.333 on 2026-04-03 [archive import: scored retroactively, not a live reading]",2026-04-03,scoring
2026-04-04,4,0.234,0,up,"GFZ Potsdam planetary Kp daily max 4 on 2026-04-04 [archive import: scored retroactively, not a live reading]",2026-04-04,scoring
2026-04-05,3.667,0.000,0,flat,"GFZ Potsdam planetary Kp daily max 3.667 on 2026-04-05 [archive import: scored retroactively, not a live reading]",2026-04-05,scoring
2026-04-06,2.667,-0.703,0,down,"GFZ Potsdam planetary Kp daily max 2.667 on 2026-04-06 [archive import: scored retroactively, not a live reading]",2026-04-06,scoring
2026-04-07,3,-0.469,0,down,"GFZ Potsdam planetary Kp daily max 3 on 2026-04-07 [archive import: scored retroactively, not a live reading]",2026-04-07,scoring
2026-04-08,2.333,-0.938,0,down,"GFZ Potsdam planetary Kp daily max 2.333 on 2026-04-08 [archive import: scored retroactively, not a live reading]",2026-04-08,scoring
2026-04-09,2.333,-0.938,0,down,"GFZ Potsdam planetary Kp daily max 2.333 on 2026-04-09 [archive import: scored retroactively, not a live reading]",2026-04-09,scoring
2026-04-10,4.333,0.468,0,up,"GFZ Potsdam planetary Kp daily max 4.333 on 2026-04-10 [archive import: scored retroactively, not a live reading]",2026-04-10,scoring
2026-04-11,3.667,0.000,0,flat,"GFZ Potsdam planetary Kp daily max 3.667 on 2026-04-11 [archive import: scored retroactively, not a live reading]",2026-04-11,scoring
2026-04-12,2.667,-0.703,0,down,"GFZ Potsdam planetary Kp daily max 2.667 on 2026-04-12 [archive import: scored retroactively, not a live reading]",2026-04-12,scoring
2026-04-13,1,-1.876,0,down,"GFZ Potsdam planetary Kp daily max 1 on 2026-04-13 [archive import: scored retroactively, not a live reading]",2026-04-13,scoring
2026-04-14,1.333,-1.641,0,down,"GFZ Potsdam planetary Kp daily max 1.333 on 2026-04-14 [archive import: scored retroactively, not a live reading]",2026-04-14,scoring
2026-04-15,2,-1.172,0,down,"GFZ Potsdam planetary Kp daily max 2 on 2026-04-15 [archive import: scored retroactively, not a live reading]",2026-04-15,scoring
2026-04-16,1,-1.876,0,down,"GFZ Potsdam planetary Kp daily max 1 on 2026-04-16 [archive import: scored retroactively, not a live reading]",2026-04-16,scoring
2026-04-17,2.667,-0.703,0,down,"GFZ Potsdam planetary Kp daily max 2.667 on 2026-04-17 [archive import: scored retroactively, not a live reading]",2026-04-17,scoring
2026-04-18,5.333,1.172,0,up,"GFZ Potsdam planetary Kp daily max 5.333 on 2026-04-18 [archive import: scored retroactively, not a live reading]",2026-04-18,scoring
2026-04-19,5.333,1.172,0,up,"GFZ Potsdam planetary Kp daily max 5.333 on 2026-04-19 [archive import: scored retroactively, not a live reading]",2026-04-19,scoring
2026-04-20,5,0.937,0,up,"GFZ Potsdam planetary Kp daily max 5 on 2026-04-20 [archive import: scored retroactively, not a live reading]",2026-04-20,scoring
2026-04-21,4.667,0.703,0,up,"GFZ Potsdam planetary Kp daily max 4.667 on 2026-04-21 [archive import: scored retroactively, not a live reading]",2026-04-21,scoring
2026-04-22,1.667,-1.407,0,down,"GFZ Potsdam planetary Kp daily max 1.667 on 2026-04-22 [archive import: scored retroactively, not a live reading]",2026-04-22,scoring
2026-04-23,2.667,-0.703,0,down,"GFZ Potsdam planetary Kp daily max 2.667 on 2026-04-23 [archive import: scored retroactively, not a live reading]",2026-04-23,scoring
2026-04-24,3.333,-0.235,0,down,"GFZ Potsdam planetary Kp daily max 3.333 on 2026-04-24 [archive import: scored retroactively, not a live reading]",2026-04-24,scoring
2026-04-25,3.333,-0.117,0,down,"GFZ Potsdam planetary Kp daily max 3.333 on 2026-04-25 [archive import: scored retroactively, not a live reading]",2026-04-25,scoring
2026-04-26,3.333,-0.117,0,down,"GFZ Potsdam planetary Kp daily max 3.333 on 2026-04-26 [archive import: scored retroactively, not a live reading]",2026-04-26,scoring
2026-04-27,3,-0.352,0,down,"GFZ Potsdam planetary Kp daily max 3 on 2026-04-27 [archive import: scored retroactively, not a live reading]",2026-04-27,scoring
2026-04-28,1.333,-1.524,0,down,"GFZ Potsdam planetary Kp daily max 1.333 on 2026-04-28 [archive import: scored retroactively, not a live reading]",2026-04-28,scoring
2026-04-29,1.667,-1.172,0,down,"GFZ Potsdam planetary Kp daily max 1.667 on 2026-04-29 [archive import: scored retroactively, not a live reading]",2026-04-29,scoring
2026-04-30,4.667,0.938,0,up,"GFZ Potsdam planetary Kp daily max 4.667 on 2026-04-30 [archive import: scored retroactively, not a live reading]",2026-04-30,scoring
2026-05-01,4.333,0.703,0,up,"GFZ Potsdam planetary Kp daily max 4.333 on 2026-05-01 [archive import: scored retroactively, not a live reading]",2026-05-01,scoring
2026-05-02,2.667,-0.468,0,down,"GFZ Potsdam planetary Kp daily max 2.667 on 2026-05-02 [archive import: scored retroactively, not a live reading]",2026-05-02,scoring
2026-05-03,3,-0.234,0,down,"GFZ Potsdam planetary Kp daily max 3 on 2026-05-03 [archive import: scored retroactively, not a live reading]",2026-05-03,scoring
2026-05-04,6,1.876,0,up,"GFZ Potsdam planetary Kp daily max 6 on 2026-05-04 [archive import: scored retroactively, not a live reading]",2026-05-04,scoring
2026-05-05,4.667,0.821,0,up,"GFZ Potsdam planetary Kp daily max 4.667 on 2026-05-05 [archive import: scored retroactively, not a live reading]",2026-05-05,scoring
2026-05-06,0.667,-1.992,0,down,"GFZ Potsdam planetary Kp daily max 0.667 on 2026-05-06 [archive import: scored retroactively, not a live reading]",2026-05-06,scoring
2026-05-07,3.667,0.235,0,up,"GFZ Potsdam planetary Kp daily max 3.667 on 2026-05-07 [archive import: scored retroactively, not a live reading]",2026-05-07,scoring
2026-05-08,3.333,0.000,0,flat,"GFZ Potsdam planetary Kp daily max 3.333 on 2026-05-08 [archive import: scored retroactively, not a live reading]",2026-05-08,scoring
2026-05-09,2,-0.937,0,down,"GFZ Potsdam planetary Kp daily max 2 on 2026-05-09 [archive import: scored retroactively, not a live reading]",2026-05-09,scoring
2026-05-10,2,-0.937,0,down,"GFZ Potsdam planetary Kp daily max 2 on 2026-05-10 [archive import: scored retroactively, not a live reading]",2026-05-10,scoring
2026-05-11,2,-0.937,0,down,"GFZ Potsdam planetary Kp daily max 2 on 2026-05-11 [archive import: scored retroactively, not a live reading]",2026-05-11,scoring
2026-05-12,1,-1.641,0,down,"GFZ Potsdam planetary Kp daily max 1 on 2026-05-12 [archive import: scored retroactively, not a live reading]",2026-05-12,scoring
2026-05-13,3,-0.234,0,down,"GFZ Potsdam planetary Kp daily max 3 on 2026-05-13 [archive import: scored retroactively, not a live reading]",2026-05-13,scoring
2026-05-14,2.667,-0.468,0,down,"GFZ Potsdam planetary Kp daily max 2.667 on 2026-05-14 [archive import: scored retroactively, not a live reading]",2026-05-14,scoring
2026-05-15,6,1.876,0,up,"GFZ Potsdam planetary Kp daily max 6 on 2026-05-15 [archive import: scored retroactively, not a live reading]",2026-05-15,scoring
2026-05-16,5.667,1.641,0,up,"GFZ Potsdam planetary Kp daily max 5.667 on 2026-05-16 [archive import: scored retroactively, not a live reading]",2026-05-16,scoring
2026-05-17,2.333,-0.703,0,down,"GFZ Potsdam planetary Kp daily max 2.333 on 2026-05-17 [archive import: scored retroactively, not a live reading]",2026-05-17,scoring
2026-05-18,2.667,-0.351,0,down,"GFZ Potsdam planetary Kp daily max 2.667 on 2026-05-18 [archive import: scored retroactively, not a live reading]",2026-05-18,scoring
2026-05-19,4,0.586,0,up,"GFZ Potsdam planetary Kp daily max 4 on 2026-05-19 [archive import: scored retroactively, not a live reading]",2026-05-19,scoring
2026-05-20,3,-0.234,0,down,"GFZ Potsdam planetary Kp daily max 3 on 2026-05-20 [archive import: scored retroactively, not a live reading]",2026-05-20,scoring
2026-05-21,2.667,-0.468,0,down,"GFZ Potsdam planetary Kp daily max 2.667 on 2026-05-21 [archive import: scored retroactively, not a live reading]",2026-05-21,scoring
2026-05-22,2.333,-0.586,0,down,"GFZ Potsdam planetary Kp daily max 2.333 on 2026-05-22 [archive import: scored retroactively, not a live reading]",2026-05-22,scoring
2026-05-23,1,-1.407,0,down,"GFZ Potsdam planetary Kp daily max 1 on 2026-05-23 [archive import: scored retroactively, not a live reading]",2026-05-23,scoring
2026-05-24,2.333,-0.469,0,down,"GFZ Potsdam planetary Kp daily max 2.333 on 2026-05-24 [archive import: scored retroactively, not a live reading]",2026-05-24,scoring
2026-05-25,2.667,-0.234,0,down,"GFZ Potsdam planetary Kp daily max 2.667 on 2026-05-25 [archive import: scored retroactively, not a live reading]",2026-05-25,scoring
2026-05-26,3.667,0.469,0,up,"GFZ Potsdam planetary Kp daily max 3.667 on 2026-05-26 [archive import: scored retroactively, not a live reading]",2026-05-26,scoring
2026-05-27,3,0.000,0,flat,"GFZ Potsdam planetary Kp daily max 3 on 2026-05-27 [archive import: scored retroactively, not a live reading]",2026-05-27,scoring
2026-05-28,3.667,0.469,0,up,"GFZ Potsdam planetary Kp daily max 3.667 on 2026-05-28 [archive import: scored retroactively, not a live reading]",2026-05-28,scoring
2026-05-29,4,0.703,0,up,"GFZ Potsdam planetary Kp daily max 4 on 2026-05-29 [archive import: scored retroactively, not a live reading]",2026-05-29,scoring
2026-05-30,4,0.703,0,up,"GFZ Potsdam planetary Kp daily max 4 on 2026-05-30 [archive import: scored retroactively, not a live reading]",2026-05-30,scoring
2026-05-31,3.333,0.234,0,up,"GFZ Potsdam planetary Kp daily max 3.333 on 2026-05-31 [archive import: scored retroactively, not a live reading]",2026-05-31,scoring
2026-06-01,3.333,0.234,0,up,"GFZ Potsdam planetary Kp daily max 3.333 on 2026-06-01 [archive import: scored retroactively, not a live reading]",2026-06-01,scoring
2026-06-02,3,0.000,0,flat,"GFZ Potsdam planetary Kp daily max 3 on 2026-06-02 [archive import: scored retroactively, not a live reading]",2026-06-02,scoring
2026-06-03,3,0.000,0,flat,"GFZ Potsdam planetary Kp daily max 3 on 2026-06-03 [archive import: scored retroactively, not a live reading]",2026-06-03,scoring
2026-06-04,2.667,-0.234,0,down,"GFZ Potsdam planetary Kp daily max 2.667 on 2026-06-04 [archive import: scored retroactively, not a live reading]",2026-06-04,scoring
2026-06-05,6,2.110,0,up,"GFZ Potsdam planetary Kp daily max 6 on 2026-06-05 [archive import: scored retroactively, not a live reading]",2026-06-05,scoring
2026-06-06,4.667,1.172,0,up,"GFZ Potsdam planetary Kp daily max 4.667 on 2026-06-06 [archive import: scored retroactively, not a live reading]",2026-06-06,scoring
2026-06-07,2.667,-0.234,0,down,"GFZ Potsdam planetary Kp daily max 2.667 on 2026-06-07 [archive import: scored retroactively, not a live reading]",2026-06-07,scoring
2026-06-08,2.333,-0.469,0,down,"GFZ Potsdam planetary Kp daily max 2.333 on 2026-06-08 [archive import: scored retroactively, not a live reading]",2026-06-08,scoring
2026-06-09,3.667,0.469,0,up,"GFZ Potsdam planetary Kp daily max 3.667 on 2026-06-09 [archive import: scored retroactively, not a live reading]",2026-06-09,scoring
2026-06-10,2.333,-0.469,0,down,"GFZ Potsdam planetary Kp daily max 2.333 on 2026-06-10 [archive import: scored retroactively, not a live reading]",2026-06-10,scoring
2026-06-11,4.667,1.172,0,up,"GFZ Potsdam planetary Kp daily max 4.667 on 2026-06-11 [archive import: scored retroactively, not a live reading]",2026-06-11,scoring
2026-06-12,3.333,0.234,0,up,"GFZ Potsdam planetary Kp daily max 3.333 on 2026-06-12 [archive import: scored retroactively, not a live reading]",2026-06-12,scoring
2026-06-13,3.667,0.469,0,up,"GFZ Potsdam planetary Kp daily max 3.667 on 2026-06-13 [archive import: scored retroactively, not a live reading]",2026-06-13,scoring
2026-06-14,2,-0.703,0,down,"GFZ Potsdam planetary Kp daily max 2 on 2026-06-14 [archive import: scored retroactively, not a live reading]",2026-06-14,scoring
2026-06-15,2,-0.703,0,down,"GFZ Potsdam planetary Kp daily max 2 on 2026-06-15 [archive import: scored retroactively, not a live reading]",2026-06-15,scoring
2026-06-16,2.667,-0.234,0,down,"GFZ Potsdam planetary Kp daily max 2.667 on 2026-06-16 [archive import: scored retroactively, not a live reading]",2026-06-16,scoring
2026-06-17,2.333,-0.469,0,down,"GFZ Potsdam planetary Kp daily max 2.333 on 2026-06-17 [archive import: scored retroactively, not a live reading]",2026-06-17,scoring
2026-06-18,2.667,-0.235,0,down,"GFZ Potsdam planetary Kp daily max 2.667 on 2026-06-18 [archive import: scored retroactively, not a live reading]",2026-06-18,scoring
2026-06-19,2.667,-0.235,0,down,"GFZ Potsdam planetary Kp daily max 2.667 on 2026-06-19 [archive import: scored retroactively, not a live reading]",2026-06-19,scoring
2026-06-20,2.333,-0.470,0,down,"GFZ Potsdam planetary Kp daily max 2.333 on 2026-06-20 [archive import: scored retroactively, not a live reading]",2026-06-20,scoring
2026-06-21,1.333,-1.174,0,down,"GFZ Potsdam planetary Kp daily max 1.333 on 2026-06-21 [archive import: scored retroactively, not a live reading]",2026-06-21,scoring
2026-06-22,2,-0.704,0,down,"GFZ Potsdam planetary Kp daily max 2 on 2026-06-22 [archive import: scored retroactively, not a live reading]",2026-06-22,scoring
2026-06-23,2.667,-0.235,0,down,"GFZ Potsdam planetary Kp daily max 2.667 on 2026-06-23 [archive import: scored retroactively, not a live reading]",2026-06-23,scoring
2026-06-24,3.333,0.235,0,up,"GFZ Potsdam planetary Kp daily max 3.333 on 2026-06-24 [archive import: scored retroactively, not a live reading]",2026-06-24,scoring
2026-06-25,5,1.409,0,up,"GFZ Potsdam planetary Kp daily max 5 on 2026-06-25 [archive import: scored retroactively, not a live reading]",2026-06-25,scoring
2026-06-26,3,0.000,0,flat,"GFZ Potsdam planetary Kp daily max 3 on 2026-06-26 [archive import: scored retroactively, not a live reading]",2026-06-26,scoring
2026-06-27,2.667,-0.235,0,down,"GFZ Potsdam planetary Kp daily max 2.667 on 2026-06-27 [archive import: scored retroactively, not a live reading]",2026-06-27,scoring
2026-06-28,1.667,-0.939,0,down,"GFZ Potsdam planetary Kp daily max 1.667 on 2026-06-28 [archive import: scored retroactively, not a live reading]",2026-06-28,scoring
2026-06-29,1,-1.409,0,down,"GFZ Potsdam planetary Kp daily max 1 on 2026-06-29 [archive import: scored retroactively, not a live reading]",2026-06-29,scoring
2026-06-30,4.667,1.174,0,up,"GFZ Potsdam planetary Kp daily max 4.667 on 2026-06-30 [archive import: scored retroactively, not a live reading]",2026-06-30,scoring
2026-07-01,4.333,0.939,0,up,"GFZ Potsdam planetary Kp daily max 4.333 on 2026-07-01 [archive import: scored retroactively, not a live reading]",2026-07-01,scoring
2026-07-02,1.333,-1.174,0,down,"GFZ Potsdam planetary Kp daily max 1.333 on 2026-07-02 [archive import: scored retroactively, not a live reading]",2026-07-02,scoring
2026-07-03,3.333,0.352,0,up,"GFZ Potsdam planetary Kp daily max 3.333 on 2026-07-03 [archive import: scored retroactively, not a live reading]",2026-07-03,scoring
2026-07-04,7,2.934,0,up,"GFZ Potsdam planetary Kp daily max 7 on 2026-07-04 [archive import: scored retroactively, not a live reading]",2026-07-04,scoring
2026-07-05,4,0.822,0,up,"GFZ Potsdam planetary Kp daily max 4 on 2026-07-05 [archive import: scored retroactively, not a live reading]",2026-07-05,scoring
2026-07-06,2.333,-0.470,0,down,"GFZ Potsdam planetary Kp daily max 2.333 on 2026-07-06 [archive import: scored retroactively, not a live reading]",2026-07-06,scoring
2026-07-07,1.667,-0.822,0,down,"GFZ Potsdam planetary Kp daily max 1.667 on 2026-07-07 [archive import: scored retroactively, not a live reading]",2026-07-07,scoring
2026-07-08,3.333,0.352,0,up,"GFZ Potsdam planetary Kp daily max 3.333 on 2026-07-08 [archive import: scored retroactively, not a live reading]",2026-07-08,scoring
2026-07-09,4,0.704,0,up,"GFZ Potsdam planetary Kp daily max 4 on 2026-07-09 [archive import: scored retroactively, not a live reading]",2026-07-09,scoring
2026-07-10,3.667,0.470,0,up,"GFZ Potsdam planetary Kp daily max 3.667 on 2026-07-10 [archive import: scored retroactively, not a live reading]",2026-07-10,scoring
2026-07-11,2.333,-0.470,0,down,"GFZ Potsdam planetary Kp daily max 2.333 on 2026-07-11 [archive import: scored retroactively, not a live reading]",2026-07-11,scoring
2026-07-12,4.333,0.939,0,up,"GFZ Potsdam planetary Kp daily max 4.333 on 2026-07-12 [archive import: scored retroactively, not a live reading]",2026-07-12,scoring
2026-07-13,3.333,0.235,0,up,"GFZ Potsdam planetary Kp daily max 3.333 on 2026-07-13 [archive import: scored retroactively, not a live reading]",2026-07-13,scoring
2026-07-14,2.667,-0.235,0,down,"GFZ Potsdam planetary Kp daily max 2.667 on 2026-07-14 [archive import: scored retroactively, not a live reading]",2026-07-14,scoring
2026-07-15,3.333,0.235,0,up,"GFZ Potsdam planetary Kp daily max 3.333 on 2026-07-15 [archive import: scored retroactively, not a live reading]",2026-07-15,scoring
2026-07-16,3.333,0.235,0,up,"GFZ Potsdam planetary Kp daily max 3.333 on 2026-07-16 [archive import: scored retroactively, not a live reading]",2026-07-16,scoring
2026-07-17,1.667,-0.939,0,down,"GFZ Potsdam planetary Kp daily max 1.667 on 2026-07-17 [archive import: scored retroactively, not a live reading]",2026-07-17,scoring
2026-07-18,1.667,-0.939,0,down,"GFZ Potsdam planetary Kp daily max 1.667 on 2026-07-18 [archive import: scored retroactively, not a live reading]",2026-07-18,scoring
2026-07-19,1,-1.409,0,down,"GFZ Potsdam planetary Kp daily max 1 on 2026-07-19 [archive import: scored retroactively, not a live reading]",2026-07-19,scoring
2026-07-20,1,-1.409,0,down,"GFZ Potsdam planetary Kp daily max 1 on 2026-07-20 [archive import: scored retroactively, not a live reading]",2026-07-20,scoring
2026-07-21,3.667,0.470,0,up,"GFZ Potsdam planetary Kp daily max 3.667 on 2026-07-21 [archive import: scored retroactively, not a live reading]",2026-07-21,scoring
2026-07-22,3,0.000,0,flat,"GFZ Potsdam planetary Kp daily max 3 on 2026-07-22 [archive import: scored retroactively, not a live reading]",2026-07-22,scoring
2026-07-23,5,1.409,0,up,"GFZ Potsdam planetary Kp daily max 5 on 2026-07-23 [archive import: scored retroactively, not a live reading]",2026-07-23,scoring
2026-07-24,3.667,0.470,0,up,"GFZ Potsdam planetary Kp daily max 3.667 on 2026-07-24 [archive import: scored retroactively, not a live reading]",2026-07-24,scoring
2026-07-25,2.667,-0.235,0,down,"GFZ Potsdam planetary Kp daily max 2.667 on 2026-07-25 [archive import: scored retroactively, not a live reading]",2026-07-25,scoring
2026-07-26,1.667,-0.939,0,down,"GFZ Potsdam planetary Kp daily max 1.667 on 2026-07-26 [archive import: scored retroactively, not a live reading]",2026-07-26,scoring
2026-07-27,2.333,-0.470,0,down,"GFZ Potsdam planetary Kp daily max 2.333 on 2026-07-27 [archive import: scored retroactively, not a live reading]",2026-07-27,scoring
2026-07-28,2.667,-0.235,0,down,"GFZ Potsdam planetary Kp daily max 2.667 on 2026-07-28 [archive import: scored retroactively, not a live reading]",2026-07-28,scoring
2026-07-29,1.667,-0.939,0,down,"GFZ Potsdam planetary Kp daily max 1.667 on 2026-07-29 [archive import: scored retroactively, not a live reading]",2026-07-29,scoring
2026-07-30,1.333,-1.057,0,down,"GFZ Potsdam planetary Kp daily max 1.333 on 2026-07-30 [archive import: scored retroactively, not a live reading]",2026-07-30,scoring
2026-07-31,1.667,-0.704,0,down,"GFZ Potsdam planetary Kp daily max 1.667 on 2026-07-31 [archive import: scored retroactively, not a live reading]",2026-07-31,scoring
2026-08-01,1,-1.174,0,down,"GFZ Potsdam planetary Kp daily max 1 on 2026-08-01 [archive import: scored retroactively, not a live reading]",2026-08-01,scoring
2026-08-02,5.667,2.113,0,up,"GFZ Potsdam planetary Kp daily max 5.667 on 2026-08-02 [archive import: scored retroactively, not a live reading]",2026-08-02,scoring
2026-08-03,4.333,1.173,0,up,"GFZ Potsdam planetary Kp daily max 4.333 on 2026-08-03 [archive import: scored retroactively, not a live reading]",2026-08-03,scoring
2026-08-04,4.333,1.173,0,up,"GFZ Potsdam planetary Kp daily max 4.333 on 2026-08-04 [archive import: scored retroactively, not a live reading]",2026-08-04,scoring
2026-08-05,1.667,-0.704,0,down,"GFZ Potsdam planetary Kp daily max 1.667 on 2026-08-05 [archive import: scored retroactively, not a live reading]",2026-08-05,scoring
2026-08-06,1.333,-0.940,0,down,"GFZ Potsdam planetary Kp daily max 1.333 on 2026-08-06 [archive import: scored retroactively, not a live reading]",2026-08-06,scoring
2026-08-07,1.333,-0.940,0,down,"GFZ Potsdam planetary Kp daily max 1.333 on 2026-08-07 [archive import: scored retroactively, not a live reading]",2026-08-07,scoring
2026-08-08,5.667,2.113,0,up,"GFZ Potsdam planetary Kp daily max 5.667 on 2026-08-08 [archive import: scored retroactively, not a live reading]",2026-08-08,scoring
2026-08-09,2.667,0.000,0,flat,"GFZ Potsdam planetary Kp daily max 2.667 on 2026-08-09 [archive import: scored retroactively, not a live reading]",2026-08-09,scoring
2026-08-10,2,-0.470,0,down,"GFZ Potsdam planetary Kp daily max 2 on 2026-08-10 [archive import: scored retroactively, not a live reading]",2026-08-10,scoring
2026-08-11,3,0.235,0,up,"GFZ Potsdam planetary Kp daily max 3 on 2026-08-11 [archive import: scored retroactively, not a live reading]",2026-08-11,scoring
2026-08-12,2.667,0.000,0,flat,"GFZ Potsdam planetary Kp daily max 2.667 on 2026-08-12 [archive import: scored retroactively, not a live reading]",2026-08-12,scoring
2026-08-13,3,0.235,0,up,"GFZ Potsdam planetary Kp daily max 3 on 2026-08-13 [archive import: scored retroactively, not a live reading]",2026-08-13,scoring
2026-08-14,2.667,0.000,0,flat,"GFZ Potsdam planetary Kp daily max 2.667 on 2026-08-14 [archive import: scored retroactively, not a live reading]",2026-08-14,scoring
2026-08-15,2.667,0.000,0,flat,"GFZ Potsdam planetary Kp daily max 2.667 on 2026-08-15 [archive import: scored retroactively, not a live reading]",2026-08-15,scoring
2026-08-16,2,-0.470,0,down,"GFZ Potsdam planetary Kp daily max 2 on 2026-08-16 [archive import: scored retroactively, not a live reading]",2026-08-16,scoring
2026-08-17,3.667,0.704,0,up,"GFZ Potsdam planetary Kp daily max 3.667 on 2026-08-17 [archive import: scored retroactively, not a live reading]",2026-08-17,scoring
2026-08-18,5.333,1.878,0,up,"GFZ Potsdam planetary Kp daily max 5.333 on 2026-08-18 [archive import: scored retroactively, not a live reading]",2026-08-18,scoring
2026-08-19,4.667,1.409,0,up,"GFZ Potsdam planetary Kp daily max 4.667 on 2026-08-19 [archive import: scored retroactively, not a live reading]",2026-08-19,scoring
2026-08-20,3.333,0.469,0,up,"GFZ Potsdam planetary Kp daily max 3.333 on 2026-08-20 [archive import: scored retroactively, not a live reading]",2026-08-20,scoring
2026-08-22,3.33,,0,,NOAA SWPC planetary Kp daily max 3.33 on 2026-08-20 [sampled 22:30:33Z] [stale: observation already recorded],2026-08-20,stale
2026-08-23,3.33,0.467,0,up,NOAA SWPC planetary Kp daily max 3.33 on 2026-08-21 [sampled 22:26:59Z],2026-08-21,scoring
2026-08-24,1.33,-1.059,0,down,NOAA SWPC planetary Kp daily max 1.33 on 2026-08-22 [sampled 22:27:01Z],2026-08-22,scoring
2026-08-25,2,-0.587,0,down,NOAA SWPC planetary Kp daily max 2 on 2026-08-23 [sampled 22:32:09Z],2026-08-23,scoring
2026-08-26,3,0.117,0,up,NOAA SWPC planetary Kp daily max 3 on 2026-08-24 [sampled 22:32:33Z],2026-08-24,scoring
2026-08-27,1,-1.291,0,down,NOAA SWPC planetary Kp daily max 1 on 2026-08-26 [sampled 02:48:57Z],2026-08-26,scoring
2026-08-28,1.33,-0.942,0,down,NOAA SWPC planetary Kp daily max 1.33 on 2026-08-27 [sampled 05:55:14Z],2026-08-27,scoring
2026-08-29,4.33,1.171,0,up,NOAA SWPC planetary Kp daily max 4.33 on 2026-08-28 [sampled 03:27:25Z],2026-08-28,scoring
2026-08-30,4.33,,0,,NOAA SWPC planetary Kp daily max 4.33 on 2026-08-28 [sampled 23:51:25Z] [stale: observation already recorded],2026-08-28,stale
2026-08-31,3.67,0.706,0,up,NOAA SWPC planetary Kp daily max 3.67 on 2026-08-30 [sampled 00:09:55Z],2026-08-30,scoring
2026-09-01,3.33,0.467,0,up,NOAA SWPC planetary Kp daily max 3.33 on 2026-08-31 [sampled 00:57:25Z],2026-08-31,scoring
2026-09-02,3.33,,0,,NOAA SWPC planetary Kp daily max 3.33 on 2026-08-31 [sampled 22:31:04Z] [stale: observation already recorded],2026-08-31,stale
2026-09-03,2.67,0.002,0,up,NOAA SWPC planetary Kp daily max 2.67 on 2026-09-01 [sampled 22:31:01Z],2026-09-01,scoring
