date,raw_value,z_score,trembling,direction,source_note,obs_date,status
2020-10-19,3,,0,,"Bitstamp settled daily close, worst 3.0bp from $1 [archive import: scored retroactively, not a live reading]",2020-10-19,warming-up
2020-10-20,3,,0,,"Bitstamp settled daily close, worst 3.0bp from $1 [archive import: scored retroactively, not a live reading]",2020-10-20,warming-up
2020-10-21,0,,0,,"Bitstamp settled daily close, worst 0.0bp from $1 [archive import: scored retroactively, not a live reading]",2020-10-21,warming-up
2020-10-22,0.1,,0,,"Bitstamp settled daily close, worst 0.1bp from $1 [archive import: scored retroactively, not a live reading]",2020-10-22,warming-up
2020-10-23,33.9,,0,,"Bitstamp settled daily close, worst 33.9bp from $1 [archive import: scored retroactively, not a live reading]",2020-10-23,warming-up
2020-10-24,28.5,,0,,"Bitstamp settled daily close, worst 28.5bp from $1 [archive import: scored retroactively, not a live reading]",2020-10-24,warming-up
2020-10-25,0.2,,0,,"Bitstamp settled daily close, worst 0.2bp from $1 [archive import: scored retroactively, not a live reading]",2020-10-25,warming-up
2020-10-26,0,,0,,"Bitstamp settled daily close, worst 0.0bp from $1 [archive import: scored retroactively, not a live reading]",2020-10-26,warming-up
2020-10-27,19.9,,0,,"Bitstamp settled daily close, worst 19.9bp from $1 [archive import: scored retroactively, not a live reading]",2020-10-27,warming-up
2020-10-28,2.4,,0,,"Bitstamp settled daily close, worst 2.4bp from $1 [archive import: scored retroactively, not a live reading]",2020-10-28,warming-up
2020-10-29,20,3.837,0,up,"Bitstamp settled daily close, worst 20.0bp from $1 [archive import: scored retroactively, not a live reading]",2020-10-29,scoring
2020-10-30,2.2,-0.145,0,down,"Bitstamp settled daily close, worst 2.2bp from $1 [archive import: scored retroactively, not a live reading]",2020-10-30,scoring
2020-10-31,0.1,-0.642,0,down,"Bitstamp settled daily close, worst 0.1bp from $1 [archive import: scored retroactively, not a live reading]",2020-10-31,scoring
2020-11-01,8.7,1.428,0,up,"Bitstamp settled daily close, worst 8.7bp from $1 [archive import: scored retroactively, not a live reading]",2020-11-01,scoring
2020-11-02,3,0.061,0,up,"Bitstamp settled daily close, worst 3.0bp from $1 [archive import: scored retroactively, not a live reading]",2020-11-02,scoring
2020-11-03,0,-0.642,0,down,"Bitstamp settled daily close, worst 0.0bp from $1 [archive import: scored retroactively, not a live reading]",2020-11-03,scoring
2020-11-04,0.2,-0.580,0,down,"Bitstamp settled daily close, worst 0.2bp from $1 [archive import: scored retroactively, not a live reading]",2020-11-04,scoring
2020-11-05,12,2.227,0,up,"Bitstamp settled daily close, worst 12.0bp from $1 [archive import: scored retroactively, not a live reading]",2020-11-05,scoring
2020-11-06,0.5,-0.500,0,down,"Bitstamp settled daily close, worst 0.5bp from $1 [archive import: scored retroactively, not a live reading]",2020-11-06,scoring
2020-11-07,5.7,0.759,0,up,"Bitstamp settled daily close, worst 5.7bp from $1 [archive import: scored retroactively, not a live reading]",2020-11-07,scoring
2020-11-08,0.1,-0.580,0,down,"Bitstamp settled daily close, worst 0.1bp from $1 [archive import: scored retroactively, not a live reading]",2020-11-08,scoring
2020-11-09,3,0.131,0,up,"Bitstamp settled daily close, worst 3.0bp from $1 [archive import: scored retroactively, not a live reading]",2020-11-09,scoring
2020-11-10,5,0.528,0,up,"Bitstamp settled daily close, worst 5.0bp from $1 [archive import: scored retroactively, not a live reading]",2020-11-10,scoring
2020-11-11,0.9,-0.456,0,down,"Bitstamp settled daily close, worst 0.9bp from $1 [archive import: scored retroactively, not a live reading]",2020-11-11,scoring
2020-11-12,2.9,0.050,0,up,"Bitstamp settled daily close, worst 2.9bp from $1 [archive import: scored retroactively, not a live reading]",2020-11-12,scoring
2020-11-13,1.4,-0.356,0,down,"Bitstamp settled daily close, worst 1.4bp from $1 [archive import: scored retroactively, not a live reading]",2020-11-13,scoring
2020-11-14,6.5,0.993,0,up,"Bitstamp settled daily close, worst 6.5bp from $1 [archive import: scored retroactively, not a live reading]",2020-11-14,scoring
2020-11-15,0.5,-0.598,0,down,"Bitstamp settled daily close, worst 0.5bp from $1 [archive import: scored retroactively, not a live reading]",2020-11-15,scoring
2020-11-16,0,-0.677,0,down,"Bitstamp settled daily close, worst 0.0bp from $1 [archive import: scored retroactively, not a live reading]",2020-11-16,scoring
2020-11-17,0.1,-0.775,0,down,"Bitstamp settled daily close, worst 0.1bp from $1 [archive import: scored retroactively, not a live reading]",2020-11-17,scoring
2020-11-18,0,-0.778,0,down,"Bitstamp settled daily close, worst 0.0bp from $1 [archive import: scored retroactively, not a live reading]",2020-11-18,scoring
2020-11-19,2.6,0.188,0,up,"Bitstamp settled daily close, worst 2.6bp from $1 [archive import: scored retroactively, not a live reading]",2020-11-19,scoring
2020-11-20,0.5,-0.647,0,down,"Bitstamp settled daily close, worst 0.5bp from $1 [archive import: scored retroactively, not a live reading]",2020-11-20,scoring
2020-11-21,0,-1.147,0,down,"Bitstamp settled daily close, worst 0.0bp from $1 [archive import: scored retroactively, not a live reading]",2020-11-21,scoring
2020-11-22,0.1,-0.945,0,down,"Bitstamp settled daily close, worst 0.1bp from $1 [archive import: scored retroactively, not a live reading]",2020-11-22,scoring
2020-11-23,9.9,4.973,1,up,"Bitstamp settled daily close, worst 9.9bp from $1 [archive import: scored retroactively, not a live reading]",2020-11-23,scoring
2020-11-24,5.3,1.935,0,up,"Bitstamp settled daily close, worst 5.3bp from $1 [archive import: scored retroactively, not a live reading]",2020-11-24,scoring
2020-11-25,7,2.491,0,up,"Bitstamp settled daily close, worst 7.0bp from $1 [archive import: scored retroactively, not a live reading]",2020-11-25,scoring
2020-11-26,0.1,-0.778,0,down,"Bitstamp settled daily close, worst 0.1bp from $1 [archive import: scored retroactively, not a live reading]",2020-11-26,scoring
2020-11-27,10,4.041,1,up,"Bitstamp settled daily close, worst 10.0bp from $1 [archive import: scored retroactively, not a live reading]",2020-11-27,scoring
2020-11-28,6,1.302,0,up,"Bitstamp settled daily close, worst 6.0bp from $1 [archive import: scored retroactively, not a live reading]",2020-11-28,scoring
2020-11-29,5.7,1.181,0,up,"Bitstamp settled daily close, worst 5.7bp from $1 [archive import: scored retroactively, not a live reading]",2020-11-29,scoring
2020-11-30,0.1,-0.736,0,down,"Bitstamp settled daily close, worst 0.1bp from $1 [archive import: scored retroactively, not a live reading]",2020-11-30,scoring
2020-12-01,0,-0.858,0,down,"Bitstamp settled daily close, worst 0.0bp from $1 [archive import: scored retroactively, not a live reading]",2020-12-01,scoring
2020-12-02,0,-0.865,0,down,"Bitstamp settled daily close, worst 0.0bp from $1 [archive import: scored retroactively, not a live reading]",2020-12-02,scoring
2020-12-03,9.6,3.816,1,up,"Bitstamp settled daily close, worst 9.6bp from $1 [archive import: scored retroactively, not a live reading]",2020-12-03,scoring
2020-12-04,0,-0.862,0,down,"Bitstamp settled daily close, worst 0.0bp from $1 [archive import: scored retroactively, not a live reading]",2020-12-04,scoring
2020-12-05,0,-1.133,0,down,"Bitstamp settled daily close, worst 0.0bp from $1 [archive import: scored retroactively, not a live reading]",2020-12-05,scoring
2020-12-06,0,-0.971,0,down,"Bitstamp settled daily close, worst 0.0bp from $1 [archive import: scored retroactively, not a live reading]",2020-12-06,scoring
2020-12-07,0.3,-0.637,0,down,"Bitstamp settled daily close, worst 0.3bp from $1 [archive import: scored retroactively, not a live reading]",2020-12-07,scoring
2020-12-08,0.3,-0.515,0,down,"Bitstamp settled daily close, worst 0.3bp from $1 [archive import: scored retroactively, not a live reading]",2020-12-08,scoring
2020-12-09,1.6,0.647,0,up,"Bitstamp settled daily close, worst 1.6bp from $1 [archive import: scored retroactively, not a live reading]",2020-12-09,scoring
2020-12-10,0.1,-0.634,0,down,"Bitstamp settled daily close, worst 0.1bp from $1 [archive import: scored retroactively, not a live reading]",2020-12-10,scoring
2020-12-11,0.2,-0.647,0,down,"Bitstamp settled daily close, worst 0.2bp from $1 [archive import: scored retroactively, not a live reading]",2020-12-11,scoring
2020-12-12,0,-0.674,0,down,"Bitstamp settled daily close, worst 0.0bp from $1 [archive import: scored retroactively, not a live reading]",2020-12-12,scoring
2020-12-13,4.7,3.877,1,up,"Bitstamp settled daily close, worst 4.7bp from $1 [archive import: scored retroactively, not a live reading]",2020-12-13,scoring
2020-12-14,0.1,-0.577,0,down,"Bitstamp settled daily close, worst 0.1bp from $1 [archive import: scored retroactively, not a live reading]",2020-12-14,scoring
2020-12-15,8.6,7.470,1,up,"Bitstamp settled daily close, worst 8.6bp from $1 [archive import: scored retroactively, not a live reading]",2020-12-15,scoring
2020-12-16,0.1,-0.575,0,down,"Bitstamp settled daily close, worst 0.1bp from $1 [archive import: scored retroactively, not a live reading]",2020-12-16,scoring
2020-12-17,0,-0.461,0,down,"Bitstamp settled daily close, worst 0.0bp from $1 [archive import: scored retroactively, not a live reading]",2020-12-17,scoring
2020-12-18,0.1,-0.383,0,down,"Bitstamp settled daily close, worst 0.1bp from $1 [archive import: scored retroactively, not a live reading]",2020-12-18,scoring
2020-12-19,4.4,3.900,1,up,"Bitstamp settled daily close, worst 4.4bp from $1 [archive import: scored retroactively, not a live reading]",2020-12-19,scoring
2020-12-20,1.2,0.669,0,up,"Bitstamp settled daily close, worst 1.2bp from $1 [archive import: scored retroactively, not a live reading]",2020-12-20,scoring
2020-12-21,0,-0.460,0,down,"Bitstamp settled daily close, worst 0.0bp from $1 [archive import: scored retroactively, not a live reading]",2020-12-21,scoring
2020-12-22,0,-0.477,0,down,"Bitstamp settled daily close, worst 0.0bp from $1 [archive import: scored retroactively, not a live reading]",2020-12-22,scoring
2020-12-23,0.1,-0.400,0,down,"Bitstamp settled daily close, worst 0.1bp from $1 [archive import: scored retroactively, not a live reading]",2020-12-23,scoring
2020-12-24,0.1,-0.400,0,down,"Bitstamp settled daily close, worst 0.1bp from $1 [archive import: scored retroactively, not a live reading]",2020-12-24,scoring
2020-12-25,3.1,2.600,0,up,"Bitstamp settled daily close, worst 3.1bp from $1 [archive import: scored retroactively, not a live reading]",2020-12-25,scoring
2020-12-26,3.9,3.400,1,up,"Bitstamp settled daily close, worst 3.9bp from $1 [archive import: scored retroactively, not a live reading]",2020-12-26,scoring
2020-12-27,1.9,1.400,0,up,"Bitstamp settled daily close, worst 1.9bp from $1 [archive import: scored retroactively, not a live reading]",2020-12-27,scoring
2020-12-28,0,-0.500,0,down,"Bitstamp settled daily close, worst 0.0bp from $1 [archive import: scored retroactively, not a live reading]",2020-12-28,scoring
2020-12-29,4,3.500,1,up,"Bitstamp settled daily close, worst 4.0bp from $1 [archive import: scored retroactively, not a live reading]",2020-12-29,scoring
2020-12-30,0,-0.474,0,down,"Bitstamp settled daily close, worst 0.0bp from $1 [archive import: scored retroactively, not a live reading]",2020-12-30,scoring
2020-12-31,0.6,0.100,0,up,"Bitstamp settled daily close, worst 0.6bp from $1 [archive import: scored retroactively, not a live reading]",2020-12-31,scoring
2021-01-01,1,0.500,0,up,"Bitstamp settled daily close, worst 1.0bp from $1 [archive import: scored retroactively, not a live reading]",2021-01-01,scoring
2021-01-02,1.1,0.600,0,up,"Bitstamp settled daily close, worst 1.1bp from $1 [archive import: scored retroactively, not a live reading]",2021-01-02,scoring
2021-01-03,7.2,6.285,1,up,"Bitstamp settled daily close, worst 7.2bp from $1 [archive import: scored retroactively, not a live reading]",2021-01-03,scoring
2021-01-04,5.4,4.399,1,up,"Bitstamp settled daily close, worst 5.4bp from $1 [archive import: scored retroactively, not a live reading]",2021-01-04,scoring
2021-01-05,0.7,-0.047,0,down,"Bitstamp settled daily close, worst 0.7bp from $1 [archive import: scored retroactively, not a live reading]",2021-01-05,scoring
2021-01-06,10.5,8.978,1,up,"Bitstamp settled daily close, worst 10.5bp from $1 [archive import: scored retroactively, not a live reading]",2021-01-06,scoring
2021-01-07,110,85.803,1,up,"Bitstamp settled daily close, worst 110.0bp from $1 [archive import: scored retroactively, not a live reading]",2021-01-07,scoring
2021-01-08,6.8,4.502,1,up,"Bitstamp settled daily close, worst 6.8bp from $1 [archive import: scored retroactively, not a live reading]",2021-01-08,scoring
2021-01-09,0.7,-0.196,0,down,"Bitstamp settled daily close, worst 0.7bp from $1 [archive import: scored retroactively, not a live reading]",2021-01-09,scoring
2021-01-10,9,6.178,1,up,"Bitstamp settled daily close, worst 9.0bp from $1 [archive import: scored retroactively, not a live reading]",2021-01-10,scoring
2021-01-11,2.6,1.109,0,up,"Bitstamp settled daily close, worst 2.6bp from $1 [archive import: scored retroactively, not a live reading]",2021-01-11,scoring
2021-01-12,0.1,-0.588,0,down,"Bitstamp settled daily close, worst 0.1bp from $1 [archive import: scored retroactively, not a live reading]",2021-01-12,scoring
2021-01-13,6.6,3.793,1,up,"Bitstamp settled daily close, worst 6.6bp from $1 [archive import: scored retroactively, not a live reading]",2021-01-13,scoring
2021-01-14,0,-0.762,0,down,"Bitstamp settled daily close, worst 0.0bp from $1 [archive import: scored retroactively, not a live reading]",2021-01-14,scoring
2021-01-15,0.2,-0.503,0,down,"Bitstamp settled daily close, worst 0.2bp from $1 [archive import: scored retroactively, not a live reading]",2021-01-15,scoring
2021-01-16,0,-0.686,0,down,"Bitstamp settled daily close, worst 0.0bp from $1 [archive import: scored retroactively, not a live reading]",2021-01-16,scoring
2021-01-17,3.4,2.033,0,up,"Bitstamp settled daily close, worst 3.4bp from $1 [archive import: scored retroactively, not a live reading]",2021-01-17,scoring
2021-01-18,2.5,1.329,0,up,"Bitstamp settled daily close, worst 2.5bp from $1 [archive import: scored retroactively, not a live reading]",2021-01-18,scoring
2021-01-19,0.3,-0.391,0,down,"Bitstamp settled daily close, worst 0.3bp from $1 [archive import: scored retroactively, not a live reading]",2021-01-19,scoring
2021-01-20,0,-0.625,0,down,"Bitstamp settled daily close, worst 0.0bp from $1 [archive import: scored retroactively, not a live reading]",2021-01-20,scoring
2021-01-21,0.2,-0.469,0,down,"Bitstamp settled daily close, worst 0.2bp from $1 [archive import: scored retroactively, not a live reading]",2021-01-21,scoring
2021-01-22,9.6,8.349,1,up,"Bitstamp settled daily close, worst 9.6bp from $1 [archive import: scored retroactively, not a live reading]",2021-01-22,scoring
2021-01-23,0.4,-0.281,0,down,"Bitstamp settled daily close, worst 0.4bp from $1 [archive import: scored retroactively, not a live reading]",2021-01-23,scoring
2021-01-24,0.7,0.000,0,flat,"Bitstamp settled daily close, worst 0.7bp from $1 [archive import: scored retroactively, not a live reading]",2021-01-24,scoring
2021-01-25,0.8,0.078,0,up,"Bitstamp settled daily close, worst 0.8bp from $1 [archive import: scored retroactively, not a live reading]",2021-01-25,scoring
2021-01-26,0.3,-0.375,0,down,"Bitstamp settled daily close, worst 0.3bp from $1 [archive import: scored retroactively, not a live reading]",2021-01-26,scoring
2021-01-27,1.1,0.375,0,up,"Bitstamp settled daily close, worst 1.1bp from $1 [archive import: scored retroactively, not a live reading]",2021-01-27,scoring
2021-01-28,5.7,4.691,1,up,"Bitstamp settled daily close, worst 5.7bp from $1 [archive import: scored retroactively, not a live reading]",2021-01-28,scoring
2021-01-29,2.6,1.782,0,up,"Bitstamp settled daily close, worst 2.6bp from $1 [archive import: scored retroactively, not a live reading]",2021-01-29,scoring
2021-01-30,0,-0.657,0,down,"Bitstamp settled daily close, worst 0.0bp from $1 [archive import: scored retroactively, not a live reading]",2021-01-30,scoring
2021-01-31,0.8,0.094,0,up,"Bitstamp settled daily close, worst 0.8bp from $1 [archive import: scored retroactively, not a live reading]",2021-01-31,scoring
2021-02-01,0.2,-0.469,0,down,"Bitstamp settled daily close, worst 0.2bp from $1 [archive import: scored retroactively, not a live reading]",2021-02-01,scoring
2021-02-02,1.6,0.844,0,up,"Bitstamp settled daily close, worst 1.6bp from $1 [archive import: scored retroactively, not a live reading]",2021-02-02,scoring
2021-02-03,3.9,3.002,1,up,"Bitstamp settled daily close, worst 3.9bp from $1 [archive import: scored retroactively, not a live reading]",2021-02-03,scoring
2021-02-04,1.8,1.032,0,up,"Bitstamp settled daily close, worst 1.8bp from $1 [archive import: scored retroactively, not a live reading]",2021-02-04,scoring
2021-02-05,4.8,3.799,1,up,"Bitstamp settled daily close, worst 4.8bp from $1 [archive import: scored retroactively, not a live reading]",2021-02-05,scoring
2021-02-06,4.7,3.088,1,up,"Bitstamp settled daily close, worst 4.7bp from $1 [archive import: scored retroactively, not a live reading]",2021-02-06,scoring
2021-02-07,4.3,2.736,0,up,"Bitstamp settled daily close, worst 4.3bp from $1 [archive import: scored retroactively, not a live reading]",2021-02-07,scoring
2021-02-08,1.4,0.469,0,up,"Bitstamp settled daily close, worst 1.4bp from $1 [archive import: scored retroactively, not a live reading]",2021-02-08,scoring
2021-02-09,1.2,0.313,0,up,"Bitstamp settled daily close, worst 1.2bp from $1 [archive import: scored retroactively, not a live reading]",2021-02-09,scoring
2021-02-10,9.8,7.036,1,up,"Bitstamp settled daily close, worst 9.8bp from $1 [archive import: scored retroactively, not a live reading]",2021-02-10,scoring
2021-02-11,0.1,-0.547,0,down,"Bitstamp settled daily close, worst 0.1bp from $1 [archive import: scored retroactively, not a live reading]",2021-02-11,scoring
2021-02-12,0.2,-0.430,0,down,"Bitstamp settled daily close, worst 0.2bp from $1 [archive import: scored retroactively, not a live reading]",2021-02-12,scoring
2021-02-13,3.8,2.908,0,up,"Bitstamp settled daily close, worst 3.8bp from $1 [archive import: scored retroactively, not a live reading]",2021-02-13,scoring
2021-02-14,0,-0.586,0,down,"Bitstamp settled daily close, worst 0.0bp from $1 [archive import: scored retroactively, not a live reading]",2021-02-14,scoring
2021-02-15,0.6,-0.117,0,down,"Bitstamp settled daily close, worst 0.6bp from $1 [archive import: scored retroactively, not a live reading]",2021-02-15,scoring
2021-02-16,1,0.195,0,up,"Bitstamp settled daily close, worst 1.0bp from $1 [archive import: scored retroactively, not a live reading]",2021-02-16,scoring
2021-02-17,0.4,-0.313,0,down,"Bitstamp settled daily close, worst 0.4bp from $1 [archive import: scored retroactively, not a live reading]",2021-02-17,scoring
2021-02-18,0.1,-0.508,0,down,"Bitstamp settled daily close, worst 0.1bp from $1 [archive import: scored retroactively, not a live reading]",2021-02-18,scoring
2021-02-19,8.4,5.981,1,up,"Bitstamp settled daily close, worst 8.4bp from $1 [archive import: scored retroactively, not a live reading]",2021-02-19,scoring
2021-02-20,0.6,-0.156,0,down,"Bitstamp settled daily close, worst 0.6bp from $1 [archive import: scored retroactively, not a live reading]",2021-02-20,scoring
2021-02-21,8.4,5.942,1,up,"Bitstamp settled daily close, worst 8.4bp from $1 [archive import: scored retroactively, not a live reading]",2021-02-21,scoring
2021-02-22,0.3,-0.391,0,down,"Bitstamp settled daily close, worst 0.3bp from $1 [archive import: scored retroactively, not a live reading]",2021-02-22,scoring
2021-02-23,0,-0.586,0,down,"Bitstamp settled daily close, worst 0.0bp from $1 [archive import: scored retroactively, not a live reading]",2021-02-23,scoring
2021-02-24,0.2,-0.469,0,down,"Bitstamp settled daily close, worst 0.2bp from $1 [archive import: scored retroactively, not a live reading]",2021-02-24,scoring
2021-02-25,0.4,-0.281,0,down,"Bitstamp settled daily close, worst 0.4bp from $1 [archive import: scored retroactively, not a live reading]",2021-02-25,scoring
2021-02-26,0.5,-0.188,0,down,"Bitstamp settled daily close, worst 0.5bp from $1 [archive import: scored retroactively, not a live reading]",2021-02-26,scoring
2021-02-27,1.1,0.450,0,up,"Bitstamp settled daily close, worst 1.1bp from $1 [archive import: scored retroactively, not a live reading]",2021-02-27,scoring
2021-02-28,1,0.350,0,up,"Bitstamp settled daily close, worst 1.0bp from $1 [archive import: scored retroactively, not a live reading]",2021-02-28,scoring
2021-03-01,1.9,1.200,0,up,"Bitstamp settled daily close, worst 1.9bp from $1 [archive import: scored retroactively, not a live reading]",2021-03-01,scoring
2021-03-02,1.7,0.938,0,up,"Bitstamp settled daily close, worst 1.7bp from $1 [archive import: scored retroactively, not a live reading]",2021-03-02,scoring
2021-03-03,1.7,0.891,0,up,"Bitstamp settled daily close, worst 1.7bp from $1 [archive import: scored retroactively, not a live reading]",2021-03-03,scoring
2021-03-04,0,-0.704,0,down,"Bitstamp settled daily close, worst 0.0bp from $1 [archive import: scored retroactively, not a live reading]",2021-03-04,scoring
2021-03-05,0.5,-0.235,0,down,"Bitstamp settled daily close, worst 0.5bp from $1 [archive import: scored retroactively, not a live reading]",2021-03-05,scoring
2021-03-06,0.6,-0.141,0,down,"Bitstamp settled daily close, worst 0.6bp from $1 [archive import: scored retroactively, not a live reading]",2021-03-06,scoring
2021-03-07,0.6,-0.141,0,down,"Bitstamp settled daily close, worst 0.6bp from $1 [archive import: scored retroactively, not a live reading]",2021-03-07,scoring
2021-03-08,1,0.235,0,up,"Bitstamp settled daily close, worst 1.0bp from $1 [archive import: scored retroactively, not a live reading]",2021-03-08,scoring
2021-03-09,0.4,-0.375,0,down,"Bitstamp settled daily close, worst 0.4bp from $1 [archive import: scored retroactively, not a live reading]",2021-03-09,scoring
2021-03-10,4,3.049,1,up,"Bitstamp settled daily close, worst 4.0bp from $1 [archive import: scored retroactively, not a live reading]",2021-03-10,scoring
2021-03-11,0,-0.751,0,down,"Bitstamp settled daily close, worst 0.0bp from $1 [archive import: scored retroactively, not a live reading]",2021-03-11,scoring
2021-03-12,9.6,8.256,1,up,"Bitstamp settled daily close, worst 9.6bp from $1 [archive import: scored retroactively, not a live reading]",2021-03-12,scoring
2021-03-13,2.7,1.407,0,up,"Bitstamp settled daily close, worst 2.7bp from $1 [archive import: scored retroactively, not a live reading]",2021-03-13,scoring
2021-03-14,2,0.860,0,up,"Bitstamp settled daily close, worst 2.0bp from $1 [archive import: scored retroactively, not a live reading]",2021-03-14,scoring
2021-03-15,4.4,2.658,0,up,"Bitstamp settled daily close, worst 4.4bp from $1 [archive import: scored retroactively, not a live reading]",2021-03-15,scoring
2021-03-16,2.2,0.938,0,up,"Bitstamp settled daily close, worst 2.2bp from $1 [archive import: scored retroactively, not a live reading]",2021-03-16,scoring
2021-03-17,7.7,5.238,1,up,"Bitstamp settled daily close, worst 7.7bp from $1 [archive import: scored retroactively, not a live reading]",2021-03-17,scoring
2021-03-18,4.9,3.049,1,up,"Bitstamp settled daily close, worst 4.9bp from $1 [archive import: scored retroactively, not a live reading]",2021-03-18,scoring
2021-03-19,3.7,2.072,0,up,"Bitstamp settled daily close, worst 3.7bp from $1 [archive import: scored retroactively, not a live reading]",2021-03-19,scoring
2021-03-20,5.9,3.792,1,up,"Bitstamp settled daily close, worst 5.9bp from $1 [archive import: scored retroactively, not a live reading]",2021-03-20,scoring
2021-03-21,0.2,-0.570,0,down,"Bitstamp settled daily close, worst 0.2bp from $1 [archive import: scored retroactively, not a live reading]",2021-03-21,scoring
2021-03-22,5.9,3.792,1,up,"Bitstamp settled daily close, worst 5.9bp from $1 [archive import: scored retroactively, not a live reading]",2021-03-22,scoring
2021-03-23,5,2.613,0,up,"Bitstamp settled daily close, worst 5.0bp from $1 [archive import: scored retroactively, not a live reading]",2021-03-23,scoring
2021-03-24,5.9,3.216,1,up,"Bitstamp settled daily close, worst 5.9bp from $1 [archive import: scored retroactively, not a live reading]",2021-03-24,scoring
2021-03-25,5,2.580,0,up,"Bitstamp settled daily close, worst 5.0bp from $1 [archive import: scored retroactively, not a live reading]",2021-03-25,scoring
2021-03-26,4.5,2.245,0,up,"Bitstamp settled daily close, worst 4.5bp from $1 [archive import: scored retroactively, not a live reading]",2021-03-26,scoring
2021-03-27,1.7,0.369,0,up,"Bitstamp settled daily close, worst 1.7bp from $1 [archive import: scored retroactively, not a live reading]",2021-03-27,scoring
2021-03-28,1.7,0.369,0,up,"Bitstamp settled daily close, worst 1.7bp from $1 [archive import: scored retroactively, not a live reading]",2021-03-28,scoring
2021-03-29,7.5,3.635,1,up,"Bitstamp settled daily close, worst 7.5bp from $1 [archive import: scored retroactively, not a live reading]",2021-03-29,scoring
2021-03-30,8.3,4.104,1,up,"Bitstamp settled daily close, worst 8.3bp from $1 [archive import: scored retroactively, not a live reading]",2021-03-30,scoring
2021-03-31,2,0.293,0,up,"Bitstamp settled daily close, worst 2.0bp from $1 [archive import: scored retroactively, not a live reading]",2021-03-31,scoring
2021-04-01,7.5,3.430,1,up,"Bitstamp settled daily close, worst 7.5bp from $1 [archive import: scored retroactively, not a live reading]",2021-04-01,scoring
2021-04-02,0.2,-0.782,0,down,"Bitstamp settled daily close, worst 0.2bp from $1 [archive import: scored retroactively, not a live reading]",2021-04-02,scoring
2021-04-03,8.5,3.544,1,up,"Bitstamp settled daily close, worst 8.5bp from $1 [archive import: scored retroactively, not a live reading]",2021-04-03,scoring
2021-04-04,9.2,3.909,1,up,"Bitstamp settled daily close, worst 9.2bp from $1 [archive import: scored retroactively, not a live reading]",2021-04-04,scoring
2021-04-05,3.2,0.782,0,up,"Bitstamp settled daily close, worst 3.2bp from $1 [archive import: scored retroactively, not a live reading]",2021-04-05,scoring
2021-04-06,7.3,2.919,0,up,"Bitstamp settled daily close, worst 7.3bp from $1 [archive import: scored retroactively, not a live reading]",2021-04-06,scoring
2021-04-07,0.5,-0.625,0,down,"Bitstamp settled daily close, worst 0.5bp from $1 [archive import: scored retroactively, not a live reading]",2021-04-07,scoring
2021-04-08,2.9,0.625,0,up,"Bitstamp settled daily close, worst 2.9bp from $1 [archive import: scored retroactively, not a live reading]",2021-04-08,scoring
2021-04-09,4.6,1.511,0,up,"Bitstamp settled daily close, worst 4.6bp from $1 [archive import: scored retroactively, not a live reading]",2021-04-09,scoring
2021-04-10,7.5,3.023,1,up,"Bitstamp settled daily close, worst 7.5bp from $1 [archive import: scored retroactively, not a live reading]",2021-04-10,scoring
2021-04-11,5,1.720,0,up,"Bitstamp settled daily close, worst 5.0bp from $1 [archive import: scored retroactively, not a live reading]",2021-04-11,scoring
2021-04-12,0.6,-0.573,0,down,"Bitstamp settled daily close, worst 0.6bp from $1 [archive import: scored retroactively, not a live reading]",2021-04-12,scoring
2021-04-13,10,4.326,1,up,"Bitstamp settled daily close, worst 10.0bp from $1 [archive import: scored retroactively, not a live reading]",2021-04-13,scoring
2021-04-14,9,3.805,1,up,"Bitstamp settled daily close, worst 9.0bp from $1 [archive import: scored retroactively, not a live reading]",2021-04-14,scoring
2021-04-15,9.3,3.961,1,up,"Bitstamp settled daily close, worst 9.3bp from $1 [archive import: scored retroactively, not a live reading]",2021-04-15,scoring
2021-04-16,10.9,4.292,1,up,"Bitstamp settled daily close, worst 10.9bp from $1 [archive import: scored retroactively, not a live reading]",2021-04-16,scoring
2021-04-17,4.5,1.243,0,up,"Bitstamp settled daily close, worst 4.5bp from $1 [archive import: scored retroactively, not a live reading]",2021-04-17,scoring
2021-04-18,6,1.947,0,up,"Bitstamp settled daily close, worst 6.0bp from $1 [archive import: scored retroactively, not a live reading]",2021-04-18,scoring
2021-04-19,4.4,1.196,0,up,"Bitstamp settled daily close, worst 4.4bp from $1 [archive import: scored retroactively, not a live reading]",2021-04-19,scoring
2021-04-20,7.4,2.556,0,up,"Bitstamp settled daily close, worst 7.4bp from $1 [archive import: scored retroactively, not a live reading]",2021-04-20,scoring
2021-04-21,5.3,1.407,0,up,"Bitstamp settled daily close, worst 5.3bp from $1 [archive import: scored retroactively, not a live reading]",2021-04-21,scoring
2021-04-22,8.7,2.814,0,up,"Bitstamp settled daily close, worst 8.7bp from $1 [archive import: scored retroactively, not a live reading]",2021-04-22,scoring
2021-04-23,2,-0.043,0,down,"Bitstamp settled daily close, worst 2.0bp from $1 [archive import: scored retroactively, not a live reading]",2021-04-23,scoring
2021-04-24,4,0.810,0,up,"Bitstamp settled daily close, worst 4.0bp from $1 [archive import: scored retroactively, not a live reading]",2021-04-24,scoring
2021-04-25,9.8,2.893,0,up,"Bitstamp settled daily close, worst 9.8bp from $1 [archive import: scored retroactively, not a live reading]",2021-04-25,scoring
2021-04-26,2.1,-0.215,0,down,"Bitstamp settled daily close, worst 2.1bp from $1 [archive import: scored retroactively, not a live reading]",2021-04-26,scoring
2021-04-27,0.5,-0.840,0,down,"Bitstamp settled daily close, worst 0.5bp from $1 [archive import: scored retroactively, not a live reading]",2021-04-27,scoring
2021-04-28,1.2,-0.567,0,down,"Bitstamp settled daily close, worst 1.2bp from $1 [archive import: scored retroactively, not a live reading]",2021-04-28,scoring
2021-04-29,0.6,-0.704,0,down,"Bitstamp settled daily close, worst 0.6bp from $1 [archive import: scored retroactively, not a live reading]",2021-04-29,scoring
2021-04-30,0.1,-0.801,0,down,"Bitstamp settled daily close, worst 0.1bp from $1 [archive import: scored retroactively, not a live reading]",2021-04-30,scoring
2021-05-01,5,1.114,0,up,"Bitstamp settled daily close, worst 5.0bp from $1 [archive import: scored retroactively, not a live reading]",2021-05-01,scoring
2021-05-02,5,0.997,0,up,"Bitstamp settled daily close, worst 5.0bp from $1 [archive import: scored retroactively, not a live reading]",2021-05-02,scoring
2021-05-03,3,0.078,0,up,"Bitstamp settled daily close, worst 3.0bp from $1 [archive import: scored retroactively, not a live reading]",2021-05-03,scoring
2021-05-04,0.1,-1.114,0,down,"Bitstamp settled daily close, worst 0.1bp from $1 [archive import: scored retroactively, not a live reading]",2021-05-04,scoring
2021-05-05,0,-1.094,0,down,"Bitstamp settled daily close, worst 0.0bp from $1 [archive import: scored retroactively, not a live reading]",2021-05-05,scoring
2021-05-06,9.9,2.775,0,up,"Bitstamp settled daily close, worst 9.9bp from $1 [archive import: scored retroactively, not a live reading]",2021-05-06,scoring
2021-05-07,8.6,2.267,0,up,"Bitstamp settled daily close, worst 8.6bp from $1 [archive import: scored retroactively, not a live reading]",2021-05-07,scoring
2021-05-08,8.7,2.306,0,up,"Bitstamp settled daily close, worst 8.7bp from $1 [archive import: scored retroactively, not a live reading]",2021-05-08,scoring
2021-05-09,2.3,-0.195,0,down,"Bitstamp settled daily close, worst 2.3bp from $1 [archive import: scored retroactively, not a live reading]",2021-05-09,scoring
2021-05-10,5,0.794,0,up,"Bitstamp settled daily close, worst 5.0bp from $1 [archive import: scored retroactively, not a live reading]",2021-05-10,scoring
2021-05-11,2.9,-0.018,0,down,"Bitstamp settled daily close, worst 2.9bp from $1 [archive import: scored retroactively, not a live reading]",2021-05-11,scoring
2021-05-12,0.2,-0.974,0,down,"Bitstamp settled daily close, worst 0.2bp from $1 [archive import: scored retroactively, not a live reading]",2021-05-12,scoring
2021-05-13,11.3,3.031,1,up,"Bitstamp settled daily close, worst 11.3bp from $1 [archive import: scored retroactively, not a live reading]",2021-05-13,scoring
2021-05-14,10,2.544,0,up,"Bitstamp settled daily close, worst 10.0bp from $1 [archive import: scored retroactively, not a live reading]",2021-05-14,scoring
2021-05-15,0.6,-0.787,0,down,"Bitstamp settled daily close, worst 0.6bp from $1 [archive import: scored retroactively, not a live reading]",2021-05-15,scoring
2021-05-16,4.8,0.620,0,up,"Bitstamp settled daily close, worst 4.8bp from $1 [archive import: scored retroactively, not a live reading]",2021-05-16,scoring
2021-05-17,8.4,1.776,0,up,"Bitstamp settled daily close, worst 8.4bp from $1 [archive import: scored retroactively, not a live reading]",2021-05-17,scoring
2021-05-18,0.3,-1.055,0,down,"Bitstamp settled daily close, worst 0.3bp from $1 [archive import: scored retroactively, not a live reading]",2021-05-18,scoring
2021-05-19,1.3,-0.720,0,down,"Bitstamp settled daily close, worst 1.3bp from $1 [archive import: scored retroactively, not a live reading]",2021-05-19,scoring
2021-05-20,1.1,-0.787,0,down,"Bitstamp settled daily close, worst 1.1bp from $1 [archive import: scored retroactively, not a live reading]",2021-05-20,scoring
2021-05-21,2,-0.369,0,down,"Bitstamp settled daily close, worst 2.0bp from $1 [archive import: scored retroactively, not a live reading]",2021-05-21,scoring
2021-05-22,0.1,-1.005,0,down,"Bitstamp settled daily close, worst 0.1bp from $1 [archive import: scored retroactively, not a live reading]",2021-05-22,scoring
2021-05-23,0.9,-0.687,0,down,"Bitstamp settled daily close, worst 0.9bp from $1 [archive import: scored retroactively, not a live reading]",2021-05-23,scoring
2021-05-24,9.4,2.327,0,up,"Bitstamp settled daily close, worst 9.4bp from $1 [archive import: scored retroactively, not a live reading]",2021-05-24,scoring
2021-05-25,4.9,0.603,0,up,"Bitstamp settled daily close, worst 4.9bp from $1 [archive import: scored retroactively, not a live reading]",2021-05-25,scoring
2021-05-26,1.9,-0.519,0,down,"Bitstamp settled daily close, worst 1.9bp from $1 [archive import: scored retroactively, not a live reading]",2021-05-26,scoring
2021-05-27,1,-0.821,0,down,"Bitstamp settled daily close, worst 1.0bp from $1 [archive import: scored retroactively, not a live reading]",2021-05-27,scoring
2021-05-28,0.2,-1.089,0,down,"Bitstamp settled daily close, worst 0.2bp from $1 [archive import: scored retroactively, not a live reading]",2021-05-28,scoring
2021-05-29,0.1,-1.122,0,down,"Bitstamp settled daily close, worst 0.1bp from $1 [archive import: scored retroactively, not a live reading]",2021-05-29,scoring
2021-05-30,0.9,-0.854,0,down,"Bitstamp settled daily close, worst 0.9bp from $1 [archive import: scored retroactively, not a live reading]",2021-05-30,scoring
2021-05-31,4,0.184,0,up,"Bitstamp settled daily close, worst 4.0bp from $1 [archive import: scored retroactively, not a live reading]",2021-05-31,scoring
2021-06-01,4,0.050,0,up,"Bitstamp settled daily close, worst 4.0bp from $1 [archive import: scored retroactively, not a live reading]",2021-06-01,scoring
2021-06-02,0.1,-1.307,0,down,"Bitstamp settled daily close, worst 0.1bp from $1 [archive import: scored retroactively, not a live reading]",2021-06-02,scoring
2021-06-03,4.7,0.235,0,up,"Bitstamp settled daily close, worst 4.7bp from $1 [archive import: scored retroactively, not a live reading]",2021-06-03,scoring
2021-06-04,2.4,-0.500,0,down,"Bitstamp settled daily close, worst 2.4bp from $1 [archive import: scored retroactively, not a live reading]",2021-06-04,scoring
2021-06-05,0,-1.251,0,down,"Bitstamp settled daily close, worst 0.0bp from $1 [archive import: scored retroactively, not a live reading]",2021-06-05,scoring
2021-06-06,1,-0.938,0,down,"Bitstamp settled daily close, worst 1.0bp from $1 [archive import: scored retroactively, not a live reading]",2021-06-06,scoring
2021-06-07,0.9,-0.969,0,down,"Bitstamp settled daily close, worst 0.9bp from $1 [archive import: scored retroactively, not a live reading]",2021-06-07,scoring
2021-06-08,0,-1.251,0,down,"Bitstamp settled daily close, worst 0.0bp from $1 [archive import: scored retroactively, not a live reading]",2021-06-08,scoring
2021-06-09,4.9,0.281,0,up,"Bitstamp settled daily close, worst 4.9bp from $1 [archive import: scored retroactively, not a live reading]",2021-06-09,scoring
2021-06-10,3.1,-0.281,0,down,"Bitstamp settled daily close, worst 3.1bp from $1 [archive import: scored retroactively, not a live reading]",2021-06-10,scoring
2021-06-11,0,-1.251,0,down,"Bitstamp settled daily close, worst 0.0bp from $1 [archive import: scored retroactively, not a live reading]",2021-06-11,scoring
2021-06-12,1.1,-0.972,0,down,"Bitstamp settled daily close, worst 1.1bp from $1 [archive import: scored retroactively, not a live reading]",2021-06-12,scoring
2021-06-13,2.7,-0.436,0,down,"Bitstamp settled daily close, worst 2.7bp from $1 [archive import: scored retroactively, not a live reading]",2021-06-13,scoring
2021-06-14,3,-0.285,0,down,"Bitstamp settled daily close, worst 3.0bp from $1 [archive import: scored retroactively, not a live reading]",2021-06-14,scoring
2021-06-15,20,5.411,1,up,"Bitstamp settled daily close, worst 20.0bp from $1 [archive import: scored retroactively, not a live reading]",2021-06-15,scoring
2021-06-16,0.1,-1.173,0,down,"Bitstamp settled daily close, worst 0.1bp from $1 [archive import: scored retroactively, not a live reading]",2021-06-16,scoring
2021-06-17,10.5,2.205,0,up,"Bitstamp settled daily close, worst 10.5bp from $1 [archive import: scored retroactively, not a live reading]",2021-06-17,scoring
2021-06-18,4.6,0.313,0,up,"Bitstamp settled daily close, worst 4.6bp from $1 [archive import: scored retroactively, not a live reading]",2021-06-18,scoring
2021-06-19,13.1,2.971,0,up,"Bitstamp settled daily close, worst 13.1bp from $1 [archive import: scored retroactively, not a live reading]",2021-06-19,scoring
2021-06-20,2,-0.625,0,down,"Bitstamp settled daily close, worst 2.0bp from $1 [archive import: scored retroactively, not a live reading]",2021-06-20,scoring
2021-06-21,4.4,0.250,0,up,"Bitstamp settled daily close, worst 4.4bp from $1 [archive import: scored retroactively, not a live reading]",2021-06-21,scoring
2021-06-22,2.6,-0.313,0,down,"Bitstamp settled daily close, worst 2.6bp from $1 [archive import: scored retroactively, not a live reading]",2021-06-22,scoring
2021-06-23,5,0.579,0,up,"Bitstamp settled daily close, worst 5.0bp from $1 [archive import: scored retroactively, not a live reading]",2021-06-23,scoring
2021-06-24,2,-0.360,0,down,"Bitstamp settled daily close, worst 2.0bp from $1 [archive import: scored retroactively, not a live reading]",2021-06-24,scoring
2021-06-25,10.4,2.298,0,up,"Bitstamp settled daily close, worst 10.4bp from $1 [archive import: scored retroactively, not a live reading]",2021-06-25,scoring
2021-06-26,7.8,1.454,0,up,"Bitstamp settled daily close, worst 7.8bp from $1 [archive import: scored retroactively, not a live reading]",2021-06-26,scoring
2021-06-27,1.4,-0.645,0,down,"Bitstamp settled daily close, worst 1.4bp from $1 [archive import: scored retroactively, not a live reading]",2021-06-27,scoring
2021-06-28,9.8,2.080,0,up,"Bitstamp settled daily close, worst 9.8bp from $1 [archive import: scored retroactively, not a live reading]",2021-06-28,scoring
2021-06-29,1.7,-0.453,0,down,"Bitstamp settled daily close, worst 1.7bp from $1 [archive import: scored retroactively, not a live reading]",2021-06-29,scoring
2021-06-30,5.2,0.641,0,up,"Bitstamp settled daily close, worst 5.2bp from $1 [archive import: scored retroactively, not a live reading]",2021-06-30,scoring
2021-07-01,4.9,0.547,0,up,"Bitstamp settled daily close, worst 4.9bp from $1 [archive import: scored retroactively, not a live reading]",2021-07-01,scoring
2021-07-02,1.6,-0.625,0,down,"Bitstamp settled daily close, worst 1.6bp from $1 [archive import: scored retroactively, not a live reading]",2021-07-02,scoring
2021-07-03,4.8,0.516,0,up,"Bitstamp settled daily close, worst 4.8bp from $1 [archive import: scored retroactively, not a live reading]",2021-07-03,scoring
2021-07-04,1.1,-0.687,0,down,"Bitstamp settled daily close, worst 1.1bp from $1 [archive import: scored retroactively, not a live reading]",2021-07-04,scoring
2021-07-05,4.3,0.419,0,up,"Bitstamp settled daily close, worst 4.3bp from $1 [archive import: scored retroactively, not a live reading]",2021-07-05,scoring
2021-07-06,2.8,-0.084,0,down,"Bitstamp settled daily close, worst 2.8bp from $1 [archive import: scored retroactively, not a live reading]",2021-07-06,scoring
2021-07-07,1.2,-0.620,0,down,"Bitstamp settled daily close, worst 1.2bp from $1 [archive import: scored retroactively, not a live reading]",2021-07-07,scoring
2021-07-08,3.1,0.017,0,up,"Bitstamp settled daily close, worst 3.1bp from $1 [archive import: scored retroactively, not a live reading]",2021-07-08,scoring
2021-07-09,0.1,-0.988,0,down,"Bitstamp settled daily close, worst 0.1bp from $1 [archive import: scored retroactively, not a live reading]",2021-07-09,scoring
2021-07-10,0.3,-0.974,0,down,"Bitstamp settled daily close, worst 0.3bp from $1 [archive import: scored retroactively, not a live reading]",2021-07-10,scoring
2021-07-11,6,1.101,0,up,"Bitstamp settled daily close, worst 6.0bp from $1 [archive import: scored retroactively, not a live reading]",2021-07-11,scoring
2021-07-12,4.8,0.649,0,up,"Bitstamp settled daily close, worst 4.8bp from $1 [archive import: scored retroactively, not a live reading]",2021-07-12,scoring
2021-07-13,3.9,0.325,0,up,"Bitstamp settled daily close, worst 3.9bp from $1 [archive import: scored retroactively, not a live reading]",2021-07-13,scoring
2021-07-14,5.8,1.010,0,up,"Bitstamp settled daily close, worst 5.8bp from $1 [archive import: scored retroactively, not a live reading]",2021-07-14,scoring
2021-07-15,1.5,-0.541,0,down,"Bitstamp settled daily close, worst 1.5bp from $1 [archive import: scored retroactively, not a live reading]",2021-07-15,scoring
2021-07-16,4.2,0.489,0,up,"Bitstamp settled daily close, worst 4.2bp from $1 [archive import: scored retroactively, not a live reading]",2021-07-16,scoring
2021-07-17,4.5,0.606,0,up,"Bitstamp settled daily close, worst 4.5bp from $1 [archive import: scored retroactively, not a live reading]",2021-07-17,scoring
2021-07-18,4.1,0.450,0,up,"Bitstamp settled daily close, worst 4.1bp from $1 [archive import: scored retroactively, not a live reading]",2021-07-18,scoring
2021-07-19,0.7,-0.880,0,down,"Bitstamp settled daily close, worst 0.7bp from $1 [archive import: scored retroactively, not a live reading]",2021-07-19,scoring
2021-07-20,2,-0.362,0,down,"Bitstamp settled daily close, worst 2.0bp from $1 [archive import: scored retroactively, not a live reading]",2021-07-20,scoring
2021-07-21,10.8,3.433,1,up,"Bitstamp settled daily close, worst 10.8bp from $1 [archive import: scored retroactively, not a live reading]",2021-07-21,scoring
2021-07-22,4.4,0.704,0,up,"Bitstamp settled daily close, worst 4.4bp from $1 [archive import: scored retroactively, not a live reading]",2021-07-22,scoring
2021-07-23,10,3.049,1,up,"Bitstamp settled daily close, worst 10.0bp from $1 [archive import: scored retroactively, not a live reading]",2021-07-23,scoring
2021-07-24,9.6,2.639,0,up,"Bitstamp settled daily close, worst 9.6bp from $1 [archive import: scored retroactively, not a live reading]",2021-07-24,scoring
2021-07-25,11.6,3.420,1,up,"Bitstamp settled daily close, worst 11.6bp from $1 [archive import: scored retroactively, not a live reading]",2021-07-25,scoring
2021-07-26,2.9,-0.020,0,down,"Bitstamp settled daily close, worst 2.9bp from $1 [archive import: scored retroactively, not a live reading]",2021-07-26,scoring
2021-07-27,8,1.974,0,up,"Bitstamp settled daily close, worst 8.0bp from $1 [archive import: scored retroactively, not a live reading]",2021-07-27,scoring
2021-07-28,1.7,-0.469,0,down,"Bitstamp settled daily close, worst 1.7bp from $1 [archive import: scored retroactively, not a live reading]",2021-07-28,scoring
2021-07-29,2,-0.361,0,down,"Bitstamp settled daily close, worst 2.0bp from $1 [archive import: scored retroactively, not a live reading]",2021-07-29,scoring
2021-07-30,8.9,2.129,0,up,"Bitstamp settled daily close, worst 8.9bp from $1 [archive import: scored retroactively, not a live reading]",2021-07-30,scoring
2021-07-31,6,1.082,0,up,"Bitstamp settled daily close, worst 6.0bp from $1 [archive import: scored retroactively, not a live reading]",2021-07-31,scoring
2021-08-01,0.8,-0.794,0,down,"Bitstamp settled daily close, worst 0.8bp from $1 [archive import: scored retroactively, not a live reading]",2021-08-01,scoring
2021-08-02,3.3,0.126,0,up,"Bitstamp settled daily close, worst 3.3bp from $1 [archive import: scored retroactively, not a live reading]",2021-08-02,scoring
2021-08-03,4.8,0.631,0,up,"Bitstamp settled daily close, worst 4.8bp from $1 [archive import: scored retroactively, not a live reading]",2021-08-03,scoring
2021-08-04,2,-0.397,0,down,"Bitstamp settled daily close, worst 2.0bp from $1 [archive import: scored retroactively, not a live reading]",2021-08-04,scoring
2021-08-05,4.6,0.559,0,up,"Bitstamp settled daily close, worst 4.6bp from $1 [archive import: scored retroactively, not a live reading]",2021-08-05,scoring
2021-08-06,8.6,2.003,0,up,"Bitstamp settled daily close, worst 8.6bp from $1 [archive import: scored retroactively, not a live reading]",2021-08-06,scoring
2021-08-07,13.9,3.915,1,up,"Bitstamp settled daily close, worst 13.9bp from $1 [archive import: scored retroactively, not a live reading]",2021-08-07,scoring
2021-08-08,3.1,0.000,0,flat,"Bitstamp settled daily close, worst 3.1bp from $1 [archive import: scored retroactively, not a live reading]",2021-08-08,scoring
2021-08-09,2.7,-0.144,0,down,"Bitstamp settled daily close, worst 2.7bp from $1 [archive import: scored retroactively, not a live reading]",2021-08-09,scoring
2021-08-10,4.9,0.649,0,up,"Bitstamp settled daily close, worst 4.9bp from $1 [archive import: scored retroactively, not a live reading]",2021-08-10,scoring
2021-08-11,8.1,1.804,0,up,"Bitstamp settled daily close, worst 8.1bp from $1 [archive import: scored retroactively, not a live reading]",2021-08-11,scoring
2021-08-12,0.5,-0.938,0,down,"Bitstamp settled daily close, worst 0.5bp from $1 [archive import: scored retroactively, not a live reading]",2021-08-12,scoring
2021-08-13,6,1.046,0,up,"Bitstamp settled daily close, worst 6.0bp from $1 [archive import: scored retroactively, not a live reading]",2021-08-13,scoring
2021-08-14,5.4,0.830,0,up,"Bitstamp settled daily close, worst 5.4bp from $1 [archive import: scored retroactively, not a live reading]",2021-08-14,scoring
2021-08-15,9.8,2.418,0,up,"Bitstamp settled daily close, worst 9.8bp from $1 [archive import: scored retroactively, not a live reading]",2021-08-15,scoring
2021-08-16,5.6,0.902,0,up,"Bitstamp settled daily close, worst 5.6bp from $1 [archive import: scored retroactively, not a live reading]",2021-08-16,scoring
2021-08-17,2,-0.433,0,down,"Bitstamp settled daily close, worst 2.0bp from $1 [archive import: scored retroactively, not a live reading]",2021-08-17,scoring
2021-08-18,0.7,-0.902,0,down,"Bitstamp settled daily close, worst 0.7bp from $1 [archive import: scored retroactively, not a live reading]",2021-08-18,scoring
2021-08-19,5.6,0.866,0,up,"Bitstamp settled daily close, worst 5.6bp from $1 [archive import: scored retroactively, not a live reading]",2021-08-19,scoring
2021-08-20,6,0.866,0,up,"Bitstamp settled daily close, worst 6.0bp from $1 [archive import: scored retroactively, not a live reading]",2021-08-20,scoring
2021-08-21,10.6,2.228,0,up,"Bitstamp settled daily close, worst 10.6bp from $1 [archive import: scored retroactively, not a live reading]",2021-08-21,scoring
2021-08-22,8,1.340,0,up,"Bitstamp settled daily close, worst 8.0bp from $1 [archive import: scored retroactively, not a live reading]",2021-08-22,scoring
2021-08-23,7,1.005,0,up,"Bitstamp settled daily close, worst 7.0bp from $1 [archive import: scored retroactively, not a live reading]",2021-08-23,scoring
2021-08-24,2.3,-0.570,0,down,"Bitstamp settled daily close, worst 2.3bp from $1 [archive import: scored retroactively, not a live reading]",2021-08-24,scoring
2021-08-25,4.8,0.268,0,up,"Bitstamp settled daily close, worst 4.8bp from $1 [archive import: scored retroactively, not a live reading]",2021-08-25,scoring
2021-08-26,3.3,-0.235,0,down,"Bitstamp settled daily close, worst 3.3bp from $1 [archive import: scored retroactively, not a live reading]",2021-08-26,scoring
2021-08-27,5.8,0.586,0,up,"Bitstamp settled daily close, worst 5.8bp from $1 [archive import: scored retroactively, not a live reading]",2021-08-27,scoring
2021-08-28,8.2,1.357,0,up,"Bitstamp settled daily close, worst 8.2bp from $1 [archive import: scored retroactively, not a live reading]",2021-08-28,scoring
2021-08-29,8,1.173,0,up,"Bitstamp settled daily close, worst 8.0bp from $1 [archive import: scored retroactively, not a live reading]",2021-08-29,scoring
2021-08-30,7.6,1.016,0,up,"Bitstamp settled daily close, worst 7.6bp from $1 [archive import: scored retroactively, not a live reading]",2021-08-30,scoring
2021-08-31,3.6,-0.250,0,down,"Bitstamp settled daily close, worst 3.6bp from $1 [archive import: scored retroactively, not a live reading]",2021-08-31,scoring
2021-09-01,3.9,-0.156,0,down,"Bitstamp settled daily close, worst 3.9bp from $1 [archive import: scored retroactively, not a live reading]",2021-09-01,scoring
2021-09-02,4.4,0.016,0,up,"Bitstamp settled daily close, worst 4.4bp from $1 [archive import: scored retroactively, not a live reading]",2021-09-02,scoring
2021-09-03,4.7,0.094,0,up,"Bitstamp settled daily close, worst 4.7bp from $1 [archive import: scored retroactively, not a live reading]",2021-09-03,scoring
2021-09-04,4.5,0.031,0,up,"Bitstamp settled daily close, worst 4.5bp from $1 [archive import: scored retroactively, not a live reading]",2021-09-04,scoring
2021-09-05,1.8,-0.829,0,down,"Bitstamp settled daily close, worst 1.8bp from $1 [archive import: scored retroactively, not a live reading]",2021-09-05,scoring
2021-09-06,1.3,-0.985,0,down,"Bitstamp settled daily close, worst 1.3bp from $1 [archive import: scored retroactively, not a live reading]",2021-09-06,scoring
2021-09-07,8,1.189,0,up,"Bitstamp settled daily close, worst 8.0bp from $1 [archive import: scored retroactively, not a live reading]",2021-09-07,scoring
2021-09-08,5.8,0.422,0,up,"Bitstamp settled daily close, worst 5.8bp from $1 [archive import: scored retroactively, not a live reading]",2021-09-08,scoring
2021-09-09,2.9,-0.500,0,down,"Bitstamp settled daily close, worst 2.9bp from $1 [archive import: scored retroactively, not a live reading]",2021-09-09,scoring
2021-09-10,2.4,-0.657,0,down,"Bitstamp settled daily close, worst 2.4bp from $1 [archive import: scored retroactively, not a live reading]",2021-09-10,scoring
2021-09-11,3.7,-0.268,0,down,"Bitstamp settled daily close, worst 3.7bp from $1 [archive import: scored retroactively, not a live reading]",2021-09-11,scoring
2021-09-12,5.3,0.268,0,up,"Bitstamp settled daily close, worst 5.3bp from $1 [archive import: scored retroactively, not a live reading]",2021-09-12,scoring
2021-09-13,4.4,-0.050,0,down,"Bitstamp settled daily close, worst 4.4bp from $1 [archive import: scored retroactively, not a live reading]",2021-09-13,scoring
2021-09-14,2.7,-0.603,0,down,"Bitstamp settled daily close, worst 2.7bp from $1 [archive import: scored retroactively, not a live reading]",2021-09-14,scoring
2021-09-15,6.6,0.758,0,up,"Bitstamp settled daily close, worst 6.6bp from $1 [archive import: scored retroactively, not a live reading]",2021-09-15,scoring
2021-09-16,1.4,-1.119,0,down,"Bitstamp settled daily close, worst 1.4bp from $1 [archive import: scored retroactively, not a live reading]",2021-09-16,scoring
2021-09-17,5,0.198,0,up,"Bitstamp settled daily close, worst 5.0bp from $1 [archive import: scored retroactively, not a live reading]",2021-09-17,scoring
2021-09-18,1.5,-1.064,0,down,"Bitstamp settled daily close, worst 1.5bp from $1 [archive import: scored retroactively, not a live reading]",2021-09-18,scoring
2021-09-19,4.1,-0.126,0,down,"Bitstamp settled daily close, worst 4.1bp from $1 [archive import: scored retroactively, not a live reading]",2021-09-19,scoring
2021-09-20,3.5,-0.343,0,down,"Bitstamp settled daily close, worst 3.5bp from $1 [archive import: scored retroactively, not a live reading]",2021-09-20,scoring
2021-09-21,4.7,0.090,0,up,"Bitstamp settled daily close, worst 4.7bp from $1 [archive import: scored retroactively, not a live reading]",2021-09-21,scoring
2021-09-22,4.9,0.162,0,up,"Bitstamp settled daily close, worst 4.9bp from $1 [archive import: scored retroactively, not a live reading]",2021-09-22,scoring
2021-09-23,4.7,0.072,0,up,"Bitstamp settled daily close, worst 4.7bp from $1 [archive import: scored retroactively, not a live reading]",2021-09-23,scoring
2021-09-24,9,1.624,0,up,"Bitstamp settled daily close, worst 9.0bp from $1 [archive import: scored retroactively, not a live reading]",2021-09-24,scoring
2021-09-25,9.2,1.696,0,up,"Bitstamp settled daily close, worst 9.2bp from $1 [archive import: scored retroactively, not a live reading]",2021-09-25,scoring
2021-09-26,8.9,1.570,0,up,"Bitstamp settled daily close, worst 8.9bp from $1 [archive import: scored retroactively, not a live reading]",2021-09-26,scoring
2021-09-27,3,-0.559,0,down,"Bitstamp settled daily close, worst 3.0bp from $1 [archive import: scored retroactively, not a live reading]",2021-09-27,scoring
2021-09-28,1,-1.281,0,down,"Bitstamp settled daily close, worst 1.0bp from $1 [archive import: scored retroactively, not a live reading]",2021-09-28,scoring
2021-09-29,2.2,-0.830,0,down,"Bitstamp settled daily close, worst 2.2bp from $1 [archive import: scored retroactively, not a live reading]",2021-09-29,scoring
2021-09-30,0.3,-1.497,0,down,"Bitstamp settled daily close, worst 0.3bp from $1 [archive import: scored retroactively, not a live reading]",2021-09-30,scoring
2021-10-01,5.2,0.271,0,up,"Bitstamp settled daily close, worst 5.2bp from $1 [archive import: scored retroactively, not a live reading]",2021-10-01,scoring
2021-10-02,4,-0.162,0,down,"Bitstamp settled daily close, worst 4.0bp from $1 [archive import: scored retroactively, not a live reading]",2021-10-02,scoring
2021-10-03,1.5,-1.064,0,down,"Bitstamp settled daily close, worst 1.5bp from $1 [archive import: scored retroactively, not a live reading]",2021-10-03,scoring
2021-10-04,3.2,-0.451,0,down,"Bitstamp settled daily close, worst 3.2bp from $1 [archive import: scored retroactively, not a live reading]",2021-10-04,scoring
2021-10-05,5.9,0.523,0,up,"Bitstamp settled daily close, worst 5.9bp from $1 [archive import: scored retroactively, not a live reading]",2021-10-05,scoring
2021-10-06,7,0.902,0,up,"Bitstamp settled daily close, worst 7.0bp from $1 [archive import: scored retroactively, not a live reading]",2021-10-06,scoring
2021-10-07,2.6,-0.704,0,down,"Bitstamp settled daily close, worst 2.6bp from $1 [archive import: scored retroactively, not a live reading]",2021-10-07,scoring
2021-10-08,3,-0.559,0,down,"Bitstamp settled daily close, worst 3.0bp from $1 [archive import: scored retroactively, not a live reading]",2021-10-08,scoring
2021-10-09,1.4,-1.137,0,down,"Bitstamp settled daily close, worst 1.4bp from $1 [archive import: scored retroactively, not a live reading]",2021-10-09,scoring
2021-10-10,3.1,-0.505,0,down,"Bitstamp settled daily close, worst 3.1bp from $1 [archive import: scored retroactively, not a live reading]",2021-10-10,scoring
2021-10-11,3.7,-0.271,0,down,"Bitstamp settled daily close, worst 3.7bp from $1 [archive import: scored retroactively, not a live reading]",2021-10-11,scoring
2021-10-12,2.8,-0.595,0,down,"Bitstamp settled daily close, worst 2.8bp from $1 [archive import: scored retroactively, not a live reading]",2021-10-12,scoring
2021-10-13,2,-0.866,0,down,"Bitstamp settled daily close, worst 2.0bp from $1 [archive import: scored retroactively, not a live reading]",2021-10-13,scoring
2021-10-14,4.1,-0.108,0,down,"Bitstamp settled daily close, worst 4.1bp from $1 [archive import: scored retroactively, not a live reading]",2021-10-14,scoring
2021-10-15,3.2,-0.433,0,down,"Bitstamp settled daily close, worst 3.2bp from $1 [archive import: scored retroactively, not a live reading]",2021-10-15,scoring
2021-10-16,3,-0.505,0,down,"Bitstamp settled daily close, worst 3.0bp from $1 [archive import: scored retroactively, not a live reading]",2021-10-16,scoring
2021-10-17,2.5,-0.686,0,down,"Bitstamp settled daily close, worst 2.5bp from $1 [archive import: scored retroactively, not a live reading]",2021-10-17,scoring
2021-10-18,3,-0.547,0,down,"Bitstamp settled daily close, worst 3.0bp from $1 [archive import: scored retroactively, not a live reading]",2021-10-18,scoring
2021-10-19,4,-0.156,0,down,"Bitstamp settled daily close, worst 4.0bp from $1 [archive import: scored retroactively, not a live reading]",2021-10-19,scoring
2021-10-20,3.9,-0.137,0,down,"Bitstamp settled daily close, worst 3.9bp from $1 [archive import: scored retroactively, not a live reading]",2021-10-20,scoring
2021-10-21,2.9,-0.469,0,down,"Bitstamp settled daily close, worst 2.9bp from $1 [archive import: scored retroactively, not a live reading]",2021-10-21,scoring
2021-10-22,4.4,0.137,0,up,"Bitstamp settled daily close, worst 4.4bp from $1 [archive import: scored retroactively, not a live reading]",2021-10-22,scoring
2021-10-23,2,-0.874,0,down,"Bitstamp settled daily close, worst 2.0bp from $1 [archive import: scored retroactively, not a live reading]",2021-10-23,scoring
2021-10-24,2.1,-0.810,0,down,"Bitstamp settled daily close, worst 2.1bp from $1 [archive import: scored retroactively, not a live reading]",2021-10-24,scoring
2021-10-25,1.4,-1.109,0,down,"Bitstamp settled daily close, worst 1.4bp from $1 [archive import: scored retroactively, not a live reading]",2021-10-25,scoring
2021-10-26,2.5,-0.618,0,down,"Bitstamp settled daily close, worst 2.5bp from $1 [archive import: scored retroactively, not a live reading]",2021-10-26,scoring
2021-10-27,9.1,2.196,0,up,"Bitstamp settled daily close, worst 9.1bp from $1 [archive import: scored retroactively, not a live reading]",2021-10-27,scoring
2021-10-28,4.7,0.298,0,up,"Bitstamp settled daily close, worst 4.7bp from $1 [archive import: scored retroactively, not a live reading]",2021-10-28,scoring
2021-10-29,3,-0.426,0,down,"Bitstamp settled daily close, worst 3.0bp from $1 [archive import: scored retroactively, not a live reading]",2021-10-29,scoring
2021-10-30,4.5,0.235,0,up,"Bitstamp settled daily close, worst 4.5bp from $1 [archive import: scored retroactively, not a live reading]",2021-10-30,scoring
2021-10-31,10,2.559,0,up,"Bitstamp settled daily close, worst 10.0bp from $1 [archive import: scored retroactively, not a live reading]",2021-10-31,scoring
2021-11-01,9.7,2.409,0,up,"Bitstamp settled daily close, worst 9.7bp from $1 [archive import: scored retroactively, not a live reading]",2021-11-01,scoring
2021-11-02,5.9,0.789,0,up,"Bitstamp settled daily close, worst 5.9bp from $1 [archive import: scored retroactively, not a live reading]",2021-11-02,scoring
2021-11-03,5.4,0.554,0,up,"Bitstamp settled daily close, worst 5.4bp from $1 [archive import: scored retroactively, not a live reading]",2021-11-03,scoring
2021-11-04,4.5,0.171,0,up,"Bitstamp settled daily close, worst 4.5bp from $1 [archive import: scored retroactively, not a live reading]",2021-11-04,scoring
2021-11-05,6.7,1.109,0,up,"Bitstamp settled daily close, worst 6.7bp from $1 [archive import: scored retroactively, not a live reading]",2021-11-05,scoring
2021-11-06,11.2,3.028,1,up,"Bitstamp settled daily close, worst 11.2bp from $1 [archive import: scored retroactively, not a live reading]",2021-11-06,scoring
2021-11-07,5.5,0.533,0,up,"Bitstamp settled daily close, worst 5.5bp from $1 [archive import: scored retroactively, not a live reading]",2021-11-07,scoring
2021-11-08,4.3,-0.043,0,down,"Bitstamp settled daily close, worst 4.3bp from $1 [archive import: scored retroactively, not a live reading]",2021-11-08,scoring
2021-11-09,4.7,0.149,0,up,"Bitstamp settled daily close, worst 4.7bp from $1 [archive import: scored retroactively, not a live reading]",2021-11-09,scoring
2021-11-10,3,-0.576,0,down,"Bitstamp settled daily close, worst 3.0bp from $1 [archive import: scored retroactively, not a live reading]",2021-11-10,scoring
2021-11-11,6.7,1.002,0,up,"Bitstamp settled daily close, worst 6.7bp from $1 [archive import: scored retroactively, not a live reading]",2021-11-11,scoring
2021-11-12,3,-0.576,0,down,"Bitstamp settled daily close, worst 3.0bp from $1 [archive import: scored retroactively, not a live reading]",2021-11-12,scoring
2021-11-13,2.9,-0.554,0,down,"Bitstamp settled daily close, worst 2.9bp from $1 [archive import: scored retroactively, not a live reading]",2021-11-13,scoring
2021-11-14,2.9,-0.512,0,down,"Bitstamp settled daily close, worst 2.9bp from $1 [archive import: scored retroactively, not a live reading]",2021-11-14,scoring
2021-11-15,2.6,-0.680,0,down,"Bitstamp settled daily close, worst 2.6bp from $1 [archive import: scored retroactively, not a live reading]",2021-11-15,scoring
2021-11-16,3.7,-0.164,0,down,"Bitstamp settled daily close, worst 3.7bp from $1 [archive import: scored retroactively, not a live reading]",2021-11-16,scoring
2021-11-17,7.5,1.618,0,up,"Bitstamp settled daily close, worst 7.5bp from $1 [archive import: scored retroactively, not a live reading]",2021-11-17,scoring
2021-11-18,7.6,1.665,0,up,"Bitstamp settled daily close, worst 7.6bp from $1 [archive import: scored retroactively, not a live reading]",2021-11-18,scoring
2021-11-19,8.8,2.228,0,up,"Bitstamp settled daily close, worst 8.8bp from $1 [archive import: scored retroactively, not a live reading]",2021-11-19,scoring
2021-11-20,5,0.446,0,up,"Bitstamp settled daily close, worst 5.0bp from $1 [archive import: scored retroactively, not a live reading]",2021-11-20,scoring
2021-11-21,11.8,3.635,1,up,"Bitstamp settled daily close, worst 11.8bp from $1 [archive import: scored retroactively, not a live reading]",2021-11-21,scoring
2021-11-22,7.3,1.524,0,up,"Bitstamp settled daily close, worst 7.3bp from $1 [archive import: scored retroactively, not a live reading]",2021-11-22,scoring
2021-11-23,10,2.768,0,up,"Bitstamp settled daily close, worst 10.0bp from $1 [archive import: scored retroactively, not a live reading]",2021-11-23,scoring
2021-11-24,5.2,0.469,0,up,"Bitstamp settled daily close, worst 5.2bp from $1 [archive import: scored retroactively, not a live reading]",2021-11-24,scoring
2021-11-25,12.5,3.539,1,up,"Bitstamp settled daily close, worst 12.5bp from $1 [archive import: scored retroactively, not a live reading]",2021-11-25,scoring
2021-11-26,10,2.473,0,up,"Bitstamp settled daily close, worst 10.0bp from $1 [archive import: scored retroactively, not a live reading]",2021-11-26,scoring
2021-11-27,10,2.473,0,up,"Bitstamp settled daily close, worst 10.0bp from $1 [archive import: scored retroactively, not a live reading]",2021-11-27,scoring
2021-11-28,9.6,2.303,0,up,"Bitstamp settled daily close, worst 9.6bp from $1 [archive import: scored retroactively, not a live reading]",2021-11-28,scoring
2021-11-29,9.8,2.388,0,up,"Bitstamp settled daily close, worst 9.8bp from $1 [archive import: scored retroactively, not a live reading]",2021-11-29,scoring
2021-11-30,5.6,0.533,0,up,"Bitstamp settled daily close, worst 5.6bp from $1 [archive import: scored retroactively, not a live reading]",2021-11-30,scoring
2021-12-01,7.5,1.322,0,up,"Bitstamp settled daily close, worst 7.5bp from $1 [archive import: scored retroactively, not a live reading]",2021-12-01,scoring
2021-12-02,7.2,1.094,0,up,"Bitstamp settled daily close, worst 7.2bp from $1 [archive import: scored retroactively, not a live reading]",2021-12-02,scoring
2021-12-03,4.3,-0.039,0,down,"Bitstamp settled daily close, worst 4.3bp from $1 [archive import: scored retroactively, not a live reading]",2021-12-03,scoring
2021-12-04,14.7,4.046,1,up,"Bitstamp settled daily close, worst 14.7bp from $1 [archive import: scored retroactively, not a live reading]",2021-12-04,scoring
2021-12-05,15.5,4.339,1,up,"Bitstamp settled daily close, worst 15.5bp from $1 [archive import: scored retroactively, not a live reading]",2021-12-05,scoring
2021-12-06,9.2,1.857,0,up,"Bitstamp settled daily close, worst 9.2bp from $1 [archive import: scored retroactively, not a live reading]",2021-12-06,scoring
2021-12-07,19.4,5.844,1,up,"Bitstamp settled daily close, worst 19.4bp from $1 [archive import: scored retroactively, not a live reading]",2021-12-07,scoring
2021-12-08,8.8,1.570,0,up,"Bitstamp settled daily close, worst 8.8bp from $1 [archive import: scored retroactively, not a live reading]",2021-12-08,scoring
2021-12-09,8,1.263,0,up,"Bitstamp settled daily close, worst 8.0bp from $1 [archive import: scored retroactively, not a live reading]",2021-12-09,scoring
2021-12-10,3.5,-0.397,0,down,"Bitstamp settled daily close, worst 3.5bp from $1 [archive import: scored retroactively, not a live reading]",2021-12-10,scoring
2021-12-11,8.5,1.407,0,up,"Bitstamp settled daily close, worst 8.5bp from $1 [archive import: scored retroactively, not a live reading]",2021-12-11,scoring
2021-12-12,7,0.866,0,up,"Bitstamp settled daily close, worst 7.0bp from $1 [archive import: scored retroactively, not a live reading]",2021-12-12,scoring
2021-12-13,4.7,0.000,0,flat,"Bitstamp settled daily close, worst 4.7bp from $1 [archive import: scored retroactively, not a live reading]",2021-12-13,scoring
2021-12-14,3.5,-0.402,0,down,"Bitstamp settled daily close, worst 3.5bp from $1 [archive import: scored retroactively, not a live reading]",2021-12-14,scoring
2021-12-15,2.6,-0.758,0,down,"Bitstamp settled daily close, worst 2.6bp from $1 [archive import: scored retroactively, not a live reading]",2021-12-15,scoring
2021-12-16,1.8,-1.046,0,down,"Bitstamp settled daily close, worst 1.8bp from $1 [archive import: scored retroactively, not a live reading]",2021-12-16,scoring
2021-12-17,3,-0.577,0,down,"Bitstamp settled daily close, worst 3.0bp from $1 [archive import: scored retroactively, not a live reading]",2021-12-17,scoring
2021-12-18,3.6,-0.361,0,down,"Bitstamp settled daily close, worst 3.6bp from $1 [archive import: scored retroactively, not a live reading]",2021-12-18,scoring
2021-12-19,4.4,-0.072,0,down,"Bitstamp settled daily close, worst 4.4bp from $1 [archive import: scored retroactively, not a live reading]",2021-12-19,scoring
2021-12-20,3.5,-0.397,0,down,"Bitstamp settled daily close, worst 3.5bp from $1 [archive import: scored retroactively, not a live reading]",2021-12-20,scoring
2021-12-21,2.6,-0.686,0,down,"Bitstamp settled daily close, worst 2.6bp from $1 [archive import: scored retroactively, not a live reading]",2021-12-21,scoring
2021-12-22,9,1.779,0,up,"Bitstamp settled daily close, worst 9.0bp from $1 [archive import: scored retroactively, not a live reading]",2021-12-22,scoring
2021-12-23,5,0.198,0,up,"Bitstamp settled daily close, worst 5.0bp from $1 [archive import: scored retroactively, not a live reading]",2021-12-23,scoring
2021-12-24,6.5,0.740,0,up,"Bitstamp settled daily close, worst 6.5bp from $1 [archive import: scored retroactively, not a live reading]",2021-12-24,scoring
2021-12-25,3.5,-0.343,0,down,"Bitstamp settled daily close, worst 3.5bp from $1 [archive import: scored retroactively, not a live reading]",2021-12-25,scoring
2021-12-26,6.4,0.782,0,up,"Bitstamp settled daily close, worst 6.4bp from $1 [archive import: scored retroactively, not a live reading]",2021-12-26,scoring
2021-12-27,10.2,2.248,0,up,"Bitstamp settled daily close, worst 10.2bp from $1 [archive import: scored retroactively, not a live reading]",2021-12-27,scoring
2021-12-28,31,10.359,1,up,"Bitstamp settled daily close, worst 31.0bp from $1 [archive import: scored retroactively, not a live reading]",2021-12-28,scoring
2021-12-29,3.3,-0.469,0,down,"Bitstamp settled daily close, worst 3.3bp from $1 [archive import: scored retroactively, not a live reading]",2021-12-29,scoring
2021-12-30,1.1,-1.368,0,down,"Bitstamp settled daily close, worst 1.1bp from $1 [archive import: scored retroactively, not a live reading]",2021-12-30,scoring
2021-12-31,1.3,-1.155,0,down,"Bitstamp settled daily close, worst 1.3bp from $1 [archive import: scored retroactively, not a live reading]",2021-12-31,scoring
2022-01-01,1,-1.263,0,down,"Bitstamp settled daily close, worst 1.0bp from $1 [archive import: scored retroactively, not a live reading]",2022-01-01,scoring
2022-01-02,2,-0.902,0,down,"Bitstamp settled daily close, worst 2.0bp from $1 [archive import: scored retroactively, not a live reading]",2022-01-02,scoring
2022-01-03,2.2,-0.830,0,down,"Bitstamp settled daily close, worst 2.2bp from $1 [archive import: scored retroactively, not a live reading]",2022-01-03,scoring
2022-01-04,4.7,0.090,0,up,"Bitstamp settled daily close, worst 4.7bp from $1 [archive import: scored retroactively, not a live reading]",2022-01-04,scoring
2022-01-05,1.2,-1.173,0,down,"Bitstamp settled daily close, worst 1.2bp from $1 [archive import: scored retroactively, not a live reading]",2022-01-05,scoring
2022-01-06,0,-1.606,0,down,"Bitstamp settled daily close, worst 0.0bp from $1 [archive import: scored retroactively, not a live reading]",2022-01-06,scoring
2022-01-07,0.2,-1.424,0,down,"Bitstamp settled daily close, worst 0.2bp from $1 [archive import: scored retroactively, not a live reading]",2022-01-07,scoring
2022-01-08,1,-1.156,0,down,"Bitstamp settled daily close, worst 1.0bp from $1 [archive import: scored retroactively, not a live reading]",2022-01-08,scoring
2022-01-09,0.5,-1.323,0,down,"Bitstamp settled daily close, worst 0.5bp from $1 [archive import: scored retroactively, not a live reading]",2022-01-09,scoring
2022-01-10,2,-0.766,0,down,"Bitstamp settled daily close, worst 2.0bp from $1 [archive import: scored retroactively, not a live reading]",2022-01-10,scoring
2022-01-11,2.5,-0.610,0,down,"Bitstamp settled daily close, worst 2.5bp from $1 [archive import: scored retroactively, not a live reading]",2022-01-11,scoring
2022-01-12,5,0.172,0,up,"Bitstamp settled daily close, worst 5.0bp from $1 [archive import: scored retroactively, not a live reading]",2022-01-12,scoring
2022-01-13,2.8,-0.532,0,down,"Bitstamp settled daily close, worst 2.8bp from $1 [archive import: scored retroactively, not a live reading]",2022-01-13,scoring
2022-01-14,4,-0.156,0,down,"Bitstamp settled daily close, worst 4.0bp from $1 [archive import: scored retroactively, not a live reading]",2022-01-14,scoring
2022-01-15,3.7,-0.250,0,down,"Bitstamp settled daily close, worst 3.7bp from $1 [archive import: scored retroactively, not a live reading]",2022-01-15,scoring
2022-01-16,3.8,-0.219,0,down,"Bitstamp settled daily close, worst 3.8bp from $1 [archive import: scored retroactively, not a live reading]",2022-01-16,scoring
2022-01-17,5,0.156,0,up,"Bitstamp settled daily close, worst 5.0bp from $1 [archive import: scored retroactively, not a live reading]",2022-01-17,scoring
2022-01-18,2,-0.813,0,down,"Bitstamp settled daily close, worst 2.0bp from $1 [archive import: scored retroactively, not a live reading]",2022-01-18,scoring
2022-01-19,2,-0.813,0,down,"Bitstamp settled daily close, worst 2.0bp from $1 [archive import: scored retroactively, not a live reading]",2022-01-19,scoring
2022-01-20,5.2,0.188,0,up,"Bitstamp settled daily close, worst 5.2bp from $1 [archive import: scored retroactively, not a live reading]",2022-01-20,scoring
2022-01-21,5.3,0.188,0,up,"Bitstamp settled daily close, worst 5.3bp from $1 [archive import: scored retroactively, not a live reading]",2022-01-21,scoring
2022-01-22,4,-0.219,0,down,"Bitstamp settled daily close, worst 4.0bp from $1 [archive import: scored retroactively, not a live reading]",2022-01-22,scoring
2022-01-23,0.3,-1.376,0,down,"Bitstamp settled daily close, worst 0.3bp from $1 [archive import: scored retroactively, not a live reading]",2022-01-23,scoring
2022-01-24,6.6,0.594,0,up,"Bitstamp settled daily close, worst 6.6bp from $1 [archive import: scored retroactively, not a live reading]",2022-01-24,scoring
2022-01-25,5.8,0.344,0,up,"Bitstamp settled daily close, worst 5.8bp from $1 [archive import: scored retroactively, not a live reading]",2022-01-25,scoring
2022-01-26,6,0.407,0,up,"Bitstamp settled daily close, worst 6.0bp from $1 [archive import: scored retroactively, not a live reading]",2022-01-26,scoring
2022-01-27,4.2,-0.203,0,down,"Bitstamp settled daily close, worst 4.2bp from $1 [archive import: scored retroactively, not a live reading]",2022-01-27,scoring
2022-01-28,6.5,0.516,0,up,"Bitstamp settled daily close, worst 6.5bp from $1 [archive import: scored retroactively, not a live reading]",2022-01-28,scoring
2022-01-29,6,0.313,0,up,"Bitstamp settled daily close, worst 6.0bp from $1 [archive import: scored retroactively, not a live reading]",2022-01-29,scoring
2022-01-30,3.8,-0.375,0,down,"Bitstamp settled daily close, worst 3.8bp from $1 [archive import: scored retroactively, not a live reading]",2022-01-30,scoring
2022-01-31,9.1,1.329,0,up,"Bitstamp settled daily close, worst 9.1bp from $1 [archive import: scored retroactively, not a live reading]",2022-01-31,scoring
2022-02-01,4.9,0.016,0,up,"Bitstamp settled daily close, worst 4.9bp from $1 [archive import: scored retroactively, not a live reading]",2022-02-01,scoring
2022-02-02,9,1.313,0,up,"Bitstamp settled daily close, worst 9.0bp from $1 [archive import: scored retroactively, not a live reading]",2022-02-02,scoring
2022-02-03,5.3,0.109,0,up,"Bitstamp settled daily close, worst 5.3bp from $1 [archive import: scored retroactively, not a live reading]",2022-02-03,scoring
2022-02-04,4.9,-0.016,0,down,"Bitstamp settled daily close, worst 4.9bp from $1 [archive import: scored retroactively, not a live reading]",2022-02-04,scoring
2022-02-05,9.4,1.407,0,up,"Bitstamp settled daily close, worst 9.4bp from $1 [archive import: scored retroactively, not a live reading]",2022-02-05,scoring
2022-02-06,9,1.282,0,up,"Bitstamp settled daily close, worst 9.0bp from $1 [archive import: scored retroactively, not a live reading]",2022-02-06,scoring
2022-02-07,6.7,0.547,0,up,"Bitstamp settled daily close, worst 6.7bp from $1 [archive import: scored retroactively, not a live reading]",2022-02-07,scoring
2022-02-08,10.6,1.751,0,up,"Bitstamp settled daily close, worst 10.6bp from $1 [archive import: scored retroactively, not a live reading]",2022-02-08,scoring
2022-02-09,12.6,2.228,0,up,"Bitstamp settled daily close, worst 12.6bp from $1 [archive import: scored retroactively, not a live reading]",2022-02-09,scoring
2022-02-10,5,0.000,0,flat,"Bitstamp settled daily close, worst 5.0bp from $1 [archive import: scored retroactively, not a live reading]",2022-02-10,scoring
2022-02-11,3.7,-0.381,0,down,"Bitstamp settled daily close, worst 3.7bp from $1 [archive import: scored retroactively, not a live reading]",2022-02-11,scoring
2022-02-12,6.1,0.322,0,up,"Bitstamp settled daily close, worst 6.1bp from $1 [archive import: scored retroactively, not a live reading]",2022-02-12,scoring
2022-02-13,8,0.880,0,up,"Bitstamp settled daily close, worst 8.0bp from $1 [archive import: scored retroactively, not a live reading]",2022-02-13,scoring
2022-02-14,4.5,-0.176,0,down,"Bitstamp settled daily close, worst 4.5bp from $1 [archive import: scored retroactively, not a live reading]",2022-02-14,scoring
2022-02-15,5.8,0.205,0,up,"Bitstamp settled daily close, worst 5.8bp from $1 [archive import: scored retroactively, not a live reading]",2022-02-15,scoring
2022-02-16,6.2,0.322,0,up,"Bitstamp settled daily close, worst 6.2bp from $1 [archive import: scored retroactively, not a live reading]",2022-02-16,scoring
2022-02-17,9.4,1.261,0,up,"Bitstamp settled daily close, worst 9.4bp from $1 [archive import: scored retroactively, not a live reading]",2022-02-17,scoring
2022-02-18,2.6,-0.733,0,down,"Bitstamp settled daily close, worst 2.6bp from $1 [archive import: scored retroactively, not a live reading]",2022-02-18,scoring
2022-02-19,4,-0.322,0,down,"Bitstamp settled daily close, worst 4.0bp from $1 [archive import: scored retroactively, not a live reading]",2022-02-19,scoring
2022-02-20,7.4,0.751,0,up,"Bitstamp settled daily close, worst 7.4bp from $1 [archive import: scored retroactively, not a live reading]",2022-02-20,scoring
2022-02-21,2.7,-0.719,0,down,"Bitstamp settled daily close, worst 2.7bp from $1 [archive import: scored retroactively, not a live reading]",2022-02-21,scoring
2022-02-22,4.7,-0.094,0,down,"Bitstamp settled daily close, worst 4.7bp from $1 [archive import: scored retroactively, not a live reading]",2022-02-22,scoring
2022-02-23,9.2,1.313,0,up,"Bitstamp settled daily close, worst 9.2bp from $1 [archive import: scored retroactively, not a live reading]",2022-02-23,scoring
2022-02-24,5.1,0.031,0,up,"Bitstamp settled daily close, worst 5.1bp from $1 [archive import: scored retroactively, not a live reading]",2022-02-24,scoring
2022-02-25,6,0.313,0,up,"Bitstamp settled daily close, worst 6.0bp from $1 [archive import: scored retroactively, not a live reading]",2022-02-25,scoring
2022-02-26,8.2,1.001,0,up,"Bitstamp settled daily close, worst 8.2bp from $1 [archive import: scored retroactively, not a live reading]",2022-02-26,scoring
2022-02-27,8,0.938,0,up,"Bitstamp settled daily close, worst 8.0bp from $1 [archive import: scored retroactively, not a live reading]",2022-02-27,scoring
2022-02-28,5.7,0.219,0,up,"Bitstamp settled daily close, worst 5.7bp from $1 [archive import: scored retroactively, not a live reading]",2022-02-28,scoring
2022-03-01,4.1,-0.281,0,down,"Bitstamp settled daily close, worst 4.1bp from $1 [archive import: scored retroactively, not a live reading]",2022-03-01,scoring
2022-03-02,7.5,0.854,0,up,"Bitstamp settled daily close, worst 7.5bp from $1 [archive import: scored retroactively, not a live reading]",2022-03-02,scoring
2022-03-03,4,-0.318,0,down,"Bitstamp settled daily close, worst 4.0bp from $1 [archive import: scored retroactively, not a live reading]",2022-03-03,scoring
2022-03-04,0.1,-1.625,0,down,"Bitstamp settled daily close, worst 0.1bp from $1 [archive import: scored retroactively, not a live reading]",2022-03-04,scoring
2022-03-05,4.9,0.000,0,flat,"Bitstamp settled daily close, worst 4.9bp from $1 [archive import: scored retroactively, not a live reading]",2022-03-05,scoring
2022-03-06,6.9,0.670,0,up,"Bitstamp settled daily close, worst 6.9bp from $1 [archive import: scored retroactively, not a live reading]",2022-03-06,scoring
2022-03-07,5.1,0.067,0,up,"Bitstamp settled daily close, worst 5.1bp from $1 [archive import: scored retroactively, not a live reading]",2022-03-07,scoring
2022-03-08,2.4,-0.902,0,down,"Bitstamp settled daily close, worst 2.4bp from $1 [archive import: scored retroactively, not a live reading]",2022-03-08,scoring
2022-03-09,3,-0.649,0,down,"Bitstamp settled daily close, worst 3.0bp from $1 [archive import: scored retroactively, not a live reading]",2022-03-09,scoring
2022-03-10,5.2,0.180,0,up,"Bitstamp settled daily close, worst 5.2bp from $1 [archive import: scored retroactively, not a live reading]",2022-03-10,scoring
2022-03-11,3,-0.649,0,down,"Bitstamp settled daily close, worst 3.0bp from $1 [archive import: scored retroactively, not a live reading]",2022-03-11,scoring
2022-03-12,15.4,3.861,1,up,"Bitstamp settled daily close, worst 15.4bp from $1 [archive import: scored retroactively, not a live reading]",2022-03-12,scoring
2022-03-13,3.9,-0.289,0,down,"Bitstamp settled daily close, worst 3.9bp from $1 [archive import: scored retroactively, not a live reading]",2022-03-13,scoring
2022-03-14,3,-0.613,0,down,"Bitstamp settled daily close, worst 3.0bp from $1 [archive import: scored retroactively, not a live reading]",2022-03-14,scoring
2022-03-15,4.8,0.036,0,up,"Bitstamp settled daily close, worst 4.8bp from $1 [archive import: scored retroactively, not a live reading]",2022-03-15,scoring
2022-03-16,2.9,-0.668,0,down,"Bitstamp settled daily close, worst 2.9bp from $1 [archive import: scored retroactively, not a live reading]",2022-03-16,scoring
2022-03-17,5.5,0.271,0,up,"Bitstamp settled daily close, worst 5.5bp from $1 [archive import: scored retroactively, not a live reading]",2022-03-17,scoring
2022-03-18,6.9,0.740,0,up,"Bitstamp settled daily close, worst 6.9bp from $1 [archive import: scored retroactively, not a live reading]",2022-03-18,scoring
2022-03-19,3.9,-0.361,0,down,"Bitstamp settled daily close, worst 3.9bp from $1 [archive import: scored retroactively, not a live reading]",2022-03-19,scoring
2022-03-20,4.8,-0.036,0,down,"Bitstamp settled daily close, worst 4.8bp from $1 [archive import: scored retroactively, not a live reading]",2022-03-20,scoring
2022-03-21,2.7,-0.794,0,down,"Bitstamp settled daily close, worst 2.7bp from $1 [archive import: scored retroactively, not a live reading]",2022-03-21,scoring
2022-03-22,3,-0.686,0,down,"Bitstamp settled daily close, worst 3.0bp from $1 [archive import: scored retroactively, not a live reading]",2022-03-22,scoring
2022-03-23,3,-0.723,0,down,"Bitstamp settled daily close, worst 3.0bp from $1 [archive import: scored retroactively, not a live reading]",2022-03-23,scoring
2022-03-24,6.3,0.586,0,up,"Bitstamp settled daily close, worst 6.3bp from $1 [archive import: scored retroactively, not a live reading]",2022-03-24,scoring
2022-03-25,8.9,1.603,0,up,"Bitstamp settled daily close, worst 8.9bp from $1 [archive import: scored retroactively, not a live reading]",2022-03-25,scoring
2022-03-26,4.4,-0.162,0,down,"Bitstamp settled daily close, worst 4.4bp from $1 [archive import: scored retroactively, not a live reading]",2022-03-26,scoring
2022-03-27,1.7,-1.212,0,down,"Bitstamp settled daily close, worst 1.7bp from $1 [archive import: scored retroactively, not a live reading]",2022-03-27,scoring
2022-03-28,2.3,-0.958,0,down,"Bitstamp settled daily close, worst 2.3bp from $1 [archive import: scored retroactively, not a live reading]",2022-03-28,scoring
2022-03-29,3.9,-0.313,0,down,"Bitstamp settled daily close, worst 3.9bp from $1 [archive import: scored retroactively, not a live reading]",2022-03-29,scoring
2022-03-30,3,-0.665,0,down,"Bitstamp settled daily close, worst 3.0bp from $1 [archive import: scored retroactively, not a live reading]",2022-03-30,scoring
2022-03-31,3.5,-0.469,0,down,"Bitstamp settled daily close, worst 3.5bp from $1 [archive import: scored retroactively, not a live reading]",2022-03-31,scoring
2022-04-01,2.8,-0.743,0,down,"Bitstamp settled daily close, worst 2.8bp from $1 [archive import: scored retroactively, not a live reading]",2022-04-01,scoring
2022-04-02,0.4,-1.834,0,down,"Bitstamp settled daily close, worst 0.4bp from $1 [archive import: scored retroactively, not a live reading]",2022-04-02,scoring
2022-04-03,3,-0.665,0,down,"Bitstamp settled daily close, worst 3.0bp from $1 [archive import: scored retroactively, not a live reading]",2022-04-03,scoring
2022-04-04,3.8,-0.352,0,down,"Bitstamp settled daily close, worst 3.8bp from $1 [archive import: scored retroactively, not a live reading]",2022-04-04,scoring
2022-04-05,3.8,-0.313,0,down,"Bitstamp settled daily close, worst 3.8bp from $1 [archive import: scored retroactively, not a live reading]",2022-04-05,scoring
2022-04-06,2.9,-0.725,0,down,"Bitstamp settled daily close, worst 2.9bp from $1 [archive import: scored retroactively, not a live reading]",2022-04-06,scoring
2022-04-07,2.8,-0.768,0,down,"Bitstamp settled daily close, worst 2.8bp from $1 [archive import: scored retroactively, not a live reading]",2022-04-07,scoring
2022-04-08,4,-0.256,0,down,"Bitstamp settled daily close, worst 4.0bp from $1 [archive import: scored retroactively, not a live reading]",2022-04-08,scoring
2022-04-09,3,-0.682,0,down,"Bitstamp settled daily close, worst 3.0bp from $1 [archive import: scored retroactively, not a live reading]",2022-04-09,scoring
2022-04-10,5,0.188,0,up,"Bitstamp settled daily close, worst 5.0bp from $1 [archive import: scored retroactively, not a live reading]",2022-04-10,scoring
2022-04-11,6.4,0.774,0,up,"Bitstamp settled daily close, worst 6.4bp from $1 [archive import: scored retroactively, not a live reading]",2022-04-11,scoring
2022-04-12,0.4,-2.064,0,down,"Bitstamp settled daily close, worst 0.4bp from $1 [archive import: scored retroactively, not a live reading]",2022-04-12,scoring
2022-04-13,5.5,0.352,0,up,"Bitstamp settled daily close, worst 5.5bp from $1 [archive import: scored retroactively, not a live reading]",2022-04-13,scoring
2022-04-14,4,-0.375,0,down,"Bitstamp settled daily close, worst 4.0bp from $1 [archive import: scored retroactively, not a live reading]",2022-04-14,scoring
2022-04-15,2.9,-0.891,0,down,"Bitstamp settled daily close, worst 2.9bp from $1 [archive import: scored retroactively, not a live reading]",2022-04-15,scoring
2022-04-16,4.6,-0.094,0,down,"Bitstamp settled daily close, worst 4.6bp from $1 [archive import: scored retroactively, not a live reading]",2022-04-16,scoring
2022-04-17,20,7.130,1,up,"Bitstamp settled daily close, worst 20.0bp from $1 [archive import: scored retroactively, not a live reading]",2022-04-17,scoring
2022-04-18,1.9,-1.237,0,down,"Bitstamp settled daily close, worst 1.9bp from $1 [archive import: scored retroactively, not a live reading]",2022-04-18,scoring
2022-04-19,4,-0.341,0,down,"Bitstamp settled daily close, worst 4.0bp from $1 [archive import: scored retroactively, not a live reading]",2022-04-19,scoring
2022-04-20,6.3,0.640,0,up,"Bitstamp settled daily close, worst 6.3bp from $1 [archive import: scored retroactively, not a live reading]",2022-04-20,scoring
2022-04-21,5.3,0.213,0,up,"Bitstamp settled daily close, worst 5.3bp from $1 [archive import: scored retroactively, not a live reading]",2022-04-21,scoring
2022-04-22,3,-0.768,0,down,"Bitstamp settled daily close, worst 3.0bp from $1 [archive import: scored retroactively, not a live reading]",2022-04-22,scoring
2022-04-23,5.6,0.341,0,up,"Bitstamp settled daily close, worst 5.6bp from $1 [archive import: scored retroactively, not a live reading]",2022-04-23,scoring
2022-04-24,1.9,-1.258,0,down,"Bitstamp settled daily close, worst 1.9bp from $1 [archive import: scored retroactively, not a live reading]",2022-04-24,scoring
2022-04-25,4,-0.341,0,down,"Bitstamp settled daily close, worst 4.0bp from $1 [archive import: scored retroactively, not a live reading]",2022-04-25,scoring
2022-04-26,3.7,-0.448,0,down,"Bitstamp settled daily close, worst 3.7bp from $1 [archive import: scored retroactively, not a live reading]",2022-04-26,scoring
2022-04-27,5.3,0.305,0,up,"Bitstamp settled daily close, worst 5.3bp from $1 [archive import: scored retroactively, not a live reading]",2022-04-27,scoring
2022-04-28,4.1,-0.305,0,down,"Bitstamp settled daily close, worst 4.1bp from $1 [archive import: scored retroactively, not a live reading]",2022-04-28,scoring
2022-04-29,1.2,-1.618,0,down,"Bitstamp settled daily close, worst 1.2bp from $1 [archive import: scored retroactively, not a live reading]",2022-04-29,scoring
2022-04-30,4.3,-0.107,0,down,"Bitstamp settled daily close, worst 4.3bp from $1 [archive import: scored retroactively, not a live reading]",2022-04-30,scoring
2022-05-01,1.1,-1.471,0,down,"Bitstamp settled daily close, worst 1.1bp from $1 [archive import: scored retroactively, not a live reading]",2022-05-01,scoring
2022-05-02,0.8,-1.556,0,down,"Bitstamp settled daily close, worst 0.8bp from $1 [archive import: scored retroactively, not a live reading]",2022-05-02,scoring
2022-05-03,3.6,-0.320,0,down,"Bitstamp settled daily close, worst 3.6bp from $1 [archive import: scored retroactively, not a live reading]",2022-05-03,scoring
2022-05-04,2,-0.938,0,down,"Bitstamp settled daily close, worst 2.0bp from $1 [archive import: scored retroactively, not a live reading]",2022-05-04,scoring
2022-05-05,3.5,-0.256,0,down,"Bitstamp settled daily close, worst 3.5bp from $1 [archive import: scored retroactively, not a live reading]",2022-05-05,scoring
2022-05-06,3.4,-0.305,0,down,"Bitstamp settled daily close, worst 3.4bp from $1 [archive import: scored retroactively, not a live reading]",2022-05-06,scoring
2022-05-07,0.8,-1.501,0,down,"Bitstamp settled daily close, worst 0.8bp from $1 [archive import: scored retroactively, not a live reading]",2022-05-07,scoring
2022-05-08,5.8,0.844,0,up,"Bitstamp settled daily close, worst 5.8bp from $1 [archive import: scored retroactively, not a live reading]",2022-05-08,scoring
2022-05-09,2.3,-0.797,0,down,"Bitstamp settled daily close, worst 2.3bp from $1 [archive import: scored retroactively, not a live reading]",2022-05-09,scoring
2022-05-10,3.8,-0.094,0,down,"Bitstamp settled daily close, worst 3.8bp from $1 [archive import: scored retroactively, not a live reading]",2022-05-10,scoring
2022-05-11,47.7,20.498,1,up,"Bitstamp settled daily close, worst 47.7bp from $1 [archive import: scored retroactively, not a live reading]",2022-05-11,scoring
2022-05-12,32.5,13.368,1,up,"Bitstamp settled daily close, worst 32.5bp from $1 [archive import: scored retroactively, not a live reading]",2022-05-12,scoring
2022-05-13,16.5,5.863,1,up,"Bitstamp settled daily close, worst 16.5bp from $1 [archive import: scored retroactively, not a live reading]",2022-05-13,scoring
2022-05-14,11.4,3.471,1,up,"Bitstamp settled daily close, worst 11.4bp from $1 [archive import: scored retroactively, not a live reading]",2022-05-14,scoring
2022-05-15,11.5,3.518,1,up,"Bitstamp settled daily close, worst 11.5bp from $1 [archive import: scored retroactively, not a live reading]",2022-05-15,scoring
2022-05-16,14.1,4.307,1,up,"Bitstamp settled daily close, worst 14.1bp from $1 [archive import: scored retroactively, not a live reading]",2022-05-16,scoring
2022-05-17,12,3.411,1,up,"Bitstamp settled daily close, worst 12.0bp from $1 [archive import: scored retroactively, not a live reading]",2022-05-17,scoring
2022-05-18,13,3.838,1,up,"Bitstamp settled daily close, worst 13.0bp from $1 [archive import: scored retroactively, not a live reading]",2022-05-18,scoring
2022-05-19,12.5,3.625,1,up,"Bitstamp settled daily close, worst 12.5bp from $1 [archive import: scored retroactively, not a live reading]",2022-05-19,scoring
2022-05-20,10.8,2.900,0,up,"Bitstamp settled daily close, worst 10.8bp from $1 [archive import: scored retroactively, not a live reading]",2022-05-20,scoring
2022-05-21,13.9,4.222,1,up,"Bitstamp settled daily close, worst 13.9bp from $1 [archive import: scored retroactively, not a live reading]",2022-05-21,scoring
2022-05-22,8.6,1.962,0,up,"Bitstamp settled daily close, worst 8.6bp from $1 [archive import: scored retroactively, not a live reading]",2022-05-22,scoring
2022-05-23,11.5,2.912,0,up,"Bitstamp settled daily close, worst 11.5bp from $1 [archive import: scored retroactively, not a live reading]",2022-05-23,scoring
2022-05-24,12.5,3.303,1,up,"Bitstamp settled daily close, worst 12.5bp from $1 [archive import: scored retroactively, not a live reading]",2022-05-24,scoring
2022-05-25,11.1,2.756,0,up,"Bitstamp settled daily close, worst 11.1bp from $1 [archive import: scored retroactively, not a live reading]",2022-05-25,scoring
2022-05-26,9.9,2.287,0,up,"Bitstamp settled daily close, worst 9.9bp from $1 [archive import: scored retroactively, not a live reading]",2022-05-26,scoring
2022-05-27,12.8,3.157,1,up,"Bitstamp settled daily close, worst 12.8bp from $1 [archive import: scored retroactively, not a live reading]",2022-05-27,scoring
2022-05-28,8.7,1.678,0,up,"Bitstamp settled daily close, worst 8.7bp from $1 [archive import: scored retroactively, not a live reading]",2022-05-28,scoring
2022-05-29,10.8,2.436,0,up,"Bitstamp settled daily close, worst 10.8bp from $1 [archive import: scored retroactively, not a live reading]",2022-05-29,scoring
2022-05-30,5.3,0.451,0,up,"Bitstamp settled daily close, worst 5.3bp from $1 [archive import: scored retroactively, not a live reading]",2022-05-30,scoring
2022-05-31,6.1,0.740,0,up,"Bitstamp settled daily close, worst 6.1bp from $1 [archive import: scored retroactively, not a live reading]",2022-05-31,scoring
2022-06-01,10,2.147,0,up,"Bitstamp settled daily close, worst 10.0bp from $1 [archive import: scored retroactively, not a live reading]",2022-06-01,scoring
2022-06-02,6.5,0.771,0,up,"Bitstamp settled daily close, worst 6.5bp from $1 [archive import: scored retroactively, not a live reading]",2022-06-02,scoring
2022-06-03,8.3,1.425,0,up,"Bitstamp settled daily close, worst 8.3bp from $1 [archive import: scored retroactively, not a live reading]",2022-06-03,scoring
2022-06-04,6.7,0.787,0,up,"Bitstamp settled daily close, worst 6.7bp from $1 [archive import: scored retroactively, not a live reading]",2022-06-04,scoring
2022-06-05,10.7,2.128,0,up,"Bitstamp settled daily close, worst 10.7bp from $1 [archive import: scored retroactively, not a live reading]",2022-06-05,scoring
2022-06-06,8.5,1.390,0,up,"Bitstamp settled daily close, worst 8.5bp from $1 [archive import: scored retroactively, not a live reading]",2022-06-06,scoring
2022-06-07,6.7,0.688,0,up,"Bitstamp settled daily close, worst 6.7bp from $1 [archive import: scored retroactively, not a live reading]",2022-06-07,scoring
2022-06-08,8,1.032,0,up,"Bitstamp settled daily close, worst 8.0bp from $1 [archive import: scored retroactively, not a live reading]",2022-06-08,scoring
2022-06-09,7,0.719,0,up,"Bitstamp settled daily close, worst 7.0bp from $1 [archive import: scored retroactively, not a live reading]",2022-06-09,scoring
2022-06-10,11.3,1.906,0,up,"Bitstamp settled daily close, worst 11.3bp from $1 [archive import: scored retroactively, not a live reading]",2022-06-10,scoring
2022-06-11,11.4,1.935,0,up,"Bitstamp settled daily close, worst 11.4bp from $1 [archive import: scored retroactively, not a live reading]",2022-06-11,scoring
2022-06-12,13.4,2.492,0,up,"Bitstamp settled daily close, worst 13.4bp from $1 [archive import: scored retroactively, not a live reading]",2022-06-12,scoring
2022-06-13,14.2,2.497,0,up,"Bitstamp settled daily close, worst 14.2bp from $1 [archive import: scored retroactively, not a live reading]",2022-06-13,scoring
2022-06-14,13.2,2.180,0,up,"Bitstamp settled daily close, worst 13.2bp from $1 [archive import: scored retroactively, not a live reading]",2022-06-14,scoring
2022-06-15,13,2.007,0,up,"Bitstamp settled daily close, worst 13.0bp from $1 [archive import: scored retroactively, not a live reading]",2022-06-15,scoring
2022-06-16,15.4,2.632,0,up,"Bitstamp settled daily close, worst 15.4bp from $1 [archive import: scored retroactively, not a live reading]",2022-06-16,scoring
2022-06-17,9.9,1.199,0,up,"Bitstamp settled daily close, worst 9.9bp from $1 [archive import: scored retroactively, not a live reading]",2022-06-17,scoring
2022-06-18,14.1,2.148,0,up,"Bitstamp settled daily close, worst 14.1bp from $1 [archive import: scored retroactively, not a live reading]",2022-06-18,scoring
2022-06-19,12.4,1.691,0,up,"Bitstamp settled daily close, worst 12.4bp from $1 [archive import: scored retroactively, not a live reading]",2022-06-19,scoring
2022-06-20,10.9,1.220,0,up,"Bitstamp settled daily close, worst 10.9bp from $1 [archive import: scored retroactively, not a live reading]",2022-06-20,scoring
2022-06-21,11.4,1.278,0,up,"Bitstamp settled daily close, worst 11.4bp from $1 [archive import: scored retroactively, not a live reading]",2022-06-21,scoring
2022-06-22,9.6,0.797,0,up,"Bitstamp settled daily close, worst 9.6bp from $1 [archive import: scored retroactively, not a live reading]",2022-06-22,scoring
2022-06-23,6.8,0.141,0,up,"Bitstamp settled daily close, worst 6.8bp from $1 [archive import: scored retroactively, not a live reading]",2022-06-23,scoring
2022-06-24,5.9,-0.070,0,down,"Bitstamp settled daily close, worst 5.9bp from $1 [archive import: scored retroactively, not a live reading]",2022-06-24,scoring
2022-06-25,5,-0.281,0,down,"Bitstamp settled daily close, worst 5.0bp from $1 [archive import: scored retroactively, not a live reading]",2022-06-25,scoring
2022-06-26,7.8,0.375,0,up,"Bitstamp settled daily close, worst 7.8bp from $1 [archive import: scored retroactively, not a live reading]",2022-06-26,scoring
2022-06-27,10.6,0.997,0,up,"Bitstamp settled daily close, worst 10.6bp from $1 [archive import: scored retroactively, not a live reading]",2022-06-27,scoring
2022-06-28,11.4,1.106,0,up,"Bitstamp settled daily close, worst 11.4bp from $1 [archive import: scored retroactively, not a live reading]",2022-06-28,scoring
2022-06-29,14.2,1.698,0,up,"Bitstamp settled daily close, worst 14.2bp from $1 [archive import: scored retroactively, not a live reading]",2022-06-29,scoring
2022-06-30,10.3,0.804,0,up,"Bitstamp settled daily close, worst 10.3bp from $1 [archive import: scored retroactively, not a live reading]",2022-06-30,scoring
2022-07-01,15.1,1.865,0,up,"Bitstamp settled daily close, worst 15.1bp from $1 [archive import: scored retroactively, not a live reading]",2022-07-01,scoring
2022-07-02,12.9,1.340,0,up,"Bitstamp settled daily close, worst 12.9bp from $1 [archive import: scored retroactively, not a live reading]",2022-07-02,scoring
2022-07-03,12.3,1.094,0,up,"Bitstamp settled daily close, worst 12.3bp from $1 [archive import: scored retroactively, not a live reading]",2022-07-03,scoring
2022-07-04,13.3,1.206,0,up,"Bitstamp settled daily close, worst 13.3bp from $1 [archive import: scored retroactively, not a live reading]",2022-07-04,scoring
2022-07-05,12.4,0.949,0,up,"Bitstamp settled daily close, worst 12.4bp from $1 [archive import: scored retroactively, not a live reading]",2022-07-05,scoring
2022-07-06,11.8,0.759,0,up,"Bitstamp settled daily close, worst 11.8bp from $1 [archive import: scored retroactively, not a live reading]",2022-07-06,scoring
2022-07-07,5.9,-0.592,0,down,"Bitstamp settled daily close, worst 5.9bp from $1 [archive import: scored retroactively, not a live reading]",2022-07-07,scoring
2022-07-08,7.6,-0.212,0,down,"Bitstamp settled daily close, worst 7.6bp from $1 [archive import: scored retroactively, not a live reading]",2022-07-08,scoring
2022-07-09,4,-1.016,0,down,"Bitstamp settled daily close, worst 4.0bp from $1 [archive import: scored retroactively, not a live reading]",2022-07-09,scoring
2022-07-10,4,-1.016,0,down,"Bitstamp settled daily close, worst 4.0bp from $1 [archive import: scored retroactively, not a live reading]",2022-07-10,scoring
2022-07-11,11.4,0.637,0,up,"Bitstamp settled daily close, worst 11.4bp from $1 [archive import: scored retroactively, not a live reading]",2022-07-11,scoring
2022-07-12,10.5,0.413,0,up,"Bitstamp settled daily close, worst 10.5bp from $1 [archive import: scored retroactively, not a live reading]",2022-07-12,scoring
2022-07-13,6.4,-0.614,0,down,"Bitstamp settled daily close, worst 6.4bp from $1 [archive import: scored retroactively, not a live reading]",2022-07-13,scoring
2022-07-14,9.2,0.011,0,up,"Bitstamp settled daily close, worst 9.2bp from $1 [archive import: scored retroactively, not a live reading]",2022-07-14,scoring
2022-07-15,3.7,-1.273,0,down,"Bitstamp settled daily close, worst 3.7bp from $1 [archive import: scored retroactively, not a live reading]",2022-07-15,scoring
2022-07-16,4.5,-1.094,0,down,"Bitstamp settled daily close, worst 4.5bp from $1 [archive import: scored retroactively, not a live reading]",2022-07-16,scoring
2022-07-17,2.9,-1.419,0,down,"Bitstamp settled daily close, worst 2.9bp from $1 [archive import: scored retroactively, not a live reading]",2022-07-17,scoring
2022-07-18,0.4,-2.005,0,down,"Bitstamp settled daily close, worst 0.4bp from $1 [archive import: scored retroactively, not a live reading]",2022-07-18,scoring
2022-07-19,2.3,-1.485,0,down,"Bitstamp settled daily close, worst 2.3bp from $1 [archive import: scored retroactively, not a live reading]",2022-07-19,scoring
2022-07-20,1.3,-1.709,0,down,"Bitstamp settled daily close, worst 1.3bp from $1 [archive import: scored retroactively, not a live reading]",2022-07-20,scoring
2022-07-21,3.2,-1.284,0,down,"Bitstamp settled daily close, worst 3.2bp from $1 [archive import: scored retroactively, not a live reading]",2022-07-21,scoring
2022-07-22,1.3,-1.709,0,down,"Bitstamp settled daily close, worst 1.3bp from $1 [archive import: scored retroactively, not a live reading]",2022-07-22,scoring
2022-07-23,3.1,-1.307,0,down,"Bitstamp settled daily close, worst 3.1bp from $1 [archive import: scored retroactively, not a live reading]",2022-07-23,scoring
2022-07-24,1.5,-1.664,0,down,"Bitstamp settled daily close, worst 1.5bp from $1 [archive import: scored retroactively, not a live reading]",2022-07-24,scoring
2022-07-25,1.9,-1.575,0,down,"Bitstamp settled daily close, worst 1.9bp from $1 [archive import: scored retroactively, not a live reading]",2022-07-25,scoring
2022-07-26,3.2,-1.284,0,down,"Bitstamp settled daily close, worst 3.2bp from $1 [archive import: scored retroactively, not a live reading]",2022-07-26,scoring
2022-07-27,4.4,-1.016,0,down,"Bitstamp settled daily close, worst 4.4bp from $1 [archive import: scored retroactively, not a live reading]",2022-07-27,scoring
2022-07-28,5,-0.882,0,down,"Bitstamp settled daily close, worst 5.0bp from $1 [archive import: scored retroactively, not a live reading]",2022-07-28,scoring
2022-07-29,1.6,-1.642,0,down,"Bitstamp settled daily close, worst 1.6bp from $1 [archive import: scored retroactively, not a live reading]",2022-07-29,scoring
2022-07-30,4.7,-0.949,0,down,"Bitstamp settled daily close, worst 4.7bp from $1 [archive import: scored retroactively, not a live reading]",2022-07-30,scoring
2022-07-31,2.5,-1.441,0,down,"Bitstamp settled daily close, worst 2.5bp from $1 [archive import: scored retroactively, not a live reading]",2022-07-31,scoring
2022-08-01,3,-1.329,0,down,"Bitstamp settled daily close, worst 3.0bp from $1 [archive import: scored retroactively, not a live reading]",2022-08-01,scoring
2022-08-02,2.8,-1.374,0,down,"Bitstamp settled daily close, worst 2.8bp from $1 [archive import: scored retroactively, not a live reading]",2022-08-02,scoring
2022-08-03,2.9,-1.351,0,down,"Bitstamp settled daily close, worst 2.9bp from $1 [archive import: scored retroactively, not a live reading]",2022-08-03,scoring
2022-08-04,2.2,-1.508,0,down,"Bitstamp settled daily close, worst 2.2bp from $1 [archive import: scored retroactively, not a live reading]",2022-08-04,scoring
2022-08-05,1.1,-1.753,0,down,"Bitstamp settled daily close, worst 1.1bp from $1 [archive import: scored retroactively, not a live reading]",2022-08-05,scoring
2022-08-06,2.3,-1.485,0,down,"Bitstamp settled daily close, worst 2.3bp from $1 [archive import: scored retroactively, not a live reading]",2022-08-06,scoring
2022-08-07,0.1,-1.977,0,down,"Bitstamp settled daily close, worst 0.1bp from $1 [archive import: scored retroactively, not a live reading]",2022-08-07,scoring
2022-08-08,4,-1.106,0,down,"Bitstamp settled daily close, worst 4.0bp from $1 [archive import: scored retroactively, not a live reading]",2022-08-08,scoring
2022-08-09,1.3,-1.709,0,down,"Bitstamp settled daily close, worst 1.3bp from $1 [archive import: scored retroactively, not a live reading]",2022-08-09,scoring
2022-08-10,3.3,-1.255,0,down,"Bitstamp settled daily close, worst 3.3bp from $1 [archive import: scored retroactively, not a live reading]",2022-08-10,scoring
2022-08-11,2,-1.536,0,down,"Bitstamp settled daily close, worst 2.0bp from $1 [archive import: scored retroactively, not a live reading]",2022-08-11,scoring
2022-08-12,3.2,-1.284,0,down,"Bitstamp settled daily close, worst 3.2bp from $1 [archive import: scored retroactively, not a live reading]",2022-08-12,scoring
2022-08-13,3.2,-1.222,0,down,"Bitstamp settled daily close, worst 3.2bp from $1 [archive import: scored retroactively, not a live reading]",2022-08-13,scoring
2022-08-14,4.5,-0.839,0,down,"Bitstamp settled daily close, worst 4.5bp from $1 [archive import: scored retroactively, not a live reading]",2022-08-14,scoring
2022-08-15,1.8,-1.457,0,down,"Bitstamp settled daily close, worst 1.8bp from $1 [archive import: scored retroactively, not a live reading]",2022-08-15,scoring
2022-08-16,3.8,-0.864,0,down,"Bitstamp settled daily close, worst 3.8bp from $1 [archive import: scored retroactively, not a live reading]",2022-08-16,scoring
2022-08-17,2.7,-1.037,0,down,"Bitstamp settled daily close, worst 2.7bp from $1 [archive import: scored retroactively, not a live reading]",2022-08-17,scoring
2022-08-18,0.9,-1.444,0,down,"Bitstamp settled daily close, worst 0.9bp from $1 [archive import: scored retroactively, not a live reading]",2022-08-18,scoring
2022-08-19,1.1,-1.383,0,down,"Bitstamp settled daily close, worst 1.1bp from $1 [archive import: scored retroactively, not a live reading]",2022-08-19,scoring
2022-08-20,6.3,-0.074,0,down,"Bitstamp settled daily close, worst 6.3bp from $1 [archive import: scored retroactively, not a live reading]",2022-08-20,scoring
2022-08-21,6.3,-0.037,0,down,"Bitstamp settled daily close, worst 6.3bp from $1 [archive import: scored retroactively, not a live reading]",2022-08-21,scoring
2022-08-22,3.4,-0.728,0,down,"Bitstamp settled daily close, worst 3.4bp from $1 [archive import: scored retroactively, not a live reading]",2022-08-22,scoring
2022-08-23,2.2,-1.012,0,down,"Bitstamp settled daily close, worst 2.2bp from $1 [archive import: scored retroactively, not a live reading]",2022-08-23,scoring
2022-08-24,3.2,-0.741,0,down,"Bitstamp settled daily close, worst 3.2bp from $1 [archive import: scored retroactively, not a live reading]",2022-08-24,scoring
2022-08-25,1.3,-1.160,0,down,"Bitstamp settled daily close, worst 1.3bp from $1 [archive import: scored retroactively, not a live reading]",2022-08-25,scoring
2022-08-26,1.2,-1.160,0,down,"Bitstamp settled daily close, worst 1.2bp from $1 [archive import: scored retroactively, not a live reading]",2022-08-26,scoring
2022-08-27,1.4,-1.094,0,down,"Bitstamp settled daily close, worst 1.4bp from $1 [archive import: scored retroactively, not a live reading]",2022-08-27,scoring
2022-08-28,2.1,-0.795,0,down,"Bitstamp settled daily close, worst 2.1bp from $1 [archive import: scored retroactively, not a live reading]",2022-08-28,scoring
2022-08-29,1.6,-0.886,0,down,"Bitstamp settled daily close, worst 1.6bp from $1 [archive import: scored retroactively, not a live reading]",2022-08-29,scoring
2022-08-30,4.8,-0.013,0,down,"Bitstamp settled daily close, worst 4.8bp from $1 [archive import: scored retroactively, not a live reading]",2022-08-30,scoring
2022-08-31,4.1,-0.169,0,down,"Bitstamp settled daily close, worst 4.1bp from $1 [archive import: scored retroactively, not a live reading]",2022-08-31,scoring
2022-09-01,3.5,-0.287,0,down,"Bitstamp settled daily close, worst 3.5bp from $1 [archive import: scored retroactively, not a live reading]",2022-09-01,scoring
2022-09-02,7.2,0.745,0,up,"Bitstamp settled daily close, worst 7.2bp from $1 [archive import: scored retroactively, not a live reading]",2022-09-02,scoring
2022-09-03,2.4,-0.579,0,down,"Bitstamp settled daily close, worst 2.4bp from $1 [archive import: scored retroactively, not a live reading]",2022-09-03,scoring
2022-09-04,1.8,-0.731,0,down,"Bitstamp settled daily close, worst 1.8bp from $1 [archive import: scored retroactively, not a live reading]",2022-09-04,scoring
2022-09-05,0.5,-1.099,0,down,"Bitstamp settled daily close, worst 0.5bp from $1 [archive import: scored retroactively, not a live reading]",2022-09-05,scoring
2022-09-06,0.6,-1.011,0,down,"Bitstamp settled daily close, worst 0.6bp from $1 [archive import: scored retroactively, not a live reading]",2022-09-06,scoring
2022-09-07,2.9,-0.322,0,down,"Bitstamp settled daily close, worst 2.9bp from $1 [archive import: scored retroactively, not a live reading]",2022-09-07,scoring
2022-09-08,1.3,-0.844,0,down,"Bitstamp settled daily close, worst 1.3bp from $1 [archive import: scored retroactively, not a live reading]",2022-09-08,scoring
2022-09-09,2.8,-0.344,0,down,"Bitstamp settled daily close, worst 2.8bp from $1 [archive import: scored retroactively, not a live reading]",2022-09-09,scoring
2022-09-10,2.4,-0.422,0,down,"Bitstamp settled daily close, worst 2.4bp from $1 [archive import: scored retroactively, not a live reading]",2022-09-10,scoring
2022-09-11,2.6,-0.335,0,down,"Bitstamp settled daily close, worst 2.6bp from $1 [archive import: scored retroactively, not a live reading]",2022-09-11,scoring
2022-09-12,1.8,-0.553,0,down,"Bitstamp settled daily close, worst 1.8bp from $1 [archive import: scored retroactively, not a live reading]",2022-09-12,scoring
2022-09-13,0.4,-1.064,0,down,"Bitstamp settled daily close, worst 0.4bp from $1 [archive import: scored retroactively, not a live reading]",2022-09-13,scoring
2022-09-14,1.2,-0.740,0,down,"Bitstamp settled daily close, worst 1.2bp from $1 [archive import: scored retroactively, not a live reading]",2022-09-14,scoring
2022-09-15,5,0.649,0,up,"Bitstamp settled daily close, worst 5.0bp from $1 [archive import: scored retroactively, not a live reading]",2022-09-15,scoring
2022-09-16,2,-0.433,0,down,"Bitstamp settled daily close, worst 2.0bp from $1 [archive import: scored retroactively, not a live reading]",2022-09-16,scoring
2022-09-17,0.6,-1.016,0,down,"Bitstamp settled daily close, worst 0.6bp from $1 [archive import: scored retroactively, not a live reading]",2022-09-17,scoring
2022-09-18,0.4,-1.094,0,down,"Bitstamp settled daily close, worst 0.4bp from $1 [archive import: scored retroactively, not a live reading]",2022-09-18,scoring
2022-09-19,1.5,-0.665,0,down,"Bitstamp settled daily close, worst 1.5bp from $1 [archive import: scored retroactively, not a live reading]",2022-09-19,scoring
2022-09-20,0.7,-1.045,0,down,"Bitstamp settled daily close, worst 0.7bp from $1 [archive import: scored retroactively, not a live reading]",2022-09-20,scoring
2022-09-21,0.2,-1.215,0,down,"Bitstamp settled daily close, worst 0.2bp from $1 [archive import: scored retroactively, not a live reading]",2022-09-21,scoring
2022-09-22,0.5,-1.045,0,down,"Bitstamp settled daily close, worst 0.5bp from $1 [archive import: scored retroactively, not a live reading]",2022-09-22,scoring
2022-09-23,0.3,-1.109,0,down,"Bitstamp settled daily close, worst 0.3bp from $1 [archive import: scored retroactively, not a live reading]",2022-09-23,scoring
2022-09-24,0.2,-1.151,0,down,"Bitstamp settled daily close, worst 0.2bp from $1 [archive import: scored retroactively, not a live reading]",2022-09-24,scoring
2022-09-25,0.2,-1.130,0,down,"Bitstamp settled daily close, worst 0.2bp from $1 [archive import: scored retroactively, not a live reading]",2022-09-25,scoring
2022-09-26,0.3,-1.066,0,down,"Bitstamp settled daily close, worst 0.3bp from $1 [archive import: scored retroactively, not a live reading]",2022-09-26,scoring
2022-09-27,1.7,-0.493,0,down,"Bitstamp settled daily close, worst 1.7bp from $1 [archive import: scored retroactively, not a live reading]",2022-09-27,scoring
2022-09-28,0.8,-0.868,0,down,"Bitstamp settled daily close, worst 0.8bp from $1 [archive import: scored retroactively, not a live reading]",2022-09-28,scoring
2022-09-29,0.4,-1.008,0,down,"Bitstamp settled daily close, worst 0.4bp from $1 [archive import: scored retroactively, not a live reading]",2022-09-29,scoring
2022-09-30,0.7,-0.912,0,down,"Bitstamp settled daily close, worst 0.7bp from $1 [archive import: scored retroactively, not a live reading]",2022-09-30,scoring
2022-10-01,0.3,-1.094,0,down,"Bitstamp settled daily close, worst 0.3bp from $1 [archive import: scored retroactively, not a live reading]",2022-10-01,scoring
2022-10-02,0,-1.225,0,down,"Bitstamp settled daily close, worst 0.0bp from $1 [archive import: scored retroactively, not a live reading]",2022-10-02,scoring
2022-10-03,1,-0.678,0,down,"Bitstamp settled daily close, worst 1.0bp from $1 [archive import: scored retroactively, not a live reading]",2022-10-03,scoring
2022-10-04,2.1,-0.078,0,down,"Bitstamp settled daily close, worst 2.1bp from $1 [archive import: scored retroactively, not a live reading]",2022-10-04,scoring
2022-10-05,2,-0.117,0,down,"Bitstamp settled daily close, worst 2.0bp from $1 [archive import: scored retroactively, not a live reading]",2022-10-05,scoring
2022-10-06,1.5,-0.381,0,down,"Bitstamp settled daily close, worst 1.5bp from $1 [archive import: scored retroactively, not a live reading]",2022-10-06,scoring
2022-10-07,1.3,-0.469,0,down,"Bitstamp settled daily close, worst 1.3bp from $1 [archive import: scored retroactively, not a live reading]",2022-10-07,scoring
2022-10-08,1.6,-0.264,0,down,"Bitstamp settled daily close, worst 1.6bp from $1 [archive import: scored retroactively, not a live reading]",2022-10-08,scoring
2022-10-09,1.4,-0.352,0,down,"Bitstamp settled daily close, worst 1.4bp from $1 [archive import: scored retroactively, not a live reading]",2022-10-09,scoring
2022-10-10,0.4,-1.072,0,down,"Bitstamp settled daily close, worst 0.4bp from $1 [archive import: scored retroactively, not a live reading]",2022-10-10,scoring
2022-10-11,0.9,-0.704,0,down,"Bitstamp settled daily close, worst 0.9bp from $1 [archive import: scored retroactively, not a live reading]",2022-10-11,scoring
2022-10-12,0.3,-1.039,0,down,"Bitstamp settled daily close, worst 0.3bp from $1 [archive import: scored retroactively, not a live reading]",2022-10-12,scoring
2022-10-13,0.9,-0.603,0,down,"Bitstamp settled daily close, worst 0.9bp from $1 [archive import: scored retroactively, not a live reading]",2022-10-13,scoring
2022-10-14,0.4,-0.938,0,down,"Bitstamp settled daily close, worst 0.4bp from $1 [archive import: scored retroactively, not a live reading]",2022-10-14,scoring
2022-10-15,0.4,-0.905,0,down,"Bitstamp settled daily close, worst 0.4bp from $1 [archive import: scored retroactively, not a live reading]",2022-10-15,scoring
2022-10-16,0.3,-0.905,0,down,"Bitstamp settled daily close, worst 0.3bp from $1 [archive import: scored retroactively, not a live reading]",2022-10-16,scoring
2022-10-17,0.5,-0.771,0,down,"Bitstamp settled daily close, worst 0.5bp from $1 [archive import: scored retroactively, not a live reading]",2022-10-17,scoring
2022-10-18,0.8,-0.625,0,down,"Bitstamp settled daily close, worst 0.8bp from $1 [archive import: scored retroactively, not a live reading]",2022-10-18,scoring
2022-10-19,0.7,-0.704,0,down,"Bitstamp settled daily close, worst 0.7bp from $1 [archive import: scored retroactively, not a live reading]",2022-10-19,scoring
2022-10-20,0.5,-0.860,0,down,"Bitstamp settled daily close, worst 0.5bp from $1 [archive import: scored retroactively, not a live reading]",2022-10-20,scoring
2022-10-21,0.9,-0.547,0,down,"Bitstamp settled daily close, worst 0.9bp from $1 [archive import: scored retroactively, not a live reading]",2022-10-21,scoring
2022-10-22,0.7,-0.665,0,down,"Bitstamp settled daily close, worst 0.7bp from $1 [archive import: scored retroactively, not a live reading]",2022-10-22,scoring
2022-10-23,0.6,-0.743,0,down,"Bitstamp settled daily close, worst 0.6bp from $1 [archive import: scored retroactively, not a live reading]",2022-10-23,scoring
2022-10-24,0.5,-0.782,0,down,"Bitstamp settled daily close, worst 0.5bp from $1 [archive import: scored retroactively, not a live reading]",2022-10-24,scoring
2022-10-25,2.4,0.743,0,up,"Bitstamp settled daily close, worst 2.4bp from $1 [archive import: scored retroactively, not a live reading]",2022-10-25,scoring
2022-10-26,2.9,1.134,0,up,"Bitstamp settled daily close, worst 2.9bp from $1 [archive import: scored retroactively, not a live reading]",2022-10-26,scoring
2022-10-27,0.5,-0.743,0,down,"Bitstamp settled daily close, worst 0.5bp from $1 [archive import: scored retroactively, not a live reading]",2022-10-27,scoring
2022-10-28,1.7,0.235,0,up,"Bitstamp settled daily close, worst 1.7bp from $1 [archive import: scored retroactively, not a live reading]",2022-10-28,scoring
2022-10-29,3.3,1.782,0,up,"Bitstamp settled daily close, worst 3.3bp from $1 [archive import: scored retroactively, not a live reading]",2022-10-29,scoring
2022-10-30,1.9,0.469,0,up,"Bitstamp settled daily close, worst 1.9bp from $1 [archive import: scored retroactively, not a live reading]",2022-10-30,scoring
2022-10-31,0.7,-0.657,0,down,"Bitstamp settled daily close, worst 0.7bp from $1 [archive import: scored retroactively, not a live reading]",2022-10-31,scoring
2022-11-01,1,-0.328,0,down,"Bitstamp settled daily close, worst 1.0bp from $1 [archive import: scored retroactively, not a live reading]",2022-11-01,scoring
2022-11-02,0.6,-0.657,0,down,"Bitstamp settled daily close, worst 0.6bp from $1 [archive import: scored retroactively, not a live reading]",2022-11-02,scoring
2022-11-03,0.5,-0.751,0,down,"Bitstamp settled daily close, worst 0.5bp from $1 [archive import: scored retroactively, not a live reading]",2022-11-03,scoring
2022-11-04,0.8,-0.469,0,down,"Bitstamp settled daily close, worst 0.8bp from $1 [archive import: scored retroactively, not a live reading]",2022-11-04,scoring
2022-11-05,0.2,-1.032,0,down,"Bitstamp settled daily close, worst 0.2bp from $1 [archive import: scored retroactively, not a live reading]",2022-11-05,scoring
2022-11-06,0.9,-0.375,0,down,"Bitstamp settled daily close, worst 0.9bp from $1 [archive import: scored retroactively, not a live reading]",2022-11-06,scoring
2022-11-07,0.1,-1.079,0,down,"Bitstamp settled daily close, worst 0.1bp from $1 [archive import: scored retroactively, not a live reading]",2022-11-07,scoring
2022-11-08,0.7,-0.469,0,down,"Bitstamp settled daily close, worst 0.7bp from $1 [archive import: scored retroactively, not a live reading]",2022-11-08,scoring
2022-11-09,31.2,30.050,1,up,"Bitstamp settled daily close, worst 31.2bp from $1 [archive import: scored retroactively, not a live reading]",2022-11-09,scoring
2022-11-10,17.4,15.245,1,up,"Bitstamp settled daily close, worst 17.4bp from $1 [archive import: scored retroactively, not a live reading]",2022-11-10,scoring
2022-11-11,31.1,28.097,1,up,"Bitstamp settled daily close, worst 31.1bp from $1 [archive import: scored retroactively, not a live reading]",2022-11-11,scoring
2022-11-12,19.3,17.027,1,up,"Bitstamp settled daily close, worst 19.3bp from $1 [archive import: scored retroactively, not a live reading]",2022-11-12,scoring
2022-11-13,21,18.622,1,up,"Bitstamp settled daily close, worst 21.0bp from $1 [archive import: scored retroactively, not a live reading]",2022-11-13,scoring
2022-11-14,15.1,13.087,1,up,"Bitstamp settled daily close, worst 15.1bp from $1 [archive import: scored retroactively, not a live reading]",2022-11-14,scoring
2022-11-15,16.1,14.025,1,up,"Bitstamp settled daily close, worst 16.1bp from $1 [archive import: scored retroactively, not a live reading]",2022-11-15,scoring
2022-11-16,10.1,8.396,1,up,"Bitstamp settled daily close, worst 10.1bp from $1 [archive import: scored retroactively, not a live reading]",2022-11-16,scoring
2022-11-17,4,2.627,0,up,"Bitstamp settled daily close, worst 4.0bp from $1 [archive import: scored retroactively, not a live reading]",2022-11-17,scoring
2022-11-18,8.2,6.520,1,up,"Bitstamp settled daily close, worst 8.2bp from $1 [archive import: scored retroactively, not a live reading]",2022-11-18,scoring
2022-11-19,10.6,8.772,1,up,"Bitstamp settled daily close, worst 10.6bp from $1 [archive import: scored retroactively, not a live reading]",2022-11-19,scoring
2022-11-20,17.6,15.339,1,up,"Bitstamp settled daily close, worst 17.6bp from $1 [archive import: scored retroactively, not a live reading]",2022-11-20,scoring
2022-11-21,10.9,9.053,1,up,"Bitstamp settled daily close, worst 10.9bp from $1 [archive import: scored retroactively, not a live reading]",2022-11-21,scoring
2022-11-22,13.7,11.680,1,up,"Bitstamp settled daily close, worst 13.7bp from $1 [archive import: scored retroactively, not a live reading]",2022-11-22,scoring
2022-11-23,27,24.157,1,up,"Bitstamp settled daily close, worst 27.0bp from $1 [archive import: scored retroactively, not a live reading]",2022-11-23,scoring
2022-11-24,24.7,21.999,1,up,"Bitstamp settled daily close, worst 24.7bp from $1 [archive import: scored retroactively, not a live reading]",2022-11-24,scoring
2022-11-25,9.3,6.254,1,up,"Bitstamp settled daily close, worst 9.3bp from $1 [archive import: scored retroactively, not a live reading]",2022-11-25,scoring
2022-11-26,4.8,2.736,0,up,"Bitstamp settled daily close, worst 4.8bp from $1 [archive import: scored retroactively, not a live reading]",2022-11-26,scoring
2022-11-27,7.5,4.847,1,up,"Bitstamp settled daily close, worst 7.5bp from $1 [archive import: scored retroactively, not a live reading]",2022-11-27,scoring
2022-11-28,18.8,13.681,1,up,"Bitstamp settled daily close, worst 18.8bp from $1 [archive import: scored retroactively, not a live reading]",2022-11-28,scoring
2022-11-29,8.1,5.316,1,up,"Bitstamp settled daily close, worst 8.1bp from $1 [archive import: scored retroactively, not a live reading]",2022-11-29,scoring
2022-11-30,1.4,0.078,0,up,"Bitstamp settled daily close, worst 1.4bp from $1 [archive import: scored retroactively, not a live reading]",2022-11-30,scoring
2022-12-01,8,5.238,1,up,"Bitstamp settled daily close, worst 8.0bp from $1 [archive import: scored retroactively, not a live reading]",2022-12-01,scoring
2022-12-02,2.4,0.860,0,up,"Bitstamp settled daily close, worst 2.4bp from $1 [archive import: scored retroactively, not a live reading]",2022-12-02,scoring
2022-12-03,2.1,0.625,0,up,"Bitstamp settled daily close, worst 2.1bp from $1 [archive import: scored retroactively, not a live reading]",2022-12-03,scoring
2022-12-04,15.1,10.789,1,up,"Bitstamp settled daily close, worst 15.1bp from $1 [archive import: scored retroactively, not a live reading]",2022-12-04,scoring
2022-12-05,2.1,0.586,0,up,"Bitstamp settled daily close, worst 2.1bp from $1 [archive import: scored retroactively, not a live reading]",2022-12-05,scoring
2022-12-06,4.3,1.943,0,up,"Bitstamp settled daily close, worst 4.3bp from $1 [archive import: scored retroactively, not a live reading]",2022-12-06,scoring
2022-12-07,2.2,0.536,0,up,"Bitstamp settled daily close, worst 2.2bp from $1 [archive import: scored retroactively, not a live reading]",2022-12-07,scoring
2022-12-08,1.1,-0.235,0,down,"Bitstamp settled daily close, worst 1.1bp from $1 [archive import: scored retroactively, not a live reading]",2022-12-08,scoring
2022-12-09,2.7,0.871,0,up,"Bitstamp settled daily close, worst 2.7bp from $1 [archive import: scored retroactively, not a live reading]",2022-12-09,scoring
2022-12-10,2,0.402,0,up,"Bitstamp settled daily close, worst 2.0bp from $1 [archive import: scored retroactively, not a live reading]",2022-12-10,scoring
2022-12-11,2.3,0.603,0,up,"Bitstamp settled daily close, worst 2.3bp from $1 [archive import: scored retroactively, not a live reading]",2022-12-11,scoring
2022-12-12,2.1,0.469,0,up,"Bitstamp settled daily close, worst 2.1bp from $1 [archive import: scored retroactively, not a live reading]",2022-12-12,scoring
2022-12-13,4,1.709,0,up,"Bitstamp settled daily close, worst 4.0bp from $1 [archive import: scored retroactively, not a live reading]",2022-12-13,scoring
2022-12-14,9.9,5.629,1,up,"Bitstamp settled daily close, worst 9.9bp from $1 [archive import: scored retroactively, not a live reading]",2022-12-14,scoring
2022-12-15,0.9,-0.402,0,down,"Bitstamp settled daily close, worst 0.9bp from $1 [archive import: scored retroactively, not a live reading]",2022-12-15,scoring
2022-12-16,5.8,2.915,0,up,"Bitstamp settled daily close, worst 5.8bp from $1 [archive import: scored retroactively, not a live reading]",2022-12-16,scoring
2022-12-17,4.7,2.144,0,up,"Bitstamp settled daily close, worst 4.7bp from $1 [archive import: scored retroactively, not a live reading]",2022-12-17,scoring
2022-12-18,0.7,-0.498,0,down,"Bitstamp settled daily close, worst 0.7bp from $1 [archive import: scored retroactively, not a live reading]",2022-12-18,scoring
2022-12-19,1,-0.369,0,down,"Bitstamp settled daily close, worst 1.0bp from $1 [archive import: scored retroactively, not a live reading]",2022-12-19,scoring
2022-12-20,3.8,1.508,0,up,"Bitstamp settled daily close, worst 3.8bp from $1 [archive import: scored retroactively, not a live reading]",2022-12-20,scoring
2022-12-21,0.9,-0.440,0,down,"Bitstamp settled daily close, worst 0.9bp from $1 [archive import: scored retroactively, not a live reading]",2022-12-21,scoring
2022-12-22,1,-0.381,0,down,"Bitstamp settled daily close, worst 1.0bp from $1 [archive import: scored retroactively, not a live reading]",2022-12-22,scoring
2022-12-23,0.4,-0.733,0,down,"Bitstamp settled daily close, worst 0.4bp from $1 [archive import: scored retroactively, not a live reading]",2022-12-23,scoring
2022-12-24,0.9,-0.440,0,down,"Bitstamp settled daily close, worst 0.9bp from $1 [archive import: scored retroactively, not a live reading]",2022-12-24,scoring
2022-12-25,1.6,-0.029,0,down,"Bitstamp settled daily close, worst 1.6bp from $1 [archive import: scored retroactively, not a live reading]",2022-12-25,scoring
2022-12-26,2.3,0.381,0,up,"Bitstamp settled daily close, worst 2.3bp from $1 [archive import: scored retroactively, not a live reading]",2022-12-26,scoring
2022-12-27,5.5,2.257,0,up,"Bitstamp settled daily close, worst 5.5bp from $1 [archive import: scored retroactively, not a live reading]",2022-12-27,scoring
2022-12-28,5.5,1.928,0,up,"Bitstamp settled daily close, worst 5.5bp from $1 [archive import: scored retroactively, not a live reading]",2022-12-28,scoring
2022-12-29,10.9,4.665,1,up,"Bitstamp settled daily close, worst 10.9bp from $1 [archive import: scored retroactively, not a live reading]",2022-12-29,scoring
2022-12-30,5.1,1.454,0,up,"Bitstamp settled daily close, worst 5.1bp from $1 [archive import: scored retroactively, not a live reading]",2022-12-30,scoring
2022-12-31,4,0.915,0,up,"Bitstamp settled daily close, worst 4.0bp from $1 [archive import: scored retroactively, not a live reading]",2022-12-31,scoring
2023-01-01,4.5,1.023,0,up,"Bitstamp settled daily close, worst 4.5bp from $1 [archive import: scored retroactively, not a live reading]",2023-01-01,scoring
2023-01-02,3.6,0.640,0,up,"Bitstamp settled daily close, worst 3.6bp from $1 [archive import: scored retroactively, not a live reading]",2023-01-02,scoring
2023-01-03,4.1,0.853,0,up,"Bitstamp settled daily close, worst 4.1bp from $1 [archive import: scored retroactively, not a live reading]",2023-01-03,scoring
2023-01-04,3.6,0.567,0,up,"Bitstamp settled daily close, worst 3.6bp from $1 [archive import: scored retroactively, not a live reading]",2023-01-04,scoring
2023-01-05,3.9,0.645,0,up,"Bitstamp settled daily close, worst 3.9bp from $1 [archive import: scored retroactively, not a live reading]",2023-01-05,scoring
2023-01-06,2.4,0.036,0,up,"Bitstamp settled daily close, worst 2.4bp from $1 [archive import: scored retroactively, not a live reading]",2023-01-06,scoring
2023-01-07,2.2,-0.054,0,down,"Bitstamp settled daily close, worst 2.2bp from $1 [archive import: scored retroactively, not a live reading]",2023-01-07,scoring
2023-01-08,2.4,0.018,0,up,"Bitstamp settled daily close, worst 2.4bp from $1 [archive import: scored retroactively, not a live reading]",2023-01-08,scoring
2023-01-09,1,-0.469,0,down,"Bitstamp settled daily close, worst 1.0bp from $1 [archive import: scored retroactively, not a live reading]",2023-01-09,scoring
2023-01-10,1,-0.469,0,down,"Bitstamp settled daily close, worst 1.0bp from $1 [archive import: scored retroactively, not a live reading]",2023-01-10,scoring
2023-01-11,1,-0.505,0,down,"Bitstamp settled daily close, worst 1.0bp from $1 [archive import: scored retroactively, not a live reading]",2023-01-11,scoring
2023-01-12,9.9,2.706,0,up,"Bitstamp settled daily close, worst 9.9bp from $1 [archive import: scored retroactively, not a live reading]",2023-01-12,scoring
2023-01-13,5.4,1.005,0,up,"Bitstamp settled daily close, worst 5.4bp from $1 [archive import: scored retroactively, not a live reading]",2023-01-13,scoring
2023-01-14,1.9,-0.168,0,down,"Bitstamp settled daily close, worst 1.9bp from $1 [archive import: scored retroactively, not a live reading]",2023-01-14,scoring
2023-01-15,3.1,0.235,0,up,"Bitstamp settled daily close, worst 3.1bp from $1 [archive import: scored retroactively, not a live reading]",2023-01-15,scoring
2023-01-16,18.3,5.277,1,up,"Bitstamp settled daily close, worst 18.3bp from $1 [archive import: scored retroactively, not a live reading]",2023-01-16,scoring
2023-01-17,1.9,-0.302,0,down,"Bitstamp settled daily close, worst 1.9bp from $1 [archive import: scored retroactively, not a live reading]",2023-01-17,scoring
2023-01-18,1,-0.603,0,down,"Bitstamp settled daily close, worst 1.0bp from $1 [archive import: scored retroactively, not a live reading]",2023-01-18,scoring
2023-01-19,36,11.124,1,up,"Bitstamp settled daily close, worst 36.0bp from $1 [archive import: scored retroactively, not a live reading]",2023-01-19,scoring
2023-01-20,9.3,1.970,0,up,"Bitstamp settled daily close, worst 9.3bp from $1 [archive import: scored retroactively, not a live reading]",2023-01-20,scoring
2023-01-21,1.8,-0.438,0,down,"Bitstamp settled daily close, worst 1.8bp from $1 [archive import: scored retroactively, not a live reading]",2023-01-21,scoring
2023-01-22,2.1,-0.344,0,down,"Bitstamp settled daily close, worst 2.1bp from $1 [archive import: scored retroactively, not a live reading]",2023-01-22,scoring
2023-01-23,1.4,-0.563,0,down,"Bitstamp settled daily close, worst 1.4bp from $1 [archive import: scored retroactively, not a live reading]",2023-01-23,scoring
2023-01-24,3.7,0.156,0,up,"Bitstamp settled daily close, worst 3.7bp from $1 [archive import: scored retroactively, not a live reading]",2023-01-24,scoring
2023-01-25,4.3,0.266,0,up,"Bitstamp settled daily close, worst 4.3bp from $1 [archive import: scored retroactively, not a live reading]",2023-01-25,scoring
2023-01-26,3.7,0.031,0,up,"Bitstamp settled daily close, worst 3.7bp from $1 [archive import: scored retroactively, not a live reading]",2023-01-26,scoring
2023-01-27,6.4,0.860,0,up,"Bitstamp settled daily close, worst 6.4bp from $1 [archive import: scored retroactively, not a live reading]",2023-01-27,scoring
2023-01-28,2.5,-0.352,0,down,"Bitstamp settled daily close, worst 2.5bp from $1 [archive import: scored retroactively, not a live reading]",2023-01-28,scoring
2023-01-29,6.3,0.762,0,up,"Bitstamp settled daily close, worst 6.3bp from $1 [archive import: scored retroactively, not a live reading]",2023-01-29,scoring
2023-01-30,5.1,0.396,0,up,"Bitstamp settled daily close, worst 5.1bp from $1 [archive import: scored retroactively, not a live reading]",2023-01-30,scoring
2023-01-31,0.4,-1.011,0,down,"Bitstamp settled daily close, worst 0.4bp from $1 [archive import: scored retroactively, not a live reading]",2023-01-31,scoring
2023-02-01,5.8,0.538,0,up,"Bitstamp settled daily close, worst 5.8bp from $1 [archive import: scored retroactively, not a live reading]",2023-02-01,scoring
2023-02-02,1.9,-0.566,0,down,"Bitstamp settled daily close, worst 1.9bp from $1 [archive import: scored retroactively, not a live reading]",2023-02-02,scoring
2023-02-03,1.6,-0.648,0,down,"Bitstamp settled daily close, worst 1.6bp from $1 [archive import: scored retroactively, not a live reading]",2023-02-03,scoring
2023-02-04,1.5,-0.718,0,down,"Bitstamp settled daily close, worst 1.5bp from $1 [archive import: scored retroactively, not a live reading]",2023-02-04,scoring
2023-02-05,2.4,-0.454,0,down,"Bitstamp settled daily close, worst 2.4bp from $1 [archive import: scored retroactively, not a live reading]",2023-02-05,scoring
2023-02-06,8.4,1.305,0,up,"Bitstamp settled daily close, worst 8.4bp from $1 [archive import: scored retroactively, not a live reading]",2023-02-06,scoring
2023-02-07,2.1,-0.557,0,down,"Bitstamp settled daily close, worst 2.1bp from $1 [archive import: scored retroactively, not a live reading]",2023-02-07,scoring
2023-02-08,0.6,-0.982,0,down,"Bitstamp settled daily close, worst 0.6bp from $1 [archive import: scored retroactively, not a live reading]",2023-02-08,scoring
2023-02-09,1.6,-0.704,0,down,"Bitstamp settled daily close, worst 1.6bp from $1 [archive import: scored retroactively, not a live reading]",2023-02-09,scoring
2023-02-10,11.6,2.455,0,up,"Bitstamp settled daily close, worst 11.6bp from $1 [archive import: scored retroactively, not a live reading]",2023-02-10,scoring
2023-02-11,4.9,0.360,0,up,"Bitstamp settled daily close, worst 4.9bp from $1 [archive import: scored retroactively, not a live reading]",2023-02-11,scoring
2023-02-12,4.5,0.251,0,up,"Bitstamp settled daily close, worst 4.5bp from $1 [archive import: scored retroactively, not a live reading]",2023-02-12,scoring
2023-02-13,6.7,0.988,0,up,"Bitstamp settled daily close, worst 6.7bp from $1 [archive import: scored retroactively, not a live reading]",2023-02-13,scoring
2023-02-14,3.6,-0.050,0,down,"Bitstamp settled daily close, worst 3.6bp from $1 [archive import: scored retroactively, not a live reading]",2023-02-14,scoring
2023-02-15,6.8,1.039,0,up,"Bitstamp settled daily close, worst 6.8bp from $1 [archive import: scored retroactively, not a live reading]",2023-02-15,scoring
2023-02-16,0.9,-0.938,0,down,"Bitstamp settled daily close, worst 0.9bp from $1 [archive import: scored retroactively, not a live reading]",2023-02-16,scoring
2023-02-17,3,-0.235,0,down,"Bitstamp settled daily close, worst 3.0bp from $1 [archive import: scored retroactively, not a live reading]",2023-02-17,scoring
2023-02-18,11.5,2.850,0,up,"Bitstamp settled daily close, worst 11.5bp from $1 [archive import: scored retroactively, not a live reading]",2023-02-18,scoring
2023-02-19,2.1,-0.541,0,down,"Bitstamp settled daily close, worst 2.1bp from $1 [archive import: scored retroactively, not a live reading]",2023-02-19,scoring
2023-02-20,0.5,-1.119,0,down,"Bitstamp settled daily close, worst 0.5bp from $1 [archive import: scored retroactively, not a live reading]",2023-02-20,scoring
2023-02-21,4.6,0.489,0,up,"Bitstamp settled daily close, worst 4.6bp from $1 [archive import: scored retroactively, not a live reading]",2023-02-21,scoring
2023-02-22,0.9,-0.958,0,down,"Bitstamp settled daily close, worst 0.9bp from $1 [archive import: scored retroactively, not a live reading]",2023-02-22,scoring
2023-02-23,8.9,2.287,0,up,"Bitstamp settled daily close, worst 8.9bp from $1 [archive import: scored retroactively, not a live reading]",2023-02-23,scoring
2023-02-24,6.3,1.270,0,up,"Bitstamp settled daily close, worst 6.3bp from $1 [archive import: scored retroactively, not a live reading]",2023-02-24,scoring
2023-02-25,13.7,4.163,1,up,"Bitstamp settled daily close, worst 13.7bp from $1 [archive import: scored retroactively, not a live reading]",2023-02-25,scoring
2023-02-26,0.8,-0.880,0,down,"Bitstamp settled daily close, worst 0.8bp from $1 [archive import: scored retroactively, not a live reading]",2023-02-26,scoring
2023-02-27,11.3,3.303,1,up,"Bitstamp settled daily close, worst 11.3bp from $1 [archive import: scored retroactively, not a live reading]",2023-02-27,scoring
2023-02-28,1.7,-0.450,0,down,"Bitstamp settled daily close, worst 1.7bp from $1 [archive import: scored retroactively, not a live reading]",2023-02-28,scoring
2023-03-01,0.9,-0.762,0,down,"Bitstamp settled daily close, worst 0.9bp from $1 [archive import: scored retroactively, not a live reading]",2023-03-01,scoring
2023-03-02,3.8,0.512,0,up,"Bitstamp settled daily close, worst 3.8bp from $1 [archive import: scored retroactively, not a live reading]",2023-03-02,scoring
2023-03-03,0.6,-0.959,0,down,"Bitstamp settled daily close, worst 0.6bp from $1 [archive import: scored retroactively, not a live reading]",2023-03-03,scoring
2023-03-04,0.3,-0.997,0,down,"Bitstamp settled daily close, worst 0.3bp from $1 [archive import: scored retroactively, not a live reading]",2023-03-04,scoring
2023-03-05,8.1,2.345,0,up,"Bitstamp settled daily close, worst 8.1bp from $1 [archive import: scored retroactively, not a live reading]",2023-03-05,scoring
2023-03-06,1.5,-0.528,0,down,"Bitstamp settled daily close, worst 1.5bp from $1 [archive import: scored retroactively, not a live reading]",2023-03-06,scoring
2023-03-07,1.1,-0.640,0,down,"Bitstamp settled daily close, worst 1.1bp from $1 [archive import: scored retroactively, not a live reading]",2023-03-07,scoring
2023-03-08,1.5,-0.469,0,down,"Bitstamp settled daily close, worst 1.5bp from $1 [archive import: scored retroactively, not a live reading]",2023-03-08,scoring
2023-03-09,5,1.023,0,up,"Bitstamp settled daily close, worst 5.0bp from $1 [archive import: scored retroactively, not a live reading]",2023-03-09,scoring
2023-03-10,35.7,14.051,1,up,"Bitstamp settled daily close, worst 35.7bp from $1 [archive import: scored retroactively, not a live reading]",2023-03-10,scoring
2023-03-11,314.7,121.821,1,up,"Bitstamp settled daily close, worst 314.7bp from $1 [archive import: scored retroactively, not a live reading]",2023-03-11,scoring
2023-03-12,84.7,31.799,1,up,"Bitstamp settled daily close, worst 84.7bp from $1 [archive import: scored retroactively, not a live reading]",2023-03-12,scoring
2023-03-13,44.7,14.830,1,up,"Bitstamp settled daily close, worst 44.7bp from $1 [archive import: scored retroactively, not a live reading]",2023-03-13,scoring
2023-03-14,19,5.557,1,up,"Bitstamp settled daily close, worst 19.0bp from $1 [archive import: scored retroactively, not a live reading]",2023-03-14,scoring
2023-03-15,35.7,11.582,1,up,"Bitstamp settled daily close, worst 35.7bp from $1 [archive import: scored retroactively, not a live reading]",2023-03-15,scoring
2023-03-16,20.1,5.528,1,up,"Bitstamp settled daily close, worst 20.1bp from $1 [archive import: scored retroactively, not a live reading]",2023-03-16,scoring
2023-03-17,23.3,6.600,1,up,"Bitstamp settled daily close, worst 23.3bp from $1 [archive import: scored retroactively, not a live reading]",2023-03-17,scoring
2023-03-18,28.4,8.309,1,up,"Bitstamp settled daily close, worst 28.4bp from $1 [archive import: scored retroactively, not a live reading]",2023-03-18,scoring
2023-03-19,30.7,8.459,1,up,"Bitstamp settled daily close, worst 30.7bp from $1 [archive import: scored retroactively, not a live reading]",2023-03-19,scoring
2023-03-20,36.9,10.382,1,up,"Bitstamp settled daily close, worst 36.9bp from $1 [archive import: scored retroactively, not a live reading]",2023-03-20,scoring
2023-03-21,27.9,7.568,1,up,"Bitstamp settled daily close, worst 27.9bp from $1 [archive import: scored retroactively, not a live reading]",2023-03-21,scoring
2023-03-22,25.8,6.464,1,up,"Bitstamp settled daily close, worst 25.8bp from $1 [archive import: scored retroactively, not a live reading]",2023-03-22,scoring
2023-03-23,18.3,3.987,1,up,"Bitstamp settled daily close, worst 18.3bp from $1 [archive import: scored retroactively, not a live reading]",2023-03-23,scoring
2023-03-24,12.7,2.280,0,up,"Bitstamp settled daily close, worst 12.7bp from $1 [archive import: scored retroactively, not a live reading]",2023-03-24,scoring
2023-03-25,10.1,1.577,0,up,"Bitstamp settled daily close, worst 10.1bp from $1 [archive import: scored retroactively, not a live reading]",2023-03-25,scoring
2023-03-26,9.3,1.259,0,up,"Bitstamp settled daily close, worst 9.3bp from $1 [archive import: scored retroactively, not a live reading]",2023-03-26,scoring
2023-03-27,3.8,-0.141,0,down,"Bitstamp settled daily close, worst 3.8bp from $1 [archive import: scored retroactively, not a live reading]",2023-03-27,scoring
2023-03-28,8,0.891,0,up,"Bitstamp settled daily close, worst 8.0bp from $1 [archive import: scored retroactively, not a live reading]",2023-03-28,scoring
2023-03-29,2.5,-0.399,0,down,"Bitstamp settled daily close, worst 2.5bp from $1 [archive import: scored retroactively, not a live reading]",2023-03-29,scoring
2023-03-30,4,-0.012,0,down,"Bitstamp settled daily close, worst 4.0bp from $1 [archive import: scored retroactively, not a live reading]",2023-03-30,scoring
2023-03-31,2.4,-0.395,0,down,"Bitstamp settled daily close, worst 2.4bp from $1 [archive import: scored retroactively, not a live reading]",2023-03-31,scoring
2023-04-01,5.2,0.309,0,up,"Bitstamp settled daily close, worst 5.2bp from $1 [archive import: scored retroactively, not a live reading]",2023-04-01,scoring
2023-04-02,4.1,0.037,0,up,"Bitstamp settled daily close, worst 4.1bp from $1 [archive import: scored retroactively, not a live reading]",2023-04-02,scoring
2023-04-03,3.8,-0.062,0,down,"Bitstamp settled daily close, worst 3.8bp from $1 [archive import: scored retroactively, not a live reading]",2023-04-03,scoring
2023-04-04,3.8,-0.037,0,down,"Bitstamp settled daily close, worst 3.8bp from $1 [archive import: scored retroactively, not a live reading]",2023-04-04,scoring
2023-04-05,1.7,-0.555,0,down,"Bitstamp settled daily close, worst 1.7bp from $1 [archive import: scored retroactively, not a live reading]",2023-04-05,scoring
2023-04-06,5.4,0.370,0,up,"Bitstamp settled daily close, worst 5.4bp from $1 [archive import: scored retroactively, not a live reading]",2023-04-06,scoring
2023-04-07,6.4,0.580,0,up,"Bitstamp settled daily close, worst 6.4bp from $1 [archive import: scored retroactively, not a live reading]",2023-04-07,scoring
2023-04-08,7.4,0.751,0,up,"Bitstamp settled daily close, worst 7.4bp from $1 [archive import: scored retroactively, not a live reading]",2023-04-08,scoring
2023-04-09,7.3,0.648,0,up,"Bitstamp settled daily close, worst 7.3bp from $1 [archive import: scored retroactively, not a live reading]",2023-04-09,scoring
2023-04-10,7.6,0.681,0,up,"Bitstamp settled daily close, worst 7.6bp from $1 [archive import: scored retroactively, not a live reading]",2023-04-10,scoring
2023-04-11,9.6,1.034,0,up,"Bitstamp settled daily close, worst 9.6bp from $1 [archive import: scored retroactively, not a live reading]",2023-04-11,scoring
2023-04-12,5,0.011,0,up,"Bitstamp settled daily close, worst 5.0bp from $1 [archive import: scored retroactively, not a live reading]",2023-04-12,scoring
2023-04-13,11.9,1.482,0,up,"Bitstamp settled daily close, worst 11.9bp from $1 [archive import: scored retroactively, not a live reading]",2023-04-13,scoring
2023-04-14,8.9,0.842,0,up,"Bitstamp settled daily close, worst 8.9bp from $1 [archive import: scored retroactively, not a live reading]",2023-04-14,scoring
2023-04-15,9.6,0.938,0,up,"Bitstamp settled daily close, worst 9.6bp from $1 [archive import: scored retroactively, not a live reading]",2023-04-15,scoring
2023-04-16,9,0.772,0,up,"Bitstamp settled daily close, worst 9.0bp from $1 [archive import: scored retroactively, not a live reading]",2023-04-16,scoring
2023-04-17,5.4,0.071,0,up,"Bitstamp settled daily close, worst 5.4bp from $1 [archive import: scored retroactively, not a live reading]",2023-04-17,scoring
2023-04-18,3.7,-0.296,0,down,"Bitstamp settled daily close, worst 3.7bp from $1 [archive import: scored retroactively, not a live reading]",2023-04-18,scoring
2023-04-19,5.1,-0.010,0,down,"Bitstamp settled daily close, worst 5.1bp from $1 [archive import: scored retroactively, not a live reading]",2023-04-19,scoring
2023-04-20,0.8,-0.917,0,down,"Bitstamp settled daily close, worst 0.8bp from $1 [archive import: scored retroactively, not a live reading]",2023-04-20,scoring
2023-04-21,2.2,-0.608,0,down,"Bitstamp settled daily close, worst 2.2bp from $1 [archive import: scored retroactively, not a live reading]",2023-04-21,scoring
2023-04-22,1.1,-0.842,0,down,"Bitstamp settled daily close, worst 1.1bp from $1 [archive import: scored retroactively, not a live reading]",2023-04-22,scoring
2023-04-23,1.4,-0.778,0,down,"Bitstamp settled daily close, worst 1.4bp from $1 [archive import: scored retroactively, not a live reading]",2023-04-23,scoring
2023-04-24,1.9,-0.672,0,down,"Bitstamp settled daily close, worst 1.9bp from $1 [archive import: scored retroactively, not a live reading]",2023-04-24,scoring
2023-04-25,1,-0.864,0,down,"Bitstamp settled daily close, worst 1.0bp from $1 [archive import: scored retroactively, not a live reading]",2023-04-25,scoring
2023-04-26,3,-0.437,0,down,"Bitstamp settled daily close, worst 3.0bp from $1 [archive import: scored retroactively, not a live reading]",2023-04-26,scoring
2023-04-27,4,-0.224,0,down,"Bitstamp settled daily close, worst 4.0bp from $1 [archive import: scored retroactively, not a live reading]",2023-04-27,scoring
2023-04-28,7.4,0.512,0,up,"Bitstamp settled daily close, worst 7.4bp from $1 [archive import: scored retroactively, not a live reading]",2023-04-28,scoring
2023-04-29,6.7,0.337,0,up,"Bitstamp settled daily close, worst 6.7bp from $1 [archive import: scored retroactively, not a live reading]",2023-04-29,scoring
2023-04-30,5.1,0.010,0,up,"Bitstamp settled daily close, worst 5.1bp from $1 [archive import: scored retroactively, not a live reading]",2023-04-30,scoring
2023-05-01,1.8,-0.663,0,down,"Bitstamp settled daily close, worst 1.8bp from $1 [archive import: scored retroactively, not a live reading]",2023-05-01,scoring
2023-05-02,5.3,0.053,0,up,"Bitstamp settled daily close, worst 5.3bp from $1 [archive import: scored retroactively, not a live reading]",2023-05-02,scoring
2023-05-03,1.4,-0.778,0,down,"Bitstamp settled daily close, worst 1.4bp from $1 [archive import: scored retroactively, not a live reading]",2023-05-03,scoring
2023-05-04,4.5,-0.112,0,down,"Bitstamp settled daily close, worst 4.5bp from $1 [archive import: scored retroactively, not a live reading]",2023-05-04,scoring
2023-05-05,13,1.621,0,up,"Bitstamp settled daily close, worst 13.0bp from $1 [archive import: scored retroactively, not a live reading]",2023-05-05,scoring
2023-05-06,18.9,2.814,0,up,"Bitstamp settled daily close, worst 18.9bp from $1 [archive import: scored retroactively, not a live reading]",2023-05-06,scoring
2023-05-07,15.5,2.023,0,up,"Bitstamp settled daily close, worst 15.5bp from $1 [archive import: scored retroactively, not a live reading]",2023-05-07,scoring
2023-05-08,8.7,0.666,0,up,"Bitstamp settled daily close, worst 8.7bp from $1 [archive import: scored retroactively, not a live reading]",2023-05-08,scoring
2023-05-09,5.1,-0.027,0,down,"Bitstamp settled daily close, worst 5.1bp from $1 [archive import: scored retroactively, not a live reading]",2023-05-09,scoring
2023-05-10,7.7,0.460,0,up,"Bitstamp settled daily close, worst 7.7bp from $1 [archive import: scored retroactively, not a live reading]",2023-05-10,scoring
2023-05-11,4.5,-0.153,0,down,"Bitstamp settled daily close, worst 4.5bp from $1 [archive import: scored retroactively, not a live reading]",2023-05-11,scoring
2023-05-12,4.4,-0.159,0,down,"Bitstamp settled daily close, worst 4.4bp from $1 [archive import: scored retroactively, not a live reading]",2023-05-12,scoring
2023-05-13,5.4,0.028,0,up,"Bitstamp settled daily close, worst 5.4bp from $1 [archive import: scored retroactively, not a live reading]",2023-05-13,scoring
2023-05-14,0.1,-0.985,0,down,"Bitstamp settled daily close, worst 0.1bp from $1 [archive import: scored retroactively, not a live reading]",2023-05-14,scoring
2023-05-15,2.1,-0.591,0,down,"Bitstamp settled daily close, worst 2.1bp from $1 [archive import: scored retroactively, not a live reading]",2023-05-15,scoring
2023-05-16,0.8,-0.835,0,down,"Bitstamp settled daily close, worst 0.8bp from $1 [archive import: scored retroactively, not a live reading]",2023-05-16,scoring
2023-05-17,0.9,-0.797,0,down,"Bitstamp settled daily close, worst 0.9bp from $1 [archive import: scored retroactively, not a live reading]",2023-05-17,scoring
2023-05-18,2,-0.591,0,down,"Bitstamp settled daily close, worst 2.0bp from $1 [archive import: scored retroactively, not a live reading]",2023-05-18,scoring
2023-05-19,2.3,-0.514,0,down,"Bitstamp settled daily close, worst 2.3bp from $1 [archive import: scored retroactively, not a live reading]",2023-05-19,scoring
2023-05-20,3.3,-0.352,0,down,"Bitstamp settled daily close, worst 3.3bp from $1 [archive import: scored retroactively, not a live reading]",2023-05-20,scoring
2023-05-21,3,-0.410,0,down,"Bitstamp settled daily close, worst 3.0bp from $1 [archive import: scored retroactively, not a live reading]",2023-05-21,scoring
2023-05-22,1.9,-0.625,0,down,"Bitstamp settled daily close, worst 1.9bp from $1 [archive import: scored retroactively, not a live reading]",2023-05-22,scoring
2023-05-23,1.1,-0.782,0,down,"Bitstamp settled daily close, worst 1.1bp from $1 [archive import: scored retroactively, not a live reading]",2023-05-23,scoring
2023-05-24,0.4,-0.919,0,down,"Bitstamp settled daily close, worst 0.4bp from $1 [archive import: scored retroactively, not a live reading]",2023-05-24,scoring
2023-05-25,0.9,-0.857,0,down,"Bitstamp settled daily close, worst 0.9bp from $1 [archive import: scored retroactively, not a live reading]",2023-05-25,scoring
2023-05-26,3.3,-0.357,0,down,"Bitstamp settled daily close, worst 3.3bp from $1 [archive import: scored retroactively, not a live reading]",2023-05-26,scoring
2023-05-27,4.2,-0.171,0,down,"Bitstamp settled daily close, worst 4.2bp from $1 [archive import: scored retroactively, not a live reading]",2023-05-27,scoring
2023-05-28,2.6,-0.512,0,down,"Bitstamp settled daily close, worst 2.6bp from $1 [archive import: scored retroactively, not a live reading]",2023-05-28,scoring
2023-05-29,3.4,-0.302,0,down,"Bitstamp settled daily close, worst 3.4bp from $1 [archive import: scored retroactively, not a live reading]",2023-05-29,scoring
2023-05-30,3,-0.391,0,down,"Bitstamp settled daily close, worst 3.0bp from $1 [archive import: scored retroactively, not a live reading]",2023-05-30,scoring
2023-05-31,2.8,-0.436,0,down,"Bitstamp settled daily close, worst 2.8bp from $1 [archive import: scored retroactively, not a live reading]",2023-05-31,scoring
2023-06-01,3,-0.391,0,down,"Bitstamp settled daily close, worst 3.0bp from $1 [archive import: scored retroactively, not a live reading]",2023-06-01,scoring
2023-06-02,3.6,-0.257,0,down,"Bitstamp settled daily close, worst 3.6bp from $1 [archive import: scored retroactively, not a live reading]",2023-06-02,scoring
2023-06-03,3.2,-0.364,0,down,"Bitstamp settled daily close, worst 3.2bp from $1 [archive import: scored retroactively, not a live reading]",2023-06-03,scoring
2023-06-04,2.7,-0.422,0,down,"Bitstamp settled daily close, worst 2.7bp from $1 [archive import: scored retroactively, not a live reading]",2023-06-04,scoring
2023-06-05,4.4,-0.025,0,down,"Bitstamp settled daily close, worst 4.4bp from $1 [archive import: scored retroactively, not a live reading]",2023-06-05,scoring
2023-06-06,2.6,-0.469,0,down,"Bitstamp settled daily close, worst 2.6bp from $1 [archive import: scored retroactively, not a live reading]",2023-06-06,scoring
2023-06-07,1,-0.864,0,down,"Bitstamp settled daily close, worst 1.0bp from $1 [archive import: scored retroactively, not a live reading]",2023-06-07,scoring
2023-06-08,1.4,-0.753,0,down,"Bitstamp settled daily close, worst 1.4bp from $1 [archive import: scored retroactively, not a live reading]",2023-06-08,scoring
2023-06-09,0.5,-0.963,0,down,"Bitstamp settled daily close, worst 0.5bp from $1 [archive import: scored retroactively, not a live reading]",2023-06-09,scoring
2023-06-10,4.9,0.156,0,up,"Bitstamp settled daily close, worst 4.9bp from $1 [archive import: scored retroactively, not a live reading]",2023-06-10,scoring
2023-06-11,3.9,-0.104,0,down,"Bitstamp settled daily close, worst 3.9bp from $1 [archive import: scored retroactively, not a live reading]",2023-06-11,scoring
2023-06-12,0.6,-0.980,0,down,"Bitstamp settled daily close, worst 0.6bp from $1 [archive import: scored retroactively, not a live reading]",2023-06-12,scoring
2023-06-13,2.4,-0.484,0,down,"Bitstamp settled daily close, worst 2.4bp from $1 [archive import: scored retroactively, not a live reading]",2023-06-13,scoring
2023-06-14,1.2,-0.821,0,down,"Bitstamp settled daily close, worst 1.2bp from $1 [archive import: scored retroactively, not a live reading]",2023-06-14,scoring
2023-06-15,9.2,1.642,0,up,"Bitstamp settled daily close, worst 9.2bp from $1 [archive import: scored retroactively, not a live reading]",2023-06-15,scoring
2023-06-16,7.1,0.985,0,up,"Bitstamp settled daily close, worst 7.1bp from $1 [archive import: scored retroactively, not a live reading]",2023-06-16,scoring
2023-06-17,3.9,-0.016,0,down,"Bitstamp settled daily close, worst 3.9bp from $1 [archive import: scored retroactively, not a live reading]",2023-06-17,scoring
2023-06-18,1.9,-0.670,0,down,"Bitstamp settled daily close, worst 1.9bp from $1 [archive import: scored retroactively, not a live reading]",2023-06-18,scoring
2023-06-19,2.6,-0.419,0,down,"Bitstamp settled daily close, worst 2.6bp from $1 [archive import: scored retroactively, not a live reading]",2023-06-19,scoring
2023-06-20,1.8,-0.722,0,down,"Bitstamp settled daily close, worst 1.8bp from $1 [archive import: scored retroactively, not a live reading]",2023-06-20,scoring
2023-06-21,0.1,-1.335,0,down,"Bitstamp settled daily close, worst 0.1bp from $1 [archive import: scored retroactively, not a live reading]",2023-06-21,scoring
2023-06-22,1.6,-0.776,0,down,"Bitstamp settled daily close, worst 1.6bp from $1 [archive import: scored retroactively, not a live reading]",2023-06-22,scoring
2023-06-23,5.8,0.776,0,up,"Bitstamp settled daily close, worst 5.8bp from $1 [archive import: scored retroactively, not a live reading]",2023-06-23,scoring
2023-06-24,6,0.919,0,up,"Bitstamp settled daily close, worst 6.0bp from $1 [archive import: scored retroactively, not a live reading]",2023-06-24,scoring
2023-06-25,4.1,0.176,0,up,"Bitstamp settled daily close, worst 4.1bp from $1 [archive import: scored retroactively, not a live reading]",2023-06-25,scoring
2023-06-26,1.4,-0.880,0,down,"Bitstamp settled daily close, worst 1.4bp from $1 [archive import: scored retroactively, not a live reading]",2023-06-26,scoring
2023-06-27,1.8,-0.665,0,down,"Bitstamp settled daily close, worst 1.8bp from $1 [archive import: scored retroactively, not a live reading]",2023-06-27,scoring
2023-06-28,0.3,-1.251,0,down,"Bitstamp settled daily close, worst 0.3bp from $1 [archive import: scored retroactively, not a live reading]",2023-06-28,scoring
2023-06-29,0.9,-0.958,0,down,"Bitstamp settled daily close, worst 0.9bp from $1 [archive import: scored retroactively, not a live reading]",2023-06-29,scoring
2023-06-30,2.5,-0.332,0,down,"Bitstamp settled daily close, worst 2.5bp from $1 [archive import: scored retroactively, not a live reading]",2023-06-30,scoring
2023-07-01,0.6,-1.055,0,down,"Bitstamp settled daily close, worst 0.6bp from $1 [archive import: scored retroactively, not a live reading]",2023-07-01,scoring
2023-07-02,1.3,-0.762,0,down,"Bitstamp settled daily close, worst 1.3bp from $1 [archive import: scored retroactively, not a live reading]",2023-07-02,scoring
2023-07-03,0.6,-0.977,0,down,"Bitstamp settled daily close, worst 0.6bp from $1 [archive import: scored retroactively, not a live reading]",2023-07-03,scoring
2023-07-04,2.1,-0.352,0,down,"Bitstamp settled daily close, worst 2.1bp from $1 [archive import: scored retroactively, not a live reading]",2023-07-04,scoring
2023-07-05,0.2,-1.094,0,down,"Bitstamp settled daily close, worst 0.2bp from $1 [archive import: scored retroactively, not a live reading]",2023-07-05,scoring
2023-07-06,0.4,-1.016,0,down,"Bitstamp settled daily close, worst 0.4bp from $1 [archive import: scored retroactively, not a live reading]",2023-07-06,scoring
2023-07-07,1.3,-0.665,0,down,"Bitstamp settled daily close, worst 1.3bp from $1 [archive import: scored retroactively, not a live reading]",2023-07-07,scoring
2023-07-08,2.1,-0.341,0,down,"Bitstamp settled daily close, worst 2.1bp from $1 [archive import: scored retroactively, not a live reading]",2023-07-08,scoring
2023-07-09,1.6,-0.490,0,down,"Bitstamp settled daily close, worst 1.6bp from $1 [archive import: scored retroactively, not a live reading]",2023-07-09,scoring
2023-07-10,1.4,-0.533,0,down,"Bitstamp settled daily close, worst 1.4bp from $1 [archive import: scored retroactively, not a live reading]",2023-07-10,scoring
2023-07-11,1.2,-0.657,0,down,"Bitstamp settled daily close, worst 1.2bp from $1 [archive import: scored retroactively, not a live reading]",2023-07-11,scoring
2023-07-12,0.4,-1.032,0,down,"Bitstamp settled daily close, worst 0.4bp from $1 [archive import: scored retroactively, not a live reading]",2023-07-12,scoring
2023-07-13,4.9,1.102,0,up,"Bitstamp settled daily close, worst 4.9bp from $1 [archive import: scored retroactively, not a live reading]",2023-07-13,scoring
2023-07-14,3.1,0.258,0,up,"Bitstamp settled daily close, worst 3.1bp from $1 [archive import: scored retroactively, not a live reading]",2023-07-14,scoring
2023-07-15,2.8,0.130,0,up,"Bitstamp settled daily close, worst 2.8bp from $1 [archive import: scored retroactively, not a live reading]",2023-07-15,scoring
2023-07-16,5.3,1.433,0,up,"Bitstamp settled daily close, worst 5.3bp from $1 [archive import: scored retroactively, not a live reading]",2023-07-16,scoring
2023-07-17,1.3,-0.651,0,down,"Bitstamp settled daily close, worst 1.3bp from $1 [archive import: scored retroactively, not a live reading]",2023-07-17,scoring
2023-07-18,1.2,-0.651,0,down,"Bitstamp settled daily close, worst 1.2bp from $1 [archive import: scored retroactively, not a live reading]",2023-07-18,scoring
2023-07-19,0.4,-1.016,0,down,"Bitstamp settled daily close, worst 0.4bp from $1 [archive import: scored retroactively, not a live reading]",2023-07-19,scoring
2023-07-20,0.2,-1.121,0,down,"Bitstamp settled daily close, worst 0.2bp from $1 [archive import: scored retroactively, not a live reading]",2023-07-20,scoring
2023-07-21,0.2,-1.121,0,down,"Bitstamp settled daily close, worst 0.2bp from $1 [archive import: scored retroactively, not a live reading]",2023-07-21,scoring
2023-07-22,0.8,-0.808,0,down,"Bitstamp settled daily close, worst 0.8bp from $1 [archive import: scored retroactively, not a live reading]",2023-07-22,scoring
2023-07-23,0.9,-0.756,0,down,"Bitstamp settled daily close, worst 0.9bp from $1 [archive import: scored retroactively, not a live reading]",2023-07-23,scoring
2023-07-24,1.8,-0.287,0,down,"Bitstamp settled daily close, worst 1.8bp from $1 [archive import: scored retroactively, not a live reading]",2023-07-24,scoring
2023-07-25,1.8,-0.287,0,down,"Bitstamp settled daily close, worst 1.8bp from $1 [archive import: scored retroactively, not a live reading]",2023-07-25,scoring
2023-07-26,0.2,-1.042,0,down,"Bitstamp settled daily close, worst 0.2bp from $1 [archive import: scored retroactively, not a live reading]",2023-07-26,scoring
2023-07-27,1.6,-0.261,0,down,"Bitstamp settled daily close, worst 1.6bp from $1 [archive import: scored retroactively, not a live reading]",2023-07-27,scoring
2023-07-28,0.4,-0.886,0,down,"Bitstamp settled daily close, worst 0.4bp from $1 [archive import: scored retroactively, not a live reading]",2023-07-28,scoring
2023-07-29,0.5,-0.808,0,down,"Bitstamp settled daily close, worst 0.5bp from $1 [archive import: scored retroactively, not a live reading]",2023-07-29,scoring
2023-07-30,1.4,-0.322,0,down,"Bitstamp settled daily close, worst 1.4bp from $1 [archive import: scored retroactively, not a live reading]",2023-07-30,scoring
2023-07-31,1.4,-0.322,0,down,"Bitstamp settled daily close, worst 1.4bp from $1 [archive import: scored retroactively, not a live reading]",2023-07-31,scoring
2023-08-01,4.6,1.583,0,up,"Bitstamp settled daily close, worst 4.6bp from $1 [archive import: scored retroactively, not a live reading]",2023-08-01,scoring
2023-08-02,6.2,2.492,0,up,"Bitstamp settled daily close, worst 6.2bp from $1 [archive import: scored retroactively, not a live reading]",2023-08-02,scoring
2023-08-03,7.9,3.489,1,up,"Bitstamp settled daily close, worst 7.9bp from $1 [archive import: scored retroactively, not a live reading]",2023-08-03,scoring
2023-08-04,14.4,7.300,1,up,"Bitstamp settled daily close, worst 14.4bp from $1 [archive import: scored retroactively, not a live reading]",2023-08-04,scoring
2023-08-05,8.6,3.899,1,up,"Bitstamp settled daily close, worst 8.6bp from $1 [archive import: scored retroactively, not a live reading]",2023-08-05,scoring
2023-08-06,15.6,8.003,1,up,"Bitstamp settled daily close, worst 15.6bp from $1 [archive import: scored retroactively, not a live reading]",2023-08-06,scoring
2023-08-07,12.4,6.127,1,up,"Bitstamp settled daily close, worst 12.4bp from $1 [archive import: scored retroactively, not a live reading]",2023-08-07,scoring
2023-08-08,3.8,1.085,0,up,"Bitstamp settled daily close, worst 3.8bp from $1 [archive import: scored retroactively, not a live reading]",2023-08-08,scoring
2023-08-09,7.6,3.313,1,up,"Bitstamp settled daily close, worst 7.6bp from $1 [archive import: scored retroactively, not a live reading]",2023-08-09,scoring
2023-08-10,12,5.893,1,up,"Bitstamp settled daily close, worst 12.0bp from $1 [archive import: scored retroactively, not a live reading]",2023-08-10,scoring
2023-08-11,10,4.720,1,up,"Bitstamp settled daily close, worst 10.0bp from $1 [archive import: scored retroactively, not a live reading]",2023-08-11,scoring
2023-08-12,6.2,2.215,0,up,"Bitstamp settled daily close, worst 6.2bp from $1 [archive import: scored retroactively, not a live reading]",2023-08-12,scoring
2023-08-13,7.3,2.736,0,up,"Bitstamp settled daily close, worst 7.3bp from $1 [archive import: scored retroactively, not a live reading]",2023-08-13,scoring
2023-08-14,9.8,4.039,1,up,"Bitstamp settled daily close, worst 9.8bp from $1 [archive import: scored retroactively, not a live reading]",2023-08-14,scoring
2023-08-15,11.3,4.795,1,up,"Bitstamp settled daily close, worst 11.3bp from $1 [archive import: scored retroactively, not a live reading]",2023-08-15,scoring
2023-08-16,12.2,4.691,1,up,"Bitstamp settled daily close, worst 12.2bp from $1 [archive import: scored retroactively, not a live reading]",2023-08-16,scoring
2023-08-17,1.5,-0.399,0,down,"Bitstamp settled daily close, worst 1.5bp from $1 [archive import: scored retroactively, not a live reading]",2023-08-17,scoring
2023-08-18,2.3,0.023,0,up,"Bitstamp settled daily close, worst 2.3bp from $1 [archive import: scored retroactively, not a live reading]",2023-08-18,scoring
2023-08-19,1.6,-0.281,0,down,"Bitstamp settled daily close, worst 1.6bp from $1 [archive import: scored retroactively, not a live reading]",2023-08-19,scoring
2023-08-20,0.7,-0.657,0,down,"Bitstamp settled daily close, worst 0.7bp from $1 [archive import: scored retroactively, not a live reading]",2023-08-20,scoring
2023-08-21,2.3,0.094,0,up,"Bitstamp settled daily close, worst 2.3bp from $1 [archive import: scored retroactively, not a live reading]",2023-08-21,scoring
2023-08-22,5.2,1.407,0,up,"Bitstamp settled daily close, worst 5.2bp from $1 [archive import: scored retroactively, not a live reading]",2023-08-22,scoring
2023-08-23,1.5,-0.375,0,down,"Bitstamp settled daily close, worst 1.5bp from $1 [archive import: scored retroactively, not a live reading]",2023-08-23,scoring
2023-08-24,4.8,1.173,0,up,"Bitstamp settled daily close, worst 4.8bp from $1 [archive import: scored retroactively, not a live reading]",2023-08-24,scoring
2023-08-25,4.6,1.079,0,up,"Bitstamp settled daily close, worst 4.6bp from $1 [archive import: scored retroactively, not a live reading]",2023-08-25,scoring
2023-08-26,5.5,1.501,0,up,"Bitstamp settled daily close, worst 5.5bp from $1 [archive import: scored retroactively, not a live reading]",2023-08-26,scoring
2023-08-27,5.5,1.501,0,up,"Bitstamp settled daily close, worst 5.5bp from $1 [archive import: scored retroactively, not a live reading]",2023-08-27,scoring
2023-08-28,6.4,1.923,0,up,"Bitstamp settled daily close, worst 6.4bp from $1 [archive import: scored retroactively, not a live reading]",2023-08-28,scoring
2023-08-29,0.8,-0.704,0,down,"Bitstamp settled daily close, worst 0.8bp from $1 [archive import: scored retroactively, not a live reading]",2023-08-29,scoring
2023-08-30,0.4,-0.844,0,down,"Bitstamp settled daily close, worst 0.4bp from $1 [archive import: scored retroactively, not a live reading]",2023-08-30,scoring
2023-08-31,2,-0.047,0,down,"Bitstamp settled daily close, worst 2.0bp from $1 [archive import: scored retroactively, not a live reading]",2023-08-31,scoring
2023-09-01,3.4,0.633,0,up,"Bitstamp settled daily close, worst 3.4bp from $1 [archive import: scored retroactively, not a live reading]",2023-09-01,scoring
2023-09-02,0.3,-0.821,0,down,"Bitstamp settled daily close, worst 0.3bp from $1 [archive import: scored retroactively, not a live reading]",2023-09-02,scoring
2023-09-03,1.6,-0.164,0,down,"Bitstamp settled daily close, worst 1.6bp from $1 [archive import: scored retroactively, not a live reading]",2023-09-03,scoring
2023-09-04,3.8,0.915,0,up,"Bitstamp settled daily close, worst 3.8bp from $1 [archive import: scored retroactively, not a live reading]",2023-09-04,scoring
2023-09-05,5,1.478,0,up,"Bitstamp settled daily close, worst 5.0bp from $1 [archive import: scored retroactively, not a live reading]",2023-09-05,scoring
2023-09-06,4.9,1.384,0,up,"Bitstamp settled daily close, worst 4.9bp from $1 [archive import: scored retroactively, not a live reading]",2023-09-06,scoring
2023-09-07,4.6,1.196,0,up,"Bitstamp settled daily close, worst 4.6bp from $1 [archive import: scored retroactively, not a live reading]",2023-09-07,scoring
2023-09-08,2.2,0.047,0,up,"Bitstamp settled daily close, worst 2.2bp from $1 [archive import: scored retroactively, not a live reading]",2023-09-08,scoring
2023-09-09,2.8,0.328,0,up,"Bitstamp settled daily close, worst 2.8bp from $1 [archive import: scored retroactively, not a live reading]",2023-09-09,scoring
2023-09-10,4.4,1.079,0,up,"Bitstamp settled daily close, worst 4.4bp from $1 [archive import: scored retroactively, not a live reading]",2023-09-10,scoring
2023-09-11,3.7,0.727,0,up,"Bitstamp settled daily close, worst 3.7bp from $1 [archive import: scored retroactively, not a live reading]",2023-09-11,scoring
2023-09-12,0.8,-0.633,0,down,"Bitstamp settled daily close, worst 0.8bp from $1 [archive import: scored retroactively, not a live reading]",2023-09-12,scoring
2023-09-13,3,0.362,0,up,"Bitstamp settled daily close, worst 3.0bp from $1 [archive import: scored retroactively, not a live reading]",2023-09-13,scoring
2023-09-14,2.3,0.070,0,up,"Bitstamp settled daily close, worst 2.3bp from $1 [archive import: scored retroactively, not a live reading]",2023-09-14,scoring
2023-09-15,0.2,-0.915,0,down,"Bitstamp settled daily close, worst 0.2bp from $1 [archive import: scored retroactively, not a live reading]",2023-09-15,scoring
2023-09-16,1.1,-0.469,0,down,"Bitstamp settled daily close, worst 1.1bp from $1 [archive import: scored retroactively, not a live reading]",2023-09-16,scoring
2023-09-17,2.1,0.000,0,flat,"Bitstamp settled daily close, worst 2.1bp from $1 [archive import: scored retroactively, not a live reading]",2023-09-17,scoring
2023-09-18,1.3,-0.375,0,down,"Bitstamp settled daily close, worst 1.3bp from $1 [archive import: scored retroactively, not a live reading]",2023-09-18,scoring
2023-09-19,1.7,-0.188,0,down,"Bitstamp settled daily close, worst 1.7bp from $1 [archive import: scored retroactively, not a live reading]",2023-09-19,scoring
2023-09-20,0.5,-0.751,0,down,"Bitstamp settled daily close, worst 0.5bp from $1 [archive import: scored retroactively, not a live reading]",2023-09-20,scoring
2023-09-21,0.3,-0.844,0,down,"Bitstamp settled daily close, worst 0.3bp from $1 [archive import: scored retroactively, not a live reading]",2023-09-21,scoring
2023-09-22,0.3,-0.821,0,down,"Bitstamp settled daily close, worst 0.3bp from $1 [archive import: scored retroactively, not a live reading]",2023-09-22,scoring
2023-09-23,0.8,-0.573,0,down,"Bitstamp settled daily close, worst 0.8bp from $1 [archive import: scored retroactively, not a live reading]",2023-09-23,scoring
2023-09-24,0.7,-0.573,0,down,"Bitstamp settled daily close, worst 0.7bp from $1 [archive import: scored retroactively, not a live reading]",2023-09-24,scoring
2023-09-25,2.1,0.156,0,up,"Bitstamp settled daily close, worst 2.1bp from $1 [archive import: scored retroactively, not a live reading]",2023-09-25,scoring
2023-09-26,5.6,1.928,0,up,"Bitstamp settled daily close, worst 5.6bp from $1 [archive import: scored retroactively, not a live reading]",2023-09-26,scoring
2023-09-27,7.6,2.893,0,up,"Bitstamp settled daily close, worst 7.6bp from $1 [archive import: scored retroactively, not a live reading]",2023-09-27,scoring
2023-09-28,1,-0.516,0,down,"Bitstamp settled daily close, worst 1.0bp from $1 [archive import: scored retroactively, not a live reading]",2023-09-28,scoring
2023-09-29,1.5,-0.287,0,down,"Bitstamp settled daily close, worst 1.5bp from $1 [archive import: scored retroactively, not a live reading]",2023-09-29,scoring
2023-09-30,0.5,-0.808,0,down,"Bitstamp settled daily close, worst 0.5bp from $1 [archive import: scored retroactively, not a live reading]",2023-09-30,scoring
2023-10-01,1.2,-0.443,0,down,"Bitstamp settled daily close, worst 1.2bp from $1 [archive import: scored retroactively, not a live reading]",2023-10-01,scoring
2023-10-02,1.7,-0.182,0,down,"Bitstamp settled daily close, worst 1.7bp from $1 [archive import: scored retroactively, not a live reading]",2023-10-02,scoring
2023-10-03,0.4,-0.782,0,down,"Bitstamp settled daily close, worst 0.4bp from $1 [archive import: scored retroactively, not a live reading]",2023-10-03,scoring
2023-10-04,0.3,-0.834,0,down,"Bitstamp settled daily close, worst 0.3bp from $1 [archive import: scored retroactively, not a live reading]",2023-10-04,scoring
2023-10-05,0.8,-0.573,0,down,"Bitstamp settled daily close, worst 0.8bp from $1 [archive import: scored retroactively, not a live reading]",2023-10-05,scoring
2023-10-06,4.4,1.303,0,up,"Bitstamp settled daily close, worst 4.4bp from $1 [archive import: scored retroactively, not a live reading]",2023-10-06,scoring
2023-10-07,5.6,1.928,0,up,"Bitstamp settled daily close, worst 5.6bp from $1 [archive import: scored retroactively, not a live reading]",2023-10-07,scoring
2023-10-08,5.1,1.431,0,up,"Bitstamp settled daily close, worst 5.1bp from $1 [archive import: scored retroactively, not a live reading]",2023-10-08,scoring
2023-10-09,1.8,-0.141,0,down,"Bitstamp settled daily close, worst 1.8bp from $1 [archive import: scored retroactively, not a live reading]",2023-10-09,scoring
2023-10-10,1,-0.516,0,down,"Bitstamp settled daily close, worst 1.0bp from $1 [archive import: scored retroactively, not a live reading]",2023-10-10,scoring
2023-10-11,2.3,0.094,0,up,"Bitstamp settled daily close, worst 2.3bp from $1 [archive import: scored retroactively, not a live reading]",2023-10-11,scoring
2023-10-12,3.1,0.469,0,up,"Bitstamp settled daily close, worst 3.1bp from $1 [archive import: scored retroactively, not a live reading]",2023-10-12,scoring
2023-10-13,2.9,0.375,0,up,"Bitstamp settled daily close, worst 2.9bp from $1 [archive import: scored retroactively, not a live reading]",2023-10-13,scoring
2023-10-14,0.7,-0.657,0,down,"Bitstamp settled daily close, worst 0.7bp from $1 [archive import: scored retroactively, not a live reading]",2023-10-14,scoring
2023-10-15,0.3,-0.821,0,down,"Bitstamp settled daily close, worst 0.3bp from $1 [archive import: scored retroactively, not a live reading]",2023-10-15,scoring
2023-10-16,4.8,1.290,0,up,"Bitstamp settled daily close, worst 4.8bp from $1 [archive import: scored retroactively, not a live reading]",2023-10-16,scoring
2023-10-17,4,0.891,0,up,"Bitstamp settled daily close, worst 4.0bp from $1 [archive import: scored retroactively, not a live reading]",2023-10-17,scoring
2023-10-18,1.4,-0.352,0,down,"Bitstamp settled daily close, worst 1.4bp from $1 [archive import: scored retroactively, not a live reading]",2023-10-18,scoring
2023-10-19,3.9,0.821,0,up,"Bitstamp settled daily close, worst 3.9bp from $1 [archive import: scored retroactively, not a live reading]",2023-10-19,scoring
2023-10-20,4.5,1.055,0,up,"Bitstamp settled daily close, worst 4.5bp from $1 [archive import: scored retroactively, not a live reading]",2023-10-20,scoring
2023-10-21,3.6,0.554,0,up,"Bitstamp settled daily close, worst 3.6bp from $1 [archive import: scored retroactively, not a live reading]",2023-10-21,scoring
2023-10-22,2.8,0.213,0,up,"Bitstamp settled daily close, worst 2.8bp from $1 [archive import: scored retroactively, not a live reading]",2023-10-22,scoring
2023-10-23,3.9,0.682,0,up,"Bitstamp settled daily close, worst 3.9bp from $1 [archive import: scored retroactively, not a live reading]",2023-10-23,scoring
2023-10-24,0.5,-0.874,0,down,"Bitstamp settled daily close, worst 0.5bp from $1 [archive import: scored retroactively, not a live reading]",2023-10-24,scoring
2023-10-25,3.1,0.235,0,up,"Bitstamp settled daily close, worst 3.1bp from $1 [archive import: scored retroactively, not a live reading]",2023-10-25,scoring
2023-10-26,1.5,-0.554,0,down,"Bitstamp settled daily close, worst 1.5bp from $1 [archive import: scored retroactively, not a live reading]",2023-10-26,scoring
2023-10-27,1.8,-0.426,0,down,"Bitstamp settled daily close, worst 1.8bp from $1 [archive import: scored retroactively, not a live reading]",2023-10-27,scoring
2023-10-28,1.5,-0.554,0,down,"Bitstamp settled daily close, worst 1.5bp from $1 [archive import: scored retroactively, not a live reading]",2023-10-28,scoring
2023-10-29,3.7,0.384,0,up,"Bitstamp settled daily close, worst 3.7bp from $1 [archive import: scored retroactively, not a live reading]",2023-10-29,scoring
2023-10-30,3.6,0.320,0,up,"Bitstamp settled daily close, worst 3.6bp from $1 [archive import: scored retroactively, not a live reading]",2023-10-30,scoring
2023-10-31,3.6,0.320,0,up,"Bitstamp settled daily close, worst 3.6bp from $1 [archive import: scored retroactively, not a live reading]",2023-10-31,scoring
2023-11-01,4.3,0.618,0,up,"Bitstamp settled daily close, worst 4.3bp from $1 [archive import: scored retroactively, not a live reading]",2023-11-01,scoring
2023-11-02,2.4,-0.192,0,down,"Bitstamp settled daily close, worst 2.4bp from $1 [archive import: scored retroactively, not a live reading]",2023-11-02,scoring
2023-11-03,4.8,0.853,0,up,"Bitstamp settled daily close, worst 4.8bp from $1 [archive import: scored retroactively, not a live reading]",2023-11-03,scoring
2023-11-04,6.4,1.689,0,up,"Bitstamp settled daily close, worst 6.4bp from $1 [archive import: scored retroactively, not a live reading]",2023-11-04,scoring
2023-11-05,6.9,1.923,0,up,"Bitstamp settled daily close, worst 6.9bp from $1 [archive import: scored retroactively, not a live reading]",2023-11-05,scoring
2023-11-06,3.4,0.281,0,up,"Bitstamp settled daily close, worst 3.4bp from $1 [archive import: scored retroactively, not a live reading]",2023-11-06,scoring
2023-11-07,3.3,0.235,0,up,"Bitstamp settled daily close, worst 3.3bp from $1 [archive import: scored retroactively, not a live reading]",2023-11-07,scoring
2023-11-08,7.2,2.064,0,up,"Bitstamp settled daily close, worst 7.2bp from $1 [archive import: scored retroactively, not a live reading]",2023-11-08,scoring
2023-11-09,1.6,-0.563,0,down,"Bitstamp settled daily close, worst 1.6bp from $1 [archive import: scored retroactively, not a live reading]",2023-11-09,scoring
2023-11-10,5.4,1.313,0,up,"Bitstamp settled daily close, worst 5.4bp from $1 [archive import: scored retroactively, not a live reading]",2023-11-10,scoring
2023-11-11,1.5,-0.516,0,down,"Bitstamp settled daily close, worst 1.5bp from $1 [archive import: scored retroactively, not a live reading]",2023-11-11,scoring
2023-11-12,6.2,2.007,0,up,"Bitstamp settled daily close, worst 6.2bp from $1 [archive import: scored retroactively, not a live reading]",2023-11-12,scoring
2023-11-13,1.9,-0.235,0,down,"Bitstamp settled daily close, worst 1.9bp from $1 [archive import: scored retroactively, not a live reading]",2023-11-13,scoring
2023-11-14,2.1,-0.104,0,down,"Bitstamp settled daily close, worst 2.1bp from $1 [archive import: scored retroactively, not a live reading]",2023-11-14,scoring
2023-11-15,6.8,2.345,0,up,"Bitstamp settled daily close, worst 6.8bp from $1 [archive import: scored retroactively, not a live reading]",2023-11-15,scoring
2023-11-16,0.7,-0.834,0,down,"Bitstamp settled daily close, worst 0.7bp from $1 [archive import: scored retroactively, not a live reading]",2023-11-16,scoring
2023-11-17,3.5,0.625,0,up,"Bitstamp settled daily close, worst 3.5bp from $1 [archive import: scored retroactively, not a live reading]",2023-11-17,scoring
2023-11-18,5.7,1.746,0,up,"Bitstamp settled daily close, worst 5.7bp from $1 [archive import: scored retroactively, not a live reading]",2023-11-18,scoring
2023-11-19,5.8,1.668,0,up,"Bitstamp settled daily close, worst 5.8bp from $1 [archive import: scored retroactively, not a live reading]",2023-11-19,scoring
2023-11-20,7.3,2.345,0,up,"Bitstamp settled daily close, worst 7.3bp from $1 [archive import: scored retroactively, not a live reading]",2023-11-20,scoring
2023-11-21,4,0.625,0,up,"Bitstamp settled daily close, worst 4.0bp from $1 [archive import: scored retroactively, not a live reading]",2023-11-21,scoring
2023-11-22,3.7,0.399,0,up,"Bitstamp settled daily close, worst 3.7bp from $1 [archive import: scored retroactively, not a live reading]",2023-11-22,scoring
2023-11-23,1.2,-0.774,0,down,"Bitstamp settled daily close, worst 1.2bp from $1 [archive import: scored retroactively, not a live reading]",2023-11-23,scoring
2023-11-24,7.2,2.293,0,up,"Bitstamp settled daily close, worst 7.2bp from $1 [archive import: scored retroactively, not a live reading]",2023-11-24,scoring
2023-11-25,5.4,1.355,0,up,"Bitstamp settled daily close, worst 5.4bp from $1 [archive import: scored retroactively, not a live reading]",2023-11-25,scoring
2023-11-26,4.1,0.678,0,up,"Bitstamp settled daily close, worst 4.1bp from $1 [archive import: scored retroactively, not a live reading]",2023-11-26,scoring
2023-11-27,0.6,-1.147,0,down,"Bitstamp settled daily close, worst 0.6bp from $1 [archive import: scored retroactively, not a live reading]",2023-11-27,scoring
2023-11-28,4.6,0.938,0,up,"Bitstamp settled daily close, worst 4.6bp from $1 [archive import: scored retroactively, not a live reading]",2023-11-28,scoring
2023-11-29,2.5,-0.182,0,down,"Bitstamp settled daily close, worst 2.5bp from $1 [archive import: scored retroactively, not a live reading]",2023-11-29,scoring
2023-11-30,1.4,-0.756,0,down,"Bitstamp settled daily close, worst 1.4bp from $1 [archive import: scored retroactively, not a live reading]",2023-11-30,scoring
2023-12-01,5,1.147,0,up,"Bitstamp settled daily close, worst 5.0bp from $1 [archive import: scored retroactively, not a live reading]",2023-12-01,scoring
2023-12-02,4.1,0.651,0,up,"Bitstamp settled daily close, worst 4.1bp from $1 [archive import: scored retroactively, not a live reading]",2023-12-02,scoring
2023-12-03,4,0.547,0,up,"Bitstamp settled daily close, worst 4.0bp from $1 [archive import: scored retroactively, not a live reading]",2023-12-03,scoring
2023-12-04,0.3,-1.381,0,down,"Bitstamp settled daily close, worst 0.3bp from $1 [archive import: scored retroactively, not a live reading]",2023-12-04,scoring
2023-12-05,1.8,-0.547,0,down,"Bitstamp settled daily close, worst 1.8bp from $1 [archive import: scored retroactively, not a live reading]",2023-12-05,scoring
2023-12-06,0.8,-1.042,0,down,"Bitstamp settled daily close, worst 0.8bp from $1 [archive import: scored retroactively, not a live reading]",2023-12-06,scoring
2023-12-07,2.5,-0.078,0,down,"Bitstamp settled daily close, worst 2.5bp from $1 [archive import: scored retroactively, not a live reading]",2023-12-07,scoring
2023-12-08,2.5,-0.078,0,down,"Bitstamp settled daily close, worst 2.5bp from $1 [archive import: scored retroactively, not a live reading]",2023-12-08,scoring
2023-12-09,0.1,-1.251,0,down,"Bitstamp settled daily close, worst 0.1bp from $1 [archive import: scored retroactively, not a live reading]",2023-12-09,scoring
2023-12-10,0.6,-0.990,0,down,"Bitstamp settled daily close, worst 0.6bp from $1 [archive import: scored retroactively, not a live reading]",2023-12-10,scoring
2023-12-11,4,0.808,0,up,"Bitstamp settled daily close, worst 4.0bp from $1 [archive import: scored retroactively, not a live reading]",2023-12-11,scoring
2023-12-12,5.2,1.407,0,up,"Bitstamp settled daily close, worst 5.2bp from $1 [archive import: scored retroactively, not a live reading]",2023-12-12,scoring
2023-12-13,1.6,-0.469,0,down,"Bitstamp settled daily close, worst 1.6bp from $1 [archive import: scored retroactively, not a live reading]",2023-12-13,scoring
2023-12-14,1.9,-0.313,0,down,"Bitstamp settled daily close, worst 1.9bp from $1 [archive import: scored retroactively, not a live reading]",2023-12-14,scoring
2023-12-15,0.7,-0.938,0,down,"Bitstamp settled daily close, worst 0.7bp from $1 [archive import: scored retroactively, not a live reading]",2023-12-15,scoring
2023-12-16,7.5,2.606,0,up,"Bitstamp settled daily close, worst 7.5bp from $1 [archive import: scored retroactively, not a live reading]",2023-12-16,scoring
2023-12-17,7.9,2.814,0,up,"Bitstamp settled daily close, worst 7.9bp from $1 [archive import: scored retroactively, not a live reading]",2023-12-17,scoring
2023-12-18,2.3,-0.164,0,down,"Bitstamp settled daily close, worst 2.3bp from $1 [archive import: scored retroactively, not a live reading]",2023-12-18,scoring
2023-12-19,2.6,-0.023,0,down,"Bitstamp settled daily close, worst 2.6bp from $1 [archive import: scored retroactively, not a live reading]",2023-12-19,scoring
2023-12-20,0.2,-1.173,0,down,"Bitstamp settled daily close, worst 0.2bp from $1 [archive import: scored retroactively, not a live reading]",2023-12-20,scoring
2023-12-21,1.6,-0.516,0,down,"Bitstamp settled daily close, worst 1.6bp from $1 [archive import: scored retroactively, not a live reading]",2023-12-21,scoring
2023-12-22,7.6,2.298,0,up,"Bitstamp settled daily close, worst 7.6bp from $1 [archive import: scored retroactively, not a live reading]",2023-12-22,scoring
2023-12-23,4.9,0.962,0,up,"Bitstamp settled daily close, worst 4.9bp from $1 [archive import: scored retroactively, not a live reading]",2023-12-23,scoring
2023-12-24,7,1.876,0,up,"Bitstamp settled daily close, worst 7.0bp from $1 [archive import: scored retroactively, not a live reading]",2023-12-24,scoring
2023-12-25,2.1,-0.469,0,down,"Bitstamp settled daily close, worst 2.1bp from $1 [archive import: scored retroactively, not a live reading]",2023-12-25,scoring
2023-12-26,0.4,-1.220,0,down,"Bitstamp settled daily close, worst 0.4bp from $1 [archive import: scored retroactively, not a live reading]",2023-12-26,scoring
2023-12-27,6.6,1.759,0,up,"Bitstamp settled daily close, worst 6.6bp from $1 [archive import: scored retroactively, not a live reading]",2023-12-27,scoring
2023-12-28,3.9,0.422,0,up,"Bitstamp settled daily close, worst 3.9bp from $1 [archive import: scored retroactively, not a live reading]",2023-12-28,scoring
2023-12-29,1.3,-0.844,0,down,"Bitstamp settled daily close, worst 1.3bp from $1 [archive import: scored retroactively, not a live reading]",2023-12-29,scoring
2023-12-30,0.5,-1.220,0,down,"Bitstamp settled daily close, worst 0.5bp from $1 [archive import: scored retroactively, not a live reading]",2023-12-30,scoring
2023-12-31,6.7,1.689,0,up,"Bitstamp settled daily close, worst 6.7bp from $1 [archive import: scored retroactively, not a live reading]",2023-12-31,scoring
2024-01-01,2.7,-0.235,0,down,"Bitstamp settled daily close, worst 2.7bp from $1 [archive import: scored retroactively, not a live reading]",2024-01-01,scoring
2024-01-02,3.2,0.000,0,flat,"Bitstamp settled daily close, worst 3.2bp from $1 [archive import: scored retroactively, not a live reading]",2024-01-02,scoring
2024-01-03,4.4,0.539,0,up,"Bitstamp settled daily close, worst 4.4bp from $1 [archive import: scored retroactively, not a live reading]",2024-01-03,scoring
2024-01-04,9.2,2.744,0,up,"Bitstamp settled daily close, worst 9.2bp from $1 [archive import: scored retroactively, not a live reading]",2024-01-04,scoring
2024-01-05,7.8,1.898,0,up,"Bitstamp settled daily close, worst 7.8bp from $1 [archive import: scored retroactively, not a live reading]",2024-01-05,scoring
2024-01-06,5.4,0.874,0,up,"Bitstamp settled daily close, worst 5.4bp from $1 [archive import: scored retroactively, not a live reading]",2024-01-06,scoring
2024-01-07,6,1.130,0,up,"Bitstamp settled daily close, worst 6.0bp from $1 [archive import: scored retroactively, not a live reading]",2024-01-07,scoring
2024-01-08,8.5,2.153,0,up,"Bitstamp settled daily close, worst 8.5bp from $1 [archive import: scored retroactively, not a live reading]",2024-01-08,scoring
2024-01-09,2,-0.661,0,down,"Bitstamp settled daily close, worst 2.0bp from $1 [archive import: scored retroactively, not a live reading]",2024-01-09,scoring
2024-01-10,3.4,-0.064,0,down,"Bitstamp settled daily close, worst 3.4bp from $1 [archive import: scored retroactively, not a live reading]",2024-01-10,scoring
2024-01-11,1.1,-1.045,0,down,"Bitstamp settled daily close, worst 1.1bp from $1 [archive import: scored retroactively, not a live reading]",2024-01-11,scoring
2024-01-12,2.9,-0.277,0,down,"Bitstamp settled daily close, worst 2.9bp from $1 [archive import: scored retroactively, not a live reading]",2024-01-12,scoring
2024-01-13,1.2,-1.002,0,down,"Bitstamp settled daily close, worst 1.2bp from $1 [archive import: scored retroactively, not a live reading]",2024-01-13,scoring
2024-01-14,6.8,1.386,0,up,"Bitstamp settled daily close, worst 6.8bp from $1 [archive import: scored retroactively, not a live reading]",2024-01-14,scoring
2024-01-15,7,1.471,0,up,"Bitstamp settled daily close, worst 7.0bp from $1 [archive import: scored retroactively, not a live reading]",2024-01-15,scoring
2024-01-16,2.6,-0.405,0,down,"Bitstamp settled daily close, worst 2.6bp from $1 [archive import: scored retroactively, not a live reading]",2024-01-16,scoring
2024-01-17,9.2,2.409,0,up,"Bitstamp settled daily close, worst 9.2bp from $1 [archive import: scored retroactively, not a live reading]",2024-01-17,scoring
2024-01-18,9.1,2.367,0,up,"Bitstamp settled daily close, worst 9.1bp from $1 [archive import: scored retroactively, not a live reading]",2024-01-18,scoring
2024-01-19,8.7,2.013,0,up,"Bitstamp settled daily close, worst 8.7bp from $1 [archive import: scored retroactively, not a live reading]",2024-01-19,scoring
2024-01-20,7.3,1.466,0,up,"Bitstamp settled daily close, worst 7.3bp from $1 [archive import: scored retroactively, not a live reading]",2024-01-20,scoring
2024-01-21,6.1,0.977,0,up,"Bitstamp settled daily close, worst 6.1bp from $1 [archive import: scored retroactively, not a live reading]",2024-01-21,scoring
2024-01-22,10.7,2.775,0,up,"Bitstamp settled daily close, worst 10.7bp from $1 [archive import: scored retroactively, not a live reading]",2024-01-22,scoring
2024-01-23,7.6,1.544,0,up,"Bitstamp settled daily close, worst 7.6bp from $1 [archive import: scored retroactively, not a live reading]",2024-01-23,scoring
2024-01-24,4.1,0.156,0,up,"Bitstamp settled daily close, worst 4.1bp from $1 [archive import: scored retroactively, not a live reading]",2024-01-24,scoring
2024-01-25,5.4,0.577,0,up,"Bitstamp settled daily close, worst 5.4bp from $1 [archive import: scored retroactively, not a live reading]",2024-01-25,scoring
2024-01-26,1.7,-0.812,0,down,"Bitstamp settled daily close, worst 1.7bp from $1 [archive import: scored retroactively, not a live reading]",2024-01-26,scoring
2024-01-27,0.4,-1.281,0,down,"Bitstamp settled daily close, worst 0.4bp from $1 [archive import: scored retroactively, not a live reading]",2024-01-27,scoring
2024-01-28,0.8,-1.137,0,down,"Bitstamp settled daily close, worst 0.8bp from $1 [archive import: scored retroactively, not a live reading]",2024-01-28,scoring
2024-01-29,0.3,-1.317,0,down,"Bitstamp settled daily close, worst 0.3bp from $1 [archive import: scored retroactively, not a live reading]",2024-01-29,scoring
2024-01-30,0.2,-1.353,0,down,"Bitstamp settled daily close, worst 0.2bp from $1 [archive import: scored retroactively, not a live reading]",2024-01-30,scoring
2024-01-31,7.5,1.335,0,up,"Bitstamp settled daily close, worst 7.5bp from $1 [archive import: scored retroactively, not a live reading]",2024-01-31,scoring
2024-02-01,3.8,-0.054,0,down,"Bitstamp settled daily close, worst 3.8bp from $1 [archive import: scored retroactively, not a live reading]",2024-02-01,scoring
2024-02-02,4.2,0.126,0,up,"Bitstamp settled daily close, worst 4.2bp from $1 [archive import: scored retroactively, not a live reading]",2024-02-02,scoring
2024-02-03,3.4,-0.162,0,down,"Bitstamp settled daily close, worst 3.4bp from $1 [archive import: scored retroactively, not a live reading]",2024-02-03,scoring
2024-02-04,4.3,0.198,0,up,"Bitstamp settled daily close, worst 4.3bp from $1 [archive import: scored retroactively, not a live reading]",2024-02-04,scoring
2024-02-05,12.5,3.121,1,up,"Bitstamp settled daily close, worst 12.5bp from $1 [archive import: scored retroactively, not a live reading]",2024-02-05,scoring
2024-02-06,2.9,-0.379,0,down,"Bitstamp settled daily close, worst 2.9bp from $1 [archive import: scored retroactively, not a live reading]",2024-02-06,scoring
2024-02-07,1.8,-0.740,0,down,"Bitstamp settled daily close, worst 1.8bp from $1 [archive import: scored retroactively, not a live reading]",2024-02-07,scoring
2024-02-08,1.7,-0.776,0,down,"Bitstamp settled daily close, worst 1.7bp from $1 [archive import: scored retroactively, not a live reading]",2024-02-08,scoring
2024-02-09,4.4,0.235,0,up,"Bitstamp settled daily close, worst 4.4bp from $1 [archive import: scored retroactively, not a live reading]",2024-02-09,scoring
2024-02-10,3.2,-0.235,0,down,"Bitstamp settled daily close, worst 3.2bp from $1 [archive import: scored retroactively, not a live reading]",2024-02-10,scoring
2024-02-11,2.8,-0.343,0,down,"Bitstamp settled daily close, worst 2.8bp from $1 [archive import: scored retroactively, not a live reading]",2024-02-11,scoring
2024-02-12,3,-0.271,0,down,"Bitstamp settled daily close, worst 3.0bp from $1 [archive import: scored retroactively, not a live reading]",2024-02-12,scoring
2024-02-13,4.7,0.343,0,up,"Bitstamp settled daily close, worst 4.7bp from $1 [archive import: scored retroactively, not a live reading]",2024-02-13,scoring
2024-02-14,9,1.894,0,up,"Bitstamp settled daily close, worst 9.0bp from $1 [archive import: scored retroactively, not a live reading]",2024-02-14,scoring
2024-02-15,10.3,2.327,0,up,"Bitstamp settled daily close, worst 10.3bp from $1 [archive import: scored retroactively, not a live reading]",2024-02-15,scoring
2024-02-16,6.7,0.921,0,up,"Bitstamp settled daily close, worst 6.7bp from $1 [archive import: scored retroactively, not a live reading]",2024-02-16,scoring
2024-02-17,3.6,-0.117,0,down,"Bitstamp settled daily close, worst 3.6bp from $1 [archive import: scored retroactively, not a live reading]",2024-02-17,scoring
2024-02-18,2.4,-0.523,0,down,"Bitstamp settled daily close, worst 2.4bp from $1 [archive import: scored retroactively, not a live reading]",2024-02-18,scoring
2024-02-19,2.2,-0.559,0,down,"Bitstamp settled daily close, worst 2.2bp from $1 [archive import: scored retroactively, not a live reading]",2024-02-19,scoring
2024-02-20,1.5,-0.776,0,down,"Bitstamp settled daily close, worst 1.5bp from $1 [archive import: scored retroactively, not a live reading]",2024-02-20,scoring
2024-02-21,0.3,-1.155,0,down,"Bitstamp settled daily close, worst 0.3bp from $1 [archive import: scored retroactively, not a live reading]",2024-02-21,scoring
2024-02-22,7,1.263,0,up,"Bitstamp settled daily close, worst 7.0bp from $1 [archive import: scored retroactively, not a live reading]",2024-02-22,scoring
2024-02-23,1.5,-0.722,0,down,"Bitstamp settled daily close, worst 1.5bp from $1 [archive import: scored retroactively, not a live reading]",2024-02-23,scoring
2024-02-24,0.7,-0.974,0,down,"Bitstamp settled daily close, worst 0.7bp from $1 [archive import: scored retroactively, not a live reading]",2024-02-24,scoring
2024-02-25,0.7,-0.938,0,down,"Bitstamp settled daily close, worst 0.7bp from $1 [archive import: scored retroactively, not a live reading]",2024-02-25,scoring
2024-02-26,6.9,1.299,0,up,"Bitstamp settled daily close, worst 6.9bp from $1 [archive import: scored retroactively, not a live reading]",2024-02-26,scoring
2024-02-27,5,0.613,0,up,"Bitstamp settled daily close, worst 5.0bp from $1 [archive import: scored retroactively, not a live reading]",2024-02-27,scoring
2024-02-28,12.4,3.247,1,up,"Bitstamp settled daily close, worst 12.4bp from $1 [archive import: scored retroactively, not a live reading]",2024-02-28,scoring
2024-02-29,5.2,0.570,0,up,"Bitstamp settled daily close, worst 5.2bp from $1 [archive import: scored retroactively, not a live reading]",2024-02-29,scoring
2024-03-01,7.3,1.273,0,up,"Bitstamp settled daily close, worst 7.3bp from $1 [archive import: scored retroactively, not a live reading]",2024-03-01,scoring
2024-03-02,7,1.173,0,up,"Bitstamp settled daily close, worst 7.0bp from $1 [archive import: scored retroactively, not a live reading]",2024-03-02,scoring
2024-03-03,5,0.503,0,up,"Bitstamp settled daily close, worst 5.0bp from $1 [archive import: scored retroactively, not a live reading]",2024-03-03,scoring
2024-03-04,14.3,3.552,1,up,"Bitstamp settled daily close, worst 14.3bp from $1 [archive import: scored retroactively, not a live reading]",2024-03-04,scoring
2024-03-05,14.1,3.434,1,up,"Bitstamp settled daily close, worst 14.1bp from $1 [archive import: scored retroactively, not a live reading]",2024-03-05,scoring
2024-03-06,7.3,1.048,0,up,"Bitstamp settled daily close, worst 7.3bp from $1 [archive import: scored retroactively, not a live reading]",2024-03-06,scoring
2024-03-07,16.2,3.799,1,up,"Bitstamp settled daily close, worst 16.2bp from $1 [archive import: scored retroactively, not a live reading]",2024-03-07,scoring
2024-03-08,22.2,5.644,1,up,"Bitstamp settled daily close, worst 22.2bp from $1 [archive import: scored retroactively, not a live reading]",2024-03-08,scoring
2024-03-09,21.7,5.116,1,up,"Bitstamp settled daily close, worst 21.7bp from $1 [archive import: scored retroactively, not a live reading]",2024-03-09,scoring
2024-03-10,9.3,1.451,0,up,"Bitstamp settled daily close, worst 9.3bp from $1 [archive import: scored retroactively, not a live reading]",2024-03-10,scoring
2024-03-11,3.5,-0.264,0,down,"Bitstamp settled daily close, worst 3.5bp from $1 [archive import: scored retroactively, not a live reading]",2024-03-11,scoring
2024-03-12,1,-0.982,0,down,"Bitstamp settled daily close, worst 1.0bp from $1 [archive import: scored retroactively, not a live reading]",2024-03-12,scoring
2024-03-13,6.9,0.748,0,up,"Bitstamp settled daily close, worst 6.9bp from $1 [archive import: scored retroactively, not a live reading]",2024-03-13,scoring
2024-03-14,2.2,-0.607,0,down,"Bitstamp settled daily close, worst 2.2bp from $1 [archive import: scored retroactively, not a live reading]",2024-03-14,scoring
2024-03-15,1,-0.997,0,down,"Bitstamp settled daily close, worst 1.0bp from $1 [archive import: scored retroactively, not a live reading]",2024-03-15,scoring
2024-03-16,8.5,1.217,0,up,"Bitstamp settled daily close, worst 8.5bp from $1 [archive import: scored retroactively, not a live reading]",2024-03-16,scoring
2024-03-17,6.7,0.689,0,up,"Bitstamp settled daily close, worst 6.7bp from $1 [archive import: scored retroactively, not a live reading]",2024-03-17,scoring
2024-03-18,0.2,-1.159,0,down,"Bitstamp settled daily close, worst 0.2bp from $1 [archive import: scored retroactively, not a live reading]",2024-03-18,scoring
2024-03-19,5.2,0.221,0,up,"Bitstamp settled daily close, worst 5.2bp from $1 [archive import: scored retroactively, not a live reading]",2024-03-19,scoring
2024-03-20,0.7,-1.062,0,down,"Bitstamp settled daily close, worst 0.7bp from $1 [archive import: scored retroactively, not a live reading]",2024-03-20,scoring
2024-03-21,2.5,-0.566,0,down,"Bitstamp settled daily close, worst 2.5bp from $1 [archive import: scored retroactively, not a live reading]",2024-03-21,scoring
2024-03-22,2.6,-0.497,0,down,"Bitstamp settled daily close, worst 2.6bp from $1 [archive import: scored retroactively, not a live reading]",2024-03-22,scoring
2024-03-23,1.8,-0.704,0,down,"Bitstamp settled daily close, worst 1.8bp from $1 [archive import: scored retroactively, not a live reading]",2024-03-23,scoring
2024-03-24,0.4,-1.129,0,down,"Bitstamp settled daily close, worst 0.4bp from $1 [archive import: scored retroactively, not a live reading]",2024-03-24,scoring
2024-03-25,1.3,-0.814,0,down,"Bitstamp settled daily close, worst 1.3bp from $1 [archive import: scored retroactively, not a live reading]",2024-03-25,scoring
2024-03-26,0.1,-1.217,0,down,"Bitstamp settled daily close, worst 0.1bp from $1 [archive import: scored retroactively, not a live reading]",2024-03-26,scoring
2024-03-27,4.6,0.132,0,up,"Bitstamp settled daily close, worst 4.6bp from $1 [archive import: scored retroactively, not a live reading]",2024-03-27,scoring
2024-03-28,0.6,-1.007,0,down,"Bitstamp settled daily close, worst 0.6bp from $1 [archive import: scored retroactively, not a live reading]",2024-03-28,scoring
2024-03-29,5.6,0.372,0,up,"Bitstamp settled daily close, worst 5.6bp from $1 [archive import: scored retroactively, not a live reading]",2024-03-29,scoring
2024-03-30,4.6,0.069,0,up,"Bitstamp settled daily close, worst 4.6bp from $1 [archive import: scored retroactively, not a live reading]",2024-03-30,scoring
2024-03-31,1.3,-0.842,0,down,"Bitstamp settled daily close, worst 1.3bp from $1 [archive import: scored retroactively, not a live reading]",2024-03-31,scoring
2024-04-01,3.9,-0.124,0,down,"Bitstamp settled daily close, worst 3.9bp from $1 [archive import: scored retroactively, not a live reading]",2024-04-01,scoring
2024-04-02,1.6,-0.759,0,down,"Bitstamp settled daily close, worst 1.6bp from $1 [archive import: scored retroactively, not a live reading]",2024-04-02,scoring
2024-04-03,3.9,-0.103,0,down,"Bitstamp settled daily close, worst 3.9bp from $1 [archive import: scored retroactively, not a live reading]",2024-04-03,scoring
2024-04-04,4.2,0.015,0,up,"Bitstamp settled daily close, worst 4.2bp from $1 [archive import: scored retroactively, not a live reading]",2024-04-04,scoring
2024-04-05,1.5,-0.777,0,down,"Bitstamp settled daily close, worst 1.5bp from $1 [archive import: scored retroactively, not a live reading]",2024-04-05,scoring
2024-04-06,2.1,-0.557,0,down,"Bitstamp settled daily close, worst 2.1bp from $1 [archive import: scored retroactively, not a live reading]",2024-04-06,scoring
2024-04-07,0.1,-1.114,0,down,"Bitstamp settled daily close, worst 0.1bp from $1 [archive import: scored retroactively, not a live reading]",2024-04-07,scoring
2024-04-08,0.8,-0.894,0,down,"Bitstamp settled daily close, worst 0.8bp from $1 [archive import: scored retroactively, not a live reading]",2024-04-08,scoring
2024-04-09,4.1,0.073,0,up,"Bitstamp settled daily close, worst 4.1bp from $1 [archive import: scored retroactively, not a live reading]",2024-04-09,scoring
2024-04-10,0.2,-1.085,0,down,"Bitstamp settled daily close, worst 0.2bp from $1 [archive import: scored retroactively, not a live reading]",2024-04-10,scoring
2024-04-11,0.9,-0.880,0,down,"Bitstamp settled daily close, worst 0.9bp from $1 [archive import: scored retroactively, not a live reading]",2024-04-11,scoring
2024-04-12,6.3,0.704,0,up,"Bitstamp settled daily close, worst 6.3bp from $1 [archive import: scored retroactively, not a live reading]",2024-04-12,scoring
2024-04-13,13.3,2.726,0,up,"Bitstamp settled daily close, worst 13.3bp from $1 [archive import: scored retroactively, not a live reading]",2024-04-13,scoring
2024-04-14,10.8,1.994,0,up,"Bitstamp settled daily close, worst 10.8bp from $1 [archive import: scored retroactively, not a live reading]",2024-04-14,scoring
2024-04-15,4.3,0.083,0,up,"Bitstamp settled daily close, worst 4.3bp from $1 [archive import: scored retroactively, not a live reading]",2024-04-15,scoring
2024-04-16,4.7,0.166,0,up,"Bitstamp settled daily close, worst 4.7bp from $1 [archive import: scored retroactively, not a live reading]",2024-04-16,scoring
2024-04-17,0.5,-1.055,0,down,"Bitstamp settled daily close, worst 0.5bp from $1 [archive import: scored retroactively, not a live reading]",2024-04-17,scoring
2024-04-18,6.1,0.616,0,up,"Bitstamp settled daily close, worst 6.1bp from $1 [archive import: scored retroactively, not a live reading]",2024-04-18,scoring
2024-04-19,4.7,0.205,0,up,"Bitstamp settled daily close, worst 4.7bp from $1 [archive import: scored retroactively, not a live reading]",2024-04-19,scoring
2024-04-20,4.1,0.031,0,up,"Bitstamp settled daily close, worst 4.1bp from $1 [archive import: scored retroactively, not a live reading]",2024-04-20,scoring
2024-04-21,1.9,-0.657,0,down,"Bitstamp settled daily close, worst 1.9bp from $1 [archive import: scored retroactively, not a live reading]",2024-04-21,scoring
2024-04-22,3.8,-0.031,0,down,"Bitstamp settled daily close, worst 3.8bp from $1 [archive import: scored retroactively, not a live reading]",2024-04-22,scoring
2024-04-23,0.7,-1.055,0,down,"Bitstamp settled daily close, worst 0.7bp from $1 [archive import: scored retroactively, not a live reading]",2024-04-23,scoring
2024-04-24,4.6,0.268,0,up,"Bitstamp settled daily close, worst 4.6bp from $1 [archive import: scored retroactively, not a live reading]",2024-04-24,scoring
2024-04-25,2.2,-0.536,0,down,"Bitstamp settled daily close, worst 2.2bp from $1 [archive import: scored retroactively, not a live reading]",2024-04-25,scoring
2024-04-26,2.9,-0.302,0,down,"Bitstamp settled daily close, worst 2.9bp from $1 [archive import: scored retroactively, not a live reading]",2024-04-26,scoring
2024-04-27,6.1,0.771,0,up,"Bitstamp settled daily close, worst 6.1bp from $1 [archive import: scored retroactively, not a live reading]",2024-04-27,scoring
2024-04-28,2.3,-0.485,0,down,"Bitstamp settled daily close, worst 2.3bp from $1 [archive import: scored retroactively, not a live reading]",2024-04-28,scoring
2024-04-29,3.1,-0.235,0,down,"Bitstamp settled daily close, worst 3.1bp from $1 [archive import: scored retroactively, not a live reading]",2024-04-29,scoring
2024-04-30,8.2,1.457,0,up,"Bitstamp settled daily close, worst 8.2bp from $1 [archive import: scored retroactively, not a live reading]",2024-04-30,scoring
2024-05-01,14.3,3.501,1,up,"Bitstamp settled daily close, worst 14.3bp from $1 [archive import: scored retroactively, not a live reading]",2024-05-01,scoring
2024-05-02,0.5,-1.063,0,down,"Bitstamp settled daily close, worst 0.5bp from $1 [archive import: scored retroactively, not a live reading]",2024-05-02,scoring
2024-05-03,5.1,0.391,0,up,"Bitstamp settled daily close, worst 5.1bp from $1 [archive import: scored retroactively, not a live reading]",2024-05-03,scoring
2024-05-04,2.2,-0.532,0,down,"Bitstamp settled daily close, worst 2.2bp from $1 [archive import: scored retroactively, not a live reading]",2024-05-04,scoring
2024-05-05,0.1,-1.173,0,down,"Bitstamp settled daily close, worst 0.1bp from $1 [archive import: scored retroactively, not a live reading]",2024-05-05,scoring
2024-05-06,0.5,-1.001,0,down,"Bitstamp settled daily close, worst 0.5bp from $1 [archive import: scored retroactively, not a live reading]",2024-05-06,scoring
2024-05-07,0.8,-0.907,0,down,"Bitstamp settled daily close, worst 0.8bp from $1 [archive import: scored retroactively, not a live reading]",2024-05-07,scoring
2024-05-08,3.4,-0.094,0,down,"Bitstamp settled daily close, worst 3.4bp from $1 [archive import: scored retroactively, not a live reading]",2024-05-08,scoring
2024-05-09,0.8,-0.907,0,down,"Bitstamp settled daily close, worst 0.8bp from $1 [archive import: scored retroactively, not a live reading]",2024-05-09,scoring
2024-05-10,1.3,-0.704,0,down,"Bitstamp settled daily close, worst 1.3bp from $1 [archive import: scored retroactively, not a live reading]",2024-05-10,scoring
2024-05-11,2.8,-0.235,0,down,"Bitstamp settled daily close, worst 2.8bp from $1 [archive import: scored retroactively, not a live reading]",2024-05-11,scoring
2024-05-12,5.1,0.485,0,up,"Bitstamp settled daily close, worst 5.1bp from $1 [archive import: scored retroactively, not a live reading]",2024-05-12,scoring
2024-05-13,0,-1.157,0,down,"Bitstamp settled daily close, worst 0.0bp from $1 [archive import: scored retroactively, not a live reading]",2024-05-13,scoring
2024-05-14,4.1,0.172,0,up,"Bitstamp settled daily close, worst 4.1bp from $1 [archive import: scored retroactively, not a live reading]",2024-05-14,scoring
2024-05-15,3.7,0.050,0,up,"Bitstamp settled daily close, worst 3.7bp from $1 [archive import: scored retroactively, not a live reading]",2024-05-15,scoring
2024-05-16,1.5,-0.687,0,down,"Bitstamp settled daily close, worst 1.5bp from $1 [archive import: scored retroactively, not a live reading]",2024-05-16,scoring
2024-05-17,5,0.519,0,up,"Bitstamp settled daily close, worst 5.0bp from $1 [archive import: scored retroactively, not a live reading]",2024-05-17,scoring
2024-05-18,2.4,-0.352,0,down,"Bitstamp settled daily close, worst 2.4bp from $1 [archive import: scored retroactively, not a live reading]",2024-05-18,scoring
2024-05-19,0.1,-1.122,0,down,"Bitstamp settled daily close, worst 0.1bp from $1 [archive import: scored retroactively, not a live reading]",2024-05-19,scoring
2024-05-20,1.1,-0.787,0,down,"Bitstamp settled daily close, worst 1.1bp from $1 [archive import: scored retroactively, not a live reading]",2024-05-20,scoring
2024-05-21,1.1,-0.848,0,down,"Bitstamp settled daily close, worst 1.1bp from $1 [archive import: scored retroactively, not a live reading]",2024-05-21,scoring
2024-05-22,4.8,0.487,0,up,"Bitstamp settled daily close, worst 4.8bp from $1 [archive import: scored retroactively, not a live reading]",2024-05-22,scoring
2024-05-23,4.5,0.379,0,up,"Bitstamp settled daily close, worst 4.5bp from $1 [archive import: scored retroactively, not a live reading]",2024-05-23,scoring
2024-05-24,1.8,-0.649,0,down,"Bitstamp settled daily close, worst 1.8bp from $1 [archive import: scored retroactively, not a live reading]",2024-05-24,scoring
2024-05-25,0.8,-1.010,0,down,"Bitstamp settled daily close, worst 0.8bp from $1 [archive import: scored retroactively, not a live reading]",2024-05-25,scoring
2024-05-26,5.5,0.686,0,up,"Bitstamp settled daily close, worst 5.5bp from $1 [archive import: scored retroactively, not a live reading]",2024-05-26,scoring
2024-05-27,7.6,1.443,0,up,"Bitstamp settled daily close, worst 7.6bp from $1 [archive import: scored retroactively, not a live reading]",2024-05-27,scoring
2024-05-28,10.6,2.526,0,up,"Bitstamp settled daily close, worst 10.6bp from $1 [archive import: scored retroactively, not a live reading]",2024-05-28,scoring
2024-05-29,13,3.392,1,up,"Bitstamp settled daily close, worst 13.0bp from $1 [archive import: scored retroactively, not a live reading]",2024-05-29,scoring
2024-05-30,3.1,-0.168,0,down,"Bitstamp settled daily close, worst 3.1bp from $1 [archive import: scored retroactively, not a live reading]",2024-05-30,scoring
2024-05-31,10.1,2.399,0,up,"Bitstamp settled daily close, worst 10.1bp from $1 [archive import: scored retroactively, not a live reading]",2024-05-31,scoring
2024-06-01,7.5,1.357,0,up,"Bitstamp settled daily close, worst 7.5bp from $1 [archive import: scored retroactively, not a live reading]",2024-06-01,scoring
2024-06-02,4.9,0.486,0,up,"Bitstamp settled daily close, worst 4.9bp from $1 [archive import: scored retroactively, not a live reading]",2024-06-02,scoring
2024-06-03,1.6,-0.668,0,down,"Bitstamp settled daily close, worst 1.6bp from $1 [archive import: scored retroactively, not a live reading]",2024-06-03,scoring
2024-06-04,1.1,-0.776,0,down,"Bitstamp settled daily close, worst 1.1bp from $1 [archive import: scored retroactively, not a live reading]",2024-06-04,scoring
2024-06-05,0.9,-0.794,0,down,"Bitstamp settled daily close, worst 0.9bp from $1 [archive import: scored retroactively, not a live reading]",2024-06-05,scoring
2024-06-06,3.7,0.274,0,up,"Bitstamp settled daily close, worst 3.7bp from $1 [archive import: scored retroactively, not a live reading]",2024-06-06,scoring
2024-06-07,4.1,0.430,0,up,"Bitstamp settled daily close, worst 4.1bp from $1 [archive import: scored retroactively, not a live reading]",2024-06-07,scoring
2024-06-08,1,-0.853,0,down,"Bitstamp settled daily close, worst 1.0bp from $1 [archive import: scored retroactively, not a live reading]",2024-06-08,scoring
2024-06-09,1.1,-0.746,0,down,"Bitstamp settled daily close, worst 1.1bp from $1 [archive import: scored retroactively, not a live reading]",2024-06-09,scoring
2024-06-10,5,0.981,0,up,"Bitstamp settled daily close, worst 5.0bp from $1 [archive import: scored retroactively, not a live reading]",2024-06-10,scoring
2024-06-11,1.3,-0.661,0,down,"Bitstamp settled daily close, worst 1.3bp from $1 [archive import: scored retroactively, not a live reading]",2024-06-11,scoring
2024-06-12,3,0.141,0,up,"Bitstamp settled daily close, worst 3.0bp from $1 [archive import: scored retroactively, not a live reading]",2024-06-12,scoring
2024-06-13,3.7,0.399,0,up,"Bitstamp settled daily close, worst 3.7bp from $1 [archive import: scored retroactively, not a live reading]",2024-06-13,scoring
2024-06-14,5.3,1.002,0,up,"Bitstamp settled daily close, worst 5.3bp from $1 [archive import: scored retroactively, not a live reading]",2024-06-14,scoring
2024-06-15,5.8,1.337,0,up,"Bitstamp settled daily close, worst 5.8bp from $1 [archive import: scored retroactively, not a live reading]",2024-06-15,scoring
2024-06-16,6.5,1.665,0,up,"Bitstamp settled daily close, worst 6.5bp from $1 [archive import: scored retroactively, not a live reading]",2024-06-16,scoring
2024-06-17,3.9,0.362,0,up,"Bitstamp settled daily close, worst 3.9bp from $1 [archive import: scored retroactively, not a live reading]",2024-06-17,scoring
2024-06-18,6.3,1.524,0,up,"Bitstamp settled daily close, worst 6.3bp from $1 [archive import: scored retroactively, not a live reading]",2024-06-18,scoring
2024-06-19,3.9,0.341,0,up,"Bitstamp settled daily close, worst 3.9bp from $1 [archive import: scored retroactively, not a live reading]",2024-06-19,scoring
2024-06-20,5.2,0.832,0,up,"Bitstamp settled daily close, worst 5.2bp from $1 [archive import: scored retroactively, not a live reading]",2024-06-20,scoring
2024-06-21,4.7,0.490,0,up,"Bitstamp settled daily close, worst 4.7bp from $1 [archive import: scored retroactively, not a live reading]",2024-06-21,scoring
2024-06-22,4,0.128,0,up,"Bitstamp settled daily close, worst 4.0bp from $1 [archive import: scored retroactively, not a live reading]",2024-06-22,scoring
2024-06-23,7.1,1.450,0,up,"Bitstamp settled daily close, worst 7.1bp from $1 [archive import: scored retroactively, not a live reading]",2024-06-23,scoring
2024-06-24,6.4,1.130,0,up,"Bitstamp settled daily close, worst 6.4bp from $1 [archive import: scored retroactively, not a live reading]",2024-06-24,scoring
2024-06-25,2.2,-0.704,0,down,"Bitstamp settled daily close, worst 2.2bp from $1 [archive import: scored retroactively, not a live reading]",2024-06-25,scoring
2024-06-26,6.5,1.173,0,up,"Bitstamp settled daily close, worst 6.5bp from $1 [archive import: scored retroactively, not a live reading]",2024-06-26,scoring
2024-06-27,14,4.328,1,up,"Bitstamp settled daily close, worst 14.0bp from $1 [archive import: scored retroactively, not a live reading]",2024-06-27,scoring
2024-06-28,18.5,5.727,1,up,"Bitstamp settled daily close, worst 18.5bp from $1 [archive import: scored retroactively, not a live reading]",2024-06-28,scoring
2024-06-29,15.6,4.593,1,up,"Bitstamp settled daily close, worst 15.6bp from $1 [archive import: scored retroactively, not a live reading]",2024-06-29,scoring
2024-06-30,15.9,4.691,1,up,"Bitstamp settled daily close, worst 15.9bp from $1 [archive import: scored retroactively, not a live reading]",2024-06-30,scoring
2024-07-01,10.1,2.237,0,up,"Bitstamp settled daily close, worst 10.1bp from $1 [archive import: scored retroactively, not a live reading]",2024-07-01,scoring
2024-07-02,14.4,3.789,1,up,"Bitstamp settled daily close, worst 14.4bp from $1 [archive import: scored retroactively, not a live reading]",2024-07-02,scoring
2024-07-03,9.4,1.826,0,up,"Bitstamp settled daily close, worst 9.4bp from $1 [archive import: scored retroactively, not a live reading]",2024-07-03,scoring
2024-07-04,1.7,-0.754,0,down,"Bitstamp settled daily close, worst 1.7bp from $1 [archive import: scored retroactively, not a live reading]",2024-07-04,scoring
2024-07-05,0.8,-1.055,0,down,"Bitstamp settled daily close, worst 0.8bp from $1 [archive import: scored retroactively, not a live reading]",2024-07-05,scoring
2024-07-06,1.2,-0.921,0,down,"Bitstamp settled daily close, worst 1.2bp from $1 [archive import: scored retroactively, not a live reading]",2024-07-06,scoring
2024-07-07,1.6,-0.787,0,down,"Bitstamp settled daily close, worst 1.6bp from $1 [archive import: scored retroactively, not a live reading]",2024-07-07,scoring
2024-07-08,1.3,-0.888,0,down,"Bitstamp settled daily close, worst 1.3bp from $1 [archive import: scored retroactively, not a live reading]",2024-07-08,scoring
2024-07-09,0.9,-1.005,0,down,"Bitstamp settled daily close, worst 0.9bp from $1 [archive import: scored retroactively, not a live reading]",2024-07-09,scoring
2024-07-10,0.4,-1.173,0,down,"Bitstamp settled daily close, worst 0.4bp from $1 [archive import: scored retroactively, not a live reading]",2024-07-10,scoring
2024-07-11,0.8,-1.039,0,down,"Bitstamp settled daily close, worst 0.8bp from $1 [archive import: scored retroactively, not a live reading]",2024-07-11,scoring
2024-07-12,3.6,-0.084,0,down,"Bitstamp settled daily close, worst 3.6bp from $1 [archive import: scored retroactively, not a live reading]",2024-07-12,scoring
2024-07-13,5.7,0.704,0,up,"Bitstamp settled daily close, worst 5.7bp from $1 [archive import: scored retroactively, not a live reading]",2024-07-13,scoring
2024-07-14,3,-0.271,0,down,"Bitstamp settled daily close, worst 3.0bp from $1 [archive import: scored retroactively, not a live reading]",2024-07-14,scoring
2024-07-15,5.8,0.758,0,up,"Bitstamp settled daily close, worst 5.8bp from $1 [archive import: scored retroactively, not a live reading]",2024-07-15,scoring
2024-07-16,3.6,-0.036,0,down,"Bitstamp settled daily close, worst 3.6bp from $1 [archive import: scored retroactively, not a live reading]",2024-07-16,scoring
2024-07-17,1,-0.974,0,down,"Bitstamp settled daily close, worst 1.0bp from $1 [archive import: scored retroactively, not a live reading]",2024-07-17,scoring
2024-07-18,2.1,-0.577,0,down,"Bitstamp settled daily close, worst 2.1bp from $1 [archive import: scored retroactively, not a live reading]",2024-07-18,scoring
2024-07-19,6.2,0.920,0,up,"Bitstamp settled daily close, worst 6.2bp from $1 [archive import: scored retroactively, not a live reading]",2024-07-19,scoring
2024-07-20,3.2,-0.162,0,down,"Bitstamp settled daily close, worst 3.2bp from $1 [archive import: scored retroactively, not a live reading]",2024-07-20,scoring
2024-07-21,1.9,-0.631,0,down,"Bitstamp settled daily close, worst 1.9bp from $1 [archive import: scored retroactively, not a live reading]",2024-07-21,scoring
2024-07-22,3.3,-0.108,0,down,"Bitstamp settled daily close, worst 3.3bp from $1 [archive import: scored retroactively, not a live reading]",2024-07-22,scoring
2024-07-23,1.1,-0.902,0,down,"Bitstamp settled daily close, worst 1.1bp from $1 [archive import: scored retroactively, not a live reading]",2024-07-23,scoring
2024-07-24,2.7,-0.289,0,down,"Bitstamp settled daily close, worst 2.7bp from $1 [archive import: scored retroactively, not a live reading]",2024-07-24,scoring
2024-07-25,2.4,-0.397,0,down,"Bitstamp settled daily close, worst 2.4bp from $1 [archive import: scored retroactively, not a live reading]",2024-07-25,scoring
2024-07-26,1,-0.902,0,down,"Bitstamp settled daily close, worst 1.0bp from $1 [archive import: scored retroactively, not a live reading]",2024-07-26,scoring
2024-07-27,0.9,-0.884,0,down,"Bitstamp settled daily close, worst 0.9bp from $1 [archive import: scored retroactively, not a live reading]",2024-07-27,scoring
2024-07-28,0.9,-0.884,0,down,"Bitstamp settled daily close, worst 0.9bp from $1 [archive import: scored retroactively, not a live reading]",2024-07-28,scoring
2024-07-29,1.9,-0.523,0,down,"Bitstamp settled daily close, worst 1.9bp from $1 [archive import: scored retroactively, not a live reading]",2024-07-29,scoring
2024-07-30,1.7,-0.606,0,down,"Bitstamp settled daily close, worst 1.7bp from $1 [archive import: scored retroactively, not a live reading]",2024-07-30,scoring
2024-07-31,3,-0.059,0,down,"Bitstamp settled daily close, worst 3.0bp from $1 [archive import: scored retroactively, not a live reading]",2024-07-31,scoring
2024-08-01,8,1.896,0,up,"Bitstamp settled daily close, worst 8.0bp from $1 [archive import: scored retroactively, not a live reading]",2024-08-01,scoring
2024-08-02,13.9,4.202,1,up,"Bitstamp settled daily close, worst 13.9bp from $1 [archive import: scored retroactively, not a live reading]",2024-08-02,scoring
2024-08-03,5.9,1.036,0,up,"Bitstamp settled daily close, worst 5.9bp from $1 [archive import: scored retroactively, not a live reading]",2024-08-03,scoring
2024-08-04,3.3,-0.018,0,down,"Bitstamp settled daily close, worst 3.3bp from $1 [archive import: scored retroactively, not a live reading]",2024-08-04,scoring
2024-08-05,4.2,0.307,0,up,"Bitstamp settled daily close, worst 4.2bp from $1 [archive import: scored retroactively, not a live reading]",2024-08-05,scoring
2024-08-06,3.7,0.072,0,up,"Bitstamp settled daily close, worst 3.7bp from $1 [archive import: scored retroactively, not a live reading]",2024-08-06,scoring
2024-08-07,1.5,-0.758,0,down,"Bitstamp settled daily close, worst 1.5bp from $1 [archive import: scored retroactively, not a live reading]",2024-08-07,scoring
2024-08-08,2,-0.577,0,down,"Bitstamp settled daily close, worst 2.0bp from $1 [archive import: scored retroactively, not a live reading]",2024-08-08,scoring
2024-08-09,3.2,-0.144,0,down,"Bitstamp settled daily close, worst 3.2bp from $1 [archive import: scored retroactively, not a live reading]",2024-08-09,scoring
2024-08-10,1.7,-0.686,0,down,"Bitstamp settled daily close, worst 1.7bp from $1 [archive import: scored retroactively, not a live reading]",2024-08-10,scoring
2024-08-11,0.7,-1.075,0,down,"Bitstamp settled daily close, worst 0.7bp from $1 [archive import: scored retroactively, not a live reading]",2024-08-11,scoring
2024-08-12,1.5,-0.762,0,down,"Bitstamp settled daily close, worst 1.5bp from $1 [archive import: scored retroactively, not a live reading]",2024-08-12,scoring
2024-08-13,2.9,-0.156,0,down,"Bitstamp settled daily close, worst 2.9bp from $1 [archive import: scored retroactively, not a live reading]",2024-08-13,scoring
2024-08-14,3.1,-0.059,0,down,"Bitstamp settled daily close, worst 3.1bp from $1 [archive import: scored retroactively, not a live reading]",2024-08-14,scoring
2024-08-15,3.1,-0.059,0,down,"Bitstamp settled daily close, worst 3.1bp from $1 [archive import: scored retroactively, not a live reading]",2024-08-15,scoring
2024-08-16,2.4,-0.313,0,down,"Bitstamp settled daily close, worst 2.4bp from $1 [archive import: scored retroactively, not a live reading]",2024-08-16,scoring
2024-08-17,0.7,-0.977,0,down,"Bitstamp settled daily close, worst 0.7bp from $1 [archive import: scored retroactively, not a live reading]",2024-08-17,scoring
2024-08-18,1.3,-0.743,0,down,"Bitstamp settled daily close, worst 1.3bp from $1 [archive import: scored retroactively, not a live reading]",2024-08-18,scoring
2024-08-19,2.2,-0.391,0,down,"Bitstamp settled daily close, worst 2.2bp from $1 [archive import: scored retroactively, not a live reading]",2024-08-19,scoring
2024-08-20,1.7,-0.586,0,down,"Bitstamp settled daily close, worst 1.7bp from $1 [archive import: scored retroactively, not a live reading]",2024-08-20,scoring
2024-08-21,1.8,-0.528,0,down,"Bitstamp settled daily close, worst 1.8bp from $1 [archive import: scored retroactively, not a live reading]",2024-08-21,scoring
2024-08-22,1.4,-0.725,0,down,"Bitstamp settled daily close, worst 1.4bp from $1 [archive import: scored retroactively, not a live reading]",2024-08-22,scoring
2024-08-23,7,1.663,0,up,"Bitstamp settled daily close, worst 7.0bp from $1 [archive import: scored retroactively, not a live reading]",2024-08-23,scoring
2024-08-24,4.2,0.410,0,up,"Bitstamp settled daily close, worst 4.2bp from $1 [archive import: scored retroactively, not a live reading]",2024-08-24,scoring
2024-08-25,4.7,0.661,0,up,"Bitstamp settled daily close, worst 4.7bp from $1 [archive import: scored retroactively, not a live reading]",2024-08-25,scoring
2024-08-26,1.3,-0.789,0,down,"Bitstamp settled daily close, worst 1.3bp from $1 [archive import: scored retroactively, not a live reading]",2024-08-26,scoring
2024-08-27,2.9,-0.085,0,down,"Bitstamp settled daily close, worst 2.9bp from $1 [archive import: scored retroactively, not a live reading]",2024-08-27,scoring
2024-08-28,1.8,-0.610,0,down,"Bitstamp settled daily close, worst 1.8bp from $1 [archive import: scored retroactively, not a live reading]",2024-08-28,scoring
2024-08-29,1.1,-0.915,0,down,"Bitstamp settled daily close, worst 1.1bp from $1 [archive import: scored retroactively, not a live reading]",2024-08-29,scoring
2024-08-30,2,-0.469,0,down,"Bitstamp settled daily close, worst 2.0bp from $1 [archive import: scored retroactively, not a live reading]",2024-08-30,scoring
2024-08-31,1.8,-0.563,0,down,"Bitstamp settled daily close, worst 1.8bp from $1 [archive import: scored retroactively, not a live reading]",2024-08-31,scoring
2024-09-01,0.7,-1.173,0,down,"Bitstamp settled daily close, worst 0.7bp from $1 [archive import: scored retroactively, not a live reading]",2024-09-01,scoring
2024-09-02,0.7,-1.173,0,down,"Bitstamp settled daily close, worst 0.7bp from $1 [archive import: scored retroactively, not a live reading]",2024-09-02,scoring
2024-09-03,2.5,-0.211,0,down,"Bitstamp settled daily close, worst 2.5bp from $1 [archive import: scored retroactively, not a live reading]",2024-09-03,scoring
2024-09-04,1.2,-0.821,0,down,"Bitstamp settled daily close, worst 1.2bp from $1 [archive import: scored retroactively, not a live reading]",2024-09-04,scoring
2024-09-05,3.9,0.521,0,up,"Bitstamp settled daily close, worst 3.9bp from $1 [archive import: scored retroactively, not a live reading]",2024-09-05,scoring
2024-09-06,3,0.052,0,up,"Bitstamp settled daily close, worst 3.0bp from $1 [archive import: scored retroactively, not a live reading]",2024-09-06,scoring
2024-09-07,1.8,-0.539,0,down,"Bitstamp settled daily close, worst 1.8bp from $1 [archive import: scored retroactively, not a live reading]",2024-09-07,scoring
2024-09-08,0.2,-1.290,0,down,"Bitstamp settled daily close, worst 0.2bp from $1 [archive import: scored retroactively, not a live reading]",2024-09-08,scoring
2024-09-09,1.6,-0.678,0,down,"Bitstamp settled daily close, worst 1.6bp from $1 [archive import: scored retroactively, not a live reading]",2024-09-09,scoring
2024-09-10,1.3,-0.834,0,down,"Bitstamp settled daily close, worst 1.3bp from $1 [archive import: scored retroactively, not a live reading]",2024-09-10,scoring
2024-09-11,1.3,-0.782,0,down,"Bitstamp settled daily close, worst 1.3bp from $1 [archive import: scored retroactively, not a live reading]",2024-09-11,scoring
2024-09-12,1.5,-0.573,0,down,"Bitstamp settled daily close, worst 1.5bp from $1 [archive import: scored retroactively, not a live reading]",2024-09-12,scoring
2024-09-13,6.8,2.267,0,up,"Bitstamp settled daily close, worst 6.8bp from $1 [archive import: scored retroactively, not a live reading]",2024-09-13,scoring
2024-09-14,2.7,0.130,0,up,"Bitstamp settled daily close, worst 2.7bp from $1 [archive import: scored retroactively, not a live reading]",2024-09-14,scoring
2024-09-15,1.5,-0.495,0,down,"Bitstamp settled daily close, worst 1.5bp from $1 [archive import: scored retroactively, not a live reading]",2024-09-15,scoring
2024-09-16,0.9,-0.880,0,down,"Bitstamp settled daily close, worst 0.9bp from $1 [archive import: scored retroactively, not a live reading]",2024-09-16,scoring
2024-09-17,0.9,-0.821,0,down,"Bitstamp settled daily close, worst 0.9bp from $1 [archive import: scored retroactively, not a live reading]",2024-09-17,scoring
2024-09-18,0.7,-0.880,0,down,"Bitstamp settled daily close, worst 0.7bp from $1 [archive import: scored retroactively, not a live reading]",2024-09-18,scoring
2024-09-19,1.8,-0.205,0,down,"Bitstamp settled daily close, worst 1.8bp from $1 [archive import: scored retroactively, not a live reading]",2024-09-19,scoring
2024-09-20,1,-0.616,0,down,"Bitstamp settled daily close, worst 1.0bp from $1 [archive import: scored retroactively, not a live reading]",2024-09-20,scoring
2024-09-21,1.2,-0.536,0,down,"Bitstamp settled daily close, worst 1.2bp from $1 [archive import: scored retroactively, not a live reading]",2024-09-21,scoring
2024-09-22,1,-0.637,0,down,"Bitstamp settled daily close, worst 1.0bp from $1 [archive import: scored retroactively, not a live reading]",2024-09-22,scoring
2024-09-23,1.6,-0.201,0,down,"Bitstamp settled daily close, worst 1.6bp from $1 [archive import: scored retroactively, not a live reading]",2024-09-23,scoring
2024-09-24,0.6,-0.838,0,down,"Bitstamp settled daily close, worst 0.6bp from $1 [archive import: scored retroactively, not a live reading]",2024-09-24,scoring
2024-09-25,2.6,0.625,0,up,"Bitstamp settled daily close, worst 2.6bp from $1 [archive import: scored retroactively, not a live reading]",2024-09-25,scoring
2024-09-26,1.8,0.000,0,flat,"Bitstamp settled daily close, worst 1.8bp from $1 [archive import: scored retroactively, not a live reading]",2024-09-26,scoring
2024-09-27,1.7,-0.078,0,down,"Bitstamp settled daily close, worst 1.7bp from $1 [archive import: scored retroactively, not a live reading]",2024-09-27,scoring
2024-09-28,1.6,-0.156,0,down,"Bitstamp settled daily close, worst 1.6bp from $1 [archive import: scored retroactively, not a live reading]",2024-09-28,scoring
2024-09-29,1.7,-0.078,0,down,"Bitstamp settled daily close, worst 1.7bp from $1 [archive import: scored retroactively, not a live reading]",2024-09-29,scoring
2024-09-30,2.7,0.704,0,up,"Bitstamp settled daily close, worst 2.7bp from $1 [archive import: scored retroactively, not a live reading]",2024-09-30,scoring
2024-10-01,2.2,0.375,0,up,"Bitstamp settled daily close, worst 2.2bp from $1 [archive import: scored retroactively, not a live reading]",2024-10-01,scoring
2024-10-02,1.9,0.094,0,up,"Bitstamp settled daily close, worst 1.9bp from $1 [archive import: scored retroactively, not a live reading]",2024-10-02,scoring
2024-10-03,2.3,0.469,0,up,"Bitstamp settled daily close, worst 2.3bp from $1 [archive import: scored retroactively, not a live reading]",2024-10-03,scoring
2024-10-04,1.5,-0.281,0,down,"Bitstamp settled daily close, worst 1.5bp from $1 [archive import: scored retroactively, not a live reading]",2024-10-04,scoring
2024-10-05,0.6,-1.126,0,down,"Bitstamp settled daily close, worst 0.6bp from $1 [archive import: scored retroactively, not a live reading]",2024-10-05,scoring
2024-10-06,1.4,-0.375,0,down,"Bitstamp settled daily close, worst 1.4bp from $1 [archive import: scored retroactively, not a live reading]",2024-10-06,scoring
2024-10-07,2.5,0.657,0,up,"Bitstamp settled daily close, worst 2.5bp from $1 [archive import: scored retroactively, not a live reading]",2024-10-07,scoring
2024-10-08,5.5,2.893,0,up,"Bitstamp settled daily close, worst 5.5bp from $1 [archive import: scored retroactively, not a live reading]",2024-10-08,scoring
2024-10-09,8.3,5.082,1,up,"Bitstamp settled daily close, worst 8.3bp from $1 [archive import: scored retroactively, not a live reading]",2024-10-09,scoring
2024-10-10,8.4,5.121,1,up,"Bitstamp settled daily close, worst 8.4bp from $1 [archive import: scored retroactively, not a live reading]",2024-10-10,scoring
2024-10-11,3,0.899,0,up,"Bitstamp settled daily close, worst 3.0bp from $1 [archive import: scored retroactively, not a live reading]",2024-10-11,scoring
2024-10-12,2.1,0.195,0,up,"Bitstamp settled daily close, worst 2.1bp from $1 [archive import: scored retroactively, not a live reading]",2024-10-12,scoring
2024-10-13,3.7,1.446,0,up,"Bitstamp settled daily close, worst 3.7bp from $1 [archive import: scored retroactively, not a live reading]",2024-10-13,scoring
2024-10-14,2.7,0.665,0,up,"Bitstamp settled daily close, worst 2.7bp from $1 [archive import: scored retroactively, not a live reading]",2024-10-14,scoring
2024-10-15,1.5,-0.328,0,down,"Bitstamp settled daily close, worst 1.5bp from $1 [archive import: scored retroactively, not a live reading]",2024-10-15,scoring
2024-10-16,1.9,0.047,0,up,"Bitstamp settled daily close, worst 1.9bp from $1 [archive import: scored retroactively, not a live reading]",2024-10-16,scoring
2024-10-17,4.3,2.298,0,up,"Bitstamp settled daily close, worst 4.3bp from $1 [archive import: scored retroactively, not a live reading]",2024-10-17,scoring
2024-10-18,0.8,-0.985,0,down,"Bitstamp settled daily close, worst 0.8bp from $1 [archive import: scored retroactively, not a live reading]",2024-10-18,scoring
2024-10-19,1.8,0.000,0,flat,"Bitstamp settled daily close, worst 1.8bp from $1 [archive import: scored retroactively, not a live reading]",2024-10-19,scoring
2024-10-20,2.9,1.032,0,up,"Bitstamp settled daily close, worst 2.9bp from $1 [archive import: scored retroactively, not a live reading]",2024-10-20,scoring
2024-10-21,6,3.940,1,up,"Bitstamp settled daily close, worst 6.0bp from $1 [archive import: scored retroactively, not a live reading]",2024-10-21,scoring
2024-10-22,6.9,4.784,1,up,"Bitstamp settled daily close, worst 6.9bp from $1 [archive import: scored retroactively, not a live reading]",2024-10-22,scoring
2024-10-23,10.7,6.958,1,up,"Bitstamp settled daily close, worst 10.7bp from $1 [archive import: scored retroactively, not a live reading]",2024-10-23,scoring
2024-10-24,7.2,4.222,1,up,"Bitstamp settled daily close, worst 7.2bp from $1 [archive import: scored retroactively, not a live reading]",2024-10-24,scoring
2024-10-25,19.9,14.111,1,up,"Bitstamp settled daily close, worst 19.9bp from $1 [archive import: scored retroactively, not a live reading]",2024-10-25,scoring
2024-10-26,13.3,8.912,1,up,"Bitstamp settled daily close, worst 13.3bp from $1 [archive import: scored retroactively, not a live reading]",2024-10-26,scoring
2024-10-27,11.3,7.349,1,up,"Bitstamp settled daily close, worst 11.3bp from $1 [archive import: scored retroactively, not a live reading]",2024-10-27,scoring
2024-10-28,8.2,4.188,1,up,"Bitstamp settled daily close, worst 8.2bp from $1 [archive import: scored retroactively, not a live reading]",2024-10-28,scoring
2024-10-29,3.8,1.206,0,up,"Bitstamp settled daily close, worst 3.8bp from $1 [archive import: scored retroactively, not a live reading]",2024-10-29,scoring
2024-10-30,3.8,1.206,0,up,"Bitstamp settled daily close, worst 3.8bp from $1 [archive import: scored retroactively, not a live reading]",2024-10-30,scoring
2024-10-31,14,8.041,1,up,"Bitstamp settled daily close, worst 14.0bp from $1 [archive import: scored retroactively, not a live reading]",2024-10-31,scoring
2024-11-01,5.5,2.345,0,up,"Bitstamp settled daily close, worst 5.5bp from $1 [archive import: scored retroactively, not a live reading]",2024-11-01,scoring
2024-11-02,3.9,1.273,0,up,"Bitstamp settled daily close, worst 3.9bp from $1 [archive import: scored retroactively, not a live reading]",2024-11-02,scoring
2024-11-03,5.5,2.345,0,up,"Bitstamp settled daily close, worst 5.5bp from $1 [archive import: scored retroactively, not a live reading]",2024-11-03,scoring
2024-11-04,6.2,2.814,0,up,"Bitstamp settled daily close, worst 6.2bp from $1 [archive import: scored retroactively, not a live reading]",2024-11-04,scoring
2024-11-05,1.3,-0.469,0,down,"Bitstamp settled daily close, worst 1.3bp from $1 [archive import: scored retroactively, not a live reading]",2024-11-05,scoring
2024-11-06,9,4.691,1,up,"Bitstamp settled daily close, worst 9.0bp from $1 [archive import: scored retroactively, not a live reading]",2024-11-06,scoring
2024-11-07,7.6,3.719,1,up,"Bitstamp settled daily close, worst 7.6bp from $1 [archive import: scored retroactively, not a live reading]",2024-11-07,scoring
2024-11-08,6.8,3.183,1,up,"Bitstamp settled daily close, worst 6.8bp from $1 [archive import: scored retroactively, not a live reading]",2024-11-08,scoring
2024-11-09,5.3,1.847,0,up,"Bitstamp settled daily close, worst 5.3bp from $1 [archive import: scored retroactively, not a live reading]",2024-11-09,scoring
2024-11-10,7.3,2.990,0,up,"Bitstamp settled daily close, worst 7.3bp from $1 [archive import: scored retroactively, not a live reading]",2024-11-10,scoring
2024-11-11,14.9,7.417,1,up,"Bitstamp settled daily close, worst 14.9bp from $1 [archive import: scored retroactively, not a live reading]",2024-11-11,scoring
2024-11-12,11.6,5.482,1,up,"Bitstamp settled daily close, worst 11.6bp from $1 [archive import: scored retroactively, not a live reading]",2024-11-12,scoring
2024-11-13,12.7,6.127,1,up,"Bitstamp settled daily close, worst 12.7bp from $1 [archive import: scored retroactively, not a live reading]",2024-11-13,scoring
2024-11-14,0.3,-1.016,0,down,"Bitstamp settled daily close, worst 0.3bp from $1 [archive import: scored retroactively, not a live reading]",2024-11-14,scoring
2024-11-15,2.7,0.261,0,up,"Bitstamp settled daily close, worst 2.7bp from $1 [archive import: scored retroactively, not a live reading]",2024-11-15,scoring
2024-11-16,3,0.391,0,up,"Bitstamp settled daily close, worst 3.0bp from $1 [archive import: scored retroactively, not a live reading]",2024-11-16,scoring
2024-11-17,2.4,0.000,0,flat,"Bitstamp settled daily close, worst 2.4bp from $1 [archive import: scored retroactively, not a live reading]",2024-11-17,scoring
2024-11-18,5.7,1.694,0,up,"Bitstamp settled daily close, worst 5.7bp from $1 [archive import: scored retroactively, not a live reading]",2024-11-18,scoring
2024-11-19,14.1,6.046,1,up,"Bitstamp settled daily close, worst 14.1bp from $1 [archive import: scored retroactively, not a live reading]",2024-11-19,scoring
2024-11-20,8.8,2.932,0,up,"Bitstamp settled daily close, worst 8.8bp from $1 [archive import: scored retroactively, not a live reading]",2024-11-20,scoring
2024-11-21,10.9,3.870,1,up,"Bitstamp settled daily close, worst 10.9bp from $1 [archive import: scored retroactively, not a live reading]",2024-11-21,scoring
2024-11-22,11.1,3.964,1,up,"Bitstamp settled daily close, worst 11.1bp from $1 [archive import: scored retroactively, not a live reading]",2024-11-22,scoring
2024-11-23,9.5,3.213,1,up,"Bitstamp settled daily close, worst 9.5bp from $1 [archive import: scored retroactively, not a live reading]",2024-11-23,scoring
2024-11-24,10.6,3.729,1,up,"Bitstamp settled daily close, worst 10.6bp from $1 [archive import: scored retroactively, not a live reading]",2024-11-24,scoring
2024-11-25,0.8,-0.810,0,down,"Bitstamp settled daily close, worst 0.8bp from $1 [archive import: scored retroactively, not a live reading]",2024-11-25,scoring
2024-11-26,4.3,0.704,0,up,"Bitstamp settled daily close, worst 4.3bp from $1 [archive import: scored retroactively, not a live reading]",2024-11-26,scoring
2024-11-27,10.1,3.156,1,up,"Bitstamp settled daily close, worst 10.1bp from $1 [archive import: scored retroactively, not a live reading]",2024-11-27,scoring
2024-11-28,1.4,-0.554,0,down,"Bitstamp settled daily close, worst 1.4bp from $1 [archive import: scored retroactively, not a live reading]",2024-11-28,scoring
2024-11-29,4.6,0.810,0,up,"Bitstamp settled daily close, worst 4.6bp from $1 [archive import: scored retroactively, not a live reading]",2024-11-29,scoring
2024-11-30,5.2,0.977,0,up,"Bitstamp settled daily close, worst 5.2bp from $1 [archive import: scored retroactively, not a live reading]",2024-11-30,scoring
2024-12-01,7,1.642,0,up,"Bitstamp settled daily close, worst 7.0bp from $1 [archive import: scored retroactively, not a live reading]",2024-12-01,scoring
2024-12-02,3.5,0.215,0,up,"Bitstamp settled daily close, worst 3.5bp from $1 [archive import: scored retroactively, not a live reading]",2024-12-02,scoring
2024-12-03,7.3,1.552,0,up,"Bitstamp settled daily close, worst 7.3bp from $1 [archive import: scored retroactively, not a live reading]",2024-12-03,scoring
2024-12-04,14.8,4.258,1,up,"Bitstamp settled daily close, worst 14.8bp from $1 [archive import: scored retroactively, not a live reading]",2024-12-04,scoring
2024-12-05,11.7,3.139,1,up,"Bitstamp settled daily close, worst 11.7bp from $1 [archive import: scored retroactively, not a live reading]",2024-12-05,scoring
2024-12-06,17.8,5.250,1,up,"Bitstamp settled daily close, worst 17.8bp from $1 [archive import: scored retroactively, not a live reading]",2024-12-06,scoring
2024-12-07,9.3,1.910,0,up,"Bitstamp settled daily close, worst 9.3bp from $1 [archive import: scored retroactively, not a live reading]",2024-12-07,scoring
2024-12-08,6.8,1.022,0,up,"Bitstamp settled daily close, worst 6.8bp from $1 [archive import: scored retroactively, not a live reading]",2024-12-08,scoring
2024-12-09,5.1,0.407,0,up,"Bitstamp settled daily close, worst 5.1bp from $1 [archive import: scored retroactively, not a live reading]",2024-12-09,scoring
2024-12-10,7.5,1.141,0,up,"Bitstamp settled daily close, worst 7.5bp from $1 [archive import: scored retroactively, not a live reading]",2024-12-10,scoring
2024-12-11,6.6,0.733,0,up,"Bitstamp settled daily close, worst 6.6bp from $1 [archive import: scored retroactively, not a live reading]",2024-12-11,scoring
2024-12-12,1.5,-0.821,0,down,"Bitstamp settled daily close, worst 1.5bp from $1 [archive import: scored retroactively, not a live reading]",2024-12-12,scoring
2024-12-13,1.9,-0.645,0,down,"Bitstamp settled daily close, worst 1.9bp from $1 [archive import: scored retroactively, not a live reading]",2024-12-13,scoring
2024-12-14,1.7,-0.704,0,down,"Bitstamp settled daily close, worst 1.7bp from $1 [archive import: scored retroactively, not a live reading]",2024-12-14,scoring
2024-12-15,2.3,-0.528,0,down,"Bitstamp settled daily close, worst 2.3bp from $1 [archive import: scored retroactively, not a live reading]",2024-12-15,scoring
2024-12-16,3,-0.322,0,down,"Bitstamp settled daily close, worst 3.0bp from $1 [archive import: scored retroactively, not a live reading]",2024-12-16,scoring
2024-12-17,1.7,-0.704,0,down,"Bitstamp settled daily close, worst 1.7bp from $1 [archive import: scored retroactively, not a live reading]",2024-12-17,scoring
2024-12-18,4.6,0.156,0,up,"Bitstamp settled daily close, worst 4.6bp from $1 [archive import: scored retroactively, not a live reading]",2024-12-18,scoring
2024-12-19,8.3,1.173,0,up,"Bitstamp settled daily close, worst 8.3bp from $1 [archive import: scored retroactively, not a live reading]",2024-12-19,scoring
2024-12-20,3.7,-0.220,0,down,"Bitstamp settled daily close, worst 3.7bp from $1 [archive import: scored retroactively, not a live reading]",2024-12-20,scoring
2024-12-21,5,0.161,0,up,"Bitstamp settled daily close, worst 5.0bp from $1 [archive import: scored retroactively, not a live reading]",2024-12-21,scoring
2024-12-22,9.3,1.378,0,up,"Bitstamp settled daily close, worst 9.3bp from $1 [archive import: scored retroactively, not a live reading]",2024-12-22,scoring
2024-12-23,12.4,2.097,0,up,"Bitstamp settled daily close, worst 12.4bp from $1 [archive import: scored retroactively, not a live reading]",2024-12-23,scoring
2024-12-24,6.2,0.317,0,up,"Bitstamp settled daily close, worst 6.2bp from $1 [archive import: scored retroactively, not a live reading]",2024-12-24,scoring
2024-12-25,8.1,0.814,0,up,"Bitstamp settled daily close, worst 8.1bp from $1 [archive import: scored retroactively, not a live reading]",2024-12-25,scoring
2024-12-26,12,1.759,0,up,"Bitstamp settled daily close, worst 12.0bp from $1 [archive import: scored retroactively, not a live reading]",2024-12-26,scoring
2024-12-27,14.4,2.345,0,up,"Bitstamp settled daily close, worst 14.4bp from $1 [archive import: scored retroactively, not a live reading]",2024-12-27,scoring
2024-12-28,18.1,3.111,1,up,"Bitstamp settled daily close, worst 18.1bp from $1 [archive import: scored retroactively, not a live reading]",2024-12-28,scoring
2024-12-29,18.7,3.259,1,up,"Bitstamp settled daily close, worst 18.7bp from $1 [archive import: scored retroactively, not a live reading]",2024-12-29,scoring
2024-12-30,18.7,3.072,1,up,"Bitstamp settled daily close, worst 18.7bp from $1 [archive import: scored retroactively, not a live reading]",2024-12-30,scoring
2024-12-31,20.7,3.317,1,up,"Bitstamp settled daily close, worst 20.7bp from $1 [archive import: scored retroactively, not a live reading]",2024-12-31,scoring
2025-01-01,20.5,3.216,1,up,"Bitstamp settled daily close, worst 20.5bp from $1 [archive import: scored retroactively, not a live reading]",2025-01-01,scoring
2025-01-02,9.6,0.725,0,up,"Bitstamp settled daily close, worst 9.6bp from $1 [archive import: scored retroactively, not a live reading]",2025-01-02,scoring
2025-01-03,4.4,-0.426,0,down,"Bitstamp settled daily close, worst 4.4bp from $1 [archive import: scored retroactively, not a live reading]",2025-01-03,scoring
2025-01-04,1.3,-1.087,0,down,"Bitstamp settled daily close, worst 1.3bp from $1 [archive import: scored retroactively, not a live reading]",2025-01-04,scoring
2025-01-05,1.7,-1.002,0,down,"Bitstamp settled daily close, worst 1.7bp from $1 [archive import: scored retroactively, not a live reading]",2025-01-05,scoring
2025-01-06,4.6,-0.384,0,down,"Bitstamp settled daily close, worst 4.6bp from $1 [archive import: scored retroactively, not a live reading]",2025-01-06,scoring
2025-01-07,1.2,-1.109,0,down,"Bitstamp settled daily close, worst 1.2bp from $1 [archive import: scored retroactively, not a live reading]",2025-01-07,scoring
2025-01-08,2.4,-0.810,0,down,"Bitstamp settled daily close, worst 2.4bp from $1 [archive import: scored retroactively, not a live reading]",2025-01-08,scoring
2025-01-09,0.3,-1.237,0,down,"Bitstamp settled daily close, worst 0.3bp from $1 [archive import: scored retroactively, not a live reading]",2025-01-09,scoring
2025-01-10,1.9,-0.895,0,down,"Bitstamp settled daily close, worst 1.9bp from $1 [archive import: scored retroactively, not a live reading]",2025-01-10,scoring
2025-01-11,3.1,-0.640,0,down,"Bitstamp settled daily close, worst 3.1bp from $1 [archive import: scored retroactively, not a live reading]",2025-01-11,scoring
2025-01-12,4.8,-0.277,0,down,"Bitstamp settled daily close, worst 4.8bp from $1 [archive import: scored retroactively, not a live reading]",2025-01-12,scoring
2025-01-13,3.9,-0.469,0,down,"Bitstamp settled daily close, worst 3.9bp from $1 [archive import: scored retroactively, not a live reading]",2025-01-13,scoring
2025-01-14,3.1,-0.640,0,down,"Bitstamp settled daily close, worst 3.1bp from $1 [archive import: scored retroactively, not a live reading]",2025-01-14,scoring
2025-01-15,1.3,-1.023,0,down,"Bitstamp settled daily close, worst 1.3bp from $1 [archive import: scored retroactively, not a live reading]",2025-01-15,scoring
2025-01-16,1,-1.087,0,down,"Bitstamp settled daily close, worst 1.0bp from $1 [archive import: scored retroactively, not a live reading]",2025-01-16,scoring
2025-01-17,3.8,-0.490,0,down,"Bitstamp settled daily close, worst 3.8bp from $1 [archive import: scored retroactively, not a live reading]",2025-01-17,scoring
2025-01-18,11.2,1.087,0,up,"Bitstamp settled daily close, worst 11.2bp from $1 [archive import: scored retroactively, not a live reading]",2025-01-18,scoring
2025-01-19,13.4,1.535,0,up,"Bitstamp settled daily close, worst 13.4bp from $1 [archive import: scored retroactively, not a live reading]",2025-01-19,scoring
2025-01-20,11.8,1.101,0,up,"Bitstamp settled daily close, worst 11.8bp from $1 [archive import: scored retroactively, not a live reading]",2025-01-20,scoring
2025-01-21,1.6,-0.979,0,down,"Bitstamp settled daily close, worst 1.6bp from $1 [archive import: scored retroactively, not a live reading]",2025-01-21,scoring
2025-01-22,5,-0.245,0,down,"Bitstamp settled daily close, worst 5.0bp from $1 [archive import: scored retroactively, not a live reading]",2025-01-22,scoring
2025-01-23,1.8,-0.885,0,down,"Bitstamp settled daily close, worst 1.8bp from $1 [archive import: scored retroactively, not a live reading]",2025-01-23,scoring
2025-01-24,0.7,-1.045,0,down,"Bitstamp settled daily close, worst 0.7bp from $1 [archive import: scored retroactively, not a live reading]",2025-01-24,scoring
2025-01-25,1.4,-0.874,0,down,"Bitstamp settled daily close, worst 1.4bp from $1 [archive import: scored retroactively, not a live reading]",2025-01-25,scoring
2025-01-26,4.2,-0.256,0,down,"Bitstamp settled daily close, worst 4.2bp from $1 [archive import: scored retroactively, not a live reading]",2025-01-26,scoring
2025-01-27,2,-0.726,0,down,"Bitstamp settled daily close, worst 2.0bp from $1 [archive import: scored retroactively, not a live reading]",2025-01-27,scoring
2025-01-28,6.3,0.235,0,up,"Bitstamp settled daily close, worst 6.3bp from $1 [archive import: scored retroactively, not a live reading]",2025-01-28,scoring
2025-01-29,0.1,-1.184,0,down,"Bitstamp settled daily close, worst 0.1bp from $1 [archive import: scored retroactively, not a live reading]",2025-01-29,scoring
2025-01-30,2.4,-0.637,0,down,"Bitstamp settled daily close, worst 2.4bp from $1 [archive import: scored retroactively, not a live reading]",2025-01-30,scoring
2025-01-31,2.6,-0.570,0,down,"Bitstamp settled daily close, worst 2.6bp from $1 [archive import: scored retroactively, not a live reading]",2025-01-31,scoring
2025-02-01,2.3,-0.637,0,down,"Bitstamp settled daily close, worst 2.3bp from $1 [archive import: scored retroactively, not a live reading]",2025-02-01,scoring
2025-02-02,2.4,-0.592,0,down,"Bitstamp settled daily close, worst 2.4bp from $1 [archive import: scored retroactively, not a live reading]",2025-02-02,scoring
2025-02-03,10.1,1.196,0,up,"Bitstamp settled daily close, worst 10.1bp from $1 [archive import: scored retroactively, not a live reading]",2025-02-03,scoring
2025-02-04,1.2,-0.860,0,down,"Bitstamp settled daily close, worst 1.2bp from $1 [archive import: scored retroactively, not a live reading]",2025-02-04,scoring
2025-02-05,0.6,-1.032,0,down,"Bitstamp settled daily close, worst 0.6bp from $1 [archive import: scored retroactively, not a live reading]",2025-02-05,scoring
2025-02-06,0.4,-1.055,0,down,"Bitstamp settled daily close, worst 0.4bp from $1 [archive import: scored retroactively, not a live reading]",2025-02-06,scoring
2025-02-07,1.1,-0.844,0,down,"Bitstamp settled daily close, worst 1.1bp from $1 [archive import: scored retroactively, not a live reading]",2025-02-07,scoring
2025-02-08,0.6,-0.938,0,down,"Bitstamp settled daily close, worst 0.6bp from $1 [archive import: scored retroactively, not a live reading]",2025-02-08,scoring
2025-02-09,0.6,-0.988,0,down,"Bitstamp settled daily close, worst 0.6bp from $1 [archive import: scored retroactively, not a live reading]",2025-02-09,scoring
2025-02-10,2.2,-0.568,0,down,"Bitstamp settled daily close, worst 2.2bp from $1 [archive import: scored retroactively, not a live reading]",2025-02-10,scoring
2025-02-11,1.2,-0.821,0,down,"Bitstamp settled daily close, worst 1.2bp from $1 [archive import: scored retroactively, not a live reading]",2025-02-11,scoring
2025-02-12,0.3,-1.029,0,down,"Bitstamp settled daily close, worst 0.3bp from $1 [archive import: scored retroactively, not a live reading]",2025-02-12,scoring
2025-02-13,0.4,-1.003,0,down,"Bitstamp settled daily close, worst 0.4bp from $1 [archive import: scored retroactively, not a live reading]",2025-02-13,scoring
2025-02-14,1.2,-0.795,0,down,"Bitstamp settled daily close, worst 1.2bp from $1 [archive import: scored retroactively, not a live reading]",2025-02-14,scoring
2025-02-15,1.7,-0.665,0,down,"Bitstamp settled daily close, worst 1.7bp from $1 [archive import: scored retroactively, not a live reading]",2025-02-15,scoring
2025-02-16,1.1,-0.821,0,down,"Bitstamp settled daily close, worst 1.1bp from $1 [archive import: scored retroactively, not a live reading]",2025-02-16,scoring
2025-02-17,1.1,-0.814,0,down,"Bitstamp settled daily close, worst 1.1bp from $1 [archive import: scored retroactively, not a live reading]",2025-02-17,scoring
2025-02-18,5.9,0.601,0,up,"Bitstamp settled daily close, worst 5.9bp from $1 [archive import: scored retroactively, not a live reading]",2025-02-18,scoring
2025-02-19,1.6,-0.660,0,down,"Bitstamp settled daily close, worst 1.6bp from $1 [archive import: scored retroactively, not a live reading]",2025-02-19,scoring
2025-02-20,1.4,-0.689,0,down,"Bitstamp settled daily close, worst 1.4bp from $1 [archive import: scored retroactively, not a live reading]",2025-02-20,scoring
2025-02-21,5.8,0.688,0,up,"Bitstamp settled daily close, worst 5.8bp from $1 [archive import: scored retroactively, not a live reading]",2025-02-21,scoring
2025-02-22,1.2,-0.751,0,down,"Bitstamp settled daily close, worst 1.2bp from $1 [archive import: scored retroactively, not a live reading]",2025-02-22,scoring
2025-02-23,1.3,-0.670,0,down,"Bitstamp settled daily close, worst 1.3bp from $1 [archive import: scored retroactively, not a live reading]",2025-02-23,scoring
2025-02-24,2.1,-0.402,0,down,"Bitstamp settled daily close, worst 2.1bp from $1 [archive import: scored retroactively, not a live reading]",2025-02-24,scoring
2025-02-25,12.7,3.464,1,up,"Bitstamp settled daily close, worst 12.7bp from $1 [archive import: scored retroactively, not a live reading]",2025-02-25,scoring
2025-02-26,14.5,4.113,1,up,"Bitstamp settled daily close, worst 14.5bp from $1 [archive import: scored retroactively, not a live reading]",2025-02-26,scoring
2025-02-27,10.3,2.345,0,up,"Bitstamp settled daily close, worst 10.3bp from $1 [archive import: scored retroactively, not a live reading]",2025-02-27,scoring
2025-02-28,4.8,0.503,0,up,"Bitstamp settled daily close, worst 4.8bp from $1 [archive import: scored retroactively, not a live reading]",2025-02-28,scoring
2025-03-01,4.2,0.302,0,up,"Bitstamp settled daily close, worst 4.2bp from $1 [archive import: scored retroactively, not a live reading]",2025-03-01,scoring
2025-03-02,1.1,-0.737,0,down,"Bitstamp settled daily close, worst 1.1bp from $1 [archive import: scored retroactively, not a live reading]",2025-03-02,scoring
2025-03-03,7.3,1.407,0,up,"Bitstamp settled daily close, worst 7.3bp from $1 [archive import: scored retroactively, not a live reading]",2025-03-03,scoring
2025-03-04,2.6,-0.168,0,down,"Bitstamp settled daily close, worst 2.6bp from $1 [archive import: scored retroactively, not a live reading]",2025-03-04,scoring
2025-03-05,0.9,-0.776,0,down,"Bitstamp settled daily close, worst 0.9bp from $1 [archive import: scored retroactively, not a live reading]",2025-03-05,scoring
2025-03-06,1.2,-0.577,0,down,"Bitstamp settled daily close, worst 1.2bp from $1 [archive import: scored retroactively, not a live reading]",2025-03-06,scoring
2025-03-07,3.9,0.508,0,up,"Bitstamp settled daily close, worst 3.9bp from $1 [archive import: scored retroactively, not a live reading]",2025-03-07,scoring
2025-03-08,3.2,0.235,0,up,"Bitstamp settled daily close, worst 3.2bp from $1 [archive import: scored retroactively, not a live reading]",2025-03-08,scoring
2025-03-09,3,0.156,0,up,"Bitstamp settled daily close, worst 3.0bp from $1 [archive import: scored retroactively, not a live reading]",2025-03-09,scoring
2025-03-10,5.2,1.016,0,up,"Bitstamp settled daily close, worst 5.2bp from $1 [archive import: scored retroactively, not a live reading]",2025-03-10,scoring
2025-03-11,2.5,-0.039,0,down,"Bitstamp settled daily close, worst 2.5bp from $1 [archive import: scored retroactively, not a live reading]",2025-03-11,scoring
2025-03-12,2.8,0.107,0,up,"Bitstamp settled daily close, worst 2.8bp from $1 [archive import: scored retroactively, not a live reading]",2025-03-12,scoring
2025-03-13,5.5,1.134,0,up,"Bitstamp settled daily close, worst 5.5bp from $1 [archive import: scored retroactively, not a live reading]",2025-03-13,scoring
2025-03-14,1.8,-0.352,0,down,"Bitstamp settled daily close, worst 1.8bp from $1 [archive import: scored retroactively, not a live reading]",2025-03-14,scoring
2025-03-15,1,-0.665,0,down,"Bitstamp settled daily close, worst 1.0bp from $1 [archive import: scored retroactively, not a live reading]",2025-03-15,scoring
2025-03-16,1.6,-0.430,0,down,"Bitstamp settled daily close, worst 1.6bp from $1 [archive import: scored retroactively, not a live reading]",2025-03-16,scoring
2025-03-17,1.1,-0.586,0,down,"Bitstamp settled daily close, worst 1.1bp from $1 [archive import: scored retroactively, not a live reading]",2025-03-17,scoring
2025-03-18,1.2,-0.547,0,down,"Bitstamp settled daily close, worst 1.2bp from $1 [archive import: scored retroactively, not a live reading]",2025-03-18,scoring
2025-03-19,2.6,0.021,0,up,"Bitstamp settled daily close, worst 2.6bp from $1 [archive import: scored retroactively, not a live reading]",2025-03-19,scoring
2025-03-20,6,1.471,0,up,"Bitstamp settled daily close, worst 6.0bp from $1 [archive import: scored retroactively, not a live reading]",2025-03-20,scoring
2025-03-21,3.7,0.490,0,up,"Bitstamp settled daily close, worst 3.7bp from $1 [archive import: scored retroactively, not a live reading]",2025-03-21,scoring
2025-03-22,2.1,-0.192,0,down,"Bitstamp settled daily close, worst 2.1bp from $1 [archive import: scored retroactively, not a live reading]",2025-03-22,scoring
2025-03-23,0.3,-0.917,0,down,"Bitstamp settled daily close, worst 0.3bp from $1 [archive import: scored retroactively, not a live reading]",2025-03-23,scoring
2025-03-24,1.7,-0.328,0,down,"Bitstamp settled daily close, worst 1.7bp from $1 [archive import: scored retroactively, not a live reading]",2025-03-24,scoring
2025-03-25,2.7,0.141,0,up,"Bitstamp settled daily close, worst 2.7bp from $1 [archive import: scored retroactively, not a live reading]",2025-03-25,scoring
2025-03-26,0.8,-0.751,0,down,"Bitstamp settled daily close, worst 0.8bp from $1 [archive import: scored retroactively, not a live reading]",2025-03-26,scoring
2025-03-27,2.4,0.026,0,up,"Bitstamp settled daily close, worst 2.4bp from $1 [archive import: scored retroactively, not a live reading]",2025-03-27,scoring
2025-03-28,4.7,1.225,0,up,"Bitstamp settled daily close, worst 4.7bp from $1 [archive import: scored retroactively, not a live reading]",2025-03-28,scoring
2025-03-29,3.4,0.547,0,up,"Bitstamp settled daily close, worst 3.4bp from $1 [archive import: scored retroactively, not a live reading]",2025-03-29,scoring
2025-03-30,1.8,-0.287,0,down,"Bitstamp settled daily close, worst 1.8bp from $1 [archive import: scored retroactively, not a live reading]",2025-03-30,scoring
2025-03-31,1.8,-0.264,0,down,"Bitstamp settled daily close, worst 1.8bp from $1 [archive import: scored retroactively, not a live reading]",2025-03-31,scoring
2025-04-01,0.6,-0.909,0,down,"Bitstamp settled daily close, worst 0.6bp from $1 [archive import: scored retroactively, not a live reading]",2025-04-01,scoring
2025-04-02,2.4,0.176,0,up,"Bitstamp settled daily close, worst 2.4bp from $1 [archive import: scored retroactively, not a live reading]",2025-04-02,scoring
2025-04-03,4.6,1.466,0,up,"Bitstamp settled daily close, worst 4.6bp from $1 [archive import: scored retroactively, not a live reading]",2025-04-03,scoring
2025-04-04,3.4,0.762,0,up,"Bitstamp settled daily close, worst 3.4bp from $1 [archive import: scored retroactively, not a live reading]",2025-04-04,scoring
2025-04-05,4,1.085,0,up,"Bitstamp settled daily close, worst 4.0bp from $1 [archive import: scored retroactively, not a live reading]",2025-04-05,scoring
2025-04-06,7.4,3.020,1,up,"Bitstamp settled daily close, worst 7.4bp from $1 [archive import: scored retroactively, not a live reading]",2025-04-06,scoring
2025-04-07,4.5,1.319,0,up,"Bitstamp settled daily close, worst 4.5bp from $1 [archive import: scored retroactively, not a live reading]",2025-04-07,scoring
2025-04-08,8.7,3.723,1,up,"Bitstamp settled daily close, worst 8.7bp from $1 [archive import: scored retroactively, not a live reading]",2025-04-08,scoring
2025-04-09,1.8,-0.287,0,down,"Bitstamp settled daily close, worst 1.8bp from $1 [archive import: scored retroactively, not a live reading]",2025-04-09,scoring
2025-04-10,6.2,2.257,0,up,"Bitstamp settled daily close, worst 6.2bp from $1 [archive import: scored retroactively, not a live reading]",2025-04-10,scoring
2025-04-11,4.2,0.938,0,up,"Bitstamp settled daily close, worst 4.2bp from $1 [archive import: scored retroactively, not a live reading]",2025-04-11,scoring
2025-04-12,1.6,-0.417,0,down,"Bitstamp settled daily close, worst 1.6bp from $1 [archive import: scored retroactively, not a live reading]",2025-04-12,scoring
2025-04-13,2.6,0.147,0,up,"Bitstamp settled daily close, worst 2.6bp from $1 [archive import: scored retroactively, not a live reading]",2025-04-13,scoring
2025-04-14,0.8,-0.909,0,down,"Bitstamp settled daily close, worst 0.8bp from $1 [archive import: scored retroactively, not a live reading]",2025-04-14,scoring
2025-04-15,1.1,-0.674,0,down,"Bitstamp settled daily close, worst 1.1bp from $1 [archive import: scored retroactively, not a live reading]",2025-04-15,scoring
2025-04-16,0.2,-1.202,0,down,"Bitstamp settled daily close, worst 0.2bp from $1 [archive import: scored retroactively, not a live reading]",2025-04-16,scoring
2025-04-17,0.7,-0.909,0,down,"Bitstamp settled daily close, worst 0.7bp from $1 [archive import: scored retroactively, not a live reading]",2025-04-17,scoring
2025-04-18,1.4,-0.440,0,down,"Bitstamp settled daily close, worst 1.4bp from $1 [archive import: scored retroactively, not a live reading]",2025-04-18,scoring
2025-04-19,0.7,-0.821,0,down,"Bitstamp settled daily close, worst 0.7bp from $1 [archive import: scored retroactively, not a live reading]",2025-04-19,scoring
2025-04-20,0.5,-0.909,0,down,"Bitstamp settled daily close, worst 0.5bp from $1 [archive import: scored retroactively, not a live reading]",2025-04-20,scoring
2025-04-21,0.7,-0.704,0,down,"Bitstamp settled daily close, worst 0.7bp from $1 [archive import: scored retroactively, not a live reading]",2025-04-21,scoring
2025-04-22,4.4,1.466,0,up,"Bitstamp settled daily close, worst 4.4bp from $1 [archive import: scored retroactively, not a live reading]",2025-04-22,scoring
2025-04-23,3.7,1.055,0,up,"Bitstamp settled daily close, worst 3.7bp from $1 [archive import: scored retroactively, not a live reading]",2025-04-23,scoring
2025-04-24,3.1,0.616,0,up,"Bitstamp settled daily close, worst 3.1bp from $1 [archive import: scored retroactively, not a live reading]",2025-04-24,scoring
2025-04-25,6.3,2.463,0,up,"Bitstamp settled daily close, worst 6.3bp from $1 [archive import: scored retroactively, not a live reading]",2025-04-25,scoring
2025-04-26,3.5,0.792,0,up,"Bitstamp settled daily close, worst 3.5bp from $1 [archive import: scored retroactively, not a live reading]",2025-04-26,scoring
2025-04-27,3.4,0.733,0,up,"Bitstamp settled daily close, worst 3.4bp from $1 [archive import: scored retroactively, not a live reading]",2025-04-27,scoring
2025-04-28,2.5,0.147,0,up,"Bitstamp settled daily close, worst 2.5bp from $1 [archive import: scored retroactively, not a live reading]",2025-04-28,scoring
2025-04-29,1.7,-0.322,0,down,"Bitstamp settled daily close, worst 1.7bp from $1 [archive import: scored retroactively, not a live reading]",2025-04-29,scoring
2025-04-30,1.1,-0.674,0,down,"Bitstamp settled daily close, worst 1.1bp from $1 [archive import: scored retroactively, not a live reading]",2025-04-30,scoring
2025-05-01,3.7,0.909,0,up,"Bitstamp settled daily close, worst 3.7bp from $1 [archive import: scored retroactively, not a live reading]",2025-05-01,scoring
2025-05-02,3.6,0.850,0,up,"Bitstamp settled daily close, worst 3.6bp from $1 [archive import: scored retroactively, not a live reading]",2025-05-02,scoring
2025-05-03,2.1,-0.029,0,down,"Bitstamp settled daily close, worst 2.1bp from $1 [archive import: scored retroactively, not a live reading]",2025-05-03,scoring
2025-05-04,0.5,-0.938,0,down,"Bitstamp settled daily close, worst 0.5bp from $1 [archive import: scored retroactively, not a live reading]",2025-05-04,scoring
2025-05-05,0.6,-0.880,0,down,"Bitstamp settled daily close, worst 0.6bp from $1 [archive import: scored retroactively, not a live reading]",2025-05-05,scoring
2025-05-06,0.3,-1.055,0,down,"Bitstamp settled daily close, worst 0.3bp from $1 [archive import: scored retroactively, not a live reading]",2025-05-06,scoring
2025-05-07,1.8,-0.176,0,down,"Bitstamp settled daily close, worst 1.8bp from $1 [archive import: scored retroactively, not a live reading]",2025-05-07,scoring
2025-05-08,1.3,-0.469,0,down,"Bitstamp settled daily close, worst 1.3bp from $1 [archive import: scored retroactively, not a live reading]",2025-05-08,scoring
2025-05-09,1.4,-0.410,0,down,"Bitstamp settled daily close, worst 1.4bp from $1 [archive import: scored retroactively, not a live reading]",2025-05-09,scoring
2025-05-10,1,-0.645,0,down,"Bitstamp settled daily close, worst 1.0bp from $1 [archive import: scored retroactively, not a live reading]",2025-05-10,scoring
2025-05-11,2,-0.059,0,down,"Bitstamp settled daily close, worst 2.0bp from $1 [archive import: scored retroactively, not a live reading]",2025-05-11,scoring
2025-05-12,0.5,-0.909,0,down,"Bitstamp settled daily close, worst 0.5bp from $1 [archive import: scored retroactively, not a live reading]",2025-05-12,scoring
2025-05-13,1.4,-0.381,0,down,"Bitstamp settled daily close, worst 1.4bp from $1 [archive import: scored retroactively, not a live reading]",2025-05-13,scoring
2025-05-14,2.4,0.205,0,up,"Bitstamp settled daily close, worst 2.4bp from $1 [archive import: scored retroactively, not a live reading]",2025-05-14,scoring
2025-05-15,2.1,0.000,0,flat,"Bitstamp settled daily close, worst 2.1bp from $1 [archive import: scored retroactively, not a live reading]",2025-05-15,scoring
2025-05-16,3.3,0.704,0,up,"Bitstamp settled daily close, worst 3.3bp from $1 [archive import: scored retroactively, not a live reading]",2025-05-16,scoring
2025-05-17,3.5,0.821,0,up,"Bitstamp settled daily close, worst 3.5bp from $1 [archive import: scored retroactively, not a live reading]",2025-05-17,scoring
2025-05-18,3.6,0.792,0,up,"Bitstamp settled daily close, worst 3.6bp from $1 [archive import: scored retroactively, not a live reading]",2025-05-18,scoring
2025-05-19,2.8,0.235,0,up,"Bitstamp settled daily close, worst 2.8bp from $1 [archive import: scored retroactively, not a live reading]",2025-05-19,scoring
2025-05-20,3.4,0.586,0,up,"Bitstamp settled daily close, worst 3.4bp from $1 [archive import: scored retroactively, not a live reading]",2025-05-20,scoring
2025-05-21,4.3,1.114,0,up,"Bitstamp settled daily close, worst 4.3bp from $1 [archive import: scored retroactively, not a live reading]",2025-05-21,scoring
2025-05-22,2.2,-0.147,0,down,"Bitstamp settled daily close, worst 2.2bp from $1 [archive import: scored retroactively, not a live reading]",2025-05-22,scoring
2025-05-23,2,-0.235,0,down,"Bitstamp settled daily close, worst 2.0bp from $1 [archive import: scored retroactively, not a live reading]",2025-05-23,scoring
2025-05-24,3,0.352,0,up,"Bitstamp settled daily close, worst 3.0bp from $1 [archive import: scored retroactively, not a live reading]",2025-05-24,scoring
2025-05-25,3.6,0.674,0,up,"Bitstamp settled daily close, worst 3.6bp from $1 [archive import: scored retroactively, not a live reading]",2025-05-25,scoring
2025-05-26,2.6,0.059,0,up,"Bitstamp settled daily close, worst 2.6bp from $1 [archive import: scored retroactively, not a live reading]",2025-05-26,scoring
2025-05-27,4.3,1.055,0,up,"Bitstamp settled daily close, worst 4.3bp from $1 [archive import: scored retroactively, not a live reading]",2025-05-27,scoring
2025-05-28,2.8,0.176,0,up,"Bitstamp settled daily close, worst 2.8bp from $1 [archive import: scored retroactively, not a live reading]",2025-05-28,scoring
2025-05-29,2.8,0.176,0,up,"Bitstamp settled daily close, worst 2.8bp from $1 [archive import: scored retroactively, not a live reading]",2025-05-29,scoring
2025-05-30,3.2,0.410,0,up,"Bitstamp settled daily close, worst 3.2bp from $1 [archive import: scored retroactively, not a live reading]",2025-05-30,scoring
2025-05-31,5,1.675,0,up,"Bitstamp settled daily close, worst 5.0bp from $1 [archive import: scored retroactively, not a live reading]",2025-05-31,scoring
2025-06-01,4.8,1.319,0,up,"Bitstamp settled daily close, worst 4.8bp from $1 [archive import: scored retroactively, not a live reading]",2025-06-01,scoring
2025-06-02,5.8,1.906,0,up,"Bitstamp settled daily close, worst 5.8bp from $1 [archive import: scored retroactively, not a live reading]",2025-06-02,scoring
2025-06-03,6.6,2.375,0,up,"Bitstamp settled daily close, worst 6.6bp from $1 [archive import: scored retroactively, not a live reading]",2025-06-03,scoring
2025-06-04,5.7,1.818,0,up,"Bitstamp settled daily close, worst 5.7bp from $1 [archive import: scored retroactively, not a live reading]",2025-06-04,scoring
2025-06-05,4.7,1.231,0,up,"Bitstamp settled daily close, worst 4.7bp from $1 [archive import: scored retroactively, not a live reading]",2025-06-05,scoring
2025-06-06,7.8,3.049,1,up,"Bitstamp settled daily close, worst 7.8bp from $1 [archive import: scored retroactively, not a live reading]",2025-06-06,scoring
2025-06-07,6.5,2.287,0,up,"Bitstamp settled daily close, worst 6.5bp from $1 [archive import: scored retroactively, not a live reading]",2025-06-07,scoring
2025-06-08,4.6,1.173,0,up,"Bitstamp settled daily close, worst 4.6bp from $1 [archive import: scored retroactively, not a live reading]",2025-06-08,scoring
2025-06-09,4.3,0.997,0,up,"Bitstamp settled daily close, worst 4.3bp from $1 [archive import: scored retroactively, not a live reading]",2025-06-09,scoring
2025-06-10,1.7,-0.495,0,down,"Bitstamp settled daily close, worst 1.7bp from $1 [archive import: scored retroactively, not a live reading]",2025-06-10,scoring
2025-06-11,2.6,0.000,0,flat,"Bitstamp settled daily close, worst 2.6bp from $1 [archive import: scored retroactively, not a live reading]",2025-06-11,scoring
2025-06-12,4.4,1.055,0,up,"Bitstamp settled daily close, worst 4.4bp from $1 [archive import: scored retroactively, not a live reading]",2025-06-12,scoring
2025-06-13,4.2,0.834,0,up,"Bitstamp settled daily close, worst 4.2bp from $1 [archive import: scored retroactively, not a live reading]",2025-06-13,scoring
2025-06-14,4.1,0.756,0,up,"Bitstamp settled daily close, worst 4.1bp from $1 [archive import: scored retroactively, not a live reading]",2025-06-14,scoring
2025-06-15,1.8,-0.495,0,down,"Bitstamp settled daily close, worst 1.8bp from $1 [archive import: scored retroactively, not a live reading]",2025-06-15,scoring
2025-06-16,4.9,1.121,0,up,"Bitstamp settled daily close, worst 4.9bp from $1 [archive import: scored retroactively, not a live reading]",2025-06-16,scoring
2025-06-17,1.3,-0.782,0,down,"Bitstamp settled daily close, worst 1.3bp from $1 [archive import: scored retroactively, not a live reading]",2025-06-17,scoring
2025-06-18,3.1,0.156,0,up,"Bitstamp settled daily close, worst 3.1bp from $1 [archive import: scored retroactively, not a live reading]",2025-06-18,scoring
2025-06-19,1.4,-0.821,0,down,"Bitstamp settled daily close, worst 1.4bp from $1 [archive import: scored retroactively, not a live reading]",2025-06-19,scoring
2025-06-20,1.8,-0.557,0,down,"Bitstamp settled daily close, worst 1.8bp from $1 [archive import: scored retroactively, not a live reading]",2025-06-20,scoring
2025-06-21,3,0.147,0,up,"Bitstamp settled daily close, worst 3.0bp from $1 [archive import: scored retroactively, not a live reading]",2025-06-21,scoring
2025-06-22,2.9,0.059,0,up,"Bitstamp settled daily close, worst 2.9bp from $1 [archive import: scored retroactively, not a live reading]",2025-06-22,scoring
2025-06-23,7,2.463,0,up,"Bitstamp settled daily close, worst 7.0bp from $1 [archive import: scored retroactively, not a live reading]",2025-06-23,scoring
2025-06-24,4.7,1.085,0,up,"Bitstamp settled daily close, worst 4.7bp from $1 [archive import: scored retroactively, not a live reading]",2025-06-24,scoring
2025-06-25,6,1.590,0,up,"Bitstamp settled daily close, worst 6.0bp from $1 [archive import: scored retroactively, not a live reading]",2025-06-25,scoring
2025-06-26,4.4,0.730,0,up,"Bitstamp settled daily close, worst 4.4bp from $1 [archive import: scored retroactively, not a live reading]",2025-06-26,scoring
2025-06-27,4.2,0.625,0,up,"Bitstamp settled daily close, worst 4.2bp from $1 [archive import: scored retroactively, not a live reading]",2025-06-27,scoring
2025-06-28,4.4,0.730,0,up,"Bitstamp settled daily close, worst 4.4bp from $1 [archive import: scored retroactively, not a live reading]",2025-06-28,scoring
2025-06-29,1.9,-0.599,0,down,"Bitstamp settled daily close, worst 1.9bp from $1 [archive import: scored retroactively, not a live reading]",2025-06-29,scoring
2025-06-30,2.9,-0.078,0,down,"Bitstamp settled daily close, worst 2.9bp from $1 [archive import: scored retroactively, not a live reading]",2025-06-30,scoring
2025-07-01,2.6,-0.235,0,down,"Bitstamp settled daily close, worst 2.6bp from $1 [archive import: scored retroactively, not a live reading]",2025-07-01,scoring
2025-07-02,4.7,0.860,0,up,"Bitstamp settled daily close, worst 4.7bp from $1 [archive import: scored retroactively, not a live reading]",2025-07-02,scoring
2025-07-03,3.7,0.339,0,up,"Bitstamp settled daily close, worst 3.7bp from $1 [archive import: scored retroactively, not a live reading]",2025-07-03,scoring
2025-07-04,3,-0.026,0,down,"Bitstamp settled daily close, worst 3.0bp from $1 [archive import: scored retroactively, not a live reading]",2025-07-04,scoring
2025-07-05,2.7,-0.156,0,down,"Bitstamp settled daily close, worst 2.7bp from $1 [archive import: scored retroactively, not a live reading]",2025-07-05,scoring
2025-07-06,1.5,-0.880,0,down,"Bitstamp settled daily close, worst 1.5bp from $1 [archive import: scored retroactively, not a live reading]",2025-07-06,scoring
2025-07-07,1.1,-1.085,0,down,"Bitstamp settled daily close, worst 1.1bp from $1 [archive import: scored retroactively, not a live reading]",2025-07-07,scoring
2025-07-08,2.2,-0.410,0,down,"Bitstamp settled daily close, worst 2.2bp from $1 [archive import: scored retroactively, not a live reading]",2025-07-08,scoring
2025-07-09,3.6,0.410,0,up,"Bitstamp settled daily close, worst 3.6bp from $1 [archive import: scored retroactively, not a live reading]",2025-07-09,scoring
2025-07-10,2.9,0.000,0,flat,"Bitstamp settled daily close, worst 2.9bp from $1 [archive import: scored retroactively, not a live reading]",2025-07-10,scoring
2025-07-11,3.8,0.528,0,up,"Bitstamp settled daily close, worst 3.8bp from $1 [archive import: scored retroactively, not a live reading]",2025-07-11,scoring
2025-07-12,2.6,-0.176,0,down,"Bitstamp settled daily close, worst 2.6bp from $1 [archive import: scored retroactively, not a live reading]",2025-07-12,scoring
2025-07-13,3.9,0.586,0,up,"Bitstamp settled daily close, worst 3.9bp from $1 [archive import: scored retroactively, not a live reading]",2025-07-13,scoring
2025-07-14,1.8,-0.674,0,down,"Bitstamp settled daily close, worst 1.8bp from $1 [archive import: scored retroactively, not a live reading]",2025-07-14,scoring
2025-07-15,1,-1.143,0,down,"Bitstamp settled daily close, worst 1.0bp from $1 [archive import: scored retroactively, not a live reading]",2025-07-15,scoring
2025-07-16,5.2,1.319,0,up,"Bitstamp settled daily close, worst 5.2bp from $1 [archive import: scored retroactively, not a live reading]",2025-07-16,scoring
2025-07-17,7.2,2.463,0,up,"Bitstamp settled daily close, worst 7.2bp from $1 [archive import: scored retroactively, not a live reading]",2025-07-17,scoring
2025-07-18,6.6,2.111,0,up,"Bitstamp settled daily close, worst 6.6bp from $1 [archive import: scored retroactively, not a live reading]",2025-07-18,scoring
2025-07-19,5.2,1.261,0,up,"Bitstamp settled daily close, worst 5.2bp from $1 [archive import: scored retroactively, not a live reading]",2025-07-19,scoring
2025-07-20,5,1.114,0,up,"Bitstamp settled daily close, worst 5.0bp from $1 [archive import: scored retroactively, not a live reading]",2025-07-20,scoring
2025-07-21,4.2,0.616,0,up,"Bitstamp settled daily close, worst 4.2bp from $1 [archive import: scored retroactively, not a live reading]",2025-07-21,scoring
2025-07-22,5.5,1.378,0,up,"Bitstamp settled daily close, worst 5.5bp from $1 [archive import: scored retroactively, not a live reading]",2025-07-22,scoring
2025-07-23,4.8,0.967,0,up,"Bitstamp settled daily close, worst 4.8bp from $1 [archive import: scored retroactively, not a live reading]",2025-07-23,scoring
2025-07-24,4.5,0.733,0,up,"Bitstamp settled daily close, worst 4.5bp from $1 [archive import: scored retroactively, not a live reading]",2025-07-24,scoring
2025-07-25,1.6,-0.967,0,down,"Bitstamp settled daily close, worst 1.6bp from $1 [archive import: scored retroactively, not a live reading]",2025-07-25,scoring
2025-07-26,3.2,0.029,0,up,"Bitstamp settled daily close, worst 3.2bp from $1 [archive import: scored retroactively, not a live reading]",2025-07-26,scoring
2025-07-27,3.3,0.088,0,up,"Bitstamp settled daily close, worst 3.3bp from $1 [archive import: scored retroactively, not a live reading]",2025-07-27,scoring
2025-07-28,0.5,-1.583,0,down,"Bitstamp settled daily close, worst 0.5bp from $1 [archive import: scored retroactively, not a live reading]",2025-07-28,scoring
2025-07-29,1.3,-1.114,0,down,"Bitstamp settled daily close, worst 1.3bp from $1 [archive import: scored retroactively, not a live reading]",2025-07-29,scoring
2025-07-30,1.7,-0.880,0,down,"Bitstamp settled daily close, worst 1.7bp from $1 [archive import: scored retroactively, not a live reading]",2025-07-30,scoring
2025-07-31,1.4,-1.026,0,down,"Bitstamp settled daily close, worst 1.4bp from $1 [archive import: scored retroactively, not a live reading]",2025-07-31,scoring
2025-08-01,4.3,0.733,0,up,"Bitstamp settled daily close, worst 4.3bp from $1 [archive import: scored retroactively, not a live reading]",2025-08-01,scoring
2025-08-02,3,-0.088,0,down,"Bitstamp settled daily close, worst 3.0bp from $1 [archive import: scored retroactively, not a live reading]",2025-08-02,scoring
2025-08-03,0.7,-1.437,0,down,"Bitstamp settled daily close, worst 0.7bp from $1 [archive import: scored retroactively, not a live reading]",2025-08-03,scoring
2025-08-04,1.8,-0.792,0,down,"Bitstamp settled daily close, worst 1.8bp from $1 [archive import: scored retroactively, not a live reading]",2025-08-04,scoring
2025-08-05,1.1,-1.202,0,down,"Bitstamp settled daily close, worst 1.1bp from $1 [archive import: scored retroactively, not a live reading]",2025-08-05,scoring
2025-08-06,2,-0.674,0,down,"Bitstamp settled daily close, worst 2.0bp from $1 [archive import: scored retroactively, not a live reading]",2025-08-06,scoring
2025-08-07,2.9,-0.147,0,down,"Bitstamp settled daily close, worst 2.9bp from $1 [archive import: scored retroactively, not a live reading]",2025-08-07,scoring
2025-08-08,1.4,-1.026,0,down,"Bitstamp settled daily close, worst 1.4bp from $1 [archive import: scored retroactively, not a live reading]",2025-08-08,scoring
2025-08-09,2.3,-0.498,0,down,"Bitstamp settled daily close, worst 2.3bp from $1 [archive import: scored retroactively, not a live reading]",2025-08-09,scoring
2025-08-10,1.8,-0.792,0,down,"Bitstamp settled daily close, worst 1.8bp from $1 [archive import: scored retroactively, not a live reading]",2025-08-10,scoring
2025-08-11,1.1,-1.202,0,down,"Bitstamp settled daily close, worst 1.1bp from $1 [archive import: scored retroactively, not a live reading]",2025-08-11,scoring
2025-08-12,1.4,-1.026,0,down,"Bitstamp settled daily close, worst 1.4bp from $1 [archive import: scored retroactively, not a live reading]",2025-08-12,scoring
2025-08-13,3.6,0.264,0,up,"Bitstamp settled daily close, worst 3.6bp from $1 [archive import: scored retroactively, not a live reading]",2025-08-13,scoring
2025-08-14,6.3,1.818,0,up,"Bitstamp settled daily close, worst 6.3bp from $1 [archive import: scored retroactively, not a live reading]",2025-08-14,scoring
2025-08-15,6.4,1.876,0,up,"Bitstamp settled daily close, worst 6.4bp from $1 [archive import: scored retroactively, not a live reading]",2025-08-15,scoring
2025-08-16,6.3,1.818,0,up,"Bitstamp settled daily close, worst 6.3bp from $1 [archive import: scored retroactively, not a live reading]",2025-08-16,scoring
2025-08-17,6,1.642,0,up,"Bitstamp settled daily close, worst 6.0bp from $1 [archive import: scored retroactively, not a live reading]",2025-08-17,scoring
2025-08-18,4.7,0.850,0,up,"Bitstamp settled daily close, worst 4.7bp from $1 [archive import: scored retroactively, not a live reading]",2025-08-18,scoring
2025-08-19,2,-0.733,0,down,"Bitstamp settled daily close, worst 2.0bp from $1 [archive import: scored retroactively, not a live reading]",2025-08-19,scoring
2025-08-20,1.7,-0.880,0,down,"Bitstamp settled daily close, worst 1.7bp from $1 [archive import: scored retroactively, not a live reading]",2025-08-20,scoring
2025-08-21,2.3,-0.528,0,down,"Bitstamp settled daily close, worst 2.3bp from $1 [archive import: scored retroactively, not a live reading]",2025-08-21,scoring
2025-08-22,2.5,-0.410,0,down,"Bitstamp settled daily close, worst 2.5bp from $1 [archive import: scored retroactively, not a live reading]",2025-08-22,scoring
2025-08-23,4.1,0.528,0,up,"Bitstamp settled daily close, worst 4.1bp from $1 [archive import: scored retroactively, not a live reading]",2025-08-23,scoring
2025-08-24,1.8,-0.821,0,down,"Bitstamp settled daily close, worst 1.8bp from $1 [archive import: scored retroactively, not a live reading]",2025-08-24,scoring
2025-08-25,1.4,-1.055,0,down,"Bitstamp settled daily close, worst 1.4bp from $1 [archive import: scored retroactively, not a live reading]",2025-08-25,scoring
2025-08-26,1.8,-0.792,0,down,"Bitstamp settled daily close, worst 1.8bp from $1 [archive import: scored retroactively, not a live reading]",2025-08-26,scoring
2025-08-27,0.5,-1.554,0,down,"Bitstamp settled daily close, worst 0.5bp from $1 [archive import: scored retroactively, not a live reading]",2025-08-27,scoring
2025-08-28,1,-1.261,0,down,"Bitstamp settled daily close, worst 1.0bp from $1 [archive import: scored retroactively, not a live reading]",2025-08-28,scoring
2025-08-29,1.3,-1.026,0,down,"Bitstamp settled daily close, worst 1.3bp from $1 [archive import: scored retroactively, not a live reading]",2025-08-29,scoring
2025-08-30,0.8,-1.290,0,down,"Bitstamp settled daily close, worst 0.8bp from $1 [archive import: scored retroactively, not a live reading]",2025-08-30,scoring
2025-08-31,0.8,-1.290,0,down,"Bitstamp settled daily close, worst 0.8bp from $1 [archive import: scored retroactively, not a live reading]",2025-08-31,scoring
2025-09-01,0.7,-1.319,0,down,"Bitstamp settled daily close, worst 0.7bp from $1 [archive import: scored retroactively, not a live reading]",2025-09-01,scoring
2025-09-02,0.9,-1.173,0,down,"Bitstamp settled daily close, worst 0.9bp from $1 [archive import: scored retroactively, not a live reading]",2025-09-02,scoring
2025-09-03,4.2,0.762,0,up,"Bitstamp settled daily close, worst 4.2bp from $1 [archive import: scored retroactively, not a live reading]",2025-09-03,scoring
2025-09-04,1.3,-0.938,0,down,"Bitstamp settled daily close, worst 1.3bp from $1 [archive import: scored retroactively, not a live reading]",2025-09-04,scoring
2025-09-05,1.1,-1.055,0,down,"Bitstamp settled daily close, worst 1.1bp from $1 [archive import: scored retroactively, not a live reading]",2025-09-05,scoring
2025-09-06,2.4,-0.235,0,down,"Bitstamp settled daily close, worst 2.4bp from $1 [archive import: scored retroactively, not a live reading]",2025-09-06,scoring
2025-09-07,0.8,-1.085,0,down,"Bitstamp settled daily close, worst 0.8bp from $1 [archive import: scored retroactively, not a live reading]",2025-09-07,scoring
2025-09-08,1.2,-0.821,0,down,"Bitstamp settled daily close, worst 1.2bp from $1 [archive import: scored retroactively, not a live reading]",2025-09-08,scoring
2025-09-09,1,-0.938,0,down,"Bitstamp settled daily close, worst 1.0bp from $1 [archive import: scored retroactively, not a live reading]",2025-09-09,scoring
2025-09-10,2.4,-0.134,0,down,"Bitstamp settled daily close, worst 2.4bp from $1 [archive import: scored retroactively, not a live reading]",2025-09-10,scoring
2025-09-11,3.6,0.704,0,up,"Bitstamp settled daily close, worst 3.6bp from $1 [archive import: scored retroactively, not a live reading]",2025-09-11,scoring
2025-09-12,5.9,2.245,0,up,"Bitstamp settled daily close, worst 5.9bp from $1 [archive import: scored retroactively, not a live reading]",2025-09-12,scoring
2025-09-13,4.9,1.575,0,up,"Bitstamp settled daily close, worst 4.9bp from $1 [archive import: scored retroactively, not a live reading]",2025-09-13,scoring
2025-09-14,4.1,0.880,0,up,"Bitstamp settled daily close, worst 4.1bp from $1 [archive import: scored retroactively, not a live reading]",2025-09-14,scoring
2025-09-15,1.9,-0.410,0,down,"Bitstamp settled daily close, worst 1.9bp from $1 [archive import: scored retroactively, not a live reading]",2025-09-15,scoring
2025-09-16,2.6,0.000,0,flat,"Bitstamp settled daily close, worst 2.6bp from $1 [archive import: scored retroactively, not a live reading]",2025-09-16,scoring
2025-09-17,3.2,0.352,0,up,"Bitstamp settled daily close, worst 3.2bp from $1 [archive import: scored retroactively, not a live reading]",2025-09-17,scoring
2025-09-18,3.6,0.586,0,up,"Bitstamp settled daily close, worst 3.6bp from $1 [archive import: scored retroactively, not a live reading]",2025-09-18,scoring
2025-09-19,4.7,1.202,0,up,"Bitstamp settled daily close, worst 4.7bp from $1 [archive import: scored retroactively, not a live reading]",2025-09-19,scoring
2025-09-20,5,1.378,0,up,"Bitstamp settled daily close, worst 5.0bp from $1 [archive import: scored retroactively, not a live reading]",2025-09-20,scoring
2025-09-21,5.1,1.437,0,up,"Bitstamp settled daily close, worst 5.1bp from $1 [archive import: scored retroactively, not a live reading]",2025-09-21,scoring
2025-09-22,7.8,3.020,1,up,"Bitstamp settled daily close, worst 7.8bp from $1 [archive import: scored retroactively, not a live reading]",2025-09-22,scoring
2025-09-23,2.2,-0.264,0,down,"Bitstamp settled daily close, worst 2.2bp from $1 [archive import: scored retroactively, not a live reading]",2025-09-23,scoring
2025-09-24,3.1,0.293,0,up,"Bitstamp settled daily close, worst 3.1bp from $1 [archive import: scored retroactively, not a live reading]",2025-09-24,scoring
2025-09-25,4.3,0.997,0,up,"Bitstamp settled daily close, worst 4.3bp from $1 [archive import: scored retroactively, not a live reading]",2025-09-25,scoring
2025-09-26,5.1,1.466,0,up,"Bitstamp settled daily close, worst 5.1bp from $1 [archive import: scored retroactively, not a live reading]",2025-09-26,scoring
2025-09-27,4.3,0.997,0,up,"Bitstamp settled daily close, worst 4.3bp from $1 [archive import: scored retroactively, not a live reading]",2025-09-27,scoring
2025-09-28,3,0.205,0,up,"Bitstamp settled daily close, worst 3.0bp from $1 [archive import: scored retroactively, not a live reading]",2025-09-28,scoring
2025-09-29,5.2,1.495,0,up,"Bitstamp settled daily close, worst 5.2bp from $1 [archive import: scored retroactively, not a live reading]",2025-09-29,scoring
2025-09-30,2.3,-0.293,0,down,"Bitstamp settled daily close, worst 2.3bp from $1 [archive import: scored retroactively, not a live reading]",2025-09-30,scoring
2025-10-01,5.8,1.847,0,up,"Bitstamp settled daily close, worst 5.8bp from $1 [archive import: scored retroactively, not a live reading]",2025-10-01,scoring
2025-10-02,6.8,2.433,0,up,"Bitstamp settled daily close, worst 6.8bp from $1 [archive import: scored retroactively, not a live reading]",2025-10-02,scoring
2025-10-03,6.8,2.433,0,up,"Bitstamp settled daily close, worst 6.8bp from $1 [archive import: scored retroactively, not a live reading]",2025-10-03,scoring
2025-10-04,4.8,1.202,0,up,"Bitstamp settled daily close, worst 4.8bp from $1 [archive import: scored retroactively, not a live reading]",2025-10-04,scoring
2025-10-05,2.9,0.000,0,flat,"Bitstamp settled daily close, worst 2.9bp from $1 [archive import: scored retroactively, not a live reading]",2025-10-05,scoring
2025-10-06,3.9,0.521,0,up,"Bitstamp settled daily close, worst 3.9bp from $1 [archive import: scored retroactively, not a live reading]",2025-10-06,scoring
2025-10-07,5,1.068,0,up,"Bitstamp settled daily close, worst 5.0bp from $1 [archive import: scored retroactively, not a live reading]",2025-10-07,scoring
2025-10-08,2.9,-0.026,0,down,"Bitstamp settled daily close, worst 2.9bp from $1 [archive import: scored retroactively, not a live reading]",2025-10-08,scoring
2025-10-09,5.7,1.433,0,up,"Bitstamp settled daily close, worst 5.7bp from $1 [archive import: scored retroactively, not a live reading]",2025-10-09,scoring
2025-10-10,17.2,7.427,1,up,"Bitstamp settled daily close, worst 17.2bp from $1 [archive import: scored retroactively, not a live reading]",2025-10-10,scoring
2025-10-11,10.7,4.013,1,up,"Bitstamp settled daily close, worst 10.7bp from $1 [archive import: scored retroactively, not a live reading]",2025-10-11,scoring
2025-10-12,9.8,3.544,1,up,"Bitstamp settled daily close, worst 9.8bp from $1 [archive import: scored retroactively, not a live reading]",2025-10-12,scoring
2025-10-13,8.4,2.788,0,up,"Bitstamp settled daily close, worst 8.4bp from $1 [archive import: scored retroactively, not a live reading]",2025-10-13,scoring
2025-10-14,4.4,0.586,0,up,"Bitstamp settled daily close, worst 4.4bp from $1 [archive import: scored retroactively, not a live reading]",2025-10-14,scoring
2025-10-15,4.9,0.821,0,up,"Bitstamp settled daily close, worst 4.9bp from $1 [archive import: scored retroactively, not a live reading]",2025-10-15,scoring
2025-10-16,1.4,-0.821,0,down,"Bitstamp settled daily close, worst 1.4bp from $1 [archive import: scored retroactively, not a live reading]",2025-10-16,scoring
2025-10-17,4.2,0.599,0,up,"Bitstamp settled daily close, worst 4.2bp from $1 [archive import: scored retroactively, not a live reading]",2025-10-17,scoring
2025-10-18,3.4,0.182,0,up,"Bitstamp settled daily close, worst 3.4bp from $1 [archive import: scored retroactively, not a live reading]",2025-10-18,scoring
2025-10-19,4.7,0.860,0,up,"Bitstamp settled daily close, worst 4.7bp from $1 [archive import: scored retroactively, not a live reading]",2025-10-19,scoring
2025-10-20,2.9,-0.078,0,down,"Bitstamp settled daily close, worst 2.9bp from $1 [archive import: scored retroactively, not a live reading]",2025-10-20,scoring
2025-10-21,4.1,0.573,0,up,"Bitstamp settled daily close, worst 4.1bp from $1 [archive import: scored retroactively, not a live reading]",2025-10-21,scoring
2025-10-22,1.4,-0.834,0,down,"Bitstamp settled daily close, worst 1.4bp from $1 [archive import: scored retroactively, not a live reading]",2025-10-22,scoring
2025-10-23,2.7,-0.130,0,down,"Bitstamp settled daily close, worst 2.7bp from $1 [archive import: scored retroactively, not a live reading]",2025-10-23,scoring
2025-10-24,1.9,-0.547,0,down,"Bitstamp settled daily close, worst 1.9bp from $1 [archive import: scored retroactively, not a live reading]",2025-10-24,scoring
2025-10-25,1.5,-0.730,0,down,"Bitstamp settled daily close, worst 1.5bp from $1 [archive import: scored retroactively, not a live reading]",2025-10-25,scoring
2025-10-26,1.6,-0.678,0,down,"Bitstamp settled daily close, worst 1.6bp from $1 [archive import: scored retroactively, not a live reading]",2025-10-26,scoring
2025-10-27,2,-0.469,0,down,"Bitstamp settled daily close, worst 2.0bp from $1 [archive import: scored retroactively, not a live reading]",2025-10-27,scoring
2025-10-28,1.1,-0.938,0,down,"Bitstamp settled daily close, worst 1.1bp from $1 [archive import: scored retroactively, not a live reading]",2025-10-28,scoring
2025-10-29,1.8,-0.573,0,down,"Bitstamp settled daily close, worst 1.8bp from $1 [archive import: scored retroactively, not a live reading]",2025-10-29,scoring
2025-10-30,1.7,-0.625,0,down,"Bitstamp settled daily close, worst 1.7bp from $1 [archive import: scored retroactively, not a live reading]",2025-10-30,scoring
2025-10-31,4.2,0.678,0,up,"Bitstamp settled daily close, worst 4.2bp from $1 [archive import: scored retroactively, not a live reading]",2025-10-31,scoring
2025-11-01,4.5,0.834,0,up,"Bitstamp settled daily close, worst 4.5bp from $1 [archive import: scored retroactively, not a live reading]",2025-11-01,scoring
2025-11-02,2.1,-0.417,0,down,"Bitstamp settled daily close, worst 2.1bp from $1 [archive import: scored retroactively, not a live reading]",2025-11-02,scoring
2025-11-03,2.7,-0.104,0,down,"Bitstamp settled daily close, worst 2.7bp from $1 [archive import: scored retroactively, not a live reading]",2025-11-03,scoring
2025-11-04,2.2,-0.365,0,down,"Bitstamp settled daily close, worst 2.2bp from $1 [archive import: scored retroactively, not a live reading]",2025-11-04,scoring
2025-11-05,1.8,-0.573,0,down,"Bitstamp settled daily close, worst 1.8bp from $1 [archive import: scored retroactively, not a live reading]",2025-11-05,scoring
2025-11-06,5.5,1.355,0,up,"Bitstamp settled daily close, worst 5.5bp from $1 [archive import: scored retroactively, not a live reading]",2025-11-06,scoring
2025-11-07,5.3,1.251,0,up,"Bitstamp settled daily close, worst 5.3bp from $1 [archive import: scored retroactively, not a live reading]",2025-11-07,scoring
2025-11-08,2.8,-0.078,0,down,"Bitstamp settled daily close, worst 2.8bp from $1 [archive import: scored retroactively, not a live reading]",2025-11-08,scoring
2025-11-09,2.9,-0.026,0,down,"Bitstamp settled daily close, worst 2.9bp from $1 [archive import: scored retroactively, not a live reading]",2025-11-09,scoring
2025-11-10,3.6,0.339,0,up,"Bitstamp settled daily close, worst 3.6bp from $1 [archive import: scored retroactively, not a live reading]",2025-11-10,scoring
2025-11-11,4.4,0.704,0,up,"Bitstamp settled daily close, worst 4.4bp from $1 [archive import: scored retroactively, not a live reading]",2025-11-11,scoring
2025-11-12,2.1,-0.495,0,down,"Bitstamp settled daily close, worst 2.1bp from $1 [archive import: scored retroactively, not a live reading]",2025-11-12,scoring
2025-11-13,6.5,1.850,0,up,"Bitstamp settled daily close, worst 6.5bp from $1 [archive import: scored retroactively, not a live reading]",2025-11-13,scoring
2025-11-14,8.7,2.997,0,up,"Bitstamp settled daily close, worst 8.7bp from $1 [archive import: scored retroactively, not a live reading]",2025-11-14,scoring
2025-11-15,6.2,1.694,0,up,"Bitstamp settled daily close, worst 6.2bp from $1 [archive import: scored retroactively, not a live reading]",2025-11-15,scoring
2025-11-16,7.7,2.476,0,up,"Bitstamp settled daily close, worst 7.7bp from $1 [archive import: scored retroactively, not a live reading]",2025-11-16,scoring
2025-11-17,11.9,4.665,1,up,"Bitstamp settled daily close, worst 11.9bp from $1 [archive import: scored retroactively, not a live reading]",2025-11-17,scoring
2025-11-18,5.4,1.102,0,up,"Bitstamp settled daily close, worst 5.4bp from $1 [archive import: scored retroactively, not a live reading]",2025-11-18,scoring
2025-11-19,10.2,3.307,1,up,"Bitstamp settled daily close, worst 10.2bp from $1 [archive import: scored retroactively, not a live reading]",2025-11-19,scoring
2025-11-20,12.3,4.222,1,up,"Bitstamp settled daily close, worst 12.3bp from $1 [archive import: scored retroactively, not a live reading]",2025-11-20,scoring
2025-11-21,8,2.111,0,up,"Bitstamp settled daily close, worst 8.0bp from $1 [archive import: scored retroactively, not a live reading]",2025-11-21,scoring
2025-11-22,6,1.066,0,up,"Bitstamp settled daily close, worst 6.0bp from $1 [archive import: scored retroactively, not a live reading]",2025-11-22,scoring
2025-11-23,4.6,0.426,0,up,"Bitstamp settled daily close, worst 4.6bp from $1 [archive import: scored retroactively, not a live reading]",2025-11-23,scoring
2025-11-24,3.2,-0.171,0,down,"Bitstamp settled daily close, worst 3.2bp from $1 [archive import: scored retroactively, not a live reading]",2025-11-24,scoring
2025-11-25,4.7,0.469,0,up,"Bitstamp settled daily close, worst 4.7bp from $1 [archive import: scored retroactively, not a live reading]",2025-11-25,scoring
2025-11-26,3.1,-0.277,0,down,"Bitstamp settled daily close, worst 3.1bp from $1 [archive import: scored retroactively, not a live reading]",2025-11-26,scoring
2025-11-27,2.9,-0.362,0,down,"Bitstamp settled daily close, worst 2.9bp from $1 [archive import: scored retroactively, not a live reading]",2025-11-27,scoring
2025-11-28,2.3,-0.618,0,down,"Bitstamp settled daily close, worst 2.3bp from $1 [archive import: scored retroactively, not a live reading]",2025-11-28,scoring
2025-11-29,2.1,-0.774,0,down,"Bitstamp settled daily close, worst 2.1bp from $1 [archive import: scored retroactively, not a live reading]",2025-11-29,scoring
2025-11-30,2,-0.821,0,down,"Bitstamp settled daily close, worst 2.0bp from $1 [archive import: scored retroactively, not a live reading]",2025-11-30,scoring
2025-12-01,2.1,-0.774,0,down,"Bitstamp settled daily close, worst 2.1bp from $1 [archive import: scored retroactively, not a live reading]",2025-12-01,scoring
2025-12-02,2.6,-0.539,0,down,"Bitstamp settled daily close, worst 2.6bp from $1 [archive import: scored retroactively, not a live reading]",2025-12-02,scoring
2025-12-03,1.9,-0.797,0,down,"Bitstamp settled daily close, worst 1.9bp from $1 [archive import: scored retroactively, not a live reading]",2025-12-03,scoring
2025-12-04,1.6,-0.938,0,down,"Bitstamp settled daily close, worst 1.6bp from $1 [archive import: scored retroactively, not a live reading]",2025-12-04,scoring
2025-12-05,1.9,-0.797,0,down,"Bitstamp settled daily close, worst 1.9bp from $1 [archive import: scored retroactively, not a live reading]",2025-12-05,scoring
2025-12-06,1.9,-0.797,0,down,"Bitstamp settled daily close, worst 1.9bp from $1 [archive import: scored retroactively, not a live reading]",2025-12-06,scoring
2025-12-07,1.2,-1.251,0,down,"Bitstamp settled daily close, worst 1.2bp from $1 [archive import: scored retroactively, not a live reading]",2025-12-07,scoring
2025-12-08,1.5,-1.094,0,down,"Bitstamp settled daily close, worst 1.5bp from $1 [archive import: scored retroactively, not a live reading]",2025-12-08,scoring
2025-12-09,1.1,-1.303,0,down,"Bitstamp settled daily close, worst 1.1bp from $1 [archive import: scored retroactively, not a live reading]",2025-12-09,scoring
2025-12-10,2.2,-0.657,0,down,"Bitstamp settled daily close, worst 2.2bp from $1 [archive import: scored retroactively, not a live reading]",2025-12-10,scoring
2025-12-11,2,-0.834,0,down,"Bitstamp settled daily close, worst 2.0bp from $1 [archive import: scored retroactively, not a live reading]",2025-12-11,scoring
2025-12-12,1.3,-1.147,0,down,"Bitstamp settled daily close, worst 1.3bp from $1 [archive import: scored retroactively, not a live reading]",2025-12-12,scoring
2025-12-13,1.9,-0.730,0,down,"Bitstamp settled daily close, worst 1.9bp from $1 [archive import: scored retroactively, not a live reading]",2025-12-13,scoring
2025-12-14,1.8,-0.730,0,down,"Bitstamp settled daily close, worst 1.8bp from $1 [archive import: scored retroactively, not a live reading]",2025-12-14,scoring
2025-12-15,1.8,-0.730,0,down,"Bitstamp settled daily close, worst 1.8bp from $1 [archive import: scored retroactively, not a live reading]",2025-12-15,scoring
2025-12-16,1.8,-0.730,0,down,"Bitstamp settled daily close, worst 1.8bp from $1 [archive import: scored retroactively, not a live reading]",2025-12-16,scoring
2025-12-17,3.6,0.235,0,up,"Bitstamp settled daily close, worst 3.6bp from $1 [archive import: scored retroactively, not a live reading]",2025-12-17,scoring
2025-12-18,6.1,1.538,0,up,"Bitstamp settled daily close, worst 6.1bp from $1 [archive import: scored retroactively, not a live reading]",2025-12-18,scoring
2025-12-19,5.6,1.277,0,up,"Bitstamp settled daily close, worst 5.6bp from $1 [archive import: scored retroactively, not a live reading]",2025-12-19,scoring
2025-12-20,4.3,0.599,0,up,"Bitstamp settled daily close, worst 4.3bp from $1 [archive import: scored retroactively, not a live reading]",2025-12-20,scoring
2025-12-21,2.9,-0.130,0,down,"Bitstamp settled daily close, worst 2.9bp from $1 [archive import: scored retroactively, not a live reading]",2025-12-21,scoring
2025-12-22,6.1,1.564,0,up,"Bitstamp settled daily close, worst 6.1bp from $1 [archive import: scored retroactively, not a live reading]",2025-12-22,scoring
2025-12-23,6.9,1.954,0,up,"Bitstamp settled daily close, worst 6.9bp from $1 [archive import: scored retroactively, not a live reading]",2025-12-23,scoring
2025-12-24,7.9,2.397,0,up,"Bitstamp settled daily close, worst 7.9bp from $1 [archive import: scored retroactively, not a live reading]",2025-12-24,scoring
2025-12-25,6.8,1.824,0,up,"Bitstamp settled daily close, worst 6.8bp from $1 [archive import: scored retroactively, not a live reading]",2025-12-25,scoring
2025-12-26,7.9,2.158,0,up,"Bitstamp settled daily close, worst 7.9bp from $1 [archive import: scored retroactively, not a live reading]",2025-12-26,scoring
2025-12-27,7.9,2.158,0,up,"Bitstamp settled daily close, worst 7.9bp from $1 [archive import: scored retroactively, not a live reading]",2025-12-27,scoring
2025-12-28,8.3,2.252,0,up,"Bitstamp settled daily close, worst 8.3bp from $1 [archive import: scored retroactively, not a live reading]",2025-12-28,scoring
2025-12-29,12.6,4.269,1,up,"Bitstamp settled daily close, worst 12.6bp from $1 [archive import: scored retroactively, not a live reading]",2025-12-29,scoring
2025-12-30,11.6,3.753,1,up,"Bitstamp settled daily close, worst 11.6bp from $1 [archive import: scored retroactively, not a live reading]",2025-12-30,scoring
2025-12-31,15.8,5.202,1,up,"Bitstamp settled daily close, worst 15.8bp from $1 [archive import: scored retroactively, not a live reading]",2025-12-31,scoring
2026-01-01,14.3,4.563,1,up,"Bitstamp settled daily close, worst 14.3bp from $1 [archive import: scored retroactively, not a live reading]",2026-01-01,scoring
2026-01-02,4.6,0.426,0,up,"Bitstamp settled daily close, worst 4.6bp from $1 [archive import: scored retroactively, not a live reading]",2026-01-02,scoring
2026-01-03,4.7,0.469,0,up,"Bitstamp settled daily close, worst 4.7bp from $1 [archive import: scored retroactively, not a live reading]",2026-01-03,scoring
2026-01-04,5.2,0.618,0,up,"Bitstamp settled daily close, worst 5.2bp from $1 [archive import: scored retroactively, not a live reading]",2026-01-04,scoring
2026-01-05,2.9,-0.405,0,down,"Bitstamp settled daily close, worst 2.9bp from $1 [archive import: scored retroactively, not a live reading]",2026-01-05,scoring
2026-01-06,4.4,0.341,0,up,"Bitstamp settled daily close, worst 4.4bp from $1 [archive import: scored retroactively, not a live reading]",2026-01-06,scoring
2026-01-07,10.1,2.665,0,up,"Bitstamp settled daily close, worst 10.1bp from $1 [archive import: scored retroactively, not a live reading]",2026-01-07,scoring
2026-01-08,8.8,2.111,0,up,"Bitstamp settled daily close, worst 8.8bp from $1 [archive import: scored retroactively, not a live reading]",2026-01-08,scoring
2026-01-09,13.6,4.158,1,up,"Bitstamp settled daily close, worst 13.6bp from $1 [archive import: scored retroactively, not a live reading]",2026-01-09,scoring
2026-01-10,14,4.328,1,up,"Bitstamp settled daily close, worst 14.0bp from $1 [archive import: scored retroactively, not a live reading]",2026-01-10,scoring
2026-01-11,15.2,4.840,1,up,"Bitstamp settled daily close, worst 15.2bp from $1 [archive import: scored retroactively, not a live reading]",2026-01-11,scoring
2026-01-12,11.9,3.433,1,up,"Bitstamp settled daily close, worst 11.9bp from $1 [archive import: scored retroactively, not a live reading]",2026-01-12,scoring
2026-01-13,6,0.917,0,up,"Bitstamp settled daily close, worst 6.0bp from $1 [archive import: scored retroactively, not a live reading]",2026-01-13,scoring
2026-01-14,2.5,-0.528,0,down,"Bitstamp settled daily close, worst 2.5bp from $1 [archive import: scored retroactively, not a live reading]",2026-01-14,scoring
2026-01-15,2.6,-0.533,0,down,"Bitstamp settled daily close, worst 2.6bp from $1 [archive import: scored retroactively, not a live reading]",2026-01-15,scoring
2026-01-16,4.7,0.469,0,up,"Bitstamp settled daily close, worst 4.7bp from $1 [archive import: scored retroactively, not a live reading]",2026-01-16,scoring
2026-01-17,4.2,0.149,0,up,"Bitstamp settled daily close, worst 4.2bp from $1 [archive import: scored retroactively, not a live reading]",2026-01-17,scoring
2026-01-18,4.2,0.149,0,up,"Bitstamp settled daily close, worst 4.2bp from $1 [archive import: scored retroactively, not a live reading]",2026-01-18,scoring
2026-01-19,7.3,1.343,0,up,"Bitstamp settled daily close, worst 7.3bp from $1 [archive import: scored retroactively, not a live reading]",2026-01-19,scoring
2026-01-20,12.8,3.667,1,up,"Bitstamp settled daily close, worst 12.8bp from $1 [archive import: scored retroactively, not a live reading]",2026-01-20,scoring
2026-01-21,9.1,1.915,0,up,"Bitstamp settled daily close, worst 9.1bp from $1 [archive import: scored retroactively, not a live reading]",2026-01-21,scoring
2026-01-22,10.5,2.255,0,up,"Bitstamp settled daily close, worst 10.5bp from $1 [archive import: scored retroactively, not a live reading]",2026-01-22,scoring
2026-01-23,13,3.121,1,up,"Bitstamp settled daily close, worst 13.0bp from $1 [archive import: scored retroactively, not a live reading]",2026-01-23,scoring
2026-01-24,16.1,3.920,1,up,"Bitstamp settled daily close, worst 16.1bp from $1 [archive import: scored retroactively, not a live reading]",2026-01-24,scoring
2026-01-25,11.4,2.329,0,up,"Bitstamp settled daily close, worst 11.4bp from $1 [archive import: scored retroactively, not a live reading]",2026-01-25,scoring
2026-01-26,11.2,2.080,0,up,"Bitstamp settled daily close, worst 11.2bp from $1 [archive import: scored retroactively, not a live reading]",2026-01-26,scoring
2026-01-27,14.3,3.033,1,up,"Bitstamp settled daily close, worst 14.3bp from $1 [archive import: scored retroactively, not a live reading]",2026-01-27,scoring
2026-01-28,15.4,3.152,1,up,"Bitstamp settled daily close, worst 15.4bp from $1 [archive import: scored retroactively, not a live reading]",2026-01-28,scoring
2026-01-29,16.8,3.547,1,up,"Bitstamp settled daily close, worst 16.8bp from $1 [archive import: scored retroactively, not a live reading]",2026-01-29,scoring
2026-01-30,15.9,3.090,1,up,"Bitstamp settled daily close, worst 15.9bp from $1 [archive import: scored retroactively, not a live reading]",2026-01-30,scoring
2026-01-31,12.2,2.000,0,up,"Bitstamp settled daily close, worst 12.2bp from $1 [archive import: scored retroactively, not a live reading]",2026-01-31,scoring
2026-02-01,10.5,1.368,0,up,"Bitstamp settled daily close, worst 10.5bp from $1 [archive import: scored retroactively, not a live reading]",2026-02-01,scoring
2026-02-02,9.6,1.108,0,up,"Bitstamp settled daily close, worst 9.6bp from $1 [archive import: scored retroactively, not a live reading]",2026-02-02,scoring
2026-02-03,14.7,2.410,0,up,"Bitstamp settled daily close, worst 14.7bp from $1 [archive import: scored retroactively, not a live reading]",2026-02-03,scoring
2026-02-04,21.7,3.987,1,up,"Bitstamp settled daily close, worst 21.7bp from $1 [archive import: scored retroactively, not a live reading]",2026-02-04,scoring
2026-02-05,17.2,2.814,0,up,"Bitstamp settled daily close, worst 17.2bp from $1 [archive import: scored retroactively, not a live reading]",2026-02-05,scoring
2026-02-06,8.4,0.563,0,up,"Bitstamp settled daily close, worst 8.4bp from $1 [archive import: scored retroactively, not a live reading]",2026-02-06,scoring
2026-02-07,7,0.212,0,up,"Bitstamp settled daily close, worst 7.0bp from $1 [archive import: scored retroactively, not a live reading]",2026-02-07,scoring
2026-02-08,7.3,0.268,0,up,"Bitstamp settled daily close, worst 7.3bp from $1 [archive import: scored retroactively, not a live reading]",2026-02-08,scoring
2026-02-09,5.4,-0.160,0,down,"Bitstamp settled daily close, worst 5.4bp from $1 [archive import: scored retroactively, not a live reading]",2026-02-09,scoring
2026-02-10,6.3,0.032,0,up,"Bitstamp settled daily close, worst 6.3bp from $1 [archive import: scored retroactively, not a live reading]",2026-02-10,scoring
2026-02-11,7.2,0.203,0,up,"Bitstamp settled daily close, worst 7.2bp from $1 [archive import: scored retroactively, not a live reading]",2026-02-11,scoring
2026-02-12,8.5,0.480,0,up,"Bitstamp settled daily close, worst 8.5bp from $1 [archive import: scored retroactively, not a live reading]",2026-02-12,scoring
2026-02-13,5.5,-0.160,0,down,"Bitstamp settled daily close, worst 5.5bp from $1 [archive import: scored retroactively, not a live reading]",2026-02-13,scoring
2026-02-14,2.6,-0.768,0,down,"Bitstamp settled daily close, worst 2.6bp from $1 [archive import: scored retroactively, not a live reading]",2026-02-14,scoring
2026-02-15,4.7,-0.313,0,down,"Bitstamp settled daily close, worst 4.7bp from $1 [archive import: scored retroactively, not a live reading]",2026-02-15,scoring
2026-02-16,3.6,-0.547,0,down,"Bitstamp settled daily close, worst 3.6bp from $1 [archive import: scored retroactively, not a live reading]",2026-02-16,scoring
2026-02-17,3.9,-0.480,0,down,"Bitstamp settled daily close, worst 3.9bp from $1 [archive import: scored retroactively, not a live reading]",2026-02-17,scoring
2026-02-18,4.4,-0.375,0,down,"Bitstamp settled daily close, worst 4.4bp from $1 [archive import: scored retroactively, not a live reading]",2026-02-18,scoring
2026-02-19,4.6,-0.281,0,down,"Bitstamp settled daily close, worst 4.6bp from $1 [archive import: scored retroactively, not a live reading]",2026-02-19,scoring
2026-02-20,3.3,-0.528,0,down,"Bitstamp settled daily close, worst 3.3bp from $1 [archive import: scored retroactively, not a live reading]",2026-02-20,scoring
2026-02-21,3,-0.605,0,down,"Bitstamp settled daily close, worst 3.0bp from $1 [archive import: scored retroactively, not a live reading]",2026-02-21,scoring
2026-02-22,2.5,-0.728,0,down,"Bitstamp settled daily close, worst 2.5bp from $1 [archive import: scored retroactively, not a live reading]",2026-02-22,scoring
2026-02-23,3,-0.605,0,down,"Bitstamp settled daily close, worst 3.0bp from $1 [archive import: scored retroactively, not a live reading]",2026-02-23,scoring
2026-02-24,0.3,-1.342,0,down,"Bitstamp settled daily close, worst 0.3bp from $1 [archive import: scored retroactively, not a live reading]",2026-02-24,scoring
2026-02-25,1.3,-1.025,0,down,"Bitstamp settled daily close, worst 1.3bp from $1 [archive import: scored retroactively, not a live reading]",2026-02-25,scoring
2026-02-26,2.4,-0.715,0,down,"Bitstamp settled daily close, worst 2.4bp from $1 [archive import: scored retroactively, not a live reading]",2026-02-26,scoring
2026-02-27,0.4,-1.184,0,down,"Bitstamp settled daily close, worst 0.4bp from $1 [archive import: scored retroactively, not a live reading]",2026-02-27,scoring
2026-02-28,1.5,-0.926,0,down,"Bitstamp settled daily close, worst 1.5bp from $1 [archive import: scored retroactively, not a live reading]",2026-02-28,scoring
2026-03-01,0.3,-1.208,0,down,"Bitstamp settled daily close, worst 0.3bp from $1 [archive import: scored retroactively, not a live reading]",2026-03-01,scoring
2026-03-02,0.9,-1.016,0,down,"Bitstamp settled daily close, worst 0.9bp from $1 [archive import: scored retroactively, not a live reading]",2026-03-02,scoring
2026-03-03,0.4,-1.128,0,down,"Bitstamp settled daily close, worst 0.4bp from $1 [archive import: scored retroactively, not a live reading]",2026-03-03,scoring
2026-03-04,1.7,-0.838,0,down,"Bitstamp settled daily close, worst 1.7bp from $1 [archive import: scored retroactively, not a live reading]",2026-03-04,scoring
2026-03-05,1.5,-0.882,0,down,"Bitstamp settled daily close, worst 1.5bp from $1 [archive import: scored retroactively, not a live reading]",2026-03-05,scoring
2026-03-06,1,-0.994,0,down,"Bitstamp settled daily close, worst 1.0bp from $1 [archive import: scored retroactively, not a live reading]",2026-03-06,scoring
2026-03-07,0.6,-1.083,0,down,"Bitstamp settled daily close, worst 0.6bp from $1 [archive import: scored retroactively, not a live reading]",2026-03-07,scoring
2026-03-08,1.2,-0.949,0,down,"Bitstamp settled daily close, worst 1.2bp from $1 [archive import: scored retroactively, not a live reading]",2026-03-08,scoring
2026-03-09,1.5,-0.882,0,down,"Bitstamp settled daily close, worst 1.5bp from $1 [archive import: scored retroactively, not a live reading]",2026-03-09,scoring
2026-03-10,2.5,-0.659,0,down,"Bitstamp settled daily close, worst 2.5bp from $1 [archive import: scored retroactively, not a live reading]",2026-03-10,scoring
2026-03-11,0.9,-1.016,0,down,"Bitstamp settled daily close, worst 0.9bp from $1 [archive import: scored retroactively, not a live reading]",2026-03-11,scoring
2026-03-12,1,-0.994,0,down,"Bitstamp settled daily close, worst 1.0bp from $1 [archive import: scored retroactively, not a live reading]",2026-03-12,scoring
2026-03-13,1.9,-0.793,0,down,"Bitstamp settled daily close, worst 1.9bp from $1 [archive import: scored retroactively, not a live reading]",2026-03-13,scoring
2026-03-14,1.9,-0.793,0,down,"Bitstamp settled daily close, worst 1.9bp from $1 [archive import: scored retroactively, not a live reading]",2026-03-14,scoring
2026-03-15,2.1,-0.748,0,down,"Bitstamp settled daily close, worst 2.1bp from $1 [archive import: scored retroactively, not a live reading]",2026-03-15,scoring
2026-03-16,0.9,-1.016,0,down,"Bitstamp settled daily close, worst 0.9bp from $1 [archive import: scored retroactively, not a live reading]",2026-03-16,scoring
2026-03-17,3.2,-0.503,0,down,"Bitstamp settled daily close, worst 3.2bp from $1 [archive import: scored retroactively, not a live reading]",2026-03-17,scoring
2026-03-18,0.6,-1.083,0,down,"Bitstamp settled daily close, worst 0.6bp from $1 [archive import: scored retroactively, not a live reading]",2026-03-18,scoring
2026-03-19,0.3,-1.117,0,down,"Bitstamp settled daily close, worst 0.3bp from $1 [archive import: scored retroactively, not a live reading]",2026-03-19,scoring
2026-03-20,1,-0.882,0,down,"Bitstamp settled daily close, worst 1.0bp from $1 [archive import: scored retroactively, not a live reading]",2026-03-20,scoring
2026-03-21,1.6,-0.748,0,down,"Bitstamp settled daily close, worst 1.6bp from $1 [archive import: scored retroactively, not a live reading]",2026-03-21,scoring
2026-03-22,2.5,-0.547,0,down,"Bitstamp settled daily close, worst 2.5bp from $1 [archive import: scored retroactively, not a live reading]",2026-03-22,scoring
2026-03-23,2.5,-0.491,0,down,"Bitstamp settled daily close, worst 2.5bp from $1 [archive import: scored retroactively, not a live reading]",2026-03-23,scoring
2026-03-24,3.9,-0.179,0,down,"Bitstamp settled daily close, worst 3.9bp from $1 [archive import: scored retroactively, not a live reading]",2026-03-24,scoring
2026-03-25,3.9,-0.168,0,down,"Bitstamp settled daily close, worst 3.9bp from $1 [archive import: scored retroactively, not a live reading]",2026-03-25,scoring
2026-03-26,6.6,0.469,0,up,"Bitstamp settled daily close, worst 6.6bp from $1 [archive import: scored retroactively, not a live reading]",2026-03-26,scoring
2026-03-27,7.2,0.610,0,up,"Bitstamp settled daily close, worst 7.2bp from $1 [archive import: scored retroactively, not a live reading]",2026-03-27,scoring
2026-03-28,8.3,0.868,0,up,"Bitstamp settled daily close, worst 8.3bp from $1 [archive import: scored retroactively, not a live reading]",2026-03-28,scoring
2026-03-29,8.9,1.008,0,up,"Bitstamp settled daily close, worst 8.9bp from $1 [archive import: scored retroactively, not a live reading]",2026-03-29,scoring
2026-03-30,8.9,1.008,0,up,"Bitstamp settled daily close, worst 8.9bp from $1 [archive import: scored retroactively, not a live reading]",2026-03-30,scoring
2026-03-31,9.9,1.243,0,up,"Bitstamp settled daily close, worst 9.9bp from $1 [archive import: scored retroactively, not a live reading]",2026-03-31,scoring
2026-04-01,1.5,-0.727,0,down,"Bitstamp settled daily close, worst 1.5bp from $1 [archive import: scored retroactively, not a live reading]",2026-04-01,scoring
2026-04-02,1.5,-0.741,0,down,"Bitstamp settled daily close, worst 1.5bp from $1 [archive import: scored retroactively, not a live reading]",2026-04-02,scoring
2026-04-03,1.7,-0.667,0,down,"Bitstamp settled daily close, worst 1.7bp from $1 [archive import: scored retroactively, not a live reading]",2026-04-03,scoring
2026-04-04,2,-0.599,0,down,"Bitstamp settled daily close, worst 2.0bp from $1 [archive import: scored retroactively, not a live reading]",2026-04-04,scoring
2026-04-05,3.6,-0.156,0,down,"Bitstamp settled daily close, worst 3.6bp from $1 [archive import: scored retroactively, not a live reading]",2026-04-05,scoring
2026-04-06,0.7,-0.912,0,down,"Bitstamp settled daily close, worst 0.7bp from $1 [archive import: scored retroactively, not a live reading]",2026-04-06,scoring
2026-04-07,1.3,-0.717,0,down,"Bitstamp settled daily close, worst 1.3bp from $1 [archive import: scored retroactively, not a live reading]",2026-04-07,scoring
2026-04-08,1.9,-0.552,0,down,"Bitstamp settled daily close, worst 1.9bp from $1 [archive import: scored retroactively, not a live reading]",2026-04-08,scoring
2026-04-09,1,-0.800,0,down,"Bitstamp settled daily close, worst 1.0bp from $1 [archive import: scored retroactively, not a live reading]",2026-04-09,scoring
2026-04-10,3.1,-0.191,0,down,"Bitstamp settled daily close, worst 3.1bp from $1 [archive import: scored retroactively, not a live reading]",2026-04-10,scoring
2026-04-11,3.9,0.088,0,up,"Bitstamp settled daily close, worst 3.9bp from $1 [archive import: scored retroactively, not a live reading]",2026-04-11,scoring
2026-04-12,1,-0.762,0,down,"Bitstamp settled daily close, worst 1.0bp from $1 [archive import: scored retroactively, not a live reading]",2026-04-12,scoring
2026-04-13,3.7,0.078,0,up,"Bitstamp settled daily close, worst 3.7bp from $1 [archive import: scored retroactively, not a live reading]",2026-04-13,scoring
2026-04-14,4.7,0.391,0,up,"Bitstamp settled daily close, worst 4.7bp from $1 [archive import: scored retroactively, not a live reading]",2026-04-14,scoring
2026-04-15,2.2,-0.438,0,down,"Bitstamp settled daily close, worst 2.2bp from $1 [archive import: scored retroactively, not a live reading]",2026-04-15,scoring
2026-04-16,2.3,-0.407,0,down,"Bitstamp settled daily close, worst 2.3bp from $1 [archive import: scored retroactively, not a live reading]",2026-04-16,scoring
2026-04-17,3.1,-0.109,0,down,"Bitstamp settled daily close, worst 3.1bp from $1 [archive import: scored retroactively, not a live reading]",2026-04-17,scoring
2026-04-18,4.1,0.266,0,up,"Bitstamp settled daily close, worst 4.1bp from $1 [archive import: scored retroactively, not a live reading]",2026-04-18,scoring
2026-04-19,4,0.235,0,up,"Bitstamp settled daily close, worst 4.0bp from $1 [archive import: scored retroactively, not a live reading]",2026-04-19,scoring
2026-04-20,4.2,0.318,0,up,"Bitstamp settled daily close, worst 4.2bp from $1 [archive import: scored retroactively, not a live reading]",2026-04-20,scoring
2026-04-21,2.8,-0.151,0,down,"Bitstamp settled daily close, worst 2.8bp from $1 [archive import: scored retroactively, not a live reading]",2026-04-21,scoring
2026-04-22,3.6,0.151,0,up,"Bitstamp settled daily close, worst 3.6bp from $1 [archive import: scored retroactively, not a live reading]",2026-04-22,scoring
2026-04-23,3,-0.054,0,down,"Bitstamp settled daily close, worst 3.0bp from $1 [archive import: scored retroactively, not a live reading]",2026-04-23,scoring
2026-04-24,2.8,-0.108,0,down,"Bitstamp settled daily close, worst 2.8bp from $1 [archive import: scored retroactively, not a live reading]",2026-04-24,scoring
2026-04-25,2.6,-0.176,0,down,"Bitstamp settled daily close, worst 2.6bp from $1 [archive import: scored retroactively, not a live reading]",2026-04-25,scoring
2026-04-26,2.2,-0.313,0,down,"Bitstamp settled daily close, worst 2.2bp from $1 [archive import: scored retroactively, not a live reading]",2026-04-26,scoring
2026-04-27,1.7,-0.554,0,down,"Bitstamp settled daily close, worst 1.7bp from $1 [archive import: scored retroactively, not a live reading]",2026-04-27,scoring
2026-04-28,1.8,-0.469,0,down,"Bitstamp settled daily close, worst 1.8bp from $1 [archive import: scored retroactively, not a live reading]",2026-04-28,scoring
2026-04-29,3.6,0.341,0,up,"Bitstamp settled daily close, worst 3.6bp from $1 [archive import: scored retroactively, not a live reading]",2026-04-29,scoring
2026-04-30,5,1.032,0,up,"Bitstamp settled daily close, worst 5.0bp from $1 [archive import: scored retroactively, not a live reading]",2026-04-30,scoring
2026-05-01,1.6,-0.563,0,down,"Bitstamp settled daily close, worst 1.6bp from $1 [archive import: scored retroactively, not a live reading]",2026-05-01,scoring
2026-05-02,1.3,-0.657,0,down,"Bitstamp settled daily close, worst 1.3bp from $1 [archive import: scored retroactively, not a live reading]",2026-05-02,scoring
2026-05-03,1.4,-0.563,0,down,"Bitstamp settled daily close, worst 1.4bp from $1 [archive import: scored retroactively, not a live reading]",2026-05-03,scoring
2026-05-04,2,-0.287,0,down,"Bitstamp settled daily close, worst 2.0bp from $1 [archive import: scored retroactively, not a live reading]",2026-05-04,scoring
2026-05-05,1.6,-0.469,0,down,"Bitstamp settled daily close, worst 1.6bp from $1 [archive import: scored retroactively, not a live reading]",2026-05-05,scoring
2026-05-06,1,-0.782,0,down,"Bitstamp settled daily close, worst 1.0bp from $1 [archive import: scored retroactively, not a live reading]",2026-05-06,scoring
2026-05-07,1.3,-0.704,0,down,"Bitstamp settled daily close, worst 1.3bp from $1 [archive import: scored retroactively, not a live reading]",2026-05-07,scoring
2026-05-08,1.2,-0.733,0,down,"Bitstamp settled daily close, worst 1.2bp from $1 [archive import: scored retroactively, not a live reading]",2026-05-08,scoring
2026-05-09,1.6,-0.440,0,down,"Bitstamp settled daily close, worst 1.6bp from $1 [archive import: scored retroactively, not a live reading]",2026-05-09,scoring
2026-05-10,1.1,-0.771,0,down,"Bitstamp settled daily close, worst 1.1bp from $1 [archive import: scored retroactively, not a live reading]",2026-05-10,scoring
2026-05-11,2.4,0.134,0,up,"Bitstamp settled daily close, worst 2.4bp from $1 [archive import: scored retroactively, not a live reading]",2026-05-11,scoring
2026-05-12,2.3,0.067,0,up,"Bitstamp settled daily close, worst 2.3bp from $1 [archive import: scored retroactively, not a live reading]",2026-05-12,scoring
2026-05-13,4.1,1.273,0,up,"Bitstamp settled daily close, worst 4.1bp from $1 [archive import: scored retroactively, not a live reading]",2026-05-13,scoring
2026-05-14,2.2,0.000,0,flat,"Bitstamp settled daily close, worst 2.2bp from $1 [archive import: scored retroactively, not a live reading]",2026-05-14,scoring
2026-05-15,5.6,2.278,0,up,"Bitstamp settled daily close, worst 5.6bp from $1 [archive import: scored retroactively, not a live reading]",2026-05-15,scoring
2026-05-16,4,1.206,0,up,"Bitstamp settled daily close, worst 4.0bp from $1 [archive import: scored retroactively, not a live reading]",2026-05-16,scoring
2026-05-17,5.7,2.345,0,up,"Bitstamp settled daily close, worst 5.7bp from $1 [archive import: scored retroactively, not a live reading]",2026-05-17,scoring
2026-05-18,6.2,2.680,0,up,"Bitstamp settled daily close, worst 6.2bp from $1 [archive import: scored retroactively, not a live reading]",2026-05-18,scoring
2026-05-19,8.6,4.289,1,up,"Bitstamp settled daily close, worst 8.6bp from $1 [archive import: scored retroactively, not a live reading]",2026-05-19,scoring
2026-05-20,10,5.227,1,up,"Bitstamp settled daily close, worst 10.0bp from $1 [archive import: scored retroactively, not a live reading]",2026-05-20,scoring
2026-05-21,9.4,4.825,1,up,"Bitstamp settled daily close, worst 9.4bp from $1 [archive import: scored retroactively, not a live reading]",2026-05-21,scoring
2026-05-22,11.4,6.165,1,up,"Bitstamp settled daily close, worst 11.4bp from $1 [archive import: scored retroactively, not a live reading]",2026-05-22,scoring
2026-05-23,12.6,6.969,1,up,"Bitstamp settled daily close, worst 12.6bp from $1 [archive import: scored retroactively, not a live reading]",2026-05-23,scoring
2026-05-24,12.2,6.701,1,up,"Bitstamp settled daily close, worst 12.2bp from $1 [archive import: scored retroactively, not a live reading]",2026-05-24,scoring
2026-05-25,9.3,4.163,1,up,"Bitstamp settled daily close, worst 9.3bp from $1 [archive import: scored retroactively, not a live reading]",2026-05-25,scoring
2026-05-26,13.7,6.743,1,up,"Bitstamp settled daily close, worst 13.7bp from $1 [archive import: scored retroactively, not a live reading]",2026-05-26,scoring
2026-05-27,15.2,7.593,1,up,"Bitstamp settled daily close, worst 15.2bp from $1 [archive import: scored retroactively, not a live reading]",2026-05-27,scoring
2026-05-28,13.6,6.655,1,up,"Bitstamp settled daily close, worst 13.6bp from $1 [archive import: scored retroactively, not a live reading]",2026-05-28,scoring
2026-05-29,13.2,5.681,1,up,"Bitstamp settled daily close, worst 13.2bp from $1 [archive import: scored retroactively, not a live reading]",2026-05-29,scoring
2026-05-30,14.7,6.437,1,up,"Bitstamp settled daily close, worst 14.7bp from $1 [archive import: scored retroactively, not a live reading]",2026-05-30,scoring
2026-05-31,14.8,6.437,1,up,"Bitstamp settled daily close, worst 14.8bp from $1 [archive import: scored retroactively, not a live reading]",2026-05-31,scoring
2026-06-01,12.7,5.316,1,up,"Bitstamp settled daily close, worst 12.7bp from $1 [archive import: scored retroactively, not a live reading]",2026-06-01,scoring
2026-06-02,13.3,5.629,1,up,"Bitstamp settled daily close, worst 13.3bp from $1 [archive import: scored retroactively, not a live reading]",2026-06-02,scoring
2026-06-03,13.7,5.230,1,up,"Bitstamp settled daily close, worst 13.7bp from $1 [archive import: scored retroactively, not a live reading]",2026-06-03,scoring
2026-06-04,10.6,3.706,1,up,"Bitstamp settled daily close, worst 10.6bp from $1 [archive import: scored retroactively, not a live reading]",2026-06-04,scoring
2026-06-05,3.3,0.213,0,up,"Bitstamp settled daily close, worst 3.3bp from $1 [archive import: scored retroactively, not a live reading]",2026-06-05,scoring
2026-06-06,4.3,0.597,0,up,"Bitstamp settled daily close, worst 4.3bp from $1 [archive import: scored retroactively, not a live reading]",2026-06-06,scoring
2026-06-07,4.4,0.576,0,up,"Bitstamp settled daily close, worst 4.4bp from $1 [archive import: scored retroactively, not a live reading]",2026-06-07,scoring
2026-06-08,3.6,0.213,0,up,"Bitstamp settled daily close, worst 3.6bp from $1 [archive import: scored retroactively, not a live reading]",2026-06-08,scoring
2026-06-09,6.6,1.471,0,up,"Bitstamp settled daily close, worst 6.6bp from $1 [archive import: scored retroactively, not a live reading]",2026-06-09,scoring
2026-06-10,9.7,2.521,0,up,"Bitstamp settled daily close, worst 9.7bp from $1 [archive import: scored retroactively, not a live reading]",2026-06-10,scoring
2026-06-11,10.2,2.639,0,up,"Bitstamp settled daily close, worst 10.2bp from $1 [archive import: scored retroactively, not a live reading]",2026-06-11,scoring
2026-06-12,5.5,0.743,0,up,"Bitstamp settled daily close, worst 5.5bp from $1 [archive import: scored retroactively, not a live reading]",2026-06-12,scoring
2026-06-13,4.5,0.325,0,up,"Bitstamp settled daily close, worst 4.5bp from $1 [archive import: scored retroactively, not a live reading]",2026-06-13,scoring
2026-06-14,6.3,0.974,0,up,"Bitstamp settled daily close, worst 6.3bp from $1 [archive import: scored retroactively, not a live reading]",2026-06-14,scoring
2026-06-15,6,0.848,0,up,"Bitstamp settled daily close, worst 6.0bp from $1 [archive import: scored retroactively, not a live reading]",2026-06-15,scoring
2026-06-16,10.3,2.178,0,up,"Bitstamp settled daily close, worst 10.3bp from $1 [archive import: scored retroactively, not a live reading]",2026-06-16,scoring
2026-06-17,8.6,1.575,0,up,"Bitstamp settled daily close, worst 8.6bp from $1 [archive import: scored retroactively, not a live reading]",2026-06-17,scoring
2026-06-18,11.5,2.546,0,up,"Bitstamp settled daily close, worst 11.5bp from $1 [archive import: scored retroactively, not a live reading]",2026-06-18,scoring
2026-06-19,9.5,1.860,0,up,"Bitstamp settled daily close, worst 9.5bp from $1 [archive import: scored retroactively, not a live reading]",2026-06-19,scoring
2026-06-20,11.9,2.470,0,up,"Bitstamp settled daily close, worst 11.9bp from $1 [archive import: scored retroactively, not a live reading]",2026-06-20,scoring
2026-06-21,11.9,2.455,0,up,"Bitstamp settled daily close, worst 11.9bp from $1 [archive import: scored retroactively, not a live reading]",2026-06-21,scoring
2026-06-22,11.6,2.199,0,up,"Bitstamp settled daily close, worst 11.6bp from $1 [archive import: scored retroactively, not a live reading]",2026-06-22,scoring
2026-06-23,12.5,2.448,0,up,"Bitstamp settled daily close, worst 12.5bp from $1 [archive import: scored retroactively, not a live reading]",2026-06-23,scoring
2026-06-24,15.7,3.159,1,up,"Bitstamp settled daily close, worst 15.7bp from $1 [archive import: scored retroactively, not a live reading]",2026-06-24,scoring
2026-06-25,15.2,3.021,1,up,"Bitstamp settled daily close, worst 15.2bp from $1 [archive import: scored retroactively, not a live reading]",2026-06-25,scoring
2026-06-26,14.4,2.801,0,up,"Bitstamp settled daily close, worst 14.4bp from $1 [archive import: scored retroactively, not a live reading]",2026-06-26,scoring
2026-06-27,15,2.966,0,up,"Bitstamp settled daily close, worst 15.0bp from $1 [archive import: scored retroactively, not a live reading]",2026-06-27,scoring
2026-06-28,15.4,3.077,1,up,"Bitstamp settled daily close, worst 15.4bp from $1 [archive import: scored retroactively, not a live reading]",2026-06-28,scoring
2026-06-29,14.8,2.911,0,up,"Bitstamp settled daily close, worst 14.8bp from $1 [archive import: scored retroactively, not a live reading]",2026-06-29,scoring
2026-06-30,15.3,3.049,1,up,"Bitstamp settled daily close, worst 15.3bp from $1 [archive import: scored retroactively, not a live reading]",2026-06-30,scoring
2026-07-01,10.6,1.725,0,up,"Bitstamp settled daily close, worst 10.6bp from $1 [archive import: scored retroactively, not a live reading]",2026-07-01,scoring
2026-07-02,12.2,2.020,0,up,"Bitstamp settled daily close, worst 12.2bp from $1 [archive import: scored retroactively, not a live reading]",2026-07-02,scoring
2026-07-03,9.7,1.329,0,up,"Bitstamp settled daily close, worst 9.7bp from $1 [archive import: scored retroactively, not a live reading]",2026-07-03,scoring
2026-07-04,9.2,1.134,0,up,"Bitstamp settled daily close, worst 9.2bp from $1 [archive import: scored retroactively, not a live reading]",2026-07-04,scoring
2026-07-05,9.6,1.074,0,up,"Bitstamp settled daily close, worst 9.6bp from $1 [archive import: scored retroactively, not a live reading]",2026-07-05,scoring
2026-07-06,6.6,0.259,0,up,"Bitstamp settled daily close, worst 6.6bp from $1 [archive import: scored retroactively, not a live reading]",2026-07-06,scoring
2026-07-07,6.6,0.235,0,up,"Bitstamp settled daily close, worst 6.6bp from $1 [archive import: scored retroactively, not a live reading]",2026-07-07,scoring
2026-07-08,7.8,0.457,0,up,"Bitstamp settled daily close, worst 7.8bp from $1 [archive import: scored retroactively, not a live reading]",2026-07-08,scoring
2026-07-09,8,0.446,0,up,"Bitstamp settled daily close, worst 8.0bp from $1 [archive import: scored retroactively, not a live reading]",2026-07-09,scoring
2026-07-10,7.4,0.270,0,up,"Bitstamp settled daily close, worst 7.4bp from $1 [archive import: scored retroactively, not a live reading]",2026-07-10,scoring
2026-07-11,7.3,0.190,0,up,"Bitstamp settled daily close, worst 7.3bp from $1 [archive import: scored retroactively, not a live reading]",2026-07-11,scoring
2026-07-12,6.5,-0.022,0,down,"Bitstamp settled daily close, worst 6.5bp from $1 [archive import: scored retroactively, not a live reading]",2026-07-12,scoring
2026-07-13,12.8,1.385,0,up,"Bitstamp settled daily close, worst 12.8bp from $1 [archive import: scored retroactively, not a live reading]",2026-07-13,scoring
2026-07-14,6.7,0.022,0,up,"Bitstamp settled daily close, worst 6.7bp from $1 [archive import: scored retroactively, not a live reading]",2026-07-14,scoring
2026-07-15,6.8,0.032,0,up,"Bitstamp settled daily close, worst 6.8bp from $1 [archive import: scored retroactively, not a live reading]",2026-07-15,scoring
2026-07-16,8,0.267,0,up,"Bitstamp settled daily close, worst 8.0bp from $1 [archive import: scored retroactively, not a live reading]",2026-07-16,scoring
2026-07-17,7,-0.011,0,down,"Bitstamp settled daily close, worst 7.0bp from $1 [archive import: scored retroactively, not a live reading]",2026-07-17,scoring
2026-07-18,6.3,-0.181,0,down,"Bitstamp settled daily close, worst 6.3bp from $1 [archive import: scored retroactively, not a live reading]",2026-07-18,scoring
2026-07-19,7.8,0.139,0,up,"Bitstamp settled daily close, worst 7.8bp from $1 [archive import: scored retroactively, not a live reading]",2026-07-19,scoring
2026-07-20,7.3,-0.011,0,down,"Bitstamp settled daily close, worst 7.3bp from $1 [archive import: scored retroactively, not a live reading]",2026-07-20,scoring
2026-07-21,6.4,-0.203,0,down,"Bitstamp settled daily close, worst 6.4bp from $1 [archive import: scored retroactively, not a live reading]",2026-07-21,scoring
2026-07-22,5.2,-0.458,0,down,"Bitstamp settled daily close, worst 5.2bp from $1 [archive import: scored retroactively, not a live reading]",2026-07-22,scoring
2026-07-23,7.3,-0.011,0,down,"Bitstamp settled daily close, worst 7.3bp from $1 [archive import: scored retroactively, not a live reading]",2026-07-23,scoring
2026-07-24,9.1,0.373,0,up,"Bitstamp settled daily close, worst 9.1bp from $1 [archive import: scored retroactively, not a live reading]",2026-07-24,scoring
2026-07-25,9.3,0.362,0,up,"Bitstamp settled daily close, worst 9.3bp from $1 [archive import: scored retroactively, not a live reading]",2026-07-25,scoring
2026-07-26,9.3,0.320,0,up,"Bitstamp settled daily close, worst 9.3bp from $1 [archive import: scored retroactively, not a live reading]",2026-07-26,scoring
2026-07-27,9.3,0.298,0,up,"Bitstamp settled daily close, worst 9.3bp from $1 [archive import: scored retroactively, not a live reading]",2026-07-27,scoring
2026-07-28,12.4,0.938,0,up,"Bitstamp settled daily close, worst 12.4bp from $1 [archive import: scored retroactively, not a live reading]",2026-07-28,scoring
2026-07-29,12.7,0.938,0,up,"Bitstamp settled daily close, worst 12.7bp from $1 [archive import: scored retroactively, not a live reading]",2026-07-29,scoring
2026-07-30,9.2,0.128,0,up,"Bitstamp settled daily close, worst 9.2bp from $1 [archive import: scored retroactively, not a live reading]",2026-07-30,scoring
2026-07-31,10.8,0.416,0,up,"Bitstamp settled daily close, worst 10.8bp from $1 [archive import: scored retroactively, not a live reading]",2026-07-31,scoring
2026-08-01,9.5,0.078,0,up,"Bitstamp settled daily close, worst 9.5bp from $1 [archive import: scored retroactively, not a live reading]",2026-08-01,scoring
2026-08-02,11.5,0.514,0,up,"Bitstamp settled daily close, worst 11.5bp from $1 [archive import: scored retroactively, not a live reading]",2026-08-02,scoring
2026-08-03,9.6,0.078,0,up,"Bitstamp settled daily close, worst 9.6bp from $1 [archive import: scored retroactively, not a live reading]",2026-08-03,scoring
2026-08-04,9,-0.070,0,down,"Bitstamp settled daily close, worst 9.0bp from $1 [archive import: scored retroactively, not a live reading]",2026-08-04,scoring
2026-08-05,10.1,0.188,0,up,"Bitstamp settled daily close, worst 10.1bp from $1 [archive import: scored retroactively, not a live reading]",2026-08-05,scoring
2026-08-06,9,-0.074,0,down,"Bitstamp settled daily close, worst 9.0bp from $1 [archive import: scored retroactively, not a live reading]",2026-08-06,scoring
2026-08-07,6,-0.815,0,down,"Bitstamp settled daily close, worst 6.0bp from $1 [archive import: scored retroactively, not a live reading]",2026-08-07,scoring
2026-08-08,9,-0.078,0,down,"Bitstamp settled daily close, worst 9.0bp from $1 [archive import: scored retroactively, not a live reading]",2026-08-08,scoring
2026-08-09,8.5,-0.208,0,down,"Bitstamp settled daily close, worst 8.5bp from $1 [archive import: scored retroactively, not a live reading]",2026-08-09,scoring
2026-08-10,9.4,0.028,0,up,"Bitstamp settled daily close, worst 9.4bp from $1 [archive import: scored retroactively, not a live reading]",2026-08-10,scoring
2026-08-11,9.2,-0.028,0,down,"Bitstamp settled daily close, worst 9.2bp from $1 [archive import: scored retroactively, not a live reading]",2026-08-11,scoring
2026-08-12,10.9,0.469,0,up,"Bitstamp settled daily close, worst 10.9bp from $1 [archive import: scored retroactively, not a live reading]",2026-08-12,scoring
2026-08-13,10,0.191,0,up,"Bitstamp settled daily close, worst 10.0bp from $1 [archive import: scored retroactively, not a live reading]",2026-08-13,scoring
2026-08-14,9.9,0.147,0,up,"Bitstamp settled daily close, worst 9.9bp from $1 [archive import: scored retroactively, not a live reading]",2026-08-14,scoring
2026-08-15,11.5,0.641,0,up,"Bitstamp settled daily close, worst 11.5bp from $1 [archive import: scored retroactively, not a live reading]",2026-08-15,scoring
