date,raw_value,z_score,trembling,direction,source_note,obs_date,status
2023-08-01,2.53,,0,,"FRED BAMLEMCBPIOAS OAS 2023-08-01 [archive import: scored retroactively, not a live reading]",2023-08-01,warming-up
2023-08-02,2.56,,0,,"FRED BAMLEMCBPIOAS OAS 2023-08-02 [archive import: scored retroactively, not a live reading]",2023-08-02,warming-up
2023-08-03,2.56,,0,,"FRED BAMLEMCBPIOAS OAS 2023-08-03 [archive import: scored retroactively, not a live reading]",2023-08-03,warming-up
2023-08-04,2.64,,0,,"FRED BAMLEMCBPIOAS OAS 2023-08-04 [archive import: scored retroactively, not a live reading]",2023-08-04,warming-up
2023-08-07,2.62,,0,,"FRED BAMLEMCBPIOAS OAS 2023-08-07 [archive import: scored retroactively, not a live reading]",2023-08-07,warming-up
2023-08-08,2.62,,0,,"FRED BAMLEMCBPIOAS OAS 2023-08-08 [archive import: scored retroactively, not a live reading]",2023-08-08,warming-up
2023-08-09,2.6,,0,,"FRED BAMLEMCBPIOAS OAS 2023-08-09 [archive import: scored retroactively, not a live reading]",2023-08-09,warming-up
2023-08-10,2.54,,0,,"FRED BAMLEMCBPIOAS OAS 2023-08-10 [archive import: scored retroactively, not a live reading]",2023-08-10,warming-up
2023-08-11,2.52,,0,,"FRED BAMLEMCBPIOAS OAS 2023-08-11 [archive import: scored retroactively, not a live reading]",2023-08-11,warming-up
2023-08-14,2.54,,0,,"FRED BAMLEMCBPIOAS OAS 2023-08-14 [archive import: scored retroactively, not a live reading]",2023-08-14,warming-up
2023-08-15,2.59,0.932,0,up,"FRED BAMLEMCBPIOAS OAS 2023-08-15 [archive import: scored retroactively, not a live reading]",2023-08-15,scoring
2023-08-16,2.57,0.254,0,up,"FRED BAMLEMCBPIOAS OAS 2023-08-16 [archive import: scored retroactively, not a live reading]",2023-08-16,scoring
2023-08-17,2.64,1.481,0,up,"FRED BAMLEMCBPIOAS OAS 2023-08-17 [archive import: scored retroactively, not a live reading]",2023-08-17,scoring
2023-08-18,2.67,2.493,0,up,"FRED BAMLEMCBPIOAS OAS 2023-08-18 [archive import: scored retroactively, not a live reading]",2023-08-18,scoring
2023-08-21,2.67,1.717,0,up,"FRED BAMLEMCBPIOAS OAS 2023-08-21 [archive import: scored retroactively, not a live reading]",2023-08-21,scoring
2023-08-22,2.66,1.148,0,up,"FRED BAMLEMCBPIOAS OAS 2023-08-22 [archive import: scored retroactively, not a live reading]",2023-08-22,scoring
2023-08-23,2.71,2.135,0,up,"FRED BAMLEMCBPIOAS OAS 2023-08-23 [archive import: scored retroactively, not a live reading]",2023-08-23,scoring
2023-08-24,2.64,0.650,0,up,"FRED BAMLEMCBPIOAS OAS 2023-08-24 [archive import: scored retroactively, not a live reading]",2023-08-24,scoring
2023-08-25,2.65,0.727,0,up,"FRED BAMLEMCBPIOAS OAS 2023-08-25 [archive import: scored retroactively, not a live reading]",2023-08-25,scoring
2023-08-28,2.67,0.805,0,up,"FRED BAMLEMCBPIOAS OAS 2023-08-28 [archive import: scored retroactively, not a live reading]",2023-08-28,scoring
2023-08-29,2.72,1.785,0,up,"FRED BAMLEMCBPIOAS OAS 2023-08-29 [archive import: scored retroactively, not a live reading]",2023-08-29,scoring
2023-08-30,2.68,0.960,0,up,"FRED BAMLEMCBPIOAS OAS 2023-08-30 [archive import: scored retroactively, not a live reading]",2023-08-30,scoring
2023-08-31,2.64,0.176,0,up,"FRED BAMLEMCBPIOAS OAS 2023-08-31 [archive import: scored retroactively, not a live reading]",2023-08-31,scoring
2023-09-01,2.59,-0.796,0,down,"FRED BAMLEMCBPIOAS OAS 2023-09-01 [archive import: scored retroactively, not a live reading]",2023-09-01,scoring
2023-09-04,2.59,-0.695,0,down,"FRED BAMLEMCBPIOAS OAS 2023-09-04 [archive import: scored retroactively, not a live reading]",2023-09-04,scoring
2023-09-05,2.56,-0.951,0,down,"FRED BAMLEMCBPIOAS OAS 2023-09-05 [archive import: scored retroactively, not a live reading]",2023-09-05,scoring
2023-09-06,2.54,-1.376,0,down,"FRED BAMLEMCBPIOAS OAS 2023-09-06 [archive import: scored retroactively, not a live reading]",2023-09-06,scoring
2023-09-07,2.59,-0.473,0,down,"FRED BAMLEMCBPIOAS OAS 2023-09-07 [archive import: scored retroactively, not a live reading]",2023-09-07,scoring
2023-09-08,2.57,-0.682,0,down,"FRED BAMLEMCBPIOAS OAS 2023-09-08 [archive import: scored retroactively, not a live reading]",2023-09-08,scoring
2023-09-11,2.58,-0.315,0,down,"FRED BAMLEMCBPIOAS OAS 2023-09-11 [archive import: scored retroactively, not a live reading]",2023-09-11,scoring
2023-09-12,2.58,-0.254,0,down,"FRED BAMLEMCBPIOAS OAS 2023-09-12 [archive import: scored retroactively, not a live reading]",2023-09-12,scoring
2023-09-13,2.61,0.314,0,up,"FRED BAMLEMCBPIOAS OAS 2023-09-13 [archive import: scored retroactively, not a live reading]",2023-09-13,scoring
2023-09-14,2.56,-0.587,0,down,"FRED BAMLEMCBPIOAS OAS 2023-09-14 [archive import: scored retroactively, not a live reading]",2023-09-14,scoring
2023-09-15,2.56,-0.469,0,down,"FRED BAMLEMCBPIOAS OAS 2023-09-15 [archive import: scored retroactively, not a live reading]",2023-09-15,scoring
2023-09-18,2.56,-0.500,0,down,"FRED BAMLEMCBPIOAS OAS 2023-09-18 [archive import: scored retroactively, not a live reading]",2023-09-18,scoring
2023-09-19,2.52,-1.092,0,down,"FRED BAMLEMCBPIOAS OAS 2023-09-19 [archive import: scored retroactively, not a live reading]",2023-09-19,scoring
2023-09-20,2.5,-1.493,0,down,"FRED BAMLEMCBPIOAS OAS 2023-09-20 [archive import: scored retroactively, not a live reading]",2023-09-20,scoring
2023-09-21,2.52,-1.090,0,down,"FRED BAMLEMCBPIOAS OAS 2023-09-21 [archive import: scored retroactively, not a live reading]",2023-09-21,scoring
2023-09-22,2.56,-0.495,0,down,"FRED BAMLEMCBPIOAS OAS 2023-09-22 [archive import: scored retroactively, not a live reading]",2023-09-22,scoring
2023-09-25,2.53,-0.932,0,down,"FRED BAMLEMCBPIOAS OAS 2023-09-25 [archive import: scored retroactively, not a live reading]",2023-09-25,scoring
2023-09-26,2.55,-0.575,0,down,"FRED BAMLEMCBPIOAS OAS 2023-09-26 [archive import: scored retroactively, not a live reading]",2023-09-26,scoring
2023-09-27,2.51,-1.086,0,down,"FRED BAMLEMCBPIOAS OAS 2023-09-27 [archive import: scored retroactively, not a live reading]",2023-09-27,scoring
2023-09-28,2.6,0.327,0,up,"FRED BAMLEMCBPIOAS OAS 2023-09-28 [archive import: scored retroactively, not a live reading]",2023-09-28,scoring
2023-09-29,2.57,-0.155,0,down,"FRED BAMLEMCBPIOAS OAS 2023-09-29 [archive import: scored retroactively, not a live reading]",2023-09-29,scoring
2023-09-30,2.58,0.000,0,flat,"FRED BAMLEMCBPIOAS OAS 2023-09-30 [archive import: scored retroactively, not a live reading]",2023-09-30,scoring
2023-10-02,2.56,-0.309,0,down,"FRED BAMLEMCBPIOAS OAS 2023-10-02 [archive import: scored retroactively, not a live reading]",2023-10-02,scoring
2023-10-03,2.56,-0.325,0,down,"FRED BAMLEMCBPIOAS OAS 2023-10-03 [archive import: scored retroactively, not a live reading]",2023-10-03,scoring
2023-10-04,2.69,2.549,0,up,"FRED BAMLEMCBPIOAS OAS 2023-10-04 [archive import: scored retroactively, not a live reading]",2023-10-04,scoring
2023-10-05,2.7,1.943,0,up,"FRED BAMLEMCBPIOAS OAS 2023-10-05 [archive import: scored retroactively, not a live reading]",2023-10-05,scoring
2023-10-06,2.66,1.234,0,up,"FRED BAMLEMCBPIOAS OAS 2023-10-06 [archive import: scored retroactively, not a live reading]",2023-10-06,scoring
2023-10-09,2.68,1.614,0,up,"FRED BAMLEMCBPIOAS OAS 2023-10-09 [archive import: scored retroactively, not a live reading]",2023-10-09,scoring
2023-10-10,2.74,2.466,0,up,"FRED BAMLEMCBPIOAS OAS 2023-10-10 [archive import: scored retroactively, not a live reading]",2023-10-10,scoring
2023-10-11,2.7,1.851,0,up,"FRED BAMLEMCBPIOAS OAS 2023-10-11 [archive import: scored retroactively, not a live reading]",2023-10-11,scoring
2023-10-12,2.63,0.616,0,up,"FRED BAMLEMCBPIOAS OAS 2023-10-12 [archive import: scored retroactively, not a live reading]",2023-10-12,scoring
2023-10-13,2.69,1.606,0,up,"FRED BAMLEMCBPIOAS OAS 2023-10-13 [archive import: scored retroactively, not a live reading]",2023-10-13,scoring
2023-10-16,2.68,1.385,0,up,"FRED BAMLEMCBPIOAS OAS 2023-10-16 [archive import: scored retroactively, not a live reading]",2023-10-16,scoring
2023-10-17,2.62,0.481,0,up,"FRED BAMLEMCBPIOAS OAS 2023-10-17 [archive import: scored retroactively, not a live reading]",2023-10-17,scoring
2023-10-18,2.63,0.615,0,up,"FRED BAMLEMCBPIOAS OAS 2023-10-18 [archive import: scored retroactively, not a live reading]",2023-10-18,scoring
2023-10-19,2.68,1.439,0,up,"FRED BAMLEMCBPIOAS OAS 2023-10-19 [archive import: scored retroactively, not a live reading]",2023-10-19,scoring
2023-10-20,2.74,2.304,0,up,"FRED BAMLEMCBPIOAS OAS 2023-10-20 [archive import: scored retroactively, not a live reading]",2023-10-20,scoring
2023-10-23,2.79,3.111,1,up,"FRED BAMLEMCBPIOAS OAS 2023-10-23 [archive import: scored retroactively, not a live reading]",2023-10-23,scoring
2023-10-24,2.73,1.995,0,up,"FRED BAMLEMCBPIOAS OAS 2023-10-24 [archive import: scored retroactively, not a live reading]",2023-10-24,scoring
2023-10-25,2.67,1.115,0,up,"FRED BAMLEMCBPIOAS OAS 2023-10-25 [archive import: scored retroactively, not a live reading]",2023-10-25,scoring
2023-10-26,2.77,2.607,0,up,"FRED BAMLEMCBPIOAS OAS 2023-10-26 [archive import: scored retroactively, not a live reading]",2023-10-26,scoring
2023-10-27,2.77,2.622,0,up,"FRED BAMLEMCBPIOAS OAS 2023-10-27 [archive import: scored retroactively, not a live reading]",2023-10-27,scoring
2023-10-30,2.75,2.146,0,up,"FRED BAMLEMCBPIOAS OAS 2023-10-30 [archive import: scored retroactively, not a live reading]",2023-10-30,scoring
2023-10-31,2.71,1.130,0,up,"FRED BAMLEMCBPIOAS OAS 2023-10-31 [archive import: scored retroactively, not a live reading]",2023-10-31,scoring
2023-11-01,2.81,2.910,0,up,"FRED BAMLEMCBPIOAS OAS 2023-11-01 [archive import: scored retroactively, not a live reading]",2023-11-01,scoring
2023-11-02,2.71,1.069,0,up,"FRED BAMLEMCBPIOAS OAS 2023-11-02 [archive import: scored retroactively, not a live reading]",2023-11-02,scoring
2023-11-03,2.76,1.607,0,up,"FRED BAMLEMCBPIOAS OAS 2023-11-03 [archive import: scored retroactively, not a live reading]",2023-11-03,scoring
2023-11-06,2.67,0.593,0,up,"FRED BAMLEMCBPIOAS OAS 2023-11-06 [archive import: scored retroactively, not a live reading]",2023-11-06,scoring
2023-11-07,2.71,1.033,0,up,"FRED BAMLEMCBPIOAS OAS 2023-11-07 [archive import: scored retroactively, not a live reading]",2023-11-07,scoring
2023-11-08,2.71,1.007,0,up,"FRED BAMLEMCBPIOAS OAS 2023-11-08 [archive import: scored retroactively, not a live reading]",2023-11-08,scoring
2023-11-09,2.61,-0.229,0,down,"FRED BAMLEMCBPIOAS OAS 2023-11-09 [archive import: scored retroactively, not a live reading]",2023-11-09,scoring
2023-11-10,2.65,0.296,0,up,"FRED BAMLEMCBPIOAS OAS 2023-11-10 [archive import: scored retroactively, not a live reading]",2023-11-10,scoring
2023-11-13,2.68,0.573,0,up,"FRED BAMLEMCBPIOAS OAS 2023-11-13 [archive import: scored retroactively, not a live reading]",2023-11-13,scoring
2023-11-14,2.76,1.536,0,up,"FRED BAMLEMCBPIOAS OAS 2023-11-14 [archive import: scored retroactively, not a live reading]",2023-11-14,scoring
2023-11-15,2.62,-0.115,0,down,"FRED BAMLEMCBPIOAS OAS 2023-11-15 [archive import: scored retroactively, not a live reading]",2023-11-15,scoring
2023-11-16,2.67,0.472,0,up,"FRED BAMLEMCBPIOAS OAS 2023-11-16 [archive import: scored retroactively, not a live reading]",2023-11-16,scoring
2023-11-17,2.62,-0.115,0,down,"FRED BAMLEMCBPIOAS OAS 2023-11-17 [archive import: scored retroactively, not a live reading]",2023-11-17,scoring
2023-11-20,2.63,0.000,0,flat,"FRED BAMLEMCBPIOAS OAS 2023-11-20 [archive import: scored retroactively, not a live reading]",2023-11-20,scoring
2023-11-21,2.6,-0.343,0,down,"FRED BAMLEMCBPIOAS OAS 2023-11-21 [archive import: scored retroactively, not a live reading]",2023-11-21,scoring
2023-11-22,2.56,-0.824,0,down,"FRED BAMLEMCBPIOAS OAS 2023-11-22 [archive import: scored retroactively, not a live reading]",2023-11-22,scoring
2023-11-23,2.56,-0.801,0,down,"FRED BAMLEMCBPIOAS OAS 2023-11-23 [archive import: scored retroactively, not a live reading]",2023-11-23,scoring
2023-11-24,2.53,-1.117,0,down,"FRED BAMLEMCBPIOAS OAS 2023-11-24 [archive import: scored retroactively, not a live reading]",2023-11-24,scoring
2023-11-27,2.59,-0.343,0,down,"FRED BAMLEMCBPIOAS OAS 2023-11-27 [archive import: scored retroactively, not a live reading]",2023-11-27,scoring
2023-11-28,2.62,0.000,0,flat,"FRED BAMLEMCBPIOAS OAS 2023-11-28 [archive import: scored retroactively, not a live reading]",2023-11-28,scoring
2023-11-29,2.58,-0.457,0,down,"FRED BAMLEMCBPIOAS OAS 2023-11-29 [archive import: scored retroactively, not a live reading]",2023-11-29,scoring
2023-11-30,2.53,-1.056,0,down,"FRED BAMLEMCBPIOAS OAS 2023-11-30 [archive import: scored retroactively, not a live reading]",2023-11-30,scoring
2023-12-01,2.63,0.152,0,up,"FRED BAMLEMCBPIOAS OAS 2023-12-01 [archive import: scored retroactively, not a live reading]",2023-12-01,scoring
2023-12-04,2.55,-0.821,0,down,"FRED BAMLEMCBPIOAS OAS 2023-12-04 [archive import: scored retroactively, not a live reading]",2023-12-04,scoring
2023-12-05,2.58,-0.469,0,down,"FRED BAMLEMCBPIOAS OAS 2023-12-05 [archive import: scored retroactively, not a live reading]",2023-12-05,scoring
2023-12-06,2.56,-0.704,0,down,"FRED BAMLEMCBPIOAS OAS 2023-12-06 [archive import: scored retroactively, not a live reading]",2023-12-06,scoring
2023-12-07,2.55,-0.821,0,down,"FRED BAMLEMCBPIOAS OAS 2023-12-07 [archive import: scored retroactively, not a live reading]",2023-12-07,scoring
2023-12-08,2.48,-1.642,0,down,"FRED BAMLEMCBPIOAS OAS 2023-12-08 [archive import: scored retroactively, not a live reading]",2023-12-08,scoring
2023-12-11,2.52,-1.173,0,down,"FRED BAMLEMCBPIOAS OAS 2023-12-11 [archive import: scored retroactively, not a live reading]",2023-12-11,scoring
2023-12-12,2.5,-1.407,0,down,"FRED BAMLEMCBPIOAS OAS 2023-12-12 [archive import: scored retroactively, not a live reading]",2023-12-12,scoring
2023-12-13,2.65,0.352,0,up,"FRED BAMLEMCBPIOAS OAS 2023-12-13 [archive import: scored retroactively, not a live reading]",2023-12-13,scoring
2023-12-14,2.5,-1.407,0,down,"FRED BAMLEMCBPIOAS OAS 2023-12-14 [archive import: scored retroactively, not a live reading]",2023-12-14,scoring
2023-12-15,2.47,-1.759,0,down,"FRED BAMLEMCBPIOAS OAS 2023-12-15 [archive import: scored retroactively, not a live reading]",2023-12-15,scoring
2023-12-18,2.46,-1.876,0,down,"FRED BAMLEMCBPIOAS OAS 2023-12-18 [archive import: scored retroactively, not a live reading]",2023-12-18,scoring
2023-12-19,2.46,-1.876,0,down,"FRED BAMLEMCBPIOAS OAS 2023-12-19 [archive import: scored retroactively, not a live reading]",2023-12-19,scoring
2023-12-20,2.48,-1.642,0,down,"FRED BAMLEMCBPIOAS OAS 2023-12-20 [archive import: scored retroactively, not a live reading]",2023-12-20,scoring
2023-12-21,2.46,-1.876,0,down,"FRED BAMLEMCBPIOAS OAS 2023-12-21 [archive import: scored retroactively, not a live reading]",2023-12-21,scoring
2023-12-22,2.46,-1.818,0,down,"FRED BAMLEMCBPIOAS OAS 2023-12-22 [archive import: scored retroactively, not a live reading]",2023-12-22,scoring
2023-12-26,2.45,-1.876,0,down,"FRED BAMLEMCBPIOAS OAS 2023-12-26 [archive import: scored retroactively, not a live reading]",2023-12-26,scoring
2023-12-27,2.51,-1.114,0,down,"FRED BAMLEMCBPIOAS OAS 2023-12-27 [archive import: scored retroactively, not a live reading]",2023-12-27,scoring
2023-12-28,2.45,-1.759,0,down,"FRED BAMLEMCBPIOAS OAS 2023-12-28 [archive import: scored retroactively, not a live reading]",2023-12-28,scoring
2023-12-29,2.44,-1.818,0,down,"FRED BAMLEMCBPIOAS OAS 2023-12-29 [archive import: scored retroactively, not a live reading]",2023-12-29,scoring
2023-12-31,2.44,-1.407,0,down,"FRED BAMLEMCBPIOAS OAS 2023-12-31 [archive import: scored retroactively, not a live reading]",2023-12-31,scoring
2024-01-02,2.43,-1.501,0,down,"FRED BAMLEMCBPIOAS OAS 2024-01-02 [archive import: scored retroactively, not a live reading]",2024-01-02,scoring
2024-01-03,2.48,-1.032,0,down,"FRED BAMLEMCBPIOAS OAS 2024-01-03 [archive import: scored retroactively, not a live reading]",2024-01-03,scoring
2024-01-04,2.42,-1.548,0,down,"FRED BAMLEMCBPIOAS OAS 2024-01-04 [archive import: scored retroactively, not a live reading]",2024-01-04,scoring
2024-01-05,2.44,-1.313,0,down,"FRED BAMLEMCBPIOAS OAS 2024-01-05 [archive import: scored retroactively, not a live reading]",2024-01-05,scoring
2024-01-08,2.48,-0.938,0,down,"FRED BAMLEMCBPIOAS OAS 2024-01-08 [archive import: scored retroactively, not a live reading]",2024-01-08,scoring
2024-01-09,2.47,-1.032,0,down,"FRED BAMLEMCBPIOAS OAS 2024-01-09 [archive import: scored retroactively, not a live reading]",2024-01-09,scoring
2024-01-10,2.42,-1.501,0,down,"FRED BAMLEMCBPIOAS OAS 2024-01-10 [archive import: scored retroactively, not a live reading]",2024-01-10,scoring
2024-01-11,2.46,-1.126,0,down,"FRED BAMLEMCBPIOAS OAS 2024-01-11 [archive import: scored retroactively, not a live reading]",2024-01-11,scoring
2024-01-12,2.47,-1.032,0,down,"FRED BAMLEMCBPIOAS OAS 2024-01-12 [archive import: scored retroactively, not a live reading]",2024-01-12,scoring
2024-01-15,2.47,-1.032,0,down,"FRED BAMLEMCBPIOAS OAS 2024-01-15 [archive import: scored retroactively, not a live reading]",2024-01-15,scoring
2024-01-16,2.39,-1.736,0,down,"FRED BAMLEMCBPIOAS OAS 2024-01-16 [archive import: scored retroactively, not a live reading]",2024-01-16,scoring
2024-01-17,2.37,-1.829,0,down,"FRED BAMLEMCBPIOAS OAS 2024-01-17 [archive import: scored retroactively, not a live reading]",2024-01-17,scoring
2024-01-18,2.36,-1.876,0,down,"FRED BAMLEMCBPIOAS OAS 2024-01-18 [archive import: scored retroactively, not a live reading]",2024-01-18,scoring
2024-01-19,2.36,-1.876,0,down,"FRED BAMLEMCBPIOAS OAS 2024-01-19 [archive import: scored retroactively, not a live reading]",2024-01-19,scoring
2024-01-22,2.39,-1.329,0,down,"FRED BAMLEMCBPIOAS OAS 2024-01-22 [archive import: scored retroactively, not a live reading]",2024-01-22,scoring
2024-01-23,2.38,-1.407,0,down,"FRED BAMLEMCBPIOAS OAS 2024-01-23 [archive import: scored retroactively, not a live reading]",2024-01-23,scoring
2024-01-24,2.33,-1.798,0,down,"FRED BAMLEMCBPIOAS OAS 2024-01-24 [archive import: scored retroactively, not a live reading]",2024-01-24,scoring
2024-01-25,2.38,-1.407,0,down,"FRED BAMLEMCBPIOAS OAS 2024-01-25 [archive import: scored retroactively, not a live reading]",2024-01-25,scoring
2024-01-26,2.32,-1.876,0,down,"FRED BAMLEMCBPIOAS OAS 2024-01-26 [archive import: scored retroactively, not a live reading]",2024-01-26,scoring
2024-01-29,2.37,-1.485,0,down,"FRED BAMLEMCBPIOAS OAS 2024-01-29 [archive import: scored retroactively, not a live reading]",2024-01-29,scoring
2024-01-30,2.33,-1.798,0,down,"FRED BAMLEMCBPIOAS OAS 2024-01-30 [archive import: scored retroactively, not a live reading]",2024-01-30,scoring
2024-01-31,2.43,-1.016,0,down,"FRED BAMLEMCBPIOAS OAS 2024-01-31 [archive import: scored retroactively, not a live reading]",2024-01-31,scoring
2024-02-01,2.44,-0.938,0,down,"FRED BAMLEMCBPIOAS OAS 2024-02-01 [archive import: scored retroactively, not a live reading]",2024-02-01,scoring
2024-02-02,2.31,-1.954,0,down,"FRED BAMLEMCBPIOAS OAS 2024-02-02 [archive import: scored retroactively, not a live reading]",2024-02-02,scoring
2024-02-05,2.31,-1.954,0,down,"FRED BAMLEMCBPIOAS OAS 2024-02-05 [archive import: scored retroactively, not a live reading]",2024-02-05,scoring
2024-02-06,2.35,-1.407,0,down,"FRED BAMLEMCBPIOAS OAS 2024-02-06 [archive import: scored retroactively, not a live reading]",2024-02-06,scoring
2024-02-07,2.3,-1.709,0,down,"FRED BAMLEMCBPIOAS OAS 2024-02-07 [archive import: scored retroactively, not a live reading]",2024-02-07,scoring
2024-02-08,2.27,-1.876,0,down,"FRED BAMLEMCBPIOAS OAS 2024-02-08 [archive import: scored retroactively, not a live reading]",2024-02-08,scoring
2024-02-09,2.26,-1.876,0,down,"FRED BAMLEMCBPIOAS OAS 2024-02-09 [archive import: scored retroactively, not a live reading]",2024-02-09,scoring
2024-02-12,2.27,-1.742,0,down,"FRED BAMLEMCBPIOAS OAS 2024-02-12 [archive import: scored retroactively, not a live reading]",2024-02-12,scoring
2024-02-13,2.16,-2.446,0,down,"FRED BAMLEMCBPIOAS OAS 2024-02-13 [archive import: scored retroactively, not a live reading]",2024-02-13,scoring
2024-02-14,2.23,-1.910,0,down,"FRED BAMLEMCBPIOAS OAS 2024-02-14 [archive import: scored retroactively, not a live reading]",2024-02-14,scoring
2024-02-15,2.2,-2.044,0,down,"FRED BAMLEMCBPIOAS OAS 2024-02-15 [archive import: scored retroactively, not a live reading]",2024-02-15,scoring
2024-02-16,2.17,-1.935,0,down,"FRED BAMLEMCBPIOAS OAS 2024-02-16 [archive import: scored retroactively, not a live reading]",2024-02-16,scoring
2024-02-19,2.17,-1.876,0,down,"FRED BAMLEMCBPIOAS OAS 2024-02-19 [archive import: scored retroactively, not a live reading]",2024-02-19,scoring
2024-02-20,2.18,-1.759,0,down,"FRED BAMLEMCBPIOAS OAS 2024-02-20 [archive import: scored retroactively, not a live reading]",2024-02-20,scoring
2024-02-21,2.13,-2.052,0,down,"FRED BAMLEMCBPIOAS OAS 2024-02-21 [archive import: scored retroactively, not a live reading]",2024-02-21,scoring
2024-02-22,2.11,-2.169,0,down,"FRED BAMLEMCBPIOAS OAS 2024-02-22 [archive import: scored retroactively, not a live reading]",2024-02-22,scoring
2024-02-23,2.15,-1.906,0,down,"FRED BAMLEMCBPIOAS OAS 2024-02-23 [archive import: scored retroactively, not a live reading]",2024-02-23,scoring
2024-02-26,2.12,-1.824,0,down,"FRED BAMLEMCBPIOAS OAS 2024-02-26 [archive import: scored retroactively, not a live reading]",2024-02-26,scoring
2024-02-27,2.12,-1.824,0,down,"FRED BAMLEMCBPIOAS OAS 2024-02-27 [archive import: scored retroactively, not a live reading]",2024-02-27,scoring
2024-02-28,2.16,-1.616,0,down,"FRED BAMLEMCBPIOAS OAS 2024-02-28 [archive import: scored retroactively, not a live reading]",2024-02-28,scoring
2024-02-29,2.07,-2.059,0,down,"FRED BAMLEMCBPIOAS OAS 2024-02-29 [archive import: scored retroactively, not a live reading]",2024-02-29,scoring
2024-03-01,2.12,-1.772,0,down,"FRED BAMLEMCBPIOAS OAS 2024-03-01 [archive import: scored retroactively, not a live reading]",2024-03-01,scoring
2024-03-04,2.07,-2.033,0,down,"FRED BAMLEMCBPIOAS OAS 2024-03-04 [archive import: scored retroactively, not a live reading]",2024-03-04,scoring
2024-03-05,2.11,-1.824,0,down,"FRED BAMLEMCBPIOAS OAS 2024-03-05 [archive import: scored retroactively, not a live reading]",2024-03-05,scoring
2024-03-06,2.11,-1.824,0,down,"FRED BAMLEMCBPIOAS OAS 2024-03-06 [archive import: scored retroactively, not a live reading]",2024-03-06,scoring
2024-03-07,2.11,-1.798,0,down,"FRED BAMLEMCBPIOAS OAS 2024-03-07 [archive import: scored retroactively, not a live reading]",2024-03-07,scoring
2024-03-08,2.1,-1.824,0,down,"FRED BAMLEMCBPIOAS OAS 2024-03-08 [archive import: scored retroactively, not a live reading]",2024-03-08,scoring
2024-03-11,2.07,-1.954,0,down,"FRED BAMLEMCBPIOAS OAS 2024-03-11 [archive import: scored retroactively, not a live reading]",2024-03-11,scoring
2024-03-12,2.04,-2.345,0,down,"FRED BAMLEMCBPIOAS OAS 2024-03-12 [archive import: scored retroactively, not a live reading]",2024-03-12,scoring
2024-03-13,2.02,-2.463,0,down,"FRED BAMLEMCBPIOAS OAS 2024-03-13 [archive import: scored retroactively, not a live reading]",2024-03-13,scoring
2024-03-14,1.97,-2.450,0,down,"FRED BAMLEMCBPIOAS OAS 2024-03-14 [archive import: scored retroactively, not a live reading]",2024-03-14,scoring
2024-03-15,1.98,-2.371,0,down,"FRED BAMLEMCBPIOAS OAS 2024-03-15 [archive import: scored retroactively, not a live reading]",2024-03-15,scoring
2024-03-18,1.98,-2.345,0,down,"FRED BAMLEMCBPIOAS OAS 2024-03-18 [archive import: scored retroactively, not a live reading]",2024-03-18,scoring
2024-03-19,1.99,-2.267,0,down,"FRED BAMLEMCBPIOAS OAS 2024-03-19 [archive import: scored retroactively, not a live reading]",2024-03-19,scoring
2024-03-20,2,-2.189,0,down,"FRED BAMLEMCBPIOAS OAS 2024-03-20 [archive import: scored retroactively, not a live reading]",2024-03-20,scoring
2024-03-21,1.97,-2.267,0,down,"FRED BAMLEMCBPIOAS OAS 2024-03-21 [archive import: scored retroactively, not a live reading]",2024-03-21,scoring
2024-03-22,1.98,-2.137,0,down,"FRED BAMLEMCBPIOAS OAS 2024-03-22 [archive import: scored retroactively, not a live reading]",2024-03-22,scoring
2024-03-25,1.97,-2.163,0,down,"FRED BAMLEMCBPIOAS OAS 2024-03-25 [archive import: scored retroactively, not a live reading]",2024-03-25,scoring
2024-03-26,1.97,-2.137,0,down,"FRED BAMLEMCBPIOAS OAS 2024-03-26 [archive import: scored retroactively, not a live reading]",2024-03-26,scoring
2024-03-27,1.98,-2.059,0,down,"FRED BAMLEMCBPIOAS OAS 2024-03-27 [archive import: scored retroactively, not a live reading]",2024-03-27,scoring
2024-03-28,1.97,-2.085,0,down,"FRED BAMLEMCBPIOAS OAS 2024-03-28 [archive import: scored retroactively, not a live reading]",2024-03-28,scoring
2024-03-31,1.99,-1.954,0,down,"FRED BAMLEMCBPIOAS OAS 2024-03-31 [archive import: scored retroactively, not a live reading]",2024-03-31,scoring
2024-04-01,1.94,-2.189,0,down,"FRED BAMLEMCBPIOAS OAS 2024-04-01 [archive import: scored retroactively, not a live reading]",2024-04-01,scoring
2024-04-02,1.96,-2.059,0,down,"FRED BAMLEMCBPIOAS OAS 2024-04-02 [archive import: scored retroactively, not a live reading]",2024-04-02,scoring
2024-04-03,1.97,-1.928,0,down,"FRED BAMLEMCBPIOAS OAS 2024-04-03 [archive import: scored retroactively, not a live reading]",2024-04-03,scoring
2024-04-04,1.98,-1.824,0,down,"FRED BAMLEMCBPIOAS OAS 2024-04-04 [archive import: scored retroactively, not a live reading]",2024-04-04,scoring
2024-04-05,1.94,-2.007,0,down,"FRED BAMLEMCBPIOAS OAS 2024-04-05 [archive import: scored retroactively, not a live reading]",2024-04-05,scoring
2024-04-08,1.93,-2.007,0,down,"FRED BAMLEMCBPIOAS OAS 2024-04-08 [archive import: scored retroactively, not a live reading]",2024-04-08,scoring
2024-04-09,1.94,-1.928,0,down,"FRED BAMLEMCBPIOAS OAS 2024-04-09 [archive import: scored retroactively, not a live reading]",2024-04-09,scoring
2024-04-10,1.86,-2.319,0,down,"FRED BAMLEMCBPIOAS OAS 2024-04-10 [archive import: scored retroactively, not a live reading]",2024-04-10,scoring
2024-04-11,1.89,-2.059,0,down,"FRED BAMLEMCBPIOAS OAS 2024-04-11 [archive import: scored retroactively, not a live reading]",2024-04-11,scoring
2024-04-12,1.93,-1.772,0,down,"FRED BAMLEMCBPIOAS OAS 2024-04-12 [archive import: scored retroactively, not a live reading]",2024-04-12,scoring
2024-04-15,1.92,-1.798,0,down,"FRED BAMLEMCBPIOAS OAS 2024-04-15 [archive import: scored retroactively, not a live reading]",2024-04-15,scoring
2024-04-16,1.94,-1.590,0,down,"FRED BAMLEMCBPIOAS OAS 2024-04-16 [archive import: scored retroactively, not a live reading]",2024-04-16,scoring
2024-04-17,1.97,-1.277,0,down,"FRED BAMLEMCBPIOAS OAS 2024-04-17 [archive import: scored retroactively, not a live reading]",2024-04-17,scoring
2024-04-18,1.93,-1.355,0,down,"FRED BAMLEMCBPIOAS OAS 2024-04-18 [archive import: scored retroactively, not a live reading]",2024-04-18,scoring
2024-04-19,1.95,-1.319,0,down,"FRED BAMLEMCBPIOAS OAS 2024-04-19 [archive import: scored retroactively, not a live reading]",2024-04-19,scoring
2024-04-22,1.95,-1.290,0,down,"FRED BAMLEMCBPIOAS OAS 2024-04-22 [archive import: scored retroactively, not a live reading]",2024-04-22,scoring
2024-04-23,1.94,-1.319,0,down,"FRED BAMLEMCBPIOAS OAS 2024-04-23 [archive import: scored retroactively, not a live reading]",2024-04-23,scoring
2024-04-24,1.93,-1.349,0,down,"FRED BAMLEMCBPIOAS OAS 2024-04-24 [archive import: scored retroactively, not a live reading]",2024-04-24,scoring
2024-04-25,1.92,-1.378,0,down,"FRED BAMLEMCBPIOAS OAS 2024-04-25 [archive import: scored retroactively, not a live reading]",2024-04-25,scoring
2024-04-26,1.92,-1.290,0,down,"FRED BAMLEMCBPIOAS OAS 2024-04-26 [archive import: scored retroactively, not a live reading]",2024-04-26,scoring
2024-04-29,1.92,-1.202,0,down,"FRED BAMLEMCBPIOAS OAS 2024-04-29 [archive import: scored retroactively, not a live reading]",2024-04-29,scoring
2024-04-30,1.9,-1.290,0,down,"FRED BAMLEMCBPIOAS OAS 2024-04-30 [archive import: scored retroactively, not a live reading]",2024-04-30,scoring
2024-05-01,1.94,-1.055,0,down,"FRED BAMLEMCBPIOAS OAS 2024-05-01 [archive import: scored retroactively, not a live reading]",2024-05-01,scoring
2024-05-02,1.95,-0.967,0,down,"FRED BAMLEMCBPIOAS OAS 2024-05-02 [archive import: scored retroactively, not a live reading]",2024-05-02,scoring
2024-05-03,1.94,-1.139,0,down,"FRED BAMLEMCBPIOAS OAS 2024-05-03 [archive import: scored retroactively, not a live reading]",2024-05-03,scoring
2024-05-06,1.92,-1.273,0,down,"FRED BAMLEMCBPIOAS OAS 2024-05-06 [archive import: scored retroactively, not a live reading]",2024-05-06,scoring
2024-05-07,1.91,-1.340,0,down,"FRED BAMLEMCBPIOAS OAS 2024-05-07 [archive import: scored retroactively, not a live reading]",2024-05-07,scoring
2024-05-08,1.9,-1.374,0,down,"FRED BAMLEMCBPIOAS OAS 2024-05-08 [archive import: scored retroactively, not a live reading]",2024-05-08,scoring
2024-05-09,1.91,-1.173,0,down,"FRED BAMLEMCBPIOAS OAS 2024-05-09 [archive import: scored retroactively, not a live reading]",2024-05-09,scoring
2024-05-10,1.87,-1.564,0,down,"FRED BAMLEMCBPIOAS OAS 2024-05-10 [archive import: scored retroactively, not a live reading]",2024-05-10,scoring
2024-05-13,1.88,-1.485,0,down,"FRED BAMLEMCBPIOAS OAS 2024-05-13 [archive import: scored retroactively, not a live reading]",2024-05-13,scoring
2024-05-14,1.89,-1.290,0,down,"FRED BAMLEMCBPIOAS OAS 2024-05-14 [archive import: scored retroactively, not a live reading]",2024-05-14,scoring
2024-05-15,1.9,-1.016,0,down,"FRED BAMLEMCBPIOAS OAS 2024-05-15 [archive import: scored retroactively, not a live reading]",2024-05-15,scoring
2024-05-16,1.85,-1.251,0,down,"FRED BAMLEMCBPIOAS OAS 2024-05-16 [archive import: scored retroactively, not a live reading]",2024-05-16,scoring
2024-05-17,1.83,-1.290,0,down,"FRED BAMLEMCBPIOAS OAS 2024-05-17 [archive import: scored retroactively, not a live reading]",2024-05-17,scoring
2024-05-20,1.81,-1.407,0,down,"FRED BAMLEMCBPIOAS OAS 2024-05-20 [archive import: scored retroactively, not a live reading]",2024-05-20,scoring
2024-05-21,1.83,-1.212,0,down,"FRED BAMLEMCBPIOAS OAS 2024-05-21 [archive import: scored retroactively, not a live reading]",2024-05-21,scoring
2024-05-22,1.82,-1.251,0,down,"FRED BAMLEMCBPIOAS OAS 2024-05-22 [archive import: scored retroactively, not a live reading]",2024-05-22,scoring
2024-05-23,1.79,-1.485,0,down,"FRED BAMLEMCBPIOAS OAS 2024-05-23 [archive import: scored retroactively, not a live reading]",2024-05-23,scoring
2024-05-24,1.81,-1.329,0,down,"FRED BAMLEMCBPIOAS OAS 2024-05-24 [archive import: scored retroactively, not a live reading]",2024-05-24,scoring
2024-05-27,1.81,-1.329,0,down,"FRED BAMLEMCBPIOAS OAS 2024-05-27 [archive import: scored retroactively, not a live reading]",2024-05-27,scoring
2024-05-28,1.78,-1.524,0,down,"FRED BAMLEMCBPIOAS OAS 2024-05-28 [archive import: scored retroactively, not a live reading]",2024-05-28,scoring
2024-05-29,1.78,-1.485,0,down,"FRED BAMLEMCBPIOAS OAS 2024-05-29 [archive import: scored retroactively, not a live reading]",2024-05-29,scoring
2024-05-30,1.81,-1.251,0,down,"FRED BAMLEMCBPIOAS OAS 2024-05-30 [archive import: scored retroactively, not a live reading]",2024-05-30,scoring
2024-05-31,1.85,-0.938,0,down,"FRED BAMLEMCBPIOAS OAS 2024-05-31 [archive import: scored retroactively, not a live reading]",2024-05-31,scoring
2024-06-03,1.84,-1.016,0,down,"FRED BAMLEMCBPIOAS OAS 2024-06-03 [archive import: scored retroactively, not a live reading]",2024-06-03,scoring
2024-06-04,1.87,-0.782,0,down,"FRED BAMLEMCBPIOAS OAS 2024-06-04 [archive import: scored retroactively, not a live reading]",2024-06-04,scoring
2024-06-05,1.89,-0.625,0,down,"FRED BAMLEMCBPIOAS OAS 2024-06-05 [archive import: scored retroactively, not a live reading]",2024-06-05,scoring
2024-06-06,1.88,-0.797,0,down,"FRED BAMLEMCBPIOAS OAS 2024-06-06 [archive import: scored retroactively, not a live reading]",2024-06-06,scoring
2024-06-07,1.8,-1.454,0,down,"FRED BAMLEMCBPIOAS OAS 2024-06-07 [archive import: scored retroactively, not a live reading]",2024-06-07,scoring
2024-06-10,1.83,-1.126,0,down,"FRED BAMLEMCBPIOAS OAS 2024-06-10 [archive import: scored retroactively, not a live reading]",2024-06-10,scoring
2024-06-11,1.85,-0.938,0,down,"FRED BAMLEMCBPIOAS OAS 2024-06-11 [archive import: scored retroactively, not a live reading]",2024-06-11,scoring
2024-06-12,1.84,-0.985,0,down,"FRED BAMLEMCBPIOAS OAS 2024-06-12 [archive import: scored retroactively, not a live reading]",2024-06-12,scoring
2024-06-13,1.89,-0.469,0,down,"FRED BAMLEMCBPIOAS OAS 2024-06-13 [archive import: scored retroactively, not a live reading]",2024-06-13,scoring
2024-06-14,1.9,-0.375,0,down,"FRED BAMLEMCBPIOAS OAS 2024-06-14 [archive import: scored retroactively, not a live reading]",2024-06-14,scoring
2024-06-17,1.89,-0.469,0,down,"FRED BAMLEMCBPIOAS OAS 2024-06-17 [archive import: scored retroactively, not a live reading]",2024-06-17,scoring
2024-06-18,1.91,-0.281,0,down,"FRED BAMLEMCBPIOAS OAS 2024-06-18 [archive import: scored retroactively, not a live reading]",2024-06-18,scoring
2024-06-19,1.91,-0.281,0,down,"FRED BAMLEMCBPIOAS OAS 2024-06-19 [archive import: scored retroactively, not a live reading]",2024-06-19,scoring
2024-06-20,1.89,-0.586,0,down,"FRED BAMLEMCBPIOAS OAS 2024-06-20 [archive import: scored retroactively, not a live reading]",2024-06-20,scoring
2024-06-21,1.88,-0.645,0,down,"FRED BAMLEMCBPIOAS OAS 2024-06-21 [archive import: scored retroactively, not a live reading]",2024-06-21,scoring
2024-06-24,1.89,-0.469,0,down,"FRED BAMLEMCBPIOAS OAS 2024-06-24 [archive import: scored retroactively, not a live reading]",2024-06-24,scoring
2024-06-25,1.89,-0.469,0,down,"FRED BAMLEMCBPIOAS OAS 2024-06-25 [archive import: scored retroactively, not a live reading]",2024-06-25,scoring
2024-06-26,1.86,-0.821,0,down,"FRED BAMLEMCBPIOAS OAS 2024-06-26 [archive import: scored retroactively, not a live reading]",2024-06-26,scoring
2024-06-27,1.88,-0.528,0,down,"FRED BAMLEMCBPIOAS OAS 2024-06-27 [archive import: scored retroactively, not a live reading]",2024-06-27,scoring
2024-06-28,1.86,-0.704,0,down,"FRED BAMLEMCBPIOAS OAS 2024-06-28 [archive import: scored retroactively, not a live reading]",2024-06-28,scoring
2024-06-30,1.87,-0.586,0,down,"FRED BAMLEMCBPIOAS OAS 2024-06-30 [archive import: scored retroactively, not a live reading]",2024-06-30,scoring
2024-07-01,1.85,-0.821,0,down,"FRED BAMLEMCBPIOAS OAS 2024-07-01 [archive import: scored retroactively, not a live reading]",2024-07-01,scoring
2024-07-02,1.87,-0.586,0,down,"FRED BAMLEMCBPIOAS OAS 2024-07-02 [archive import: scored retroactively, not a live reading]",2024-07-02,scoring
2024-07-03,1.88,-0.410,0,down,"FRED BAMLEMCBPIOAS OAS 2024-07-03 [archive import: scored retroactively, not a live reading]",2024-07-03,scoring
2024-07-04,1.88,-0.469,0,down,"FRED BAMLEMCBPIOAS OAS 2024-07-04 [archive import: scored retroactively, not a live reading]",2024-07-04,scoring
2024-07-05,1.9,-0.156,0,down,"FRED BAMLEMCBPIOAS OAS 2024-07-05 [archive import: scored retroactively, not a live reading]",2024-07-05,scoring
2024-07-08,1.88,-0.469,0,down,"FRED BAMLEMCBPIOAS OAS 2024-07-08 [archive import: scored retroactively, not a live reading]",2024-07-08,scoring
2024-07-09,1.88,-0.391,0,down,"FRED BAMLEMCBPIOAS OAS 2024-07-09 [archive import: scored retroactively, not a live reading]",2024-07-09,scoring
2024-07-10,1.87,-0.469,0,down,"FRED BAMLEMCBPIOAS OAS 2024-07-10 [archive import: scored retroactively, not a live reading]",2024-07-10,scoring
2024-07-11,1.88,-0.313,0,down,"FRED BAMLEMCBPIOAS OAS 2024-07-11 [archive import: scored retroactively, not a live reading]",2024-07-11,scoring
2024-07-12,1.89,-0.156,0,down,"FRED BAMLEMCBPIOAS OAS 2024-07-12 [archive import: scored retroactively, not a live reading]",2024-07-12,scoring
2024-07-15,1.88,-0.313,0,down,"FRED BAMLEMCBPIOAS OAS 2024-07-15 [archive import: scored retroactively, not a live reading]",2024-07-15,scoring
2024-07-16,1.89,-0.078,0,down,"FRED BAMLEMCBPIOAS OAS 2024-07-16 [archive import: scored retroactively, not a live reading]",2024-07-16,scoring
2024-07-17,1.9,0.156,0,up,"FRED BAMLEMCBPIOAS OAS 2024-07-17 [archive import: scored retroactively, not a live reading]",2024-07-17,scoring
2024-07-18,1.88,-0.156,0,down,"FRED BAMLEMCBPIOAS OAS 2024-07-18 [archive import: scored retroactively, not a live reading]",2024-07-18,scoring
2024-07-19,1.86,-0.704,0,down,"FRED BAMLEMCBPIOAS OAS 2024-07-19 [archive import: scored retroactively, not a live reading]",2024-07-19,scoring
2024-07-22,1.85,-0.938,0,down,"FRED BAMLEMCBPIOAS OAS 2024-07-22 [archive import: scored retroactively, not a live reading]",2024-07-22,scoring
2024-07-23,1.85,-0.938,0,down,"FRED BAMLEMCBPIOAS OAS 2024-07-23 [archive import: scored retroactively, not a live reading]",2024-07-23,scoring
2024-07-24,1.87,-0.469,0,down,"FRED BAMLEMCBPIOAS OAS 2024-07-24 [archive import: scored retroactively, not a live reading]",2024-07-24,scoring
2024-07-25,1.86,-0.704,0,down,"FRED BAMLEMCBPIOAS OAS 2024-07-25 [archive import: scored retroactively, not a live reading]",2024-07-25,scoring
2024-07-26,1.89,0.000,0,flat,"FRED BAMLEMCBPIOAS OAS 2024-07-26 [archive import: scored retroactively, not a live reading]",2024-07-26,scoring
2024-07-29,1.88,-0.235,0,down,"FRED BAMLEMCBPIOAS OAS 2024-07-29 [archive import: scored retroactively, not a live reading]",2024-07-29,scoring
2024-07-30,1.89,0.000,0,flat,"FRED BAMLEMCBPIOAS OAS 2024-07-30 [archive import: scored retroactively, not a live reading]",2024-07-30,scoring
2024-07-31,1.94,1.173,0,up,"FRED BAMLEMCBPIOAS OAS 2024-07-31 [archive import: scored retroactively, not a live reading]",2024-07-31,scoring
2024-08-01,1.96,1.642,0,up,"FRED BAMLEMCBPIOAS OAS 2024-08-01 [archive import: scored retroactively, not a live reading]",2024-08-01,scoring
2024-08-02,2.09,4.691,1,up,"FRED BAMLEMCBPIOAS OAS 2024-08-02 [archive import: scored retroactively, not a live reading]",2024-08-02,scoring
2024-08-05,2.15,6.098,1,up,"FRED BAMLEMCBPIOAS OAS 2024-08-05 [archive import: scored retroactively, not a live reading]",2024-08-05,scoring
2024-08-06,2.09,4.691,1,up,"FRED BAMLEMCBPIOAS OAS 2024-08-06 [archive import: scored retroactively, not a live reading]",2024-08-06,scoring
2024-08-07,2.06,3.987,1,up,"FRED BAMLEMCBPIOAS OAS 2024-08-07 [archive import: scored retroactively, not a live reading]",2024-08-07,scoring
2024-08-08,2.02,3.049,1,up,"FRED BAMLEMCBPIOAS OAS 2024-08-08 [archive import: scored retroactively, not a live reading]",2024-08-08,scoring
2024-08-09,2.02,3.049,1,up,"FRED BAMLEMCBPIOAS OAS 2024-08-09 [archive import: scored retroactively, not a live reading]",2024-08-09,scoring
2024-08-12,2.03,3.283,1,up,"FRED BAMLEMCBPIOAS OAS 2024-08-12 [archive import: scored retroactively, not a live reading]",2024-08-12,scoring
2024-08-13,2.04,3.518,1,up,"FRED BAMLEMCBPIOAS OAS 2024-08-13 [archive import: scored retroactively, not a live reading]",2024-08-13,scoring
2024-08-14,2.01,2.814,0,up,"FRED BAMLEMCBPIOAS OAS 2024-08-14 [archive import: scored retroactively, not a live reading]",2024-08-14,scoring
2024-08-15,1.93,0.938,0,up,"FRED BAMLEMCBPIOAS OAS 2024-08-15 [archive import: scored retroactively, not a live reading]",2024-08-15,scoring
2024-08-16,1.94,1.173,0,up,"FRED BAMLEMCBPIOAS OAS 2024-08-16 [archive import: scored retroactively, not a live reading]",2024-08-16,scoring
2024-08-19,1.92,0.704,0,up,"FRED BAMLEMCBPIOAS OAS 2024-08-19 [archive import: scored retroactively, not a live reading]",2024-08-19,scoring
2024-08-20,1.95,1.407,0,up,"FRED BAMLEMCBPIOAS OAS 2024-08-20 [archive import: scored retroactively, not a live reading]",2024-08-20,scoring
2024-08-21,1.95,1.407,0,up,"FRED BAMLEMCBPIOAS OAS 2024-08-21 [archive import: scored retroactively, not a live reading]",2024-08-21,scoring
2024-08-22,1.91,0.469,0,up,"FRED BAMLEMCBPIOAS OAS 2024-08-22 [archive import: scored retroactively, not a live reading]",2024-08-22,scoring
2024-08-23,1.94,1.173,0,up,"FRED BAMLEMCBPIOAS OAS 2024-08-23 [archive import: scored retroactively, not a live reading]",2024-08-23,scoring
2024-08-26,1.9,0.235,0,up,"FRED BAMLEMCBPIOAS OAS 2024-08-26 [archive import: scored retroactively, not a live reading]",2024-08-26,scoring
2024-08-27,1.92,0.704,0,up,"FRED BAMLEMCBPIOAS OAS 2024-08-27 [archive import: scored retroactively, not a live reading]",2024-08-27,scoring
2024-08-28,1.91,0.469,0,up,"FRED BAMLEMCBPIOAS OAS 2024-08-28 [archive import: scored retroactively, not a live reading]",2024-08-28,scoring
2024-08-29,1.89,0.000,0,flat,"FRED BAMLEMCBPIOAS OAS 2024-08-29 [archive import: scored retroactively, not a live reading]",2024-08-29,scoring
2024-08-30,1.87,-0.469,0,down,"FRED BAMLEMCBPIOAS OAS 2024-08-30 [archive import: scored retroactively, not a live reading]",2024-08-30,scoring
2024-08-31,1.88,-0.235,0,down,"FRED BAMLEMCBPIOAS OAS 2024-08-31 [archive import: scored retroactively, not a live reading]",2024-08-31,scoring
2024-09-02,1.88,-0.235,0,down,"FRED BAMLEMCBPIOAS OAS 2024-09-02 [archive import: scored retroactively, not a live reading]",2024-09-02,scoring
2024-09-03,1.94,1.290,0,up,"FRED BAMLEMCBPIOAS OAS 2024-09-03 [archive import: scored retroactively, not a live reading]",2024-09-03,scoring
2024-09-04,1.99,2.463,0,up,"FRED BAMLEMCBPIOAS OAS 2024-09-04 [archive import: scored retroactively, not a live reading]",2024-09-04,scoring
2024-09-05,1.98,2.228,0,up,"FRED BAMLEMCBPIOAS OAS 2024-09-05 [archive import: scored retroactively, not a live reading]",2024-09-05,scoring
2024-09-06,2.01,2.932,0,up,"FRED BAMLEMCBPIOAS OAS 2024-09-06 [archive import: scored retroactively, not a live reading]",2024-09-06,scoring
2024-09-09,2.02,3.166,1,up,"FRED BAMLEMCBPIOAS OAS 2024-09-09 [archive import: scored retroactively, not a live reading]",2024-09-09,scoring
2024-09-10,2.06,4.104,1,up,"FRED BAMLEMCBPIOAS OAS 2024-09-10 [archive import: scored retroactively, not a live reading]",2024-09-10,scoring
2024-09-11,2.05,3.870,1,up,"FRED BAMLEMCBPIOAS OAS 2024-09-11 [archive import: scored retroactively, not a live reading]",2024-09-11,scoring
2024-09-12,2.03,3.283,1,up,"FRED BAMLEMCBPIOAS OAS 2024-09-12 [archive import: scored retroactively, not a live reading]",2024-09-12,scoring
2024-09-13,2.02,2.033,0,up,"FRED BAMLEMCBPIOAS OAS 2024-09-13 [archive import: scored retroactively, not a live reading]",2024-09-13,scoring
2024-09-16,2.02,2.033,0,up,"FRED BAMLEMCBPIOAS OAS 2024-09-16 [archive import: scored retroactively, not a live reading]",2024-09-16,scoring
2024-09-17,1.98,1.407,0,up,"FRED BAMLEMCBPIOAS OAS 2024-09-17 [archive import: scored retroactively, not a live reading]",2024-09-17,scoring
2024-09-18,1.95,0.938,0,up,"FRED BAMLEMCBPIOAS OAS 2024-09-18 [archive import: scored retroactively, not a live reading]",2024-09-18,scoring
2024-09-19,1.93,0.625,0,up,"FRED BAMLEMCBPIOAS OAS 2024-09-19 [archive import: scored retroactively, not a live reading]",2024-09-19,scoring
2024-09-20,1.92,0.469,0,up,"FRED BAMLEMCBPIOAS OAS 2024-09-20 [archive import: scored retroactively, not a live reading]",2024-09-20,scoring
2024-09-23,1.92,0.469,0,up,"FRED BAMLEMCBPIOAS OAS 2024-09-23 [archive import: scored retroactively, not a live reading]",2024-09-23,scoring
2024-09-24,1.93,0.625,0,up,"FRED BAMLEMCBPIOAS OAS 2024-09-24 [archive import: scored retroactively, not a live reading]",2024-09-24,scoring
2024-09-25,1.89,0.000,0,flat,"FRED BAMLEMCBPIOAS OAS 2024-09-25 [archive import: scored retroactively, not a live reading]",2024-09-25,scoring
2024-09-26,1.86,-0.469,0,down,"FRED BAMLEMCBPIOAS OAS 2024-09-26 [archive import: scored retroactively, not a live reading]",2024-09-26,scoring
2024-09-27,1.88,-0.156,0,down,"FRED BAMLEMCBPIOAS OAS 2024-09-27 [archive import: scored retroactively, not a live reading]",2024-09-27,scoring
2024-09-30,1.84,-1.173,0,down,"FRED BAMLEMCBPIOAS OAS 2024-09-30 [archive import: scored retroactively, not a live reading]",2024-09-30,scoring
2024-10-01,1.86,-0.704,0,down,"FRED BAMLEMCBPIOAS OAS 2024-10-01 [archive import: scored retroactively, not a live reading]",2024-10-01,scoring
2024-10-02,1.84,-1.173,0,down,"FRED BAMLEMCBPIOAS OAS 2024-10-02 [archive import: scored retroactively, not a live reading]",2024-10-02,scoring
2024-10-03,1.8,-2.111,0,down,"FRED BAMLEMCBPIOAS OAS 2024-10-03 [archive import: scored retroactively, not a live reading]",2024-10-03,scoring
2024-10-04,1.7,-4.456,1,down,"FRED BAMLEMCBPIOAS OAS 2024-10-04 [archive import: scored retroactively, not a live reading]",2024-10-04,scoring
2024-10-07,1.72,-3.987,1,down,"FRED BAMLEMCBPIOAS OAS 2024-10-07 [archive import: scored retroactively, not a live reading]",2024-10-07,scoring
2024-10-08,1.75,-2.189,0,down,"FRED BAMLEMCBPIOAS OAS 2024-10-08 [archive import: scored retroactively, not a live reading]",2024-10-08,scoring
2024-10-09,1.72,-2.658,0,down,"FRED BAMLEMCBPIOAS OAS 2024-10-09 [archive import: scored retroactively, not a live reading]",2024-10-09,scoring
2024-10-10,1.75,-2.189,0,down,"FRED BAMLEMCBPIOAS OAS 2024-10-10 [archive import: scored retroactively, not a live reading]",2024-10-10,scoring
2024-10-11,1.75,-2.189,0,down,"FRED BAMLEMCBPIOAS OAS 2024-10-11 [archive import: scored retroactively, not a live reading]",2024-10-11,scoring
2024-10-14,1.74,-2.345,0,down,"FRED BAMLEMCBPIOAS OAS 2024-10-14 [archive import: scored retroactively, not a live reading]",2024-10-14,scoring
2024-10-15,1.75,-2.189,0,down,"FRED BAMLEMCBPIOAS OAS 2024-10-15 [archive import: scored retroactively, not a live reading]",2024-10-15,scoring
2024-10-16,1.75,-2.189,0,down,"FRED BAMLEMCBPIOAS OAS 2024-10-16 [archive import: scored retroactively, not a live reading]",2024-10-16,scoring
2024-10-17,1.72,-2.658,0,down,"FRED BAMLEMCBPIOAS OAS 2024-10-17 [archive import: scored retroactively, not a live reading]",2024-10-17,scoring
2024-10-18,1.73,-2.502,0,down,"FRED BAMLEMCBPIOAS OAS 2024-10-18 [archive import: scored retroactively, not a live reading]",2024-10-18,scoring
2024-10-21,1.69,-3.127,1,down,"FRED BAMLEMCBPIOAS OAS 2024-10-21 [archive import: scored retroactively, not a live reading]",2024-10-21,scoring
2024-10-22,1.72,-2.658,0,down,"FRED BAMLEMCBPIOAS OAS 2024-10-22 [archive import: scored retroactively, not a live reading]",2024-10-22,scoring
2024-10-23,1.72,-2.658,0,down,"FRED BAMLEMCBPIOAS OAS 2024-10-23 [archive import: scored retroactively, not a live reading]",2024-10-23,scoring
2024-10-24,1.73,-2.502,0,down,"FRED BAMLEMCBPIOAS OAS 2024-10-24 [archive import: scored retroactively, not a live reading]",2024-10-24,scoring
2024-10-25,1.7,-2.228,0,down,"FRED BAMLEMCBPIOAS OAS 2024-10-25 [archive import: scored retroactively, not a live reading]",2024-10-25,scoring
2024-10-28,1.7,-2.169,0,down,"FRED BAMLEMCBPIOAS OAS 2024-10-28 [archive import: scored retroactively, not a live reading]",2024-10-28,scoring
2024-10-29,1.7,-2.169,0,down,"FRED BAMLEMCBPIOAS OAS 2024-10-29 [archive import: scored retroactively, not a live reading]",2024-10-29,scoring
2024-10-30,1.65,-2.756,0,down,"FRED BAMLEMCBPIOAS OAS 2024-10-30 [archive import: scored retroactively, not a live reading]",2024-10-30,scoring
2024-10-31,1.7,-2.169,0,down,"FRED BAMLEMCBPIOAS OAS 2024-10-31 [archive import: scored retroactively, not a live reading]",2024-10-31,scoring
2024-11-01,1.67,-2.521,0,down,"FRED BAMLEMCBPIOAS OAS 2024-11-01 [archive import: scored retroactively, not a live reading]",2024-11-01,scoring
2024-11-04,1.71,-2.052,0,down,"FRED BAMLEMCBPIOAS OAS 2024-11-04 [archive import: scored retroactively, not a live reading]",2024-11-04,scoring
2024-11-05,1.71,-2.052,0,down,"FRED BAMLEMCBPIOAS OAS 2024-11-05 [archive import: scored retroactively, not a live reading]",2024-11-05,scoring
2024-11-06,1.67,-2.017,0,down,"FRED BAMLEMCBPIOAS OAS 2024-11-06 [archive import: scored retroactively, not a live reading]",2024-11-06,scoring
2024-11-07,1.67,-2.017,0,down,"FRED BAMLEMCBPIOAS OAS 2024-11-07 [archive import: scored retroactively, not a live reading]",2024-11-07,scoring
2024-11-08,1.64,-2.252,0,down,"FRED BAMLEMCBPIOAS OAS 2024-11-08 [archive import: scored retroactively, not a live reading]",2024-11-08,scoring
2024-11-11,1.64,-2.252,0,down,"FRED BAMLEMCBPIOAS OAS 2024-11-11 [archive import: scored retroactively, not a live reading]",2024-11-11,scoring
2024-11-12,1.6,-2.627,0,down,"FRED BAMLEMCBPIOAS OAS 2024-11-12 [archive import: scored retroactively, not a live reading]",2024-11-12,scoring
2024-11-13,1.62,-2.439,0,down,"FRED BAMLEMCBPIOAS OAS 2024-11-13 [archive import: scored retroactively, not a live reading]",2024-11-13,scoring
2024-11-14,1.6,-2.189,0,down,"FRED BAMLEMCBPIOAS OAS 2024-11-14 [archive import: scored retroactively, not a live reading]",2024-11-14,scoring
2024-11-15,1.64,-1.876,0,down,"FRED BAMLEMCBPIOAS OAS 2024-11-15 [archive import: scored retroactively, not a live reading]",2024-11-15,scoring
2024-11-18,1.67,-1.642,0,down,"FRED BAMLEMCBPIOAS OAS 2024-11-18 [archive import: scored retroactively, not a live reading]",2024-11-18,scoring
2024-11-19,1.66,-1.720,0,down,"FRED BAMLEMCBPIOAS OAS 2024-11-19 [archive import: scored retroactively, not a live reading]",2024-11-19,scoring
2024-11-20,1.65,-1.798,0,down,"FRED BAMLEMCBPIOAS OAS 2024-11-20 [archive import: scored retroactively, not a live reading]",2024-11-20,scoring
2024-11-21,1.64,-1.837,0,down,"FRED BAMLEMCBPIOAS OAS 2024-11-21 [archive import: scored retroactively, not a live reading]",2024-11-21,scoring
2024-11-22,1.65,-1.759,0,down,"FRED BAMLEMCBPIOAS OAS 2024-11-22 [archive import: scored retroactively, not a live reading]",2024-11-22,scoring
2024-11-25,1.71,-1.290,0,down,"FRED BAMLEMCBPIOAS OAS 2024-11-25 [archive import: scored retroactively, not a live reading]",2024-11-25,scoring
2024-11-26,1.7,-1.368,0,down,"FRED BAMLEMCBPIOAS OAS 2024-11-26 [archive import: scored retroactively, not a live reading]",2024-11-26,scoring
2024-11-27,1.71,-1.290,0,down,"FRED BAMLEMCBPIOAS OAS 2024-11-27 [archive import: scored retroactively, not a live reading]",2024-11-27,scoring
2024-11-28,1.71,-1.290,0,down,"FRED BAMLEMCBPIOAS OAS 2024-11-28 [archive import: scored retroactively, not a live reading]",2024-11-28,scoring
2024-11-29,1.73,-1.055,0,down,"FRED BAMLEMCBPIOAS OAS 2024-11-29 [archive import: scored retroactively, not a live reading]",2024-11-29,scoring
2024-11-30,1.75,-0.860,0,down,"FRED BAMLEMCBPIOAS OAS 2024-11-30 [archive import: scored retroactively, not a live reading]",2024-11-30,scoring
2024-12-02,1.74,-0.860,0,down,"FRED BAMLEMCBPIOAS OAS 2024-12-02 [archive import: scored retroactively, not a live reading]",2024-12-02,scoring
2024-12-03,1.71,-1.016,0,down,"FRED BAMLEMCBPIOAS OAS 2024-12-03 [archive import: scored retroactively, not a live reading]",2024-12-03,scoring
2024-12-04,1.74,-0.625,0,down,"FRED BAMLEMCBPIOAS OAS 2024-12-04 [archive import: scored retroactively, not a live reading]",2024-12-04,scoring
2024-12-05,1.73,-0.352,0,down,"FRED BAMLEMCBPIOAS OAS 2024-12-05 [archive import: scored retroactively, not a live reading]",2024-12-05,scoring
2024-12-06,1.74,-0.094,0,down,"FRED BAMLEMCBPIOAS OAS 2024-12-06 [archive import: scored retroactively, not a live reading]",2024-12-06,scoring
2024-12-09,1.71,-0.375,0,down,"FRED BAMLEMCBPIOAS OAS 2024-12-09 [archive import: scored retroactively, not a live reading]",2024-12-09,scoring
2024-12-10,1.7,-0.469,0,down,"FRED BAMLEMCBPIOAS OAS 2024-12-10 [archive import: scored retroactively, not a live reading]",2024-12-10,scoring
2024-12-11,1.69,-0.563,0,down,"FRED BAMLEMCBPIOAS OAS 2024-12-11 [archive import: scored retroactively, not a live reading]",2024-12-11,scoring
2024-12-12,1.66,-0.844,0,down,"FRED BAMLEMCBPIOAS OAS 2024-12-12 [archive import: scored retroactively, not a live reading]",2024-12-12,scoring
2024-12-13,1.64,-0.985,0,down,"FRED BAMLEMCBPIOAS OAS 2024-12-13 [archive import: scored retroactively, not a live reading]",2024-12-13,scoring
2024-12-16,1.66,-0.751,0,down,"FRED BAMLEMCBPIOAS OAS 2024-12-16 [archive import: scored retroactively, not a live reading]",2024-12-16,scoring
2024-12-17,1.68,-0.563,0,down,"FRED BAMLEMCBPIOAS OAS 2024-12-17 [archive import: scored retroactively, not a live reading]",2024-12-17,scoring
2024-12-18,1.63,-1.290,0,down,"FRED BAMLEMCBPIOAS OAS 2024-12-18 [archive import: scored retroactively, not a live reading]",2024-12-18,scoring
2024-12-19,1.69,-0.528,0,down,"FRED BAMLEMCBPIOAS OAS 2024-12-19 [archive import: scored retroactively, not a live reading]",2024-12-19,scoring
2024-12-20,1.7,-0.352,0,down,"FRED BAMLEMCBPIOAS OAS 2024-12-20 [archive import: scored retroactively, not a live reading]",2024-12-20,scoring
2024-12-23,1.69,-0.469,0,down,"FRED BAMLEMCBPIOAS OAS 2024-12-23 [archive import: scored retroactively, not a live reading]",2024-12-23,scoring
2024-12-24,1.7,-0.352,0,down,"FRED BAMLEMCBPIOAS OAS 2024-12-24 [archive import: scored retroactively, not a live reading]",2024-12-24,scoring
2024-12-26,1.71,-0.176,0,down,"FRED BAMLEMCBPIOAS OAS 2024-12-26 [archive import: scored retroactively, not a live reading]",2024-12-26,scoring
2024-12-27,1.7,-0.235,0,down,"FRED BAMLEMCBPIOAS OAS 2024-12-27 [archive import: scored retroactively, not a live reading]",2024-12-27,scoring
2024-12-30,1.75,0.352,0,up,"FRED BAMLEMCBPIOAS OAS 2024-12-30 [archive import: scored retroactively, not a live reading]",2024-12-30,scoring
2024-12-31,1.74,0.235,0,up,"FRED BAMLEMCBPIOAS OAS 2024-12-31 [archive import: scored retroactively, not a live reading]",2024-12-31,scoring
2025-01-02,1.73,0.117,0,up,"FRED BAMLEMCBPIOAS OAS 2025-01-02 [archive import: scored retroactively, not a live reading]",2025-01-02,scoring
2025-01-03,1.71,-0.117,0,down,"FRED BAMLEMCBPIOAS OAS 2025-01-03 [archive import: scored retroactively, not a live reading]",2025-01-03,scoring
2025-01-06,1.7,-0.235,0,down,"FRED BAMLEMCBPIOAS OAS 2025-01-06 [archive import: scored retroactively, not a live reading]",2025-01-06,scoring
2025-01-07,1.68,-0.625,0,down,"FRED BAMLEMCBPIOAS OAS 2025-01-07 [archive import: scored retroactively, not a live reading]",2025-01-07,scoring
2025-01-08,1.7,-0.235,0,down,"FRED BAMLEMCBPIOAS OAS 2025-01-08 [archive import: scored retroactively, not a live reading]",2025-01-08,scoring
2025-01-09,1.7,-0.156,0,down,"FRED BAMLEMCBPIOAS OAS 2025-01-09 [archive import: scored retroactively, not a live reading]",2025-01-09,scoring
2025-01-10,1.66,-0.782,0,down,"FRED BAMLEMCBPIOAS OAS 2025-01-10 [archive import: scored retroactively, not a live reading]",2025-01-10,scoring
2025-01-13,1.67,-0.625,0,down,"FRED BAMLEMCBPIOAS OAS 2025-01-13 [archive import: scored retroactively, not a live reading]",2025-01-13,scoring
2025-01-14,1.68,-0.469,0,down,"FRED BAMLEMCBPIOAS OAS 2025-01-14 [archive import: scored retroactively, not a live reading]",2025-01-14,scoring
2025-01-15,1.71,0.000,0,flat,"FRED BAMLEMCBPIOAS OAS 2025-01-15 [archive import: scored retroactively, not a live reading]",2025-01-15,scoring
2025-01-16,1.71,0.000,0,flat,"FRED BAMLEMCBPIOAS OAS 2025-01-16 [archive import: scored retroactively, not a live reading]",2025-01-16,scoring
2025-01-17,1.69,-0.313,0,down,"FRED BAMLEMCBPIOAS OAS 2025-01-17 [archive import: scored retroactively, not a live reading]",2025-01-17,scoring
2025-01-20,1.69,-0.313,0,down,"FRED BAMLEMCBPIOAS OAS 2025-01-20 [archive import: scored retroactively, not a live reading]",2025-01-20,scoring
2025-01-21,1.7,-0.235,0,down,"FRED BAMLEMCBPIOAS OAS 2025-01-21 [archive import: scored retroactively, not a live reading]",2025-01-21,scoring
2025-01-22,1.67,-0.938,0,down,"FRED BAMLEMCBPIOAS OAS 2025-01-22 [archive import: scored retroactively, not a live reading]",2025-01-22,scoring
2025-01-23,1.66,-1.055,0,down,"FRED BAMLEMCBPIOAS OAS 2025-01-23 [archive import: scored retroactively, not a live reading]",2025-01-23,scoring
2025-01-24,1.65,-1.173,0,down,"FRED BAMLEMCBPIOAS OAS 2025-01-24 [archive import: scored retroactively, not a live reading]",2025-01-24,scoring
2025-01-27,1.69,-0.235,0,down,"FRED BAMLEMCBPIOAS OAS 2025-01-27 [archive import: scored retroactively, not a live reading]",2025-01-27,scoring
2025-01-28,1.69,-0.235,0,down,"FRED BAMLEMCBPIOAS OAS 2025-01-28 [archive import: scored retroactively, not a live reading]",2025-01-28,scoring
2025-01-29,1.67,-0.704,0,down,"FRED BAMLEMCBPIOAS OAS 2025-01-29 [archive import: scored retroactively, not a live reading]",2025-01-29,scoring
2025-01-30,1.68,-0.469,0,down,"FRED BAMLEMCBPIOAS OAS 2025-01-30 [archive import: scored retroactively, not a live reading]",2025-01-30,scoring
2025-01-31,1.69,-0.235,0,down,"FRED BAMLEMCBPIOAS OAS 2025-01-31 [archive import: scored retroactively, not a live reading]",2025-01-31,scoring
2025-02-03,1.7,0.000,0,flat,"FRED BAMLEMCBPIOAS OAS 2025-02-03 [archive import: scored retroactively, not a live reading]",2025-02-03,scoring
2025-02-04,1.71,0.235,0,up,"FRED BAMLEMCBPIOAS OAS 2025-02-04 [archive import: scored retroactively, not a live reading]",2025-02-04,scoring
2025-02-05,1.71,0.235,0,up,"FRED BAMLEMCBPIOAS OAS 2025-02-05 [archive import: scored retroactively, not a live reading]",2025-02-05,scoring
2025-02-06,1.69,-0.235,0,down,"FRED BAMLEMCBPIOAS OAS 2025-02-06 [archive import: scored retroactively, not a live reading]",2025-02-06,scoring
2025-02-07,1.65,-1.173,0,down,"FRED BAMLEMCBPIOAS OAS 2025-02-07 [archive import: scored retroactively, not a live reading]",2025-02-07,scoring
2025-02-10,1.66,-0.938,0,down,"FRED BAMLEMCBPIOAS OAS 2025-02-10 [archive import: scored retroactively, not a live reading]",2025-02-10,scoring
2025-02-11,1.64,-1.407,0,down,"FRED BAMLEMCBPIOAS OAS 2025-02-11 [archive import: scored retroactively, not a live reading]",2025-02-11,scoring
2025-02-12,1.59,-2.580,0,down,"FRED BAMLEMCBPIOAS OAS 2025-02-12 [archive import: scored retroactively, not a live reading]",2025-02-12,scoring
2025-02-13,1.61,-2.111,0,down,"FRED BAMLEMCBPIOAS OAS 2025-02-13 [archive import: scored retroactively, not a live reading]",2025-02-13,scoring
2025-02-14,1.61,-2.111,0,down,"FRED BAMLEMCBPIOAS OAS 2025-02-14 [archive import: scored retroactively, not a live reading]",2025-02-14,scoring
2025-02-17,1.6,-2.228,0,down,"FRED BAMLEMCBPIOAS OAS 2025-02-17 [archive import: scored retroactively, not a live reading]",2025-02-17,scoring
2025-02-18,1.56,-3.049,1,down,"FRED BAMLEMCBPIOAS OAS 2025-02-18 [archive import: scored retroactively, not a live reading]",2025-02-18,scoring
2025-02-19,1.59,-2.345,0,down,"FRED BAMLEMCBPIOAS OAS 2025-02-19 [archive import: scored retroactively, not a live reading]",2025-02-19,scoring
2025-02-20,1.59,-2.345,0,down,"FRED BAMLEMCBPIOAS OAS 2025-02-20 [archive import: scored retroactively, not a live reading]",2025-02-20,scoring
2025-02-21,1.63,-1.407,0,down,"FRED BAMLEMCBPIOAS OAS 2025-02-21 [archive import: scored retroactively, not a live reading]",2025-02-21,scoring
2025-02-24,1.64,-1.173,0,down,"FRED BAMLEMCBPIOAS OAS 2025-02-24 [archive import: scored retroactively, not a live reading]",2025-02-24,scoring
2025-02-25,1.67,-0.469,0,down,"FRED BAMLEMCBPIOAS OAS 2025-02-25 [archive import: scored retroactively, not a live reading]",2025-02-25,scoring
2025-02-26,1.68,-0.235,0,down,"FRED BAMLEMCBPIOAS OAS 2025-02-26 [archive import: scored retroactively, not a live reading]",2025-02-26,scoring
2025-02-27,1.67,-0.469,0,down,"FRED BAMLEMCBPIOAS OAS 2025-02-27 [archive import: scored retroactively, not a live reading]",2025-02-27,scoring
2025-02-28,1.71,0.469,0,up,"FRED BAMLEMCBPIOAS OAS 2025-02-28 [archive import: scored retroactively, not a live reading]",2025-02-28,scoring
2025-03-03,1.72,0.704,0,up,"FRED BAMLEMCBPIOAS OAS 2025-03-03 [archive import: scored retroactively, not a live reading]",2025-03-03,scoring
2025-03-04,1.71,0.469,0,up,"FRED BAMLEMCBPIOAS OAS 2025-03-04 [archive import: scored retroactively, not a live reading]",2025-03-04,scoring
2025-03-05,1.66,-0.704,0,down,"FRED BAMLEMCBPIOAS OAS 2025-03-05 [archive import: scored retroactively, not a live reading]",2025-03-05,scoring
2025-03-06,1.7,0.352,0,up,"FRED BAMLEMCBPIOAS OAS 2025-03-06 [archive import: scored retroactively, not a live reading]",2025-03-06,scoring
2025-03-07,1.67,-0.469,0,down,"FRED BAMLEMCBPIOAS OAS 2025-03-07 [archive import: scored retroactively, not a live reading]",2025-03-07,scoring
2025-03-10,1.74,1.290,0,up,"FRED BAMLEMCBPIOAS OAS 2025-03-10 [archive import: scored retroactively, not a live reading]",2025-03-10,scoring
2025-03-11,1.72,0.704,0,up,"FRED BAMLEMCBPIOAS OAS 2025-03-11 [archive import: scored retroactively, not a live reading]",2025-03-11,scoring
2025-03-12,1.72,0.704,0,up,"FRED BAMLEMCBPIOAS OAS 2025-03-12 [archive import: scored retroactively, not a live reading]",2025-03-12,scoring
2025-03-13,1.75,1.407,0,up,"FRED BAMLEMCBPIOAS OAS 2025-03-13 [archive import: scored retroactively, not a live reading]",2025-03-13,scoring
2025-03-14,1.72,0.704,0,up,"FRED BAMLEMCBPIOAS OAS 2025-03-14 [archive import: scored retroactively, not a live reading]",2025-03-14,scoring
2025-03-17,1.71,0.469,0,up,"FRED BAMLEMCBPIOAS OAS 2025-03-17 [archive import: scored retroactively, not a live reading]",2025-03-17,scoring
2025-03-18,1.72,0.704,0,up,"FRED BAMLEMCBPIOAS OAS 2025-03-18 [archive import: scored retroactively, not a live reading]",2025-03-18,scoring
2025-03-19,1.73,0.938,0,up,"FRED BAMLEMCBPIOAS OAS 2025-03-19 [archive import: scored retroactively, not a live reading]",2025-03-19,scoring
2025-03-20,1.72,0.704,0,up,"FRED BAMLEMCBPIOAS OAS 2025-03-20 [archive import: scored retroactively, not a live reading]",2025-03-20,scoring
2025-03-21,1.74,1.173,0,up,"FRED BAMLEMCBPIOAS OAS 2025-03-21 [archive import: scored retroactively, not a live reading]",2025-03-21,scoring
2025-03-24,1.69,0.000,0,flat,"FRED BAMLEMCBPIOAS OAS 2025-03-24 [archive import: scored retroactively, not a live reading]",2025-03-24,scoring
2025-03-25,1.7,0.235,0,up,"FRED BAMLEMCBPIOAS OAS 2025-03-25 [archive import: scored retroactively, not a live reading]",2025-03-25,scoring
2025-03-26,1.69,-0.117,0,down,"FRED BAMLEMCBPIOAS OAS 2025-03-26 [archive import: scored retroactively, not a live reading]",2025-03-26,scoring
2025-03-27,1.72,0.586,0,up,"FRED BAMLEMCBPIOAS OAS 2025-03-27 [archive import: scored retroactively, not a live reading]",2025-03-27,scoring
2025-03-28,1.78,1.876,0,up,"FRED BAMLEMCBPIOAS OAS 2025-03-28 [archive import: scored retroactively, not a live reading]",2025-03-28,scoring
2025-03-31,1.82,2.814,0,up,"FRED BAMLEMCBPIOAS OAS 2025-03-31 [archive import: scored retroactively, not a live reading]",2025-03-31,scoring
2025-04-01,1.84,3.283,1,up,"FRED BAMLEMCBPIOAS OAS 2025-04-01 [archive import: scored retroactively, not a live reading]",2025-04-01,scoring
2025-04-02,1.82,2.814,0,up,"FRED BAMLEMCBPIOAS OAS 2025-04-02 [archive import: scored retroactively, not a live reading]",2025-04-02,scoring
2025-04-03,1.97,6.332,1,up,"FRED BAMLEMCBPIOAS OAS 2025-04-03 [archive import: scored retroactively, not a live reading]",2025-04-03,scoring
2025-04-04,2.06,8.443,1,up,"FRED BAMLEMCBPIOAS OAS 2025-04-04 [archive import: scored retroactively, not a live reading]",2025-04-04,scoring
2025-04-07,2.18,11.258,1,up,"FRED BAMLEMCBPIOAS OAS 2025-04-07 [archive import: scored retroactively, not a live reading]",2025-04-07,scoring
2025-04-08,2.18,11.258,1,up,"FRED BAMLEMCBPIOAS OAS 2025-04-08 [archive import: scored retroactively, not a live reading]",2025-04-08,scoring
2025-04-09,2.27,13.368,1,up,"FRED BAMLEMCBPIOAS OAS 2025-04-09 [archive import: scored retroactively, not a live reading]",2025-04-09,scoring
2025-04-10,2.18,11.258,1,up,"FRED BAMLEMCBPIOAS OAS 2025-04-10 [archive import: scored retroactively, not a live reading]",2025-04-10,scoring
2025-04-11,2.18,11.258,1,up,"FRED BAMLEMCBPIOAS OAS 2025-04-11 [archive import: scored retroactively, not a live reading]",2025-04-11,scoring
2025-04-14,2.19,11.492,1,up,"FRED BAMLEMCBPIOAS OAS 2025-04-14 [archive import: scored retroactively, not a live reading]",2025-04-14,scoring
2025-04-15,2.15,10.554,1,up,"FRED BAMLEMCBPIOAS OAS 2025-04-15 [archive import: scored retroactively, not a live reading]",2025-04-15,scoring
2025-04-16,2.19,11.492,1,up,"FRED BAMLEMCBPIOAS OAS 2025-04-16 [archive import: scored retroactively, not a live reading]",2025-04-16,scoring
2025-04-17,2.14,10.319,1,up,"FRED BAMLEMCBPIOAS OAS 2025-04-17 [archive import: scored retroactively, not a live reading]",2025-04-17,scoring
2025-04-21,2.13,10.085,1,up,"FRED BAMLEMCBPIOAS OAS 2025-04-21 [archive import: scored retroactively, not a live reading]",2025-04-21,scoring
2025-04-22,2.11,6.411,1,up,"FRED BAMLEMCBPIOAS OAS 2025-04-22 [archive import: scored retroactively, not a live reading]",2025-04-22,scoring
2025-04-23,2.03,5.160,1,up,"FRED BAMLEMCBPIOAS OAS 2025-04-23 [archive import: scored retroactively, not a live reading]",2025-04-23,scoring
2025-04-24,2.06,5.629,1,up,"FRED BAMLEMCBPIOAS OAS 2025-04-24 [archive import: scored retroactively, not a live reading]",2025-04-24,scoring
2025-04-25,2.04,5.316,1,up,"FRED BAMLEMCBPIOAS OAS 2025-04-25 [archive import: scored retroactively, not a live reading]",2025-04-25,scoring
2025-04-28,2.06,5.629,1,up,"FRED BAMLEMCBPIOAS OAS 2025-04-28 [archive import: scored retroactively, not a live reading]",2025-04-28,scoring
2025-04-29,2.06,5.629,1,up,"FRED BAMLEMCBPIOAS OAS 2025-04-29 [archive import: scored retroactively, not a live reading]",2025-04-29,scoring
2025-04-30,2.12,6.489,1,up,"FRED BAMLEMCBPIOAS OAS 2025-04-30 [archive import: scored retroactively, not a live reading]",2025-04-30,scoring
2025-05-01,2.07,5.629,1,up,"FRED BAMLEMCBPIOAS OAS 2025-05-01 [archive import: scored retroactively, not a live reading]",2025-05-01,scoring
2025-05-02,2.02,4.847,1,up,"FRED BAMLEMCBPIOAS OAS 2025-05-02 [archive import: scored retroactively, not a live reading]",2025-05-02,scoring
2025-05-05,2.03,5.003,1,up,"FRED BAMLEMCBPIOAS OAS 2025-05-05 [archive import: scored retroactively, not a live reading]",2025-05-05,scoring
2025-05-06,2.06,5.472,1,up,"FRED BAMLEMCBPIOAS OAS 2025-05-06 [archive import: scored retroactively, not a live reading]",2025-05-06,scoring
2025-05-07,2.05,3.987,1,up,"FRED BAMLEMCBPIOAS OAS 2025-05-07 [archive import: scored retroactively, not a live reading]",2025-05-07,scoring
2025-05-08,1.96,2.932,0,up,"FRED BAMLEMCBPIOAS OAS 2025-05-08 [archive import: scored retroactively, not a live reading]",2025-05-08,scoring
2025-05-09,1.97,3.049,1,up,"FRED BAMLEMCBPIOAS OAS 2025-05-09 [archive import: scored retroactively, not a live reading]",2025-05-09,scoring
2025-05-12,1.85,1.642,0,up,"FRED BAMLEMCBPIOAS OAS 2025-05-12 [archive import: scored retroactively, not a live reading]",2025-05-12,scoring
2025-05-13,1.82,1.290,0,up,"FRED BAMLEMCBPIOAS OAS 2025-05-13 [archive import: scored retroactively, not a live reading]",2025-05-13,scoring
2025-05-14,1.79,0.938,0,up,"FRED BAMLEMCBPIOAS OAS 2025-05-14 [archive import: scored retroactively, not a live reading]",2025-05-14,scoring
2025-05-15,1.84,1.524,0,up,"FRED BAMLEMCBPIOAS OAS 2025-05-15 [archive import: scored retroactively, not a live reading]",2025-05-15,scoring
2025-05-16,1.81,0.891,0,up,"FRED BAMLEMCBPIOAS OAS 2025-05-16 [archive import: scored retroactively, not a live reading]",2025-05-16,scoring
2025-05-19,1.82,0.938,0,up,"FRED BAMLEMCBPIOAS OAS 2025-05-19 [archive import: scored retroactively, not a live reading]",2025-05-19,scoring
2025-05-20,1.8,0.751,0,up,"FRED BAMLEMCBPIOAS OAS 2025-05-20 [archive import: scored retroactively, not a live reading]",2025-05-20,scoring
2025-05-21,1.78,0.563,0,up,"FRED BAMLEMCBPIOAS OAS 2025-05-21 [archive import: scored retroactively, not a live reading]",2025-05-21,scoring
2025-05-22,1.82,0.938,0,up,"FRED BAMLEMCBPIOAS OAS 2025-05-22 [archive import: scored retroactively, not a live reading]",2025-05-22,scoring
2025-05-23,1.83,0.860,0,up,"FRED BAMLEMCBPIOAS OAS 2025-05-23 [archive import: scored retroactively, not a live reading]",2025-05-23,scoring
2025-05-26,1.83,0.860,0,up,"FRED BAMLEMCBPIOAS OAS 2025-05-26 [archive import: scored retroactively, not a live reading]",2025-05-26,scoring
2025-05-27,1.82,0.743,0,up,"FRED BAMLEMCBPIOAS OAS 2025-05-27 [archive import: scored retroactively, not a live reading]",2025-05-27,scoring
2025-05-28,1.8,0.508,0,up,"FRED BAMLEMCBPIOAS OAS 2025-05-28 [archive import: scored retroactively, not a live reading]",2025-05-28,scoring
2025-05-29,1.82,0.625,0,up,"FRED BAMLEMCBPIOAS OAS 2025-05-29 [archive import: scored retroactively, not a live reading]",2025-05-29,scoring
2025-05-30,1.85,0.704,0,up,"FRED BAMLEMCBPIOAS OAS 2025-05-30 [archive import: scored retroactively, not a live reading]",2025-05-30,scoring
2025-05-31,1.84,0.503,0,up,"FRED BAMLEMCBPIOAS OAS 2025-05-31 [archive import: scored retroactively, not a live reading]",2025-05-31,scoring
2025-06-02,1.81,0.201,0,up,"FRED BAMLEMCBPIOAS OAS 2025-06-02 [archive import: scored retroactively, not a live reading]",2025-06-02,scoring
2025-06-03,1.78,-0.034,0,down,"FRED BAMLEMCBPIOAS OAS 2025-06-03 [archive import: scored retroactively, not a live reading]",2025-06-03,scoring
2025-06-04,1.82,0.235,0,up,"FRED BAMLEMCBPIOAS OAS 2025-06-04 [archive import: scored retroactively, not a live reading]",2025-06-04,scoring
2025-06-05,1.77,-0.168,0,down,"FRED BAMLEMCBPIOAS OAS 2025-06-05 [archive import: scored retroactively, not a live reading]",2025-06-05,scoring
2025-06-06,1.71,-0.570,0,down,"FRED BAMLEMCBPIOAS OAS 2025-06-06 [archive import: scored retroactively, not a live reading]",2025-06-06,scoring
2025-06-09,1.72,-0.503,0,down,"FRED BAMLEMCBPIOAS OAS 2025-06-09 [archive import: scored retroactively, not a live reading]",2025-06-09,scoring
2025-06-10,1.72,-0.503,0,down,"FRED BAMLEMCBPIOAS OAS 2025-06-10 [archive import: scored retroactively, not a live reading]",2025-06-10,scoring
2025-06-11,1.73,-0.436,0,down,"FRED BAMLEMCBPIOAS OAS 2025-06-11 [archive import: scored retroactively, not a live reading]",2025-06-11,scoring
2025-06-12,1.76,-0.235,0,down,"FRED BAMLEMCBPIOAS OAS 2025-06-12 [archive import: scored retroactively, not a live reading]",2025-06-12,scoring
2025-06-13,1.74,-0.369,0,down,"FRED BAMLEMCBPIOAS OAS 2025-06-13 [archive import: scored retroactively, not a live reading]",2025-06-13,scoring
2025-06-16,1.73,-0.436,0,down,"FRED BAMLEMCBPIOAS OAS 2025-06-16 [archive import: scored retroactively, not a live reading]",2025-06-16,scoring
2025-06-17,1.76,-0.235,0,down,"FRED BAMLEMCBPIOAS OAS 2025-06-17 [archive import: scored retroactively, not a live reading]",2025-06-17,scoring
2025-06-18,1.75,-0.302,0,down,"FRED BAMLEMCBPIOAS OAS 2025-06-18 [archive import: scored retroactively, not a live reading]",2025-06-18,scoring
2025-06-19,1.75,-0.302,0,down,"FRED BAMLEMCBPIOAS OAS 2025-06-19 [archive import: scored retroactively, not a live reading]",2025-06-19,scoring
2025-06-20,1.76,-0.274,0,down,"FRED BAMLEMCBPIOAS OAS 2025-06-20 [archive import: scored retroactively, not a live reading]",2025-06-20,scoring
2025-06-23,1.78,-0.117,0,down,"FRED BAMLEMCBPIOAS OAS 2025-06-23 [archive import: scored retroactively, not a live reading]",2025-06-23,scoring
2025-06-24,1.77,-0.195,0,down,"FRED BAMLEMCBPIOAS OAS 2025-06-24 [archive import: scored retroactively, not a live reading]",2025-06-24,scoring
2025-06-25,1.76,-0.274,0,down,"FRED BAMLEMCBPIOAS OAS 2025-06-25 [archive import: scored retroactively, not a live reading]",2025-06-25,scoring
2025-06-26,1.77,-0.235,0,down,"FRED BAMLEMCBPIOAS OAS 2025-06-26 [archive import: scored retroactively, not a live reading]",2025-06-26,scoring
2025-06-27,1.74,-0.516,0,down,"FRED BAMLEMCBPIOAS OAS 2025-06-27 [archive import: scored retroactively, not a live reading]",2025-06-27,scoring
2025-06-30,1.76,-0.328,0,down,"FRED BAMLEMCBPIOAS OAS 2025-06-30 [archive import: scored retroactively, not a live reading]",2025-06-30,scoring
2025-07-01,1.71,-0.797,0,down,"FRED BAMLEMCBPIOAS OAS 2025-07-01 [archive import: scored retroactively, not a live reading]",2025-07-01,scoring
2025-07-02,1.7,-0.891,0,down,"FRED BAMLEMCBPIOAS OAS 2025-07-02 [archive import: scored retroactively, not a live reading]",2025-07-02,scoring
2025-07-03,1.64,-1.454,0,down,"FRED BAMLEMCBPIOAS OAS 2025-07-03 [archive import: scored retroactively, not a live reading]",2025-07-03,scoring
2025-07-04,1.64,-1.454,0,down,"FRED BAMLEMCBPIOAS OAS 2025-07-04 [archive import: scored retroactively, not a live reading]",2025-07-04,scoring
2025-07-07,1.64,-1.454,0,down,"FRED BAMLEMCBPIOAS OAS 2025-07-07 [archive import: scored retroactively, not a live reading]",2025-07-07,scoring
2025-07-08,1.64,-1.454,0,down,"FRED BAMLEMCBPIOAS OAS 2025-07-08 [archive import: scored retroactively, not a live reading]",2025-07-08,scoring
2025-07-09,1.66,-1.266,0,down,"FRED BAMLEMCBPIOAS OAS 2025-07-09 [archive import: scored retroactively, not a live reading]",2025-07-09,scoring
2025-07-10,1.66,-1.266,0,down,"FRED BAMLEMCBPIOAS OAS 2025-07-10 [archive import: scored retroactively, not a live reading]",2025-07-10,scoring
2025-07-11,1.63,-1.548,0,down,"FRED BAMLEMCBPIOAS OAS 2025-07-11 [archive import: scored retroactively, not a live reading]",2025-07-11,scoring
2025-07-14,1.64,-1.454,0,down,"FRED BAMLEMCBPIOAS OAS 2025-07-14 [archive import: scored retroactively, not a live reading]",2025-07-14,scoring
2025-07-15,1.6,-1.524,0,down,"FRED BAMLEMCBPIOAS OAS 2025-07-15 [archive import: scored retroactively, not a live reading]",2025-07-15,scoring
2025-07-16,1.63,-1.290,0,down,"FRED BAMLEMCBPIOAS OAS 2025-07-16 [archive import: scored retroactively, not a live reading]",2025-07-16,scoring
2025-07-17,1.62,-1.368,0,down,"FRED BAMLEMCBPIOAS OAS 2025-07-17 [archive import: scored retroactively, not a live reading]",2025-07-17,scoring
2025-07-18,1.63,-1.290,0,down,"FRED BAMLEMCBPIOAS OAS 2025-07-18 [archive import: scored retroactively, not a live reading]",2025-07-18,scoring
2025-07-21,1.63,-1.290,0,down,"FRED BAMLEMCBPIOAS OAS 2025-07-21 [archive import: scored retroactively, not a live reading]",2025-07-21,scoring
2025-07-22,1.63,-1.290,0,down,"FRED BAMLEMCBPIOAS OAS 2025-07-22 [archive import: scored retroactively, not a live reading]",2025-07-22,scoring
2025-07-23,1.58,-1.681,0,down,"FRED BAMLEMCBPIOAS OAS 2025-07-23 [archive import: scored retroactively, not a live reading]",2025-07-23,scoring
2025-07-24,1.56,-1.575,0,down,"FRED BAMLEMCBPIOAS OAS 2025-07-24 [archive import: scored retroactively, not a live reading]",2025-07-24,scoring
2025-07-25,1.57,-1.508,0,down,"FRED BAMLEMCBPIOAS OAS 2025-07-25 [archive import: scored retroactively, not a live reading]",2025-07-25,scoring
2025-07-28,1.55,-1.642,0,down,"FRED BAMLEMCBPIOAS OAS 2025-07-28 [archive import: scored retroactively, not a live reading]",2025-07-28,scoring
2025-07-29,1.57,-1.508,0,down,"FRED BAMLEMCBPIOAS OAS 2025-07-29 [archive import: scored retroactively, not a live reading]",2025-07-29,scoring
2025-07-30,1.54,-1.709,0,down,"FRED BAMLEMCBPIOAS OAS 2025-07-30 [archive import: scored retroactively, not a live reading]",2025-07-30,scoring
2025-07-31,1.55,-1.642,0,down,"FRED BAMLEMCBPIOAS OAS 2025-07-31 [archive import: scored retroactively, not a live reading]",2025-07-31,scoring
2025-08-01,1.66,-0.792,0,down,"FRED BAMLEMCBPIOAS OAS 2025-08-01 [archive import: scored retroactively, not a live reading]",2025-08-01,scoring
2025-08-04,1.65,-0.850,0,down,"FRED BAMLEMCBPIOAS OAS 2025-08-04 [archive import: scored retroactively, not a live reading]",2025-08-04,scoring
2025-08-05,1.62,-0.967,0,down,"FRED BAMLEMCBPIOAS OAS 2025-08-05 [archive import: scored retroactively, not a live reading]",2025-08-05,scoring
2025-08-06,1.63,-0.880,0,down,"FRED BAMLEMCBPIOAS OAS 2025-08-06 [archive import: scored retroactively, not a live reading]",2025-08-06,scoring
2025-08-07,1.61,-0.997,0,down,"FRED BAMLEMCBPIOAS OAS 2025-08-07 [archive import: scored retroactively, not a live reading]",2025-08-07,scoring
2025-08-08,1.57,-1.202,0,down,"FRED BAMLEMCBPIOAS OAS 2025-08-08 [archive import: scored retroactively, not a live reading]",2025-08-08,scoring
2025-08-11,1.56,-1.231,0,down,"FRED BAMLEMCBPIOAS OAS 2025-08-11 [archive import: scored retroactively, not a live reading]",2025-08-11,scoring
2025-08-12,1.55,-1.290,0,down,"FRED BAMLEMCBPIOAS OAS 2025-08-12 [archive import: scored retroactively, not a live reading]",2025-08-12,scoring
2025-08-13,1.55,-1.261,0,down,"FRED BAMLEMCBPIOAS OAS 2025-08-13 [archive import: scored retroactively, not a live reading]",2025-08-13,scoring
2025-08-14,1.51,-1.675,0,down,"FRED BAMLEMCBPIOAS OAS 2025-08-14 [archive import: scored retroactively, not a live reading]",2025-08-14,scoring
2025-08-15,1.5,-1.742,0,down,"FRED BAMLEMCBPIOAS OAS 2025-08-15 [archive import: scored retroactively, not a live reading]",2025-08-15,scoring
2025-08-18,1.49,-1.809,0,down,"FRED BAMLEMCBPIOAS OAS 2025-08-18 [archive import: scored retroactively, not a live reading]",2025-08-18,scoring
2025-08-19,1.5,-1.742,0,down,"FRED BAMLEMCBPIOAS OAS 2025-08-19 [archive import: scored retroactively, not a live reading]",2025-08-19,scoring
2025-08-20,1.52,-1.575,0,down,"FRED BAMLEMCBPIOAS OAS 2025-08-20 [archive import: scored retroactively, not a live reading]",2025-08-20,scoring
2025-08-21,1.5,-1.675,0,down,"FRED BAMLEMCBPIOAS OAS 2025-08-21 [archive import: scored retroactively, not a live reading]",2025-08-21,scoring
2025-08-22,1.53,-1.441,0,down,"FRED BAMLEMCBPIOAS OAS 2025-08-22 [archive import: scored retroactively, not a live reading]",2025-08-22,scoring
2025-08-25,1.51,-1.541,0,down,"FRED BAMLEMCBPIOAS OAS 2025-08-25 [archive import: scored retroactively, not a live reading]",2025-08-25,scoring
2025-08-26,1.55,-1.240,0,down,"FRED BAMLEMCBPIOAS OAS 2025-08-26 [archive import: scored retroactively, not a live reading]",2025-08-26,scoring
2025-08-27,1.56,-1.139,0,down,"FRED BAMLEMCBPIOAS OAS 2025-08-27 [archive import: scored retroactively, not a live reading]",2025-08-27,scoring
2025-08-28,1.55,-1.173,0,down,"FRED BAMLEMCBPIOAS OAS 2025-08-28 [archive import: scored retroactively, not a live reading]",2025-08-28,scoring
2025-08-29,1.55,-1.139,0,down,"FRED BAMLEMCBPIOAS OAS 2025-08-29 [archive import: scored retroactively, not a live reading]",2025-08-29,scoring
2025-08-31,1.57,-0.972,0,down,"FRED BAMLEMCBPIOAS OAS 2025-08-31 [archive import: scored retroactively, not a live reading]",2025-08-31,scoring
2025-09-01,1.57,-1.094,0,down,"FRED BAMLEMCBPIOAS OAS 2025-09-01 [archive import: scored retroactively, not a live reading]",2025-09-01,scoring
2025-09-02,1.55,-1.212,0,down,"FRED BAMLEMCBPIOAS OAS 2025-09-02 [archive import: scored retroactively, not a live reading]",2025-09-02,scoring
2025-09-03,1.56,-0.938,0,down,"FRED BAMLEMCBPIOAS OAS 2025-09-03 [archive import: scored retroactively, not a live reading]",2025-09-03,scoring
2025-09-04,1.57,-0.704,0,down,"FRED BAMLEMCBPIOAS OAS 2025-09-04 [archive import: scored retroactively, not a live reading]",2025-09-04,scoring
2025-09-05,1.56,-0.782,0,down,"FRED BAMLEMCBPIOAS OAS 2025-09-05 [archive import: scored retroactively, not a live reading]",2025-09-05,scoring
2025-09-08,1.58,-0.586,0,down,"FRED BAMLEMCBPIOAS OAS 2025-09-08 [archive import: scored retroactively, not a live reading]",2025-09-08,scoring
2025-09-09,1.55,-0.891,0,down,"FRED BAMLEMCBPIOAS OAS 2025-09-09 [archive import: scored retroactively, not a live reading]",2025-09-09,scoring
2025-09-10,1.55,-0.844,0,down,"FRED BAMLEMCBPIOAS OAS 2025-09-10 [archive import: scored retroactively, not a live reading]",2025-09-10,scoring
2025-09-11,1.52,-1.126,0,down,"FRED BAMLEMCBPIOAS OAS 2025-09-11 [archive import: scored retroactively, not a live reading]",2025-09-11,scoring
2025-09-12,1.5,-1.313,0,down,"FRED BAMLEMCBPIOAS OAS 2025-09-12 [archive import: scored retroactively, not a live reading]",2025-09-12,scoring
2025-09-15,1.51,-1.220,0,down,"FRED BAMLEMCBPIOAS OAS 2025-09-15 [archive import: scored retroactively, not a live reading]",2025-09-15,scoring
2025-09-16,1.5,-1.266,0,down,"FRED BAMLEMCBPIOAS OAS 2025-09-16 [archive import: scored retroactively, not a live reading]",2025-09-16,scoring
2025-09-17,1.47,-1.501,0,down,"FRED BAMLEMCBPIOAS OAS 2025-09-17 [archive import: scored retroactively, not a live reading]",2025-09-17,scoring
2025-09-18,1.44,-1.782,0,down,"FRED BAMLEMCBPIOAS OAS 2025-09-18 [archive import: scored retroactively, not a live reading]",2025-09-18,scoring
2025-09-19,1.44,-1.782,0,down,"FRED BAMLEMCBPIOAS OAS 2025-09-19 [archive import: scored retroactively, not a live reading]",2025-09-19,scoring
2025-09-22,1.43,-1.876,0,down,"FRED BAMLEMCBPIOAS OAS 2025-09-22 [archive import: scored retroactively, not a live reading]",2025-09-22,scoring
2025-09-23,1.44,-1.782,0,down,"FRED BAMLEMCBPIOAS OAS 2025-09-23 [archive import: scored retroactively, not a live reading]",2025-09-23,scoring
2025-09-24,1.43,-1.829,0,down,"FRED BAMLEMCBPIOAS OAS 2025-09-24 [archive import: scored retroactively, not a live reading]",2025-09-24,scoring
2025-09-25,1.42,-1.876,0,down,"FRED BAMLEMCBPIOAS OAS 2025-09-25 [archive import: scored retroactively, not a live reading]",2025-09-25,scoring
2025-09-26,1.43,-1.736,0,down,"FRED BAMLEMCBPIOAS OAS 2025-09-26 [archive import: scored retroactively, not a live reading]",2025-09-26,scoring
2025-09-29,1.47,-1.055,0,down,"FRED BAMLEMCBPIOAS OAS 2025-09-29 [archive import: scored retroactively, not a live reading]",2025-09-29,scoring
2025-09-30,1.5,-0.704,0,down,"FRED BAMLEMCBPIOAS OAS 2025-09-30 [archive import: scored retroactively, not a live reading]",2025-09-30,scoring
2025-10-01,1.53,-0.469,0,down,"FRED BAMLEMCBPIOAS OAS 2025-10-01 [archive import: scored retroactively, not a live reading]",2025-10-01,scoring
2025-10-02,1.53,-0.422,0,down,"FRED BAMLEMCBPIOAS OAS 2025-10-02 [archive import: scored retroactively, not a live reading]",2025-10-02,scoring
2025-10-03,1.5,-0.657,0,down,"FRED BAMLEMCBPIOAS OAS 2025-10-03 [archive import: scored retroactively, not a live reading]",2025-10-03,scoring
2025-10-06,1.49,-0.751,0,down,"FRED BAMLEMCBPIOAS OAS 2025-10-06 [archive import: scored retroactively, not a live reading]",2025-10-06,scoring
2025-10-07,1.51,-0.563,0,down,"FRED BAMLEMCBPIOAS OAS 2025-10-07 [archive import: scored retroactively, not a live reading]",2025-10-07,scoring
2025-10-08,1.5,-0.657,0,down,"FRED BAMLEMCBPIOAS OAS 2025-10-08 [archive import: scored retroactively, not a live reading]",2025-10-08,scoring
2025-10-09,1.52,-0.469,0,down,"FRED BAMLEMCBPIOAS OAS 2025-10-09 [archive import: scored retroactively, not a live reading]",2025-10-09,scoring
2025-10-10,1.62,0.516,0,up,"FRED BAMLEMCBPIOAS OAS 2025-10-10 [archive import: scored retroactively, not a live reading]",2025-10-10,scoring
2025-10-13,1.62,0.516,0,up,"FRED BAMLEMCBPIOAS OAS 2025-10-13 [archive import: scored retroactively, not a live reading]",2025-10-13,scoring
2025-10-14,1.65,0.797,0,up,"FRED BAMLEMCBPIOAS OAS 2025-10-14 [archive import: scored retroactively, not a live reading]",2025-10-14,scoring
2025-10-15,1.61,0.528,0,up,"FRED BAMLEMCBPIOAS OAS 2025-10-15 [archive import: scored retroactively, not a live reading]",2025-10-15,scoring
2025-10-16,1.64,0.880,0,up,"FRED BAMLEMCBPIOAS OAS 2025-10-16 [archive import: scored retroactively, not a live reading]",2025-10-16,scoring
2025-10-17,1.62,0.645,0,up,"FRED BAMLEMCBPIOAS OAS 2025-10-17 [archive import: scored retroactively, not a live reading]",2025-10-17,scoring
2025-10-20,1.62,0.645,0,up,"FRED BAMLEMCBPIOAS OAS 2025-10-20 [archive import: scored retroactively, not a live reading]",2025-10-20,scoring
2025-10-21,1.61,0.528,0,up,"FRED BAMLEMCBPIOAS OAS 2025-10-21 [archive import: scored retroactively, not a live reading]",2025-10-21,scoring
2025-10-22,1.62,0.645,0,up,"FRED BAMLEMCBPIOAS OAS 2025-10-22 [archive import: scored retroactively, not a live reading]",2025-10-22,scoring
2025-10-23,1.6,0.410,0,up,"FRED BAMLEMCBPIOAS OAS 2025-10-23 [archive import: scored retroactively, not a live reading]",2025-10-23,scoring
2025-10-24,1.58,0.176,0,up,"FRED BAMLEMCBPIOAS OAS 2025-10-24 [archive import: scored retroactively, not a live reading]",2025-10-24,scoring
2025-10-27,1.55,-0.176,0,down,"FRED BAMLEMCBPIOAS OAS 2025-10-27 [archive import: scored retroactively, not a live reading]",2025-10-27,scoring
2025-10-28,1.55,-0.117,0,down,"FRED BAMLEMCBPIOAS OAS 2025-10-28 [archive import: scored retroactively, not a live reading]",2025-10-28,scoring
2025-10-29,1.49,-1.094,0,down,"FRED BAMLEMCBPIOAS OAS 2025-10-29 [archive import: scored retroactively, not a live reading]",2025-10-29,scoring
2025-10-30,1.5,-0.938,0,down,"FRED BAMLEMCBPIOAS OAS 2025-10-30 [archive import: scored retroactively, not a live reading]",2025-10-30,scoring
2025-10-31,1.53,-0.469,0,down,"FRED BAMLEMCBPIOAS OAS 2025-10-31 [archive import: scored retroactively, not a live reading]",2025-10-31,scoring
2025-11-03,1.53,-0.391,0,down,"FRED BAMLEMCBPIOAS OAS 2025-11-03 [archive import: scored retroactively, not a live reading]",2025-11-03,scoring
2025-11-04,1.56,0.156,0,up,"FRED BAMLEMCBPIOAS OAS 2025-11-04 [archive import: scored retroactively, not a live reading]",2025-11-04,scoring
2025-11-05,1.53,-0.313,0,down,"FRED BAMLEMCBPIOAS OAS 2025-11-05 [archive import: scored retroactively, not a live reading]",2025-11-05,scoring
2025-11-06,1.57,0.313,0,up,"FRED BAMLEMCBPIOAS OAS 2025-11-06 [archive import: scored retroactively, not a live reading]",2025-11-06,scoring
2025-11-07,1.57,0.313,0,up,"FRED BAMLEMCBPIOAS OAS 2025-11-07 [archive import: scored retroactively, not a live reading]",2025-11-07,scoring
2025-11-10,1.56,0.156,0,up,"FRED BAMLEMCBPIOAS OAS 2025-11-10 [archive import: scored retroactively, not a live reading]",2025-11-10,scoring
2025-11-11,1.56,0.156,0,up,"FRED BAMLEMCBPIOAS OAS 2025-11-11 [archive import: scored retroactively, not a live reading]",2025-11-11,scoring
2025-11-12,1.57,0.313,0,up,"FRED BAMLEMCBPIOAS OAS 2025-11-12 [archive import: scored retroactively, not a live reading]",2025-11-12,scoring
2025-11-13,1.56,0.156,0,up,"FRED BAMLEMCBPIOAS OAS 2025-11-13 [archive import: scored retroactively, not a live reading]",2025-11-13,scoring
2025-11-14,1.55,0.000,0,flat,"FRED BAMLEMCBPIOAS OAS 2025-11-14 [archive import: scored retroactively, not a live reading]",2025-11-14,scoring
2025-11-17,1.56,0.235,0,up,"FRED BAMLEMCBPIOAS OAS 2025-11-17 [archive import: scored retroactively, not a live reading]",2025-11-17,scoring
2025-11-18,1.58,0.704,0,up,"FRED BAMLEMCBPIOAS OAS 2025-11-18 [archive import: scored retroactively, not a live reading]",2025-11-18,scoring
2025-11-19,1.58,0.704,0,up,"FRED BAMLEMCBPIOAS OAS 2025-11-19 [archive import: scored retroactively, not a live reading]",2025-11-19,scoring
2025-11-20,1.6,1.173,0,up,"FRED BAMLEMCBPIOAS OAS 2025-11-20 [archive import: scored retroactively, not a live reading]",2025-11-20,scoring
2025-11-21,1.63,1.876,0,up,"FRED BAMLEMCBPIOAS OAS 2025-11-21 [archive import: scored retroactively, not a live reading]",2025-11-21,scoring
2025-11-24,1.63,1.876,0,up,"FRED BAMLEMCBPIOAS OAS 2025-11-24 [archive import: scored retroactively, not a live reading]",2025-11-24,scoring
2025-11-25,1.65,2.345,0,up,"FRED BAMLEMCBPIOAS OAS 2025-11-25 [archive import: scored retroactively, not a live reading]",2025-11-25,scoring
2025-11-26,1.63,1.876,0,up,"FRED BAMLEMCBPIOAS OAS 2025-11-26 [archive import: scored retroactively, not a live reading]",2025-11-26,scoring
2025-11-27,1.63,1.876,0,up,"FRED BAMLEMCBPIOAS OAS 2025-11-27 [archive import: scored retroactively, not a live reading]",2025-11-27,scoring
2025-11-28,1.61,0.938,0,up,"FRED BAMLEMCBPIOAS OAS 2025-11-28 [archive import: scored retroactively, not a live reading]",2025-11-28,scoring
2025-11-30,1.63,1.251,0,up,"FRED BAMLEMCBPIOAS OAS 2025-11-30 [archive import: scored retroactively, not a live reading]",2025-11-30,scoring
2025-12-01,1.62,1.094,0,up,"FRED BAMLEMCBPIOAS OAS 2025-12-01 [archive import: scored retroactively, not a live reading]",2025-12-01,scoring
2025-12-02,1.63,1.251,0,up,"FRED BAMLEMCBPIOAS OAS 2025-12-02 [archive import: scored retroactively, not a live reading]",2025-12-02,scoring
2025-12-03,1.61,0.860,0,up,"FRED BAMLEMCBPIOAS OAS 2025-12-03 [archive import: scored retroactively, not a live reading]",2025-12-03,scoring
2025-12-04,1.58,0.391,0,up,"FRED BAMLEMCBPIOAS OAS 2025-12-04 [archive import: scored retroactively, not a live reading]",2025-12-04,scoring
2025-12-05,1.57,0.235,0,up,"FRED BAMLEMCBPIOAS OAS 2025-12-05 [archive import: scored retroactively, not a live reading]",2025-12-05,scoring
2025-12-08,1.55,-0.078,0,down,"FRED BAMLEMCBPIOAS OAS 2025-12-08 [archive import: scored retroactively, not a live reading]",2025-12-08,scoring
2025-12-09,1.55,0.000,0,flat,"FRED BAMLEMCBPIOAS OAS 2025-12-09 [archive import: scored retroactively, not a live reading]",2025-12-09,scoring
2025-12-10,1.57,0.313,0,up,"FRED BAMLEMCBPIOAS OAS 2025-12-10 [archive import: scored retroactively, not a live reading]",2025-12-10,scoring
2025-12-11,1.56,0.156,0,up,"FRED BAMLEMCBPIOAS OAS 2025-12-11 [archive import: scored retroactively, not a live reading]",2025-12-11,scoring
2025-12-12,1.54,-0.156,0,down,"FRED BAMLEMCBPIOAS OAS 2025-12-12 [archive import: scored retroactively, not a live reading]",2025-12-12,scoring
2025-12-15,1.54,-0.156,0,down,"FRED BAMLEMCBPIOAS OAS 2025-12-15 [archive import: scored retroactively, not a live reading]",2025-12-15,scoring
2025-12-16,1.55,0.000,0,flat,"FRED BAMLEMCBPIOAS OAS 2025-12-16 [archive import: scored retroactively, not a live reading]",2025-12-16,scoring
2025-12-17,1.56,0.235,0,up,"FRED BAMLEMCBPIOAS OAS 2025-12-17 [archive import: scored retroactively, not a live reading]",2025-12-17,scoring
2025-12-18,1.57,0.469,0,up,"FRED BAMLEMCBPIOAS OAS 2025-12-18 [archive import: scored retroactively, not a live reading]",2025-12-18,scoring
2025-12-19,1.54,-0.352,0,down,"FRED BAMLEMCBPIOAS OAS 2025-12-19 [archive import: scored retroactively, not a live reading]",2025-12-19,scoring
2025-12-22,1.54,-0.352,0,down,"FRED BAMLEMCBPIOAS OAS 2025-12-22 [archive import: scored retroactively, not a live reading]",2025-12-22,scoring
2025-12-23,1.53,-0.586,0,down,"FRED BAMLEMCBPIOAS OAS 2025-12-23 [archive import: scored retroactively, not a live reading]",2025-12-23,scoring
2025-12-24,1.55,-0.117,0,down,"FRED BAMLEMCBPIOAS OAS 2025-12-24 [archive import: scored retroactively, not a live reading]",2025-12-24,scoring
2025-12-26,1.56,0.117,0,up,"FRED BAMLEMCBPIOAS OAS 2025-12-26 [archive import: scored retroactively, not a live reading]",2025-12-26,scoring
2025-12-29,1.58,0.469,0,up,"FRED BAMLEMCBPIOAS OAS 2025-12-29 [archive import: scored retroactively, not a live reading]",2025-12-29,scoring
2025-12-30,1.58,0.469,0,up,"FRED BAMLEMCBPIOAS OAS 2025-12-30 [archive import: scored retroactively, not a live reading]",2025-12-30,scoring
2025-12-31,1.56,0.000,0,flat,"FRED BAMLEMCBPIOAS OAS 2025-12-31 [archive import: scored retroactively, not a live reading]",2025-12-31,scoring
2026-01-02,1.57,0.235,0,up,"FRED BAMLEMCBPIOAS OAS 2026-01-02 [archive import: scored retroactively, not a live reading]",2026-01-02,scoring
2026-01-05,1.57,0.235,0,up,"FRED BAMLEMCBPIOAS OAS 2026-01-05 [archive import: scored retroactively, not a live reading]",2026-01-05,scoring
2026-01-06,1.57,0.235,0,up,"FRED BAMLEMCBPIOAS OAS 2026-01-06 [archive import: scored retroactively, not a live reading]",2026-01-06,scoring
2026-01-07,1.57,0.235,0,up,"FRED BAMLEMCBPIOAS OAS 2026-01-07 [archive import: scored retroactively, not a live reading]",2026-01-07,scoring
2026-01-08,1.56,0.000,0,flat,"FRED BAMLEMCBPIOAS OAS 2026-01-08 [archive import: scored retroactively, not a live reading]",2026-01-08,scoring
2026-01-09,1.55,-0.235,0,down,"FRED BAMLEMCBPIOAS OAS 2026-01-09 [archive import: scored retroactively, not a live reading]",2026-01-09,scoring
2026-01-12,1.54,-0.469,0,down,"FRED BAMLEMCBPIOAS OAS 2026-01-12 [archive import: scored retroactively, not a live reading]",2026-01-12,scoring
2026-01-13,1.55,-0.235,0,down,"FRED BAMLEMCBPIOAS OAS 2026-01-13 [archive import: scored retroactively, not a live reading]",2026-01-13,scoring
2026-01-14,1.55,-0.235,0,down,"FRED BAMLEMCBPIOAS OAS 2026-01-14 [archive import: scored retroactively, not a live reading]",2026-01-14,scoring
2026-01-15,1.52,-0.938,0,down,"FRED BAMLEMCBPIOAS OAS 2026-01-15 [archive import: scored retroactively, not a live reading]",2026-01-15,scoring
2026-01-16,1.48,-1.876,0,down,"FRED BAMLEMCBPIOAS OAS 2026-01-16 [archive import: scored retroactively, not a live reading]",2026-01-16,scoring
2026-01-19,1.48,-1.876,0,down,"FRED BAMLEMCBPIOAS OAS 2026-01-19 [archive import: scored retroactively, not a live reading]",2026-01-19,scoring
2026-01-20,1.51,-1.173,0,down,"FRED BAMLEMCBPIOAS OAS 2026-01-20 [archive import: scored retroactively, not a live reading]",2026-01-20,scoring
2026-01-21,1.5,-1.407,0,down,"FRED BAMLEMCBPIOAS OAS 2026-01-21 [archive import: scored retroactively, not a live reading]",2026-01-21,scoring
2026-01-22,1.48,-1.876,0,down,"FRED BAMLEMCBPIOAS OAS 2026-01-22 [archive import: scored retroactively, not a live reading]",2026-01-22,scoring
2026-01-23,1.48,-1.876,0,down,"FRED BAMLEMCBPIOAS OAS 2026-01-23 [archive import: scored retroactively, not a live reading]",2026-01-23,scoring
2026-01-26,1.48,-1.876,0,down,"FRED BAMLEMCBPIOAS OAS 2026-01-26 [archive import: scored retroactively, not a live reading]",2026-01-26,scoring
2026-01-27,1.48,-1.876,0,down,"FRED BAMLEMCBPIOAS OAS 2026-01-27 [archive import: scored retroactively, not a live reading]",2026-01-27,scoring
2026-01-28,1.49,-1.642,0,down,"FRED BAMLEMCBPIOAS OAS 2026-01-28 [archive import: scored retroactively, not a live reading]",2026-01-28,scoring
2026-01-29,1.49,-1.642,0,down,"FRED BAMLEMCBPIOAS OAS 2026-01-29 [archive import: scored retroactively, not a live reading]",2026-01-29,scoring
2026-01-30,1.49,-1.642,0,down,"FRED BAMLEMCBPIOAS OAS 2026-01-30 [archive import: scored retroactively, not a live reading]",2026-01-30,scoring
2026-01-31,1.5,-1.407,0,down,"FRED BAMLEMCBPIOAS OAS 2026-01-31 [archive import: scored retroactively, not a live reading]",2026-01-31,scoring
2026-02-02,1.48,-1.876,0,down,"FRED BAMLEMCBPIOAS OAS 2026-02-02 [archive import: scored retroactively, not a live reading]",2026-02-02,scoring
2026-02-03,1.47,-2.111,0,down,"FRED BAMLEMCBPIOAS OAS 2026-02-03 [archive import: scored retroactively, not a live reading]",2026-02-03,scoring
2026-02-04,1.47,-2.111,0,down,"FRED BAMLEMCBPIOAS OAS 2026-02-04 [archive import: scored retroactively, not a live reading]",2026-02-04,scoring
2026-02-05,1.53,-0.704,0,down,"FRED BAMLEMCBPIOAS OAS 2026-02-05 [archive import: scored retroactively, not a live reading]",2026-02-05,scoring
2026-02-06,1.52,-0.938,0,down,"FRED BAMLEMCBPIOAS OAS 2026-02-06 [archive import: scored retroactively, not a live reading]",2026-02-06,scoring
2026-02-09,1.52,-0.938,0,down,"FRED BAMLEMCBPIOAS OAS 2026-02-09 [archive import: scored retroactively, not a live reading]",2026-02-09,scoring
2026-02-10,1.54,-0.469,0,down,"FRED BAMLEMCBPIOAS OAS 2026-02-10 [archive import: scored retroactively, not a live reading]",2026-02-10,scoring
2026-02-11,1.51,-1.173,0,down,"FRED BAMLEMCBPIOAS OAS 2026-02-11 [archive import: scored retroactively, not a live reading]",2026-02-11,scoring
2026-02-12,1.55,-0.235,0,down,"FRED BAMLEMCBPIOAS OAS 2026-02-12 [archive import: scored retroactively, not a live reading]",2026-02-12,scoring
2026-02-13,1.57,0.235,0,up,"FRED BAMLEMCBPIOAS OAS 2026-02-13 [archive import: scored retroactively, not a live reading]",2026-02-13,scoring
2026-02-16,1.57,0.235,0,up,"FRED BAMLEMCBPIOAS OAS 2026-02-16 [archive import: scored retroactively, not a live reading]",2026-02-16,scoring
2026-02-17,1.55,-0.235,0,down,"FRED BAMLEMCBPIOAS OAS 2026-02-17 [archive import: scored retroactively, not a live reading]",2026-02-17,scoring
2026-02-18,1.53,-0.704,0,down,"FRED BAMLEMCBPIOAS OAS 2026-02-18 [archive import: scored retroactively, not a live reading]",2026-02-18,scoring
2026-02-19,1.53,-0.586,0,down,"FRED BAMLEMCBPIOAS OAS 2026-02-19 [archive import: scored retroactively, not a live reading]",2026-02-19,scoring
2026-02-20,1.52,-0.704,0,down,"FRED BAMLEMCBPIOAS OAS 2026-02-20 [archive import: scored retroactively, not a live reading]",2026-02-20,scoring
2026-02-23,1.54,-0.235,0,down,"FRED BAMLEMCBPIOAS OAS 2026-02-23 [archive import: scored retroactively, not a live reading]",2026-02-23,scoring
2026-02-24,1.54,-0.235,0,down,"FRED BAMLEMCBPIOAS OAS 2026-02-24 [archive import: scored retroactively, not a live reading]",2026-02-24,scoring
2026-02-25,1.53,-0.469,0,down,"FRED BAMLEMCBPIOAS OAS 2026-02-25 [archive import: scored retroactively, not a live reading]",2026-02-25,scoring
2026-02-26,1.54,-0.235,0,down,"FRED BAMLEMCBPIOAS OAS 2026-02-26 [archive import: scored retroactively, not a live reading]",2026-02-26,scoring
2026-02-27,1.58,0.704,0,up,"FRED BAMLEMCBPIOAS OAS 2026-02-27 [archive import: scored retroactively, not a live reading]",2026-02-27,scoring
2026-02-28,1.59,0.938,0,up,"FRED BAMLEMCBPIOAS OAS 2026-02-28 [archive import: scored retroactively, not a live reading]",2026-02-28,scoring
2026-03-02,1.58,0.704,0,up,"FRED BAMLEMCBPIOAS OAS 2026-03-02 [archive import: scored retroactively, not a live reading]",2026-03-02,scoring
2026-03-03,1.64,2.111,0,up,"FRED BAMLEMCBPIOAS OAS 2026-03-03 [archive import: scored retroactively, not a live reading]",2026-03-03,scoring
2026-03-04,1.61,1.407,0,up,"FRED BAMLEMCBPIOAS OAS 2026-03-04 [archive import: scored retroactively, not a live reading]",2026-03-04,scoring
2026-03-05,1.58,0.704,0,up,"FRED BAMLEMCBPIOAS OAS 2026-03-05 [archive import: scored retroactively, not a live reading]",2026-03-05,scoring
2026-03-06,1.61,1.407,0,up,"FRED BAMLEMCBPIOAS OAS 2026-03-06 [archive import: scored retroactively, not a live reading]",2026-03-06,scoring
2026-03-09,1.69,3.166,1,up,"FRED BAMLEMCBPIOAS OAS 2026-03-09 [archive import: scored retroactively, not a live reading]",2026-03-09,scoring
2026-03-10,1.62,1.524,0,up,"FRED BAMLEMCBPIOAS OAS 2026-03-10 [archive import: scored retroactively, not a live reading]",2026-03-10,scoring
2026-03-11,1.6,0.938,0,up,"FRED BAMLEMCBPIOAS OAS 2026-03-11 [archive import: scored retroactively, not a live reading]",2026-03-11,scoring
2026-03-12,1.6,0.938,0,up,"FRED BAMLEMCBPIOAS OAS 2026-03-12 [archive import: scored retroactively, not a live reading]",2026-03-12,scoring
2026-03-13,1.63,1.642,0,up,"FRED BAMLEMCBPIOAS OAS 2026-03-13 [archive import: scored retroactively, not a live reading]",2026-03-13,scoring
2026-03-16,1.67,2.580,0,up,"FRED BAMLEMCBPIOAS OAS 2026-03-16 [archive import: scored retroactively, not a live reading]",2026-03-16,scoring
2026-03-17,1.7,3.283,1,up,"FRED BAMLEMCBPIOAS OAS 2026-03-17 [archive import: scored retroactively, not a live reading]",2026-03-17,scoring
2026-03-18,1.66,2.345,0,up,"FRED BAMLEMCBPIOAS OAS 2026-03-18 [archive import: scored retroactively, not a live reading]",2026-03-18,scoring
2026-03-19,1.71,3.518,1,up,"FRED BAMLEMCBPIOAS OAS 2026-03-19 [archive import: scored retroactively, not a live reading]",2026-03-19,scoring
2026-03-20,1.68,2.814,0,up,"FRED BAMLEMCBPIOAS OAS 2026-03-20 [archive import: scored retroactively, not a live reading]",2026-03-20,scoring
2026-03-23,1.75,2.971,0,up,"FRED BAMLEMCBPIOAS OAS 2026-03-23 [archive import: scored retroactively, not a live reading]",2026-03-23,scoring
2026-03-24,1.73,2.658,0,up,"FRED BAMLEMCBPIOAS OAS 2026-03-24 [archive import: scored retroactively, not a live reading]",2026-03-24,scoring
2026-03-25,1.72,2.502,0,up,"FRED BAMLEMCBPIOAS OAS 2026-03-25 [archive import: scored retroactively, not a live reading]",2026-03-25,scoring
2026-03-26,1.68,1.876,0,up,"FRED BAMLEMCBPIOAS OAS 2026-03-26 [archive import: scored retroactively, not a live reading]",2026-03-26,scoring
2026-03-27,1.76,3.127,1,up,"FRED BAMLEMCBPIOAS OAS 2026-03-27 [archive import: scored retroactively, not a live reading]",2026-03-27,scoring
2026-03-30,1.82,4.065,1,up,"FRED BAMLEMCBPIOAS OAS 2026-03-30 [archive import: scored retroactively, not a live reading]",2026-03-30,scoring
2026-03-31,1.81,3.909,1,up,"FRED BAMLEMCBPIOAS OAS 2026-03-31 [archive import: scored retroactively, not a live reading]",2026-03-31,scoring
2026-04-01,1.75,2.971,0,up,"FRED BAMLEMCBPIOAS OAS 2026-04-01 [archive import: scored retroactively, not a live reading]",2026-04-01,scoring
2026-04-02,1.78,3.440,1,up,"FRED BAMLEMCBPIOAS OAS 2026-04-02 [archive import: scored retroactively, not a live reading]",2026-04-02,scoring
2026-04-03,1.75,2.971,0,up,"FRED BAMLEMCBPIOAS OAS 2026-04-03 [archive import: scored retroactively, not a live reading]",2026-04-03,scoring
2026-04-06,1.76,3.127,1,up,"FRED BAMLEMCBPIOAS OAS 2026-04-06 [archive import: scored retroactively, not a live reading]",2026-04-06,scoring
2026-04-07,1.77,3.283,1,up,"FRED BAMLEMCBPIOAS OAS 2026-04-07 [archive import: scored retroactively, not a live reading]",2026-04-07,scoring
2026-04-08,1.68,1.876,0,up,"FRED BAMLEMCBPIOAS OAS 2026-04-08 [archive import: scored retroactively, not a live reading]",2026-04-08,scoring
2026-04-09,1.66,1.564,0,up,"FRED BAMLEMCBPIOAS OAS 2026-04-09 [archive import: scored retroactively, not a live reading]",2026-04-09,scoring
2026-04-10,1.63,1.094,0,up,"FRED BAMLEMCBPIOAS OAS 2026-04-10 [archive import: scored retroactively, not a live reading]",2026-04-10,scoring
2026-04-13,1.64,1.251,0,up,"FRED BAMLEMCBPIOAS OAS 2026-04-13 [archive import: scored retroactively, not a live reading]",2026-04-13,scoring
2026-04-14,1.59,0.469,0,up,"FRED BAMLEMCBPIOAS OAS 2026-04-14 [archive import: scored retroactively, not a live reading]",2026-04-14,scoring
2026-04-15,1.56,0.000,0,flat,"FRED BAMLEMCBPIOAS OAS 2026-04-15 [archive import: scored retroactively, not a live reading]",2026-04-15,scoring
2026-04-16,1.54,-0.313,0,down,"FRED BAMLEMCBPIOAS OAS 2026-04-16 [archive import: scored retroactively, not a live reading]",2026-04-16,scoring
2026-04-17,1.57,0.156,0,up,"FRED BAMLEMCBPIOAS OAS 2026-04-17 [archive import: scored retroactively, not a live reading]",2026-04-17,scoring
2026-04-20,1.55,-0.156,0,down,"FRED BAMLEMCBPIOAS OAS 2026-04-20 [archive import: scored retroactively, not a live reading]",2026-04-20,scoring
2026-04-21,1.51,-0.782,0,down,"FRED BAMLEMCBPIOAS OAS 2026-04-21 [archive import: scored retroactively, not a live reading]",2026-04-21,scoring
2026-04-22,1.52,-0.625,0,down,"FRED BAMLEMCBPIOAS OAS 2026-04-22 [archive import: scored retroactively, not a live reading]",2026-04-22,scoring
2026-04-23,1.51,-0.782,0,down,"FRED BAMLEMCBPIOAS OAS 2026-04-23 [archive import: scored retroactively, not a live reading]",2026-04-23,scoring
2026-04-24,1.54,-0.313,0,down,"FRED BAMLEMCBPIOAS OAS 2026-04-24 [archive import: scored retroactively, not a live reading]",2026-04-24,scoring
2026-04-27,1.51,-0.782,0,down,"FRED BAMLEMCBPIOAS OAS 2026-04-27 [archive import: scored retroactively, not a live reading]",2026-04-27,scoring
2026-04-28,1.51,-0.782,0,down,"FRED BAMLEMCBPIOAS OAS 2026-04-28 [archive import: scored retroactively, not a live reading]",2026-04-28,scoring
2026-04-29,1.48,-1.251,0,down,"FRED BAMLEMCBPIOAS OAS 2026-04-29 [archive import: scored retroactively, not a live reading]",2026-04-29,scoring
2026-04-30,1.52,-0.625,0,down,"FRED BAMLEMCBPIOAS OAS 2026-04-30 [archive import: scored retroactively, not a live reading]",2026-04-30,scoring
2026-05-01,1.5,-0.938,0,down,"FRED BAMLEMCBPIOAS OAS 2026-05-01 [archive import: scored retroactively, not a live reading]",2026-05-01,scoring
2026-05-04,1.48,-1.173,0,down,"FRED BAMLEMCBPIOAS OAS 2026-05-04 [archive import: scored retroactively, not a live reading]",2026-05-04,scoring
2026-05-05,1.49,-0.938,0,down,"FRED BAMLEMCBPIOAS OAS 2026-05-05 [archive import: scored retroactively, not a live reading]",2026-05-05,scoring
2026-05-06,1.49,-0.938,0,down,"FRED BAMLEMCBPIOAS OAS 2026-05-06 [archive import: scored retroactively, not a live reading]",2026-05-06,scoring
2026-05-07,1.46,-1.407,0,down,"FRED BAMLEMCBPIOAS OAS 2026-05-07 [archive import: scored retroactively, not a live reading]",2026-05-07,scoring
2026-05-08,1.48,-1.094,0,down,"FRED BAMLEMCBPIOAS OAS 2026-05-08 [archive import: scored retroactively, not a live reading]",2026-05-08,scoring
2026-05-11,1.46,-1.407,0,down,"FRED BAMLEMCBPIOAS OAS 2026-05-11 [archive import: scored retroactively, not a live reading]",2026-05-11,scoring
2026-05-12,1.44,-1.642,0,down,"FRED BAMLEMCBPIOAS OAS 2026-05-12 [archive import: scored retroactively, not a live reading]",2026-05-12,scoring
2026-05-13,1.46,-0.938,0,down,"FRED BAMLEMCBPIOAS OAS 2026-05-13 [archive import: scored retroactively, not a live reading]",2026-05-13,scoring
2026-05-14,1.44,-1.173,0,down,"FRED BAMLEMCBPIOAS OAS 2026-05-14 [archive import: scored retroactively, not a live reading]",2026-05-14,scoring
2026-05-15,1.42,-1.407,0,down,"FRED BAMLEMCBPIOAS OAS 2026-05-15 [archive import: scored retroactively, not a live reading]",2026-05-15,scoring
2026-05-18,1.44,-1.173,0,down,"FRED BAMLEMCBPIOAS OAS 2026-05-18 [archive import: scored retroactively, not a live reading]",2026-05-18,scoring
2026-05-19,1.44,-1.173,0,down,"FRED BAMLEMCBPIOAS OAS 2026-05-19 [archive import: scored retroactively, not a live reading]",2026-05-19,scoring
2026-05-20,1.48,-0.704,0,down,"FRED BAMLEMCBPIOAS OAS 2026-05-20 [archive import: scored retroactively, not a live reading]",2026-05-20,scoring
2026-05-21,1.48,-0.704,0,down,"FRED BAMLEMCBPIOAS OAS 2026-05-21 [archive import: scored retroactively, not a live reading]",2026-05-21,scoring
2026-05-22,1.47,-0.821,0,down,"FRED BAMLEMCBPIOAS OAS 2026-05-22 [archive import: scored retroactively, not a live reading]",2026-05-22,scoring
2026-05-25,1.47,-0.821,0,down,"FRED BAMLEMCBPIOAS OAS 2026-05-25 [archive import: scored retroactively, not a live reading]",2026-05-25,scoring
2026-05-26,1.46,-0.938,0,down,"FRED BAMLEMCBPIOAS OAS 2026-05-26 [archive import: scored retroactively, not a live reading]",2026-05-26,scoring
2026-05-27,1.45,-1.055,0,down,"FRED BAMLEMCBPIOAS OAS 2026-05-27 [archive import: scored retroactively, not a live reading]",2026-05-27,scoring
2026-05-28,1.45,-1.055,0,down,"FRED BAMLEMCBPIOAS OAS 2026-05-28 [archive import: scored retroactively, not a live reading]",2026-05-28,scoring
2026-05-29,1.44,-1.173,0,down,"FRED BAMLEMCBPIOAS OAS 2026-05-29 [archive import: scored retroactively, not a live reading]",2026-05-29,scoring
2026-05-31,1.47,-0.821,0,down,"FRED BAMLEMCBPIOAS OAS 2026-05-31 [archive import: scored retroactively, not a live reading]",2026-05-31,scoring
2026-06-01,1.46,-0.938,0,down,"FRED BAMLEMCBPIOAS OAS 2026-06-01 [archive import: scored retroactively, not a live reading]",2026-06-01,scoring
2026-06-02,1.44,-1.173,0,down,"FRED BAMLEMCBPIOAS OAS 2026-06-02 [archive import: scored retroactively, not a live reading]",2026-06-02,scoring
2026-06-03,1.43,-1.290,0,down,"FRED BAMLEMCBPIOAS OAS 2026-06-03 [archive import: scored retroactively, not a live reading]",2026-06-03,scoring
2026-06-04,1.44,-1.173,0,down,"FRED BAMLEMCBPIOAS OAS 2026-06-04 [archive import: scored retroactively, not a live reading]",2026-06-04,scoring
2026-06-05,1.41,-1.524,0,down,"FRED BAMLEMCBPIOAS OAS 2026-06-05 [archive import: scored retroactively, not a live reading]",2026-06-05,scoring
2026-06-08,1.42,-1.126,0,down,"FRED BAMLEMCBPIOAS OAS 2026-06-08 [archive import: scored retroactively, not a live reading]",2026-06-08,scoring
2026-06-09,1.43,-1.032,0,down,"FRED BAMLEMCBPIOAS OAS 2026-06-09 [archive import: scored retroactively, not a live reading]",2026-06-09,scoring
2026-06-10,1.44,-0.938,0,down,"FRED BAMLEMCBPIOAS OAS 2026-06-10 [archive import: scored retroactively, not a live reading]",2026-06-10,scoring
2026-06-11,1.48,-0.563,0,down,"FRED BAMLEMCBPIOAS OAS 2026-06-11 [archive import: scored retroactively, not a live reading]",2026-06-11,scoring
2026-06-12,1.43,-1.032,0,down,"FRED BAMLEMCBPIOAS OAS 2026-06-12 [archive import: scored retroactively, not a live reading]",2026-06-12,scoring
2026-06-15,1.41,-1.220,0,down,"FRED BAMLEMCBPIOAS OAS 2026-06-15 [archive import: scored retroactively, not a live reading]",2026-06-15,scoring
2026-06-16,1.43,-1.032,0,down,"FRED BAMLEMCBPIOAS OAS 2026-06-16 [archive import: scored retroactively, not a live reading]",2026-06-16,scoring
2026-06-17,1.38,-1.454,0,down,"FRED BAMLEMCBPIOAS OAS 2026-06-17 [archive import: scored retroactively, not a live reading]",2026-06-17,scoring
2026-06-18,1.41,-1.126,0,down,"FRED BAMLEMCBPIOAS OAS 2026-06-18 [archive import: scored retroactively, not a live reading]",2026-06-18,scoring
2026-06-22,1.4,-1.220,0,down,FRED BAMLEMCBPIOAS OAS 2026-06-19,2026-06-19,scoring
2026-06-23,1.4,,0,,FRED BAMLEMCBPIOAS OAS 2026-06-19 [stale: observation already recorded],2026-06-19,stale
2026-06-24,1.39,-1.266,0,down,FRED BAMLEMCBPIOAS OAS 2026-06-22,2026-06-22,scoring
2026-06-25,1.42,-0.938,0,down,FRED BAMLEMCBPIOAS OAS 2026-06-23,2026-06-23,scoring
2026-06-26,1.46,-0.563,0,down,FRED BAMLEMCBPIOAS OAS 2026-06-24,2026-06-24,scoring
2026-06-27,1.47,-0.422,0,down,FRED BAMLEMCBPIOAS OAS 2026-06-25,2026-06-25,scoring
2026-06-28,1.47,,0,,FRED BAMLEMCBPIOAS OAS 2026-06-25 [stale: observation already recorded],2026-06-25,stale
2026-06-29,1.47,,0,,FRED BAMLEMCBPIOAS OAS 2026-06-25 [stale: observation already recorded],2026-06-25,stale
2026-06-30,1.49,-0.188,0,down,FRED BAMLEMCBPIOAS OAS 2026-06-26,2026-06-26,scoring
2026-07-01,1.5,-0.094,0,down,FRED BAMLEMCBPIOAS OAS 2026-06-29,2026-06-29,scoring
2026-07-02,1.46,-0.469,0,down,FRED BAMLEMCBPIOAS OAS 2026-06-30,2026-06-30,scoring
2026-07-03,1.46,-0.528,0,down,FRED BAMLEMCBPIOAS OAS 2026-07-01,2026-07-01,scoring
2026-07-04,1.47,-0.352,0,down,FRED BAMLEMCBPIOAS OAS 2026-07-02,2026-07-02,scoring
2026-07-05,1.47,,0,,FRED BAMLEMCBPIOAS OAS 2026-07-02 [stale: observation already recorded],2026-07-02,stale
2026-07-06,1.47,,0,,FRED BAMLEMCBPIOAS OAS 2026-07-02 [stale: observation already recorded],2026-07-02,stale
2026-07-07,1.47,-0.293,0,down,FRED BAMLEMCBPIOAS OAS 2026-07-03,2026-07-03,scoring
2026-07-08,1.47,-0.235,0,down,FRED BAMLEMCBPIOAS OAS 2026-07-06,2026-07-06,scoring
2026-07-09,1.43,-0.704,0,down,FRED BAMLEMCBPIOAS OAS 2026-07-07,2026-07-07,scoring
2026-07-10,1.44,-0.528,0,down,FRED BAMLEMCBPIOAS OAS 2026-07-08,2026-07-08,scoring
2026-07-11,1.45,-0.352,0,down,FRED BAMLEMCBPIOAS OAS 2026-07-09,2026-07-09,scoring
2026-07-12,1.45,,0,,FRED BAMLEMCBPIOAS OAS 2026-07-09 [stale: observation already recorded],2026-07-09,stale
2026-07-13,1.45,,0,,FRED BAMLEMCBPIOAS OAS 2026-07-09 [stale: observation already recorded],2026-07-09,stale
2026-07-14,1.44,-0.469,0,down,FRED BAMLEMCBPIOAS OAS 2026-07-10,2026-07-10,scoring
2026-07-15,1.41,-0.821,0,down,FRED BAMLEMCBPIOAS OAS 2026-07-13,2026-07-13,scoring
2026-07-16,,,0,,FRED BAMLEMCBPIOAS unavailable,,dark
2026-07-17,1.48,0.000,0,flat,FRED BAMLEMCBPIOAS OAS 2026-07-15,2026-07-15,scoring
2026-07-18,1.47,-0.156,0,down,FRED BAMLEMCBPIOAS OAS 2026-07-16,2026-07-16,scoring
2026-07-19,1.47,,0,,FRED BAMLEMCBPIOAS OAS 2026-07-16 [stale: observation already recorded],2026-07-16,stale
2026-07-20,1.47,,0,,FRED BAMLEMCBPIOAS OAS 2026-07-16 [stale: observation already recorded],2026-07-16,stale
2026-07-21,1.48,0.000,0,flat,FRED BAMLEMCBPIOAS OAS 2026-07-17,2026-07-17,scoring
2026-07-22,1.46,-0.313,0,down,FRED BAMLEMCBPIOAS OAS 2026-07-20,2026-07-20,scoring
2026-07-23,1.44,-0.547,0,down,FRED BAMLEMCBPIOAS OAS 2026-07-21,2026-07-21,scoring
2026-07-24,1.43,-0.625,0,down,FRED BAMLEMCBPIOAS OAS 2026-07-22,2026-07-22,scoring
2026-07-25,1.45,-0.313,0,down,FRED BAMLEMCBPIOAS OAS 2026-07-23,2026-07-23,scoring
2026-07-26,1.45,,0,,FRED BAMLEMCBPIOAS OAS 2026-07-23 [stale: observation already recorded],2026-07-23,stale
2026-07-27,1.45,,0,,FRED BAMLEMCBPIOAS OAS 2026-07-23 [stale: observation already recorded],2026-07-23,stale
2026-07-28,1.47,0.000,0,flat,FRED BAMLEMCBPIOAS OAS 2026-07-24,2026-07-24,scoring
2026-07-29,1.47,0.000,0,flat,FRED BAMLEMCBPIOAS OAS 2026-07-27,2026-07-27,scoring
2026-07-30,1.49,0.313,0,up,FRED BAMLEMCBPIOAS OAS 2026-07-28 [sampled 23:01:58Z],2026-07-28,scoring
2026-07-31,1.48,0.156,0,up,FRED BAMLEMCBPIOAS OAS 2026-07-29 [sampled 23:12:21Z],2026-07-29,scoring
2026-08-01,1.5,0.704,0,up,FRED BAMLEMCBPIOAS OAS 2026-07-30 [sampled 23:06:48Z],2026-07-30,scoring
2026-08-02,1.5,,0,,FRED BAMLEMCBPIOAS OAS 2026-07-30 [sampled 22:58:38Z] [stale: observation already recorded],2026-07-30,stale
2026-08-03,1.5,,0,,FRED BAMLEMCBPIOAS OAS 2026-07-30 [sampled 22:59:44Z] [stale: observation already recorded],2026-07-30,stale
2026-08-04,1.5,,0,,FRED BAMLEMCBPIOAS OAS 2026-07-30 [sampled 00:53:27Z] [stale: observation already recorded],2026-07-30,stale
2026-08-05,1.43,-0.938,0,down,FRED BAMLEMCBPIOAS OAS 2026-08-03 [sampled 23:07:14Z],2026-08-03,scoring
2026-08-06,1.44,-0.704,0,down,FRED BAMLEMCBPIOAS OAS 2026-08-04 [sampled 23:05:30Z],2026-08-04,scoring
2026-08-07,1.43,-0.938,0,down,FRED BAMLEMCBPIOAS OAS 2026-08-05 [sampled 01:31:01Z],2026-08-05,scoring
2026-08-08,1.39,-1.876,0,down,FRED BAMLEMCBPIOAS OAS 2026-08-06 [sampled 22:41:52Z],2026-08-06,scoring
2026-08-09,1.39,,0,,FRED BAMLEMCBPIOAS OAS 2026-08-06 [sampled 22:34:31Z] [stale: observation already recorded],2026-08-06,stale
2026-08-10,1.39,,0,,FRED BAMLEMCBPIOAS OAS 2026-08-06 [sampled 22:35:59Z] [stale: observation already recorded],2026-08-06,stale
2026-08-11,1.4,-1.642,0,down,FRED BAMLEMCBPIOAS OAS 2026-08-07 [sampled 22:42:36Z],2026-08-07,scoring
2026-08-12,1.36,-2.463,0,down,FRED BAMLEMCBPIOAS OAS 2026-08-10 [sampled 22:49:36Z],2026-08-10,scoring
2026-08-13,1.38,-1.876,0,down,FRED BAMLEMCBPIOAS OAS 2026-08-11 [sampled 22:47:24Z],2026-08-11,scoring
2026-08-14,1.38,-1.876,0,down,FRED BAMLEMCBPIOAS OAS 2026-08-12 [sampled 22:49:31Z],2026-08-12,scoring
