date,raw_value,z_score,trembling,direction,source_note,obs_date,status
2023-08-01,4.32,,0,,"FRED BAMLHE00EHYIOAS OAS 2023-08-01 [archive import: scored retroactively, not a live reading]",2023-08-01,warming-up
2023-08-02,4.4,,0,,"FRED BAMLHE00EHYIOAS OAS 2023-08-02 [archive import: scored retroactively, not a live reading]",2023-08-02,warming-up
2023-08-03,4.43,,0,,"FRED BAMLHE00EHYIOAS OAS 2023-08-03 [archive import: scored retroactively, not a live reading]",2023-08-03,warming-up
2023-08-04,4.44,,0,,"FRED BAMLHE00EHYIOAS OAS 2023-08-04 [archive import: scored retroactively, not a live reading]",2023-08-04,warming-up
2023-08-07,4.44,,0,,"FRED BAMLHE00EHYIOAS OAS 2023-08-07 [archive import: scored retroactively, not a live reading]",2023-08-07,warming-up
2023-08-08,4.54,,0,,"FRED BAMLHE00EHYIOAS OAS 2023-08-08 [archive import: scored retroactively, not a live reading]",2023-08-08,warming-up
2023-08-09,4.48,,0,,"FRED BAMLHE00EHYIOAS OAS 2023-08-09 [archive import: scored retroactively, not a live reading]",2023-08-09,warming-up
2023-08-10,4.44,,0,,"FRED BAMLHE00EHYIOAS OAS 2023-08-10 [archive import: scored retroactively, not a live reading]",2023-08-10,warming-up
2023-08-11,4.39,,0,,"FRED BAMLHE00EHYIOAS OAS 2023-08-11 [archive import: scored retroactively, not a live reading]",2023-08-11,warming-up
2023-08-14,4.38,,0,,"FRED BAMLHE00EHYIOAS OAS 2023-08-14 [archive import: scored retroactively, not a live reading]",2023-08-14,warming-up
2023-08-15,4.38,-0.854,0,down,"FRED BAMLHE00EHYIOAS OAS 2023-08-15 [archive import: scored retroactively, not a live reading]",2023-08-15,scoring
2023-08-16,4.42,-0.127,0,down,"FRED BAMLHE00EHYIOAS OAS 2023-08-16 [archive import: scored retroactively, not a live reading]",2023-08-16,scoring
2023-08-17,4.46,0.519,0,up,"FRED BAMLHE00EHYIOAS OAS 2023-08-17 [archive import: scored retroactively, not a live reading]",2023-08-17,scoring
2023-08-18,4.53,2.493,0,up,"FRED BAMLHE00EHYIOAS OAS 2023-08-18 [archive import: scored retroactively, not a live reading]",2023-08-18,scoring
2023-08-21,4.49,0.787,0,up,"FRED BAMLHE00EHYIOAS OAS 2023-08-21 [archive import: scored retroactively, not a live reading]",2023-08-21,scoring
2023-08-22,4.5,0.738,0,up,"FRED BAMLHE00EHYIOAS OAS 2023-08-22 [archive import: scored retroactively, not a live reading]",2023-08-22,scoring
2023-08-23,4.59,2.089,0,up,"FRED BAMLHE00EHYIOAS OAS 2023-08-23 [archive import: scored retroactively, not a live reading]",2023-08-23,scoring
2023-08-24,4.56,1.461,0,up,"FRED BAMLHE00EHYIOAS OAS 2023-08-24 [archive import: scored retroactively, not a live reading]",2023-08-24,scoring
2023-08-25,4.52,1.090,0,up,"FRED BAMLHE00EHYIOAS OAS 2023-08-25 [archive import: scored retroactively, not a live reading]",2023-08-25,scoring
2023-08-28,4.51,0.846,0,up,"FRED BAMLHE00EHYIOAS OAS 2023-08-28 [archive import: scored retroactively, not a live reading]",2023-08-28,scoring
2023-08-29,4.48,0.402,0,up,"FRED BAMLHE00EHYIOAS OAS 2023-08-29 [archive import: scored retroactively, not a live reading]",2023-08-29,scoring
2023-08-30,4.47,0.120,0,up,"FRED BAMLHE00EHYIOAS OAS 2023-08-30 [archive import: scored retroactively, not a live reading]",2023-08-30,scoring
2023-08-31,4.5,0.462,0,up,"FRED BAMLHE00EHYIOAS OAS 2023-08-31 [archive import: scored retroactively, not a live reading]",2023-08-31,scoring
2023-09-01,4.47,0.000,0,flat,"FRED BAMLHE00EHYIOAS OAS 2023-09-01 [archive import: scored retroactively, not a live reading]",2023-09-01,scoring
2023-09-04,4.41,-0.782,0,down,"FRED BAMLHE00EHYIOAS OAS 2023-09-04 [archive import: scored retroactively, not a live reading]",2023-09-04,scoring
2023-09-05,4.39,-1.267,0,down,"FRED BAMLHE00EHYIOAS OAS 2023-09-05 [archive import: scored retroactively, not a live reading]",2023-09-05,scoring
2023-09-06,4.35,-1.483,0,down,"FRED BAMLHE00EHYIOAS OAS 2023-09-06 [archive import: scored retroactively, not a live reading]",2023-09-06,scoring
2023-09-07,4.35,-1.736,0,down,"FRED BAMLHE00EHYIOAS OAS 2023-09-07 [archive import: scored retroactively, not a live reading]",2023-09-07,scoring
2023-09-08,4.36,-1.150,0,down,"FRED BAMLHE00EHYIOAS OAS 2023-09-08 [archive import: scored retroactively, not a live reading]",2023-09-08,scoring
2023-09-11,4.3,-1.651,0,down,"FRED BAMLHE00EHYIOAS OAS 2023-09-11 [archive import: scored retroactively, not a live reading]",2023-09-11,scoring
2023-09-12,4.28,-2.028,0,down,"FRED BAMLHE00EHYIOAS OAS 2023-09-12 [archive import: scored retroactively, not a live reading]",2023-09-12,scoring
2023-09-13,4.24,-2.352,0,down,"FRED BAMLHE00EHYIOAS OAS 2023-09-13 [archive import: scored retroactively, not a live reading]",2023-09-13,scoring
2023-09-14,4.23,-2.643,0,down,"FRED BAMLHE00EHYIOAS OAS 2023-09-14 [archive import: scored retroactively, not a live reading]",2023-09-14,scoring
2023-09-15,4.15,-3.401,1,down,"FRED BAMLHE00EHYIOAS OAS 2023-09-15 [archive import: scored retroactively, not a live reading]",2023-09-15,scoring
2023-09-18,4.12,-3.152,1,down,"FRED BAMLHE00EHYIOAS OAS 2023-09-18 [archive import: scored retroactively, not a live reading]",2023-09-18,scoring
2023-09-19,4.1,-3.089,1,down,"FRED BAMLHE00EHYIOAS OAS 2023-09-19 [archive import: scored retroactively, not a live reading]",2023-09-19,scoring
2023-09-20,4.12,-3.035,1,down,"FRED BAMLHE00EHYIOAS OAS 2023-09-20 [archive import: scored retroactively, not a live reading]",2023-09-20,scoring
2023-09-21,4.18,-2.242,0,down,"FRED BAMLHE00EHYIOAS OAS 2023-09-21 [archive import: scored retroactively, not a live reading]",2023-09-21,scoring
2023-09-22,4.21,-1.691,0,down,"FRED BAMLHE00EHYIOAS OAS 2023-09-22 [archive import: scored retroactively, not a live reading]",2023-09-22,scoring
2023-09-25,4.24,-1.321,0,down,"FRED BAMLHE00EHYIOAS OAS 2023-09-25 [archive import: scored retroactively, not a live reading]",2023-09-25,scoring
2023-09-26,4.31,-0.780,0,down,"FRED BAMLHE00EHYIOAS OAS 2023-09-26 [archive import: scored retroactively, not a live reading]",2023-09-26,scoring
2023-09-27,4.33,-0.543,0,down,"FRED BAMLHE00EHYIOAS OAS 2023-09-27 [archive import: scored retroactively, not a live reading]",2023-09-27,scoring
2023-09-28,4.32,-0.613,0,down,"FRED BAMLHE00EHYIOAS OAS 2023-09-28 [archive import: scored retroactively, not a live reading]",2023-09-28,scoring
2023-09-29,4.37,-0.155,0,down,"FRED BAMLHE00EHYIOAS OAS 2023-09-29 [archive import: scored retroactively, not a live reading]",2023-09-29,scoring
2023-09-30,4.45,0.489,0,up,"FRED BAMLHE00EHYIOAS OAS 2023-09-30 [archive import: scored retroactively, not a live reading]",2023-09-30,scoring
2023-10-02,4.42,0.232,0,up,"FRED BAMLHE00EHYIOAS OAS 2023-10-02 [archive import: scored retroactively, not a live reading]",2023-10-02,scoring
2023-10-03,4.5,0.853,0,up,"FRED BAMLHE00EHYIOAS OAS 2023-10-03 [archive import: scored retroactively, not a live reading]",2023-10-03,scoring
2023-10-04,4.63,1.777,0,up,"FRED BAMLHE00EHYIOAS OAS 2023-10-04 [archive import: scored retroactively, not a live reading]",2023-10-04,scoring
2023-10-05,4.69,2.307,0,up,"FRED BAMLHE00EHYIOAS OAS 2023-10-05 [archive import: scored retroactively, not a live reading]",2023-10-05,scoring
2023-10-06,4.74,2.546,0,up,"FRED BAMLHE00EHYIOAS OAS 2023-10-06 [archive import: scored retroactively, not a live reading]",2023-10-06,scoring
2023-10-09,4.86,3.079,1,up,"FRED BAMLHE00EHYIOAS OAS 2023-10-09 [archive import: scored retroactively, not a live reading]",2023-10-09,scoring
2023-10-10,4.77,2.312,0,up,"FRED BAMLHE00EHYIOAS OAS 2023-10-10 [archive import: scored retroactively, not a live reading]",2023-10-10,scoring
2023-10-11,4.69,1.863,0,up,"FRED BAMLHE00EHYIOAS OAS 2023-10-11 [archive import: scored retroactively, not a live reading]",2023-10-11,scoring
2023-10-12,4.62,1.320,0,up,"FRED BAMLHE00EHYIOAS OAS 2023-10-12 [archive import: scored retroactively, not a live reading]",2023-10-12,scoring
2023-10-13,4.68,1.536,0,up,"FRED BAMLHE00EHYIOAS OAS 2023-10-13 [archive import: scored retroactively, not a live reading]",2023-10-13,scoring
2023-10-16,4.69,1.714,0,up,"FRED BAMLHE00EHYIOAS OAS 2023-10-16 [archive import: scored retroactively, not a live reading]",2023-10-16,scoring
2023-10-17,4.66,1.352,0,up,"FRED BAMLHE00EHYIOAS OAS 2023-10-17 [archive import: scored retroactively, not a live reading]",2023-10-17,scoring
2023-10-18,4.71,1.556,0,up,"FRED BAMLHE00EHYIOAS OAS 2023-10-18 [archive import: scored retroactively, not a live reading]",2023-10-18,scoring
2023-10-19,4.81,2.218,0,up,"FRED BAMLHE00EHYIOAS OAS 2023-10-19 [archive import: scored retroactively, not a live reading]",2023-10-19,scoring
2023-10-20,4.93,2.822,0,up,"FRED BAMLHE00EHYIOAS OAS 2023-10-20 [archive import: scored retroactively, not a live reading]",2023-10-20,scoring
2023-10-23,4.93,2.606,0,up,"FRED BAMLHE00EHYIOAS OAS 2023-10-23 [archive import: scored retroactively, not a live reading]",2023-10-23,scoring
2023-10-24,4.83,1.995,0,up,"FRED BAMLHE00EHYIOAS OAS 2023-10-24 [archive import: scored retroactively, not a live reading]",2023-10-24,scoring
2023-10-25,4.8,1.884,0,up,"FRED BAMLHE00EHYIOAS OAS 2023-10-25 [archive import: scored retroactively, not a live reading]",2023-10-25,scoring
2023-10-26,4.89,2.249,0,up,"FRED BAMLHE00EHYIOAS OAS 2023-10-26 [archive import: scored retroactively, not a live reading]",2023-10-26,scoring
2023-10-27,4.9,2.357,0,up,"FRED BAMLHE00EHYIOAS OAS 2023-10-27 [archive import: scored retroactively, not a live reading]",2023-10-27,scoring
2023-10-30,4.88,2.146,0,up,"FRED BAMLHE00EHYIOAS OAS 2023-10-30 [archive import: scored retroactively, not a live reading]",2023-10-30,scoring
2023-10-31,4.83,1.737,0,up,"FRED BAMLHE00EHYIOAS OAS 2023-10-31 [archive import: scored retroactively, not a live reading]",2023-10-31,scoring
2023-11-01,4.82,1.608,0,up,"FRED BAMLHE00EHYIOAS OAS 2023-11-01 [archive import: scored retroactively, not a live reading]",2023-11-01,scoring
2023-11-02,4.67,0.950,0,up,"FRED BAMLHE00EHYIOAS OAS 2023-11-02 [archive import: scored retroactively, not a live reading]",2023-11-02,scoring
2023-11-03,4.65,0.827,0,up,"FRED BAMLHE00EHYIOAS OAS 2023-11-03 [archive import: scored retroactively, not a live reading]",2023-11-03,scoring
2023-11-06,4.58,0.498,0,up,"FRED BAMLHE00EHYIOAS OAS 2023-11-06 [archive import: scored retroactively, not a live reading]",2023-11-06,scoring
2023-11-07,4.61,0.597,0,up,"FRED BAMLHE00EHYIOAS OAS 2023-11-07 [archive import: scored retroactively, not a live reading]",2023-11-07,scoring
2023-11-08,4.58,0.474,0,up,"FRED BAMLHE00EHYIOAS OAS 2023-11-08 [archive import: scored retroactively, not a live reading]",2023-11-08,scoring
2023-11-09,4.55,0.321,0,up,"FRED BAMLHE00EHYIOAS OAS 2023-11-09 [archive import: scored retroactively, not a live reading]",2023-11-09,scoring
2023-11-10,4.54,0.260,0,up,"FRED BAMLHE00EHYIOAS OAS 2023-11-10 [archive import: scored retroactively, not a live reading]",2023-11-10,scoring
2023-11-13,4.5,0.046,0,up,"FRED BAMLHE00EHYIOAS OAS 2023-11-13 [archive import: scored retroactively, not a live reading]",2023-11-13,scoring
2023-11-14,4.48,-0.071,0,down,"FRED BAMLHE00EHYIOAS OAS 2023-11-14 [archive import: scored retroactively, not a live reading]",2023-11-14,scoring
2023-11-15,4.4,-0.412,0,down,"FRED BAMLHE00EHYIOAS OAS 2023-11-15 [archive import: scored retroactively, not a live reading]",2023-11-15,scoring
2023-11-16,4.47,-0.071,0,down,"FRED BAMLHE00EHYIOAS OAS 2023-11-16 [archive import: scored retroactively, not a live reading]",2023-11-16,scoring
2023-11-17,4.44,-0.204,0,down,"FRED BAMLHE00EHYIOAS OAS 2023-11-17 [archive import: scored retroactively, not a live reading]",2023-11-17,scoring
2023-11-20,4.4,-0.419,0,down,"FRED BAMLHE00EHYIOAS OAS 2023-11-20 [archive import: scored retroactively, not a live reading]",2023-11-20,scoring
2023-11-21,4.41,-0.356,0,down,"FRED BAMLHE00EHYIOAS OAS 2023-11-21 [archive import: scored retroactively, not a live reading]",2023-11-21,scoring
2023-11-22,4.36,-0.628,0,down,"FRED BAMLHE00EHYIOAS OAS 2023-11-22 [archive import: scored retroactively, not a live reading]",2023-11-22,scoring
2023-11-23,4.3,-0.915,0,down,"FRED BAMLHE00EHYIOAS OAS 2023-11-23 [archive import: scored retroactively, not a live reading]",2023-11-23,scoring
2023-11-24,4.27,-1.072,0,down,"FRED BAMLHE00EHYIOAS OAS 2023-11-24 [archive import: scored retroactively, not a live reading]",2023-11-24,scoring
2023-11-27,4.32,-0.762,0,down,"FRED BAMLHE00EHYIOAS OAS 2023-11-27 [archive import: scored retroactively, not a live reading]",2023-11-27,scoring
2023-11-28,4.38,-0.470,0,down,"FRED BAMLHE00EHYIOAS OAS 2023-11-28 [archive import: scored retroactively, not a live reading]",2023-11-28,scoring
2023-11-29,4.32,-0.762,0,down,"FRED BAMLHE00EHYIOAS OAS 2023-11-29 [archive import: scored retroactively, not a live reading]",2023-11-29,scoring
2023-11-30,4.32,-0.782,0,down,"FRED BAMLHE00EHYIOAS OAS 2023-11-30 [archive import: scored retroactively, not a live reading]",2023-11-30,scoring
2023-12-01,4.35,-0.610,0,down,"FRED BAMLHE00EHYIOAS OAS 2023-12-01 [archive import: scored retroactively, not a live reading]",2023-12-01,scoring
2023-12-04,4.31,-0.808,0,down,"FRED BAMLHE00EHYIOAS OAS 2023-12-04 [archive import: scored retroactively, not a live reading]",2023-12-04,scoring
2023-12-05,4.32,-0.756,0,down,"FRED BAMLHE00EHYIOAS OAS 2023-12-05 [archive import: scored retroactively, not a live reading]",2023-12-05,scoring
2023-12-06,4.29,-0.912,0,down,"FRED BAMLHE00EHYIOAS OAS 2023-12-06 [archive import: scored retroactively, not a live reading]",2023-12-06,scoring
2023-12-07,4.28,-0.964,0,down,"FRED BAMLHE00EHYIOAS OAS 2023-12-07 [archive import: scored retroactively, not a live reading]",2023-12-07,scoring
2023-12-08,4.2,-1.381,0,down,"FRED BAMLHE00EHYIOAS OAS 2023-12-08 [archive import: scored retroactively, not a live reading]",2023-12-08,scoring
2023-12-11,4.19,-1.433,0,down,"FRED BAMLHE00EHYIOAS OAS 2023-12-11 [archive import: scored retroactively, not a live reading]",2023-12-11,scoring
2023-12-12,4.17,-1.337,0,down,"FRED BAMLHE00EHYIOAS OAS 2023-12-12 [archive import: scored retroactively, not a live reading]",2023-12-12,scoring
2023-12-13,4.17,-1.290,0,down,"FRED BAMLHE00EHYIOAS OAS 2023-12-13 [archive import: scored retroactively, not a live reading]",2023-12-13,scoring
2023-12-14,3.97,-2.228,0,down,"FRED BAMLHE00EHYIOAS OAS 2023-12-14 [archive import: scored retroactively, not a live reading]",2023-12-14,scoring
2023-12-15,3.95,-2.322,0,down,"FRED BAMLHE00EHYIOAS OAS 2023-12-15 [archive import: scored retroactively, not a live reading]",2023-12-15,scoring
2023-12-18,3.93,-2.196,0,down,"FRED BAMLHE00EHYIOAS OAS 2023-12-18 [archive import: scored retroactively, not a live reading]",2023-12-18,scoring
2023-12-19,3.94,-2.153,0,down,"FRED BAMLHE00EHYIOAS OAS 2023-12-19 [archive import: scored retroactively, not a live reading]",2023-12-19,scoring
2023-12-20,3.94,-1.974,0,down,"FRED BAMLHE00EHYIOAS OAS 2023-12-20 [archive import: scored retroactively, not a live reading]",2023-12-20,scoring
2023-12-21,3.94,-1.915,0,down,"FRED BAMLHE00EHYIOAS OAS 2023-12-21 [archive import: scored retroactively, not a live reading]",2023-12-21,scoring
2023-12-22,3.96,-1.779,0,down,"FRED BAMLHE00EHYIOAS OAS 2023-12-22 [archive import: scored retroactively, not a live reading]",2023-12-22,scoring
2023-12-26,3.97,-1.720,0,down,"FRED BAMLHE00EHYIOAS OAS 2023-12-26 [archive import: scored retroactively, not a live reading]",2023-12-26,scoring
2023-12-27,3.99,-1.497,0,down,"FRED BAMLHE00EHYIOAS OAS 2023-12-27 [archive import: scored retroactively, not a live reading]",2023-12-27,scoring
2023-12-28,4,-1.443,0,down,"FRED BAMLHE00EHYIOAS OAS 2023-12-28 [archive import: scored retroactively, not a live reading]",2023-12-28,scoring
2023-12-29,3.95,-1.606,0,down,"FRED BAMLHE00EHYIOAS OAS 2023-12-29 [archive import: scored retroactively, not a live reading]",2023-12-29,scoring
2023-12-31,3.96,-1.533,0,down,"FRED BAMLHE00EHYIOAS OAS 2023-12-31 [archive import: scored retroactively, not a live reading]",2023-12-31,scoring
2024-01-02,3.92,-1.642,0,down,"FRED BAMLHE00EHYIOAS OAS 2024-01-02 [archive import: scored retroactively, not a live reading]",2024-01-02,scoring
2024-01-03,4.08,-0.955,0,down,"FRED BAMLHE00EHYIOAS OAS 2024-01-03 [archive import: scored retroactively, not a live reading]",2024-01-03,scoring
2024-01-04,4.04,-1.072,0,down,"FRED BAMLHE00EHYIOAS OAS 2024-01-04 [archive import: scored retroactively, not a live reading]",2024-01-04,scoring
2024-01-05,4.08,-0.921,0,down,"FRED BAMLHE00EHYIOAS OAS 2024-01-05 [archive import: scored retroactively, not a live reading]",2024-01-05,scoring
2024-01-08,4.07,-0.938,0,down,"FRED BAMLHE00EHYIOAS OAS 2024-01-08 [archive import: scored retroactively, not a live reading]",2024-01-08,scoring
2024-01-09,4,-1.173,0,down,"FRED BAMLHE00EHYIOAS OAS 2024-01-09 [archive import: scored retroactively, not a live reading]",2024-01-09,scoring
2024-01-10,3.84,-1.675,0,down,"FRED BAMLHE00EHYIOAS OAS 2024-01-10 [archive import: scored retroactively, not a live reading]",2024-01-10,scoring
2024-01-11,3.78,-1.826,0,down,"FRED BAMLHE00EHYIOAS OAS 2024-01-11 [archive import: scored retroactively, not a live reading]",2024-01-11,scoring
2024-01-12,3.84,-1.501,0,down,"FRED BAMLHE00EHYIOAS OAS 2024-01-12 [archive import: scored retroactively, not a live reading]",2024-01-12,scoring
2024-01-15,3.81,-1.595,0,down,"FRED BAMLHE00EHYIOAS OAS 2024-01-15 [archive import: scored retroactively, not a live reading]",2024-01-15,scoring
2024-01-16,3.88,-1.376,0,down,"FRED BAMLHE00EHYIOAS OAS 2024-01-16 [archive import: scored retroactively, not a live reading]",2024-01-16,scoring
2024-01-17,3.88,-1.290,0,down,"FRED BAMLHE00EHYIOAS OAS 2024-01-17 [archive import: scored retroactively, not a live reading]",2024-01-17,scoring
2024-01-18,3.83,-1.437,0,down,"FRED BAMLHE00EHYIOAS OAS 2024-01-18 [archive import: scored retroactively, not a live reading]",2024-01-18,scoring
2024-01-19,3.77,-1.612,0,down,"FRED BAMLHE00EHYIOAS OAS 2024-01-19 [archive import: scored retroactively, not a live reading]",2024-01-19,scoring
2024-01-22,3.76,-1.642,0,down,"FRED BAMLHE00EHYIOAS OAS 2024-01-22 [archive import: scored retroactively, not a live reading]",2024-01-22,scoring
2024-01-23,3.73,-1.730,0,down,"FRED BAMLHE00EHYIOAS OAS 2024-01-23 [archive import: scored retroactively, not a live reading]",2024-01-23,scoring
2024-01-24,3.69,-1.738,0,down,"FRED BAMLHE00EHYIOAS OAS 2024-01-24 [archive import: scored retroactively, not a live reading]",2024-01-24,scoring
2024-01-25,3.75,-1.573,0,down,"FRED BAMLHE00EHYIOAS OAS 2024-01-25 [archive import: scored retroactively, not a live reading]",2024-01-25,scoring
2024-01-26,3.7,-1.711,0,down,"FRED BAMLHE00EHYIOAS OAS 2024-01-26 [archive import: scored retroactively, not a live reading]",2024-01-26,scoring
2024-01-29,3.74,-1.600,0,down,"FRED BAMLHE00EHYIOAS OAS 2024-01-29 [archive import: scored retroactively, not a live reading]",2024-01-29,scoring
2024-01-30,3.7,-1.616,0,down,"FRED BAMLHE00EHYIOAS OAS 2024-01-30 [archive import: scored retroactively, not a live reading]",2024-01-30,scoring
2024-01-31,3.85,-1.225,0,down,"FRED BAMLHE00EHYIOAS OAS 2024-01-31 [archive import: scored retroactively, not a live reading]",2024-01-31,scoring
2024-02-01,3.89,-1.121,0,down,"FRED BAMLHE00EHYIOAS OAS 2024-02-01 [archive import: scored retroactively, not a live reading]",2024-02-01,scoring
2024-02-02,3.75,-1.485,0,down,"FRED BAMLHE00EHYIOAS OAS 2024-02-02 [archive import: scored retroactively, not a live reading]",2024-02-02,scoring
2024-02-05,3.74,-1.498,0,down,"FRED BAMLHE00EHYIOAS OAS 2024-02-05 [archive import: scored retroactively, not a live reading]",2024-02-05,scoring
2024-02-06,3.77,-1.394,0,down,"FRED BAMLHE00EHYIOAS OAS 2024-02-06 [archive import: scored retroactively, not a live reading]",2024-02-06,scoring
2024-02-07,3.77,-1.368,0,down,"FRED BAMLHE00EHYIOAS OAS 2024-02-07 [archive import: scored retroactively, not a live reading]",2024-02-07,scoring
2024-02-08,3.71,-1.498,0,down,"FRED BAMLHE00EHYIOAS OAS 2024-02-08 [archive import: scored retroactively, not a live reading]",2024-02-08,scoring
2024-02-09,3.66,-1.603,0,down,"FRED BAMLHE00EHYIOAS OAS 2024-02-09 [archive import: scored retroactively, not a live reading]",2024-02-09,scoring
2024-02-12,3.64,-1.551,0,down,"FRED BAMLHE00EHYIOAS OAS 2024-02-12 [archive import: scored retroactively, not a live reading]",2024-02-12,scoring
2024-02-13,3.63,-1.472,0,down,"FRED BAMLHE00EHYIOAS OAS 2024-02-13 [archive import: scored retroactively, not a live reading]",2024-02-13,scoring
2024-02-14,3.63,-1.433,0,down,"FRED BAMLHE00EHYIOAS OAS 2024-02-14 [archive import: scored retroactively, not a live reading]",2024-02-14,scoring
2024-02-15,3.59,-1.511,0,down,"FRED BAMLHE00EHYIOAS OAS 2024-02-15 [archive import: scored retroactively, not a live reading]",2024-02-15,scoring
2024-02-16,3.52,-1.577,0,down,"FRED BAMLHE00EHYIOAS OAS 2024-02-16 [archive import: scored retroactively, not a live reading]",2024-02-16,scoring
2024-02-19,3.52,-1.383,0,down,"FRED BAMLHE00EHYIOAS OAS 2024-02-19 [archive import: scored retroactively, not a live reading]",2024-02-19,scoring
2024-02-20,3.54,-1.321,0,down,"FRED BAMLHE00EHYIOAS OAS 2024-02-20 [archive import: scored retroactively, not a live reading]",2024-02-20,scoring
2024-02-21,3.49,-1.395,0,down,"FRED BAMLHE00EHYIOAS OAS 2024-02-21 [archive import: scored retroactively, not a live reading]",2024-02-21,scoring
2024-02-22,3.43,-1.457,0,down,"FRED BAMLHE00EHYIOAS OAS 2024-02-22 [archive import: scored retroactively, not a live reading]",2024-02-22,scoring
2024-02-23,3.43,-1.407,0,down,"FRED BAMLHE00EHYIOAS OAS 2024-02-23 [archive import: scored retroactively, not a live reading]",2024-02-23,scoring
2024-02-26,3.37,-1.543,0,down,"FRED BAMLHE00EHYIOAS OAS 2024-02-26 [archive import: scored retroactively, not a live reading]",2024-02-26,scoring
2024-02-27,3.41,-1.407,0,down,"FRED BAMLHE00EHYIOAS OAS 2024-02-27 [archive import: scored retroactively, not a live reading]",2024-02-27,scoring
2024-02-28,3.44,-1.308,0,down,"FRED BAMLHE00EHYIOAS OAS 2024-02-28 [archive import: scored retroactively, not a live reading]",2024-02-28,scoring
2024-02-29,3.46,-1.247,0,down,"FRED BAMLHE00EHYIOAS OAS 2024-02-29 [archive import: scored retroactively, not a live reading]",2024-02-29,scoring
2024-03-01,3.46,-1.234,0,down,"FRED BAMLHE00EHYIOAS OAS 2024-03-01 [archive import: scored retroactively, not a live reading]",2024-03-01,scoring
2024-03-04,3.44,-1.271,0,down,"FRED BAMLHE00EHYIOAS OAS 2024-03-04 [archive import: scored retroactively, not a live reading]",2024-03-04,scoring
2024-03-05,3.5,-1.111,0,down,"FRED BAMLHE00EHYIOAS OAS 2024-03-05 [archive import: scored retroactively, not a live reading]",2024-03-05,scoring
2024-03-06,3.49,-1.186,0,down,"FRED BAMLHE00EHYIOAS OAS 2024-03-06 [archive import: scored retroactively, not a live reading]",2024-03-06,scoring
2024-03-07,3.49,-1.173,0,down,"FRED BAMLHE00EHYIOAS OAS 2024-03-07 [archive import: scored retroactively, not a live reading]",2024-03-07,scoring
2024-03-08,3.49,-1.173,0,down,"FRED BAMLHE00EHYIOAS OAS 2024-03-08 [archive import: scored retroactively, not a live reading]",2024-03-08,scoring
2024-03-11,3.45,-1.338,0,down,"FRED BAMLHE00EHYIOAS OAS 2024-03-11 [archive import: scored retroactively, not a live reading]",2024-03-11,scoring
2024-03-12,3.38,-1.504,0,down,"FRED BAMLHE00EHYIOAS OAS 2024-03-12 [archive import: scored retroactively, not a live reading]",2024-03-12,scoring
2024-03-13,3.32,-1.614,0,down,"FRED BAMLHE00EHYIOAS OAS 2024-03-13 [archive import: scored retroactively, not a live reading]",2024-03-13,scoring
2024-03-14,3.32,-1.559,0,down,"FRED BAMLHE00EHYIOAS OAS 2024-03-14 [archive import: scored retroactively, not a live reading]",2024-03-14,scoring
2024-03-15,3.32,-1.545,0,down,"FRED BAMLHE00EHYIOAS OAS 2024-03-15 [archive import: scored retroactively, not a live reading]",2024-03-15,scoring
2024-03-18,3.32,-1.504,0,down,"FRED BAMLHE00EHYIOAS OAS 2024-03-18 [archive import: scored retroactively, not a live reading]",2024-03-18,scoring
2024-03-19,3.35,-1.366,0,down,"FRED BAMLHE00EHYIOAS OAS 2024-03-19 [archive import: scored retroactively, not a live reading]",2024-03-19,scoring
2024-03-20,3.39,-1.319,0,down,"FRED BAMLHE00EHYIOAS OAS 2024-03-20 [archive import: scored retroactively, not a live reading]",2024-03-20,scoring
2024-03-21,3.44,-1.158,0,down,"FRED BAMLHE00EHYIOAS OAS 2024-03-21 [archive import: scored retroactively, not a live reading]",2024-03-21,scoring
2024-03-22,3.52,-0.880,0,down,"FRED BAMLHE00EHYIOAS OAS 2024-03-22 [archive import: scored retroactively, not a live reading]",2024-03-22,scoring
2024-03-25,3.47,-1.016,0,down,"FRED BAMLHE00EHYIOAS OAS 2024-03-25 [archive import: scored retroactively, not a live reading]",2024-03-25,scoring
2024-03-26,3.47,-0.954,0,down,"FRED BAMLHE00EHYIOAS OAS 2024-03-26 [archive import: scored retroactively, not a live reading]",2024-03-26,scoring
2024-03-27,3.53,-0.751,0,down,"FRED BAMLHE00EHYIOAS OAS 2024-03-27 [archive import: scored retroactively, not a live reading]",2024-03-27,scoring
2024-03-28,3.52,-0.782,0,down,"FRED BAMLHE00EHYIOAS OAS 2024-03-28 [archive import: scored retroactively, not a live reading]",2024-03-28,scoring
2024-03-31,3.58,-0.620,0,down,"FRED BAMLHE00EHYIOAS OAS 2024-03-31 [archive import: scored retroactively, not a live reading]",2024-03-31,scoring
2024-04-01,3.58,-0.586,0,down,"FRED BAMLHE00EHYIOAS OAS 2024-04-01 [archive import: scored retroactively, not a live reading]",2024-04-01,scoring
2024-04-02,3.58,-0.570,0,down,"FRED BAMLHE00EHYIOAS OAS 2024-04-02 [archive import: scored retroactively, not a live reading]",2024-04-02,scoring
2024-04-03,3.59,-0.519,0,down,"FRED BAMLHE00EHYIOAS OAS 2024-04-03 [archive import: scored retroactively, not a live reading]",2024-04-03,scoring
2024-04-04,3.56,-0.649,0,down,"FRED BAMLHE00EHYIOAS OAS 2024-04-04 [archive import: scored retroactively, not a live reading]",2024-04-04,scoring
2024-04-05,3.57,-0.595,0,down,"FRED BAMLHE00EHYIOAS OAS 2024-04-05 [archive import: scored retroactively, not a live reading]",2024-04-05,scoring
2024-04-08,3.53,-0.686,0,down,"FRED BAMLHE00EHYIOAS OAS 2024-04-08 [archive import: scored retroactively, not a live reading]",2024-04-08,scoring
2024-04-09,3.57,-0.528,0,down,"FRED BAMLHE00EHYIOAS OAS 2024-04-09 [archive import: scored retroactively, not a live reading]",2024-04-09,scoring
2024-04-10,3.52,-0.704,0,down,"FRED BAMLHE00EHYIOAS OAS 2024-04-10 [archive import: scored retroactively, not a live reading]",2024-04-10,scoring
2024-04-11,3.56,-0.528,0,down,"FRED BAMLHE00EHYIOAS OAS 2024-04-11 [archive import: scored retroactively, not a live reading]",2024-04-11,scoring
2024-04-12,3.68,0.021,0,up,"FRED BAMLHE00EHYIOAS OAS 2024-04-12 [archive import: scored retroactively, not a live reading]",2024-04-12,scoring
2024-04-15,3.65,-0.085,0,down,"FRED BAMLHE00EHYIOAS OAS 2024-04-15 [archive import: scored retroactively, not a live reading]",2024-04-15,scoring
2024-04-16,3.77,0.490,0,up,"FRED BAMLHE00EHYIOAS OAS 2024-04-16 [archive import: scored retroactively, not a live reading]",2024-04-16,scoring
2024-04-17,3.73,0.320,0,up,"FRED BAMLHE00EHYIOAS OAS 2024-04-17 [archive import: scored retroactively, not a live reading]",2024-04-17,scoring
2024-04-18,3.68,0.107,0,up,"FRED BAMLHE00EHYIOAS OAS 2024-04-18 [archive import: scored retroactively, not a live reading]",2024-04-18,scoring
2024-04-19,3.66,0.023,0,up,"FRED BAMLHE00EHYIOAS OAS 2024-04-19 [archive import: scored retroactively, not a live reading]",2024-04-19,scoring
2024-04-22,3.65,-0.023,0,down,"FRED BAMLHE00EHYIOAS OAS 2024-04-22 [archive import: scored retroactively, not a live reading]",2024-04-22,scoring
2024-04-23,3.59,-0.281,0,down,"FRED BAMLHE00EHYIOAS OAS 2024-04-23 [archive import: scored retroactively, not a live reading]",2024-04-23,scoring
2024-04-24,3.55,-0.446,0,down,"FRED BAMLHE00EHYIOAS OAS 2024-04-24 [archive import: scored retroactively, not a live reading]",2024-04-24,scoring
2024-04-25,3.57,-0.305,0,down,"FRED BAMLHE00EHYIOAS OAS 2024-04-25 [archive import: scored retroactively, not a live reading]",2024-04-25,scoring
2024-04-26,3.57,-0.281,0,down,"FRED BAMLHE00EHYIOAS OAS 2024-04-26 [archive import: scored retroactively, not a live reading]",2024-04-26,scoring
2024-04-29,3.58,-0.156,0,down,"FRED BAMLHE00EHYIOAS OAS 2024-04-29 [archive import: scored retroactively, not a live reading]",2024-04-29,scoring
2024-04-30,3.5,-0.469,0,down,"FRED BAMLHE00EHYIOAS OAS 2024-04-30 [archive import: scored retroactively, not a live reading]",2024-04-30,scoring
2024-05-01,3.5,-0.469,0,down,"FRED BAMLHE00EHYIOAS OAS 2024-05-01 [archive import: scored retroactively, not a live reading]",2024-05-01,scoring
2024-05-02,3.51,-0.391,0,down,"FRED BAMLHE00EHYIOAS OAS 2024-05-02 [archive import: scored retroactively, not a live reading]",2024-05-02,scoring
2024-05-03,3.53,-0.293,0,down,"FRED BAMLHE00EHYIOAS OAS 2024-05-03 [archive import: scored retroactively, not a live reading]",2024-05-03,scoring
2024-05-06,3.55,-0.176,0,down,"FRED BAMLHE00EHYIOAS OAS 2024-05-06 [archive import: scored retroactively, not a live reading]",2024-05-06,scoring
2024-05-07,3.49,-0.528,0,down,"FRED BAMLHE00EHYIOAS OAS 2024-05-07 [archive import: scored retroactively, not a live reading]",2024-05-07,scoring
2024-05-08,3.44,-0.792,0,down,"FRED BAMLHE00EHYIOAS OAS 2024-05-08 [archive import: scored retroactively, not a live reading]",2024-05-08,scoring
2024-05-09,3.41,-0.938,0,down,"FRED BAMLHE00EHYIOAS OAS 2024-05-09 [archive import: scored retroactively, not a live reading]",2024-05-09,scoring
2024-05-10,3.39,-1.055,0,down,"FRED BAMLHE00EHYIOAS OAS 2024-05-10 [archive import: scored retroactively, not a live reading]",2024-05-10,scoring
2024-05-13,3.41,-1.072,0,down,"FRED BAMLHE00EHYIOAS OAS 2024-05-13 [archive import: scored retroactively, not a live reading]",2024-05-13,scoring
2024-05-14,3.39,-1.173,0,down,"FRED BAMLHE00EHYIOAS OAS 2024-05-14 [archive import: scored retroactively, not a live reading]",2024-05-14,scoring
2024-05-15,3.43,-0.871,0,down,"FRED BAMLHE00EHYIOAS OAS 2024-05-15 [archive import: scored retroactively, not a live reading]",2024-05-15,scoring
2024-05-16,3.37,-1.240,0,down,"FRED BAMLHE00EHYIOAS OAS 2024-05-16 [archive import: scored retroactively, not a live reading]",2024-05-16,scoring
2024-05-17,3.31,-1.608,0,down,"FRED BAMLHE00EHYIOAS OAS 2024-05-17 [archive import: scored retroactively, not a live reading]",2024-05-17,scoring
2024-05-20,3.29,-1.709,0,down,"FRED BAMLHE00EHYIOAS OAS 2024-05-20 [archive import: scored retroactively, not a live reading]",2024-05-20,scoring
2024-05-21,3.3,-1.575,0,down,"FRED BAMLHE00EHYIOAS OAS 2024-05-21 [archive import: scored retroactively, not a live reading]",2024-05-21,scoring
2024-05-22,3.28,-1.675,0,down,"FRED BAMLHE00EHYIOAS OAS 2024-05-22 [archive import: scored retroactively, not a live reading]",2024-05-22,scoring
2024-05-23,3.21,-2.144,0,down,"FRED BAMLHE00EHYIOAS OAS 2024-05-23 [archive import: scored retroactively, not a live reading]",2024-05-23,scoring
2024-05-24,3.24,-1.910,0,down,"FRED BAMLHE00EHYIOAS OAS 2024-05-24 [archive import: scored retroactively, not a live reading]",2024-05-24,scoring
2024-05-27,3.29,-1.541,0,down,"FRED BAMLHE00EHYIOAS OAS 2024-05-27 [archive import: scored retroactively, not a live reading]",2024-05-27,scoring
2024-05-28,3.24,-1.876,0,down,"FRED BAMLHE00EHYIOAS OAS 2024-05-28 [archive import: scored retroactively, not a live reading]",2024-05-28,scoring
2024-05-29,3.23,-1.943,0,down,"FRED BAMLHE00EHYIOAS OAS 2024-05-29 [archive import: scored retroactively, not a live reading]",2024-05-29,scoring
2024-05-30,3.25,-1.809,0,down,"FRED BAMLHE00EHYIOAS OAS 2024-05-30 [archive import: scored retroactively, not a live reading]",2024-05-30,scoring
2024-05-31,3.29,-1.508,0,down,"FRED BAMLHE00EHYIOAS OAS 2024-05-31 [archive import: scored retroactively, not a live reading]",2024-05-31,scoring
2024-06-03,3.21,-1.977,0,down,"FRED BAMLHE00EHYIOAS OAS 2024-06-03 [archive import: scored retroactively, not a live reading]",2024-06-03,scoring
2024-06-04,3.24,-1.742,0,down,"FRED BAMLHE00EHYIOAS OAS 2024-06-04 [archive import: scored retroactively, not a live reading]",2024-06-04,scoring
2024-06-05,3.24,-1.742,0,down,"FRED BAMLHE00EHYIOAS OAS 2024-06-05 [archive import: scored retroactively, not a live reading]",2024-06-05,scoring
2024-06-06,3.18,-2.111,0,down,"FRED BAMLHE00EHYIOAS OAS 2024-06-06 [archive import: scored retroactively, not a live reading]",2024-06-06,scoring
2024-06-07,3.13,-2.412,0,down,"FRED BAMLHE00EHYIOAS OAS 2024-06-07 [archive import: scored retroactively, not a live reading]",2024-06-07,scoring
2024-06-10,3.17,-2.144,0,down,"FRED BAMLHE00EHYIOAS OAS 2024-06-10 [archive import: scored retroactively, not a live reading]",2024-06-10,scoring
2024-06-11,3.25,-1.608,0,down,"FRED BAMLHE00EHYIOAS OAS 2024-06-11 [archive import: scored retroactively, not a live reading]",2024-06-11,scoring
2024-06-12,3.27,-1.474,0,down,"FRED BAMLHE00EHYIOAS OAS 2024-06-12 [archive import: scored retroactively, not a live reading]",2024-06-12,scoring
2024-06-13,3.32,-1.072,0,down,"FRED BAMLHE00EHYIOAS OAS 2024-06-13 [archive import: scored retroactively, not a live reading]",2024-06-13,scoring
2024-06-14,3.55,0.536,0,up,"FRED BAMLHE00EHYIOAS OAS 2024-06-14 [archive import: scored retroactively, not a live reading]",2024-06-14,scoring
2024-06-17,3.55,0.536,0,up,"FRED BAMLHE00EHYIOAS OAS 2024-06-17 [archive import: scored retroactively, not a live reading]",2024-06-17,scoring
2024-06-18,3.5,0.201,0,up,"FRED BAMLHE00EHYIOAS OAS 2024-06-18 [archive import: scored retroactively, not a live reading]",2024-06-18,scoring
2024-06-19,3.47,0.000,0,flat,"FRED BAMLHE00EHYIOAS OAS 2024-06-19 [archive import: scored retroactively, not a live reading]",2024-06-19,scoring
2024-06-20,3.45,-0.156,0,down,"FRED BAMLHE00EHYIOAS OAS 2024-06-20 [archive import: scored retroactively, not a live reading]",2024-06-20,scoring
2024-06-21,3.49,0.195,0,up,"FRED BAMLHE00EHYIOAS OAS 2024-06-21 [archive import: scored retroactively, not a live reading]",2024-06-21,scoring
2024-06-24,3.48,0.117,0,up,"FRED BAMLHE00EHYIOAS OAS 2024-06-24 [archive import: scored retroactively, not a live reading]",2024-06-24,scoring
2024-06-25,3.48,0.117,0,up,"FRED BAMLHE00EHYIOAS OAS 2024-06-25 [archive import: scored retroactively, not a live reading]",2024-06-25,scoring
2024-06-26,3.46,-0.039,0,down,"FRED BAMLHE00EHYIOAS OAS 2024-06-26 [archive import: scored retroactively, not a live reading]",2024-06-26,scoring
2024-06-27,3.49,0.235,0,up,"FRED BAMLHE00EHYIOAS OAS 2024-06-27 [archive import: scored retroactively, not a live reading]",2024-06-27,scoring
2024-06-28,3.48,0.117,0,up,"FRED BAMLHE00EHYIOAS OAS 2024-06-28 [archive import: scored retroactively, not a live reading]",2024-06-28,scoring
2024-06-30,3.53,0.469,0,up,"FRED BAMLHE00EHYIOAS OAS 2024-06-30 [archive import: scored retroactively, not a live reading]",2024-06-30,scoring
2024-07-01,3.39,-0.625,0,down,"FRED BAMLHE00EHYIOAS OAS 2024-07-01 [archive import: scored retroactively, not a live reading]",2024-07-01,scoring
2024-07-02,3.4,-0.547,0,down,"FRED BAMLHE00EHYIOAS OAS 2024-07-02 [archive import: scored retroactively, not a live reading]",2024-07-02,scoring
2024-07-03,3.38,-0.704,0,down,"FRED BAMLHE00EHYIOAS OAS 2024-07-03 [archive import: scored retroactively, not a live reading]",2024-07-03,scoring
2024-07-04,3.33,-1.094,0,down,"FRED BAMLHE00EHYIOAS OAS 2024-07-04 [archive import: scored retroactively, not a live reading]",2024-07-04,scoring
2024-07-05,3.36,-0.737,0,down,"FRED BAMLHE00EHYIOAS OAS 2024-07-05 [archive import: scored retroactively, not a live reading]",2024-07-05,scoring
2024-07-08,3.34,-0.871,0,down,"FRED BAMLHE00EHYIOAS OAS 2024-07-08 [archive import: scored retroactively, not a live reading]",2024-07-08,scoring
2024-07-09,3.32,-1.005,0,down,"FRED BAMLHE00EHYIOAS OAS 2024-07-09 [archive import: scored retroactively, not a live reading]",2024-07-09,scoring
2024-07-10,3.34,-0.838,0,down,"FRED BAMLHE00EHYIOAS OAS 2024-07-10 [archive import: scored retroactively, not a live reading]",2024-07-10,scoring
2024-07-11,3.39,-0.436,0,down,"FRED BAMLHE00EHYIOAS OAS 2024-07-11 [archive import: scored retroactively, not a live reading]",2024-07-11,scoring
2024-07-12,3.36,-0.603,0,down,"FRED BAMLHE00EHYIOAS OAS 2024-07-12 [archive import: scored retroactively, not a live reading]",2024-07-12,scoring
2024-07-15,3.37,-0.503,0,down,"FRED BAMLHE00EHYIOAS OAS 2024-07-15 [archive import: scored retroactively, not a live reading]",2024-07-15,scoring
2024-07-16,3.4,-0.302,0,down,"FRED BAMLHE00EHYIOAS OAS 2024-07-16 [archive import: scored retroactively, not a live reading]",2024-07-16,scoring
2024-07-17,3.4,-0.302,0,down,"FRED BAMLHE00EHYIOAS OAS 2024-07-17 [archive import: scored retroactively, not a live reading]",2024-07-17,scoring
2024-07-18,3.41,-0.235,0,down,"FRED BAMLHE00EHYIOAS OAS 2024-07-18 [archive import: scored retroactively, not a live reading]",2024-07-18,scoring
2024-07-19,3.39,-0.369,0,down,"FRED BAMLHE00EHYIOAS OAS 2024-07-19 [archive import: scored retroactively, not a live reading]",2024-07-19,scoring
2024-07-22,3.34,-0.704,0,down,"FRED BAMLHE00EHYIOAS OAS 2024-07-22 [archive import: scored retroactively, not a live reading]",2024-07-22,scoring
2024-07-23,3.36,-0.570,0,down,"FRED BAMLHE00EHYIOAS OAS 2024-07-23 [archive import: scored retroactively, not a live reading]",2024-07-23,scoring
2024-07-24,3.39,-0.369,0,down,"FRED BAMLHE00EHYIOAS OAS 2024-07-24 [archive import: scored retroactively, not a live reading]",2024-07-24,scoring
2024-07-25,3.46,0.101,0,up,"FRED BAMLHE00EHYIOAS OAS 2024-07-25 [archive import: scored retroactively, not a live reading]",2024-07-25,scoring
2024-07-26,3.47,0.168,0,up,"FRED BAMLHE00EHYIOAS OAS 2024-07-26 [archive import: scored retroactively, not a live reading]",2024-07-26,scoring
2024-07-29,3.47,0.168,0,up,"FRED BAMLHE00EHYIOAS OAS 2024-07-29 [archive import: scored retroactively, not a live reading]",2024-07-29,scoring
2024-07-30,3.47,0.168,0,up,"FRED BAMLHE00EHYIOAS OAS 2024-07-30 [archive import: scored retroactively, not a live reading]",2024-07-30,scoring
2024-07-31,3.56,0.771,0,up,"FRED BAMLHE00EHYIOAS OAS 2024-07-31 [archive import: scored retroactively, not a live reading]",2024-07-31,scoring
2024-08-01,3.6,1.039,0,up,"FRED BAMLHE00EHYIOAS OAS 2024-08-01 [archive import: scored retroactively, not a live reading]",2024-08-01,scoring
2024-08-02,3.79,2.312,0,up,"FRED BAMLHE00EHYIOAS OAS 2024-08-02 [archive import: scored retroactively, not a live reading]",2024-08-02,scoring
2024-08-05,4.02,3.853,1,up,"FRED BAMLHE00EHYIOAS OAS 2024-08-05 [archive import: scored retroactively, not a live reading]",2024-08-05,scoring
2024-08-06,3.93,3.250,1,up,"FRED BAMLHE00EHYIOAS OAS 2024-08-06 [archive import: scored retroactively, not a live reading]",2024-08-06,scoring
2024-08-07,3.78,2.245,0,up,"FRED BAMLHE00EHYIOAS OAS 2024-08-07 [archive import: scored retroactively, not a live reading]",2024-08-07,scoring
2024-08-08,3.79,2.023,0,up,"FRED BAMLHE00EHYIOAS OAS 2024-08-08 [archive import: scored retroactively, not a live reading]",2024-08-08,scoring
2024-08-09,3.79,2.023,0,up,"FRED BAMLHE00EHYIOAS OAS 2024-08-09 [archive import: scored retroactively, not a live reading]",2024-08-09,scoring
2024-08-12,3.75,1.788,0,up,"FRED BAMLHE00EHYIOAS OAS 2024-08-12 [archive import: scored retroactively, not a live reading]",2024-08-12,scoring
2024-08-13,3.78,1.964,0,up,"FRED BAMLHE00EHYIOAS OAS 2024-08-13 [archive import: scored retroactively, not a live reading]",2024-08-13,scoring
2024-08-14,3.74,1.730,0,up,"FRED BAMLHE00EHYIOAS OAS 2024-08-14 [archive import: scored retroactively, not a live reading]",2024-08-14,scoring
2024-08-15,3.63,1.085,0,up,"FRED BAMLHE00EHYIOAS OAS 2024-08-15 [archive import: scored retroactively, not a live reading]",2024-08-15,scoring
2024-08-16,3.59,0.850,0,up,"FRED BAMLHE00EHYIOAS OAS 2024-08-16 [archive import: scored retroactively, not a live reading]",2024-08-16,scoring
2024-08-19,3.57,0.733,0,up,"FRED BAMLHE00EHYIOAS OAS 2024-08-19 [archive import: scored retroactively, not a live reading]",2024-08-19,scoring
2024-08-20,3.6,0.909,0,up,"FRED BAMLHE00EHYIOAS OAS 2024-08-20 [archive import: scored retroactively, not a live reading]",2024-08-20,scoring
2024-08-21,3.62,1.026,0,up,"FRED BAMLHE00EHYIOAS OAS 2024-08-21 [archive import: scored retroactively, not a live reading]",2024-08-21,scoring
2024-08-22,3.58,0.792,0,up,"FRED BAMLHE00EHYIOAS OAS 2024-08-22 [archive import: scored retroactively, not a live reading]",2024-08-22,scoring
2024-08-23,3.59,0.850,0,up,"FRED BAMLHE00EHYIOAS OAS 2024-08-23 [archive import: scored retroactively, not a live reading]",2024-08-23,scoring
2024-08-26,3.61,0.967,0,up,"FRED BAMLHE00EHYIOAS OAS 2024-08-26 [archive import: scored retroactively, not a live reading]",2024-08-26,scoring
2024-08-27,3.53,0.498,0,up,"FRED BAMLHE00EHYIOAS OAS 2024-08-27 [archive import: scored retroactively, not a live reading]",2024-08-27,scoring
2024-08-28,3.52,0.440,0,up,"FRED BAMLHE00EHYIOAS OAS 2024-08-28 [archive import: scored retroactively, not a live reading]",2024-08-28,scoring
2024-08-29,3.5,0.322,0,up,"FRED BAMLHE00EHYIOAS OAS 2024-08-29 [archive import: scored retroactively, not a live reading]",2024-08-29,scoring
2024-08-30,3.48,0.205,0,up,"FRED BAMLHE00EHYIOAS OAS 2024-08-30 [archive import: scored retroactively, not a live reading]",2024-08-30,scoring
2024-08-31,3.43,-0.088,0,down,"FRED BAMLHE00EHYIOAS OAS 2024-08-31 [archive import: scored retroactively, not a live reading]",2024-08-31,scoring
2024-09-02,3.39,-0.302,0,down,"FRED BAMLHE00EHYIOAS OAS 2024-09-02 [archive import: scored retroactively, not a live reading]",2024-09-02,scoring
2024-09-03,3.44,0.067,0,up,"FRED BAMLHE00EHYIOAS OAS 2024-09-03 [archive import: scored retroactively, not a live reading]",2024-09-03,scoring
2024-09-04,3.55,0.804,0,up,"FRED BAMLHE00EHYIOAS OAS 2024-09-04 [archive import: scored retroactively, not a live reading]",2024-09-04,scoring
2024-09-05,3.54,0.737,0,up,"FRED BAMLHE00EHYIOAS OAS 2024-09-05 [archive import: scored retroactively, not a live reading]",2024-09-05,scoring
2024-09-06,3.59,1.072,0,up,"FRED BAMLHE00EHYIOAS OAS 2024-09-06 [archive import: scored retroactively, not a live reading]",2024-09-06,scoring
2024-09-09,3.59,1.072,0,up,"FRED BAMLHE00EHYIOAS OAS 2024-09-09 [archive import: scored retroactively, not a live reading]",2024-09-09,scoring
2024-09-10,3.61,1.055,0,up,"FRED BAMLHE00EHYIOAS OAS 2024-09-10 [archive import: scored retroactively, not a live reading]",2024-09-10,scoring
2024-09-11,3.73,1.730,0,up,"FRED BAMLHE00EHYIOAS OAS 2024-09-11 [archive import: scored retroactively, not a live reading]",2024-09-11,scoring
2024-09-12,3.61,0.967,0,up,"FRED BAMLHE00EHYIOAS OAS 2024-09-12 [archive import: scored retroactively, not a live reading]",2024-09-12,scoring
2024-09-13,3.59,0.792,0,up,"FRED BAMLHE00EHYIOAS OAS 2024-09-13 [archive import: scored retroactively, not a live reading]",2024-09-13,scoring
2024-09-16,3.59,0.762,0,up,"FRED BAMLHE00EHYIOAS OAS 2024-09-16 [archive import: scored retroactively, not a live reading]",2024-09-16,scoring
2024-09-17,3.54,0.440,0,up,"FRED BAMLHE00EHYIOAS OAS 2024-09-17 [archive import: scored retroactively, not a live reading]",2024-09-17,scoring
2024-09-18,3.5,0.176,0,up,"FRED BAMLHE00EHYIOAS OAS 2024-09-18 [archive import: scored retroactively, not a live reading]",2024-09-18,scoring
2024-09-19,3.44,-0.176,0,down,"FRED BAMLHE00EHYIOAS OAS 2024-09-19 [archive import: scored retroactively, not a live reading]",2024-09-19,scoring
2024-09-20,3.42,-0.293,0,down,"FRED BAMLHE00EHYIOAS OAS 2024-09-20 [archive import: scored retroactively, not a live reading]",2024-09-20,scoring
2024-09-23,3.48,0.059,0,up,"FRED BAMLHE00EHYIOAS OAS 2024-09-23 [archive import: scored retroactively, not a live reading]",2024-09-23,scoring
2024-09-24,3.5,0.176,0,up,"FRED BAMLHE00EHYIOAS OAS 2024-09-24 [archive import: scored retroactively, not a live reading]",2024-09-24,scoring
2024-09-25,3.47,-0.029,0,down,"FRED BAMLHE00EHYIOAS OAS 2024-09-25 [archive import: scored retroactively, not a live reading]",2024-09-25,scoring
2024-09-26,3.47,-0.029,0,down,"FRED BAMLHE00EHYIOAS OAS 2024-09-26 [archive import: scored retroactively, not a live reading]",2024-09-26,scoring
2024-09-27,3.47,-0.034,0,down,"FRED BAMLHE00EHYIOAS OAS 2024-09-27 [archive import: scored retroactively, not a live reading]",2024-09-27,scoring
2024-09-30,3.42,-0.369,0,down,"FRED BAMLHE00EHYIOAS OAS 2024-09-30 [archive import: scored retroactively, not a live reading]",2024-09-30,scoring
2024-10-01,3.45,-0.168,0,down,"FRED BAMLHE00EHYIOAS OAS 2024-10-01 [archive import: scored retroactively, not a live reading]",2024-10-01,scoring
2024-10-02,3.43,-0.302,0,down,"FRED BAMLHE00EHYIOAS OAS 2024-10-02 [archive import: scored retroactively, not a live reading]",2024-10-02,scoring
2024-10-03,3.42,-0.369,0,down,"FRED BAMLHE00EHYIOAS OAS 2024-10-03 [archive import: scored retroactively, not a live reading]",2024-10-03,scoring
2024-10-04,3.33,-1.134,0,down,"FRED BAMLHE00EHYIOAS OAS 2024-10-04 [archive import: scored retroactively, not a live reading]",2024-10-04,scoring
2024-10-07,3.31,-1.290,0,down,"FRED BAMLHE00EHYIOAS OAS 2024-10-07 [archive import: scored retroactively, not a live reading]",2024-10-07,scoring
2024-10-08,3.33,-1.134,0,down,"FRED BAMLHE00EHYIOAS OAS 2024-10-08 [archive import: scored retroactively, not a live reading]",2024-10-08,scoring
2024-10-09,3.32,-1.212,0,down,"FRED BAMLHE00EHYIOAS OAS 2024-10-09 [archive import: scored retroactively, not a live reading]",2024-10-09,scoring
2024-10-10,3.32,-1.212,0,down,"FRED BAMLHE00EHYIOAS OAS 2024-10-10 [archive import: scored retroactively, not a live reading]",2024-10-10,scoring
2024-10-11,3.29,-1.446,0,down,"FRED BAMLHE00EHYIOAS OAS 2024-10-11 [archive import: scored retroactively, not a live reading]",2024-10-11,scoring
2024-10-14,3.24,-1.837,0,down,"FRED BAMLHE00EHYIOAS OAS 2024-10-14 [archive import: scored retroactively, not a live reading]",2024-10-14,scoring
2024-10-15,3.27,-1.603,0,down,"FRED BAMLHE00EHYIOAS OAS 2024-10-15 [archive import: scored retroactively, not a live reading]",2024-10-15,scoring
2024-10-16,3.3,-1.368,0,down,"FRED BAMLHE00EHYIOAS OAS 2024-10-16 [archive import: scored retroactively, not a live reading]",2024-10-16,scoring
2024-10-17,3.25,-1.720,0,down,"FRED BAMLHE00EHYIOAS OAS 2024-10-17 [archive import: scored retroactively, not a live reading]",2024-10-17,scoring
2024-10-18,3.27,-1.564,0,down,"FRED BAMLHE00EHYIOAS OAS 2024-10-18 [archive import: scored retroactively, not a live reading]",2024-10-18,scoring
2024-10-21,3.2,-2.111,0,down,"FRED BAMLHE00EHYIOAS OAS 2024-10-21 [archive import: scored retroactively, not a live reading]",2024-10-21,scoring
2024-10-22,3.23,-1.608,0,down,"FRED BAMLHE00EHYIOAS OAS 2024-10-22 [archive import: scored retroactively, not a live reading]",2024-10-22,scoring
2024-10-23,3.25,-1.474,0,down,"FRED BAMLHE00EHYIOAS OAS 2024-10-23 [archive import: scored retroactively, not a live reading]",2024-10-23,scoring
2024-10-24,3.28,-1.273,0,down,"FRED BAMLHE00EHYIOAS OAS 2024-10-24 [archive import: scored retroactively, not a live reading]",2024-10-24,scoring
2024-10-25,3.24,-1.541,0,down,"FRED BAMLHE00EHYIOAS OAS 2024-10-25 [archive import: scored retroactively, not a live reading]",2024-10-25,scoring
2024-10-28,3.24,-1.508,0,down,"FRED BAMLHE00EHYIOAS OAS 2024-10-28 [archive import: scored retroactively, not a live reading]",2024-10-28,scoring
2024-10-29,3.19,-1.843,0,down,"FRED BAMLHE00EHYIOAS OAS 2024-10-29 [archive import: scored retroactively, not a live reading]",2024-10-29,scoring
2024-10-30,3.12,-2.245,0,down,"FRED BAMLHE00EHYIOAS OAS 2024-10-30 [archive import: scored retroactively, not a live reading]",2024-10-30,scoring
2024-10-31,3.17,-1.612,0,down,"FRED BAMLHE00EHYIOAS OAS 2024-10-31 [archive import: scored retroactively, not a live reading]",2024-10-31,scoring
2024-11-01,3.19,-1.466,0,down,"FRED BAMLHE00EHYIOAS OAS 2024-11-01 [archive import: scored retroactively, not a live reading]",2024-11-01,scoring
2024-11-04,3.19,-1.466,0,down,"FRED BAMLHE00EHYIOAS OAS 2024-11-04 [archive import: scored retroactively, not a live reading]",2024-11-04,scoring
2024-11-05,3.18,-1.524,0,down,"FRED BAMLHE00EHYIOAS OAS 2024-11-05 [archive import: scored retroactively, not a live reading]",2024-11-05,scoring
2024-11-06,3.19,-1.466,0,down,"FRED BAMLHE00EHYIOAS OAS 2024-11-06 [archive import: scored retroactively, not a live reading]",2024-11-06,scoring
2024-11-07,3.2,-1.407,0,down,"FRED BAMLHE00EHYIOAS OAS 2024-11-07 [archive import: scored retroactively, not a live reading]",2024-11-07,scoring
2024-11-08,3.21,-1.199,0,down,"FRED BAMLHE00EHYIOAS OAS 2024-11-08 [archive import: scored retroactively, not a live reading]",2024-11-08,scoring
2024-11-11,3.23,-1.094,0,down,"FRED BAMLHE00EHYIOAS OAS 2024-11-11 [archive import: scored retroactively, not a live reading]",2024-11-11,scoring
2024-11-12,3.23,-1.094,0,down,"FRED BAMLHE00EHYIOAS OAS 2024-11-12 [archive import: scored retroactively, not a live reading]",2024-11-12,scoring
2024-11-13,3.2,-1.251,0,down,"FRED BAMLHE00EHYIOAS OAS 2024-11-13 [archive import: scored retroactively, not a live reading]",2024-11-13,scoring
2024-11-14,3.19,-1.303,0,down,"FRED BAMLHE00EHYIOAS OAS 2024-11-14 [archive import: scored retroactively, not a live reading]",2024-11-14,scoring
2024-11-15,3.18,-1.355,0,down,"FRED BAMLHE00EHYIOAS OAS 2024-11-15 [archive import: scored retroactively, not a live reading]",2024-11-15,scoring
2024-11-18,3.17,-1.407,0,down,"FRED BAMLHE00EHYIOAS OAS 2024-11-18 [archive import: scored retroactively, not a live reading]",2024-11-18,scoring
2024-11-19,3.21,-1.199,0,down,"FRED BAMLHE00EHYIOAS OAS 2024-11-19 [archive import: scored retroactively, not a live reading]",2024-11-19,scoring
2024-11-20,3.2,-1.251,0,down,"FRED BAMLHE00EHYIOAS OAS 2024-11-20 [archive import: scored retroactively, not a live reading]",2024-11-20,scoring
2024-11-21,3.25,-0.990,0,down,"FRED BAMLHE00EHYIOAS OAS 2024-11-21 [archive import: scored retroactively, not a live reading]",2024-11-21,scoring
2024-11-22,3.33,-0.573,0,down,"FRED BAMLHE00EHYIOAS OAS 2024-11-22 [archive import: scored retroactively, not a live reading]",2024-11-22,scoring
2024-11-25,3.33,-0.573,0,down,"FRED BAMLHE00EHYIOAS OAS 2024-11-25 [archive import: scored retroactively, not a live reading]",2024-11-25,scoring
2024-11-26,3.33,-0.573,0,down,"FRED BAMLHE00EHYIOAS OAS 2024-11-26 [archive import: scored retroactively, not a live reading]",2024-11-26,scoring
2024-11-27,3.35,-0.469,0,down,"FRED BAMLHE00EHYIOAS OAS 2024-11-27 [archive import: scored retroactively, not a live reading]",2024-11-27,scoring
2024-11-28,3.39,-0.235,0,down,"FRED BAMLHE00EHYIOAS OAS 2024-11-28 [archive import: scored retroactively, not a live reading]",2024-11-28,scoring
2024-11-29,3.41,-0.104,0,down,"FRED BAMLHE00EHYIOAS OAS 2024-11-29 [archive import: scored retroactively, not a live reading]",2024-11-29,scoring
2024-11-30,3.31,-0.599,0,down,"FRED BAMLHE00EHYIOAS OAS 2024-11-30 [archive import: scored retroactively, not a live reading]",2024-11-30,scoring
2024-12-02,3.32,-0.521,0,down,"FRED BAMLHE00EHYIOAS OAS 2024-12-02 [archive import: scored retroactively, not a live reading]",2024-12-02,scoring
2024-12-03,3.25,-0.886,0,down,"FRED BAMLHE00EHYIOAS OAS 2024-12-03 [archive import: scored retroactively, not a live reading]",2024-12-03,scoring
2024-12-04,3.18,-1.225,0,down,"FRED BAMLHE00EHYIOAS OAS 2024-12-04 [archive import: scored retroactively, not a live reading]",2024-12-04,scoring
2024-12-05,3.09,-1.616,0,down,"FRED BAMLHE00EHYIOAS OAS 2024-12-05 [archive import: scored retroactively, not a live reading]",2024-12-05,scoring
2024-12-06,3.06,-1.720,0,down,"FRED BAMLHE00EHYIOAS OAS 2024-12-06 [archive import: scored retroactively, not a live reading]",2024-12-06,scoring
2024-12-09,3.04,-1.720,0,down,"FRED BAMLHE00EHYIOAS OAS 2024-12-09 [archive import: scored retroactively, not a live reading]",2024-12-09,scoring
2024-12-10,3.05,-1.511,0,down,"FRED BAMLHE00EHYIOAS OAS 2024-12-10 [archive import: scored retroactively, not a live reading]",2024-12-10,scoring
2024-12-11,3.05,-1.459,0,down,"FRED BAMLHE00EHYIOAS OAS 2024-12-11 [archive import: scored retroactively, not a live reading]",2024-12-11,scoring
2024-12-12,3.01,-1.668,0,down,"FRED BAMLHE00EHYIOAS OAS 2024-12-12 [archive import: scored retroactively, not a live reading]",2024-12-12,scoring
2024-12-13,2.98,-1.824,0,down,"FRED BAMLHE00EHYIOAS OAS 2024-12-13 [archive import: scored retroactively, not a live reading]",2024-12-13,scoring
2024-12-16,2.99,-1.772,0,down,"FRED BAMLHE00EHYIOAS OAS 2024-12-16 [archive import: scored retroactively, not a live reading]",2024-12-16,scoring
2024-12-17,3.02,-1.788,0,down,"FRED BAMLHE00EHYIOAS OAS 2024-12-17 [archive import: scored retroactively, not a live reading]",2024-12-17,scoring
2024-12-18,3.03,-1.511,0,down,"FRED BAMLHE00EHYIOAS OAS 2024-12-18 [archive import: scored retroactively, not a live reading]",2024-12-18,scoring
2024-12-19,3.07,-1.303,0,down,"FRED BAMLHE00EHYIOAS OAS 2024-12-19 [archive import: scored retroactively, not a live reading]",2024-12-19,scoring
2024-12-20,3.11,-1.068,0,down,"FRED BAMLHE00EHYIOAS OAS 2024-12-20 [archive import: scored retroactively, not a live reading]",2024-12-20,scoring
2024-12-23,3.1,-1.094,0,down,"FRED BAMLHE00EHYIOAS OAS 2024-12-23 [archive import: scored retroactively, not a live reading]",2024-12-23,scoring
2024-12-24,3.1,-1.068,0,down,"FRED BAMLHE00EHYIOAS OAS 2024-12-24 [archive import: scored retroactively, not a live reading]",2024-12-24,scoring
2024-12-26,3.1,-1.016,0,down,"FRED BAMLHE00EHYIOAS OAS 2024-12-26 [archive import: scored retroactively, not a live reading]",2024-12-26,scoring
2024-12-27,3.08,-1.068,0,down,"FRED BAMLHE00EHYIOAS OAS 2024-12-27 [archive import: scored retroactively, not a live reading]",2024-12-27,scoring
2024-12-30,3.09,-0.964,0,down,"FRED BAMLHE00EHYIOAS OAS 2024-12-30 [archive import: scored retroactively, not a live reading]",2024-12-30,scoring
2024-12-31,3.11,-0.834,0,down,"FRED BAMLHE00EHYIOAS OAS 2024-12-31 [archive import: scored retroactively, not a live reading]",2024-12-31,scoring
2025-01-02,3.09,-0.886,0,down,"FRED BAMLHE00EHYIOAS OAS 2025-01-02 [archive import: scored retroactively, not a live reading]",2025-01-02,scoring
2025-01-03,3.03,-1.147,0,down,"FRED BAMLHE00EHYIOAS OAS 2025-01-03 [archive import: scored retroactively, not a live reading]",2025-01-03,scoring
2025-01-06,3.01,-1.251,0,down,"FRED BAMLHE00EHYIOAS OAS 2025-01-06 [archive import: scored retroactively, not a live reading]",2025-01-06,scoring
2025-01-07,3.01,-1.251,0,down,"FRED BAMLHE00EHYIOAS OAS 2025-01-07 [archive import: scored retroactively, not a live reading]",2025-01-07,scoring
2025-01-08,3.07,-0.912,0,down,"FRED BAMLHE00EHYIOAS OAS 2025-01-08 [archive import: scored retroactively, not a live reading]",2025-01-08,scoring
2025-01-09,3.11,-0.678,0,down,"FRED BAMLHE00EHYIOAS OAS 2025-01-09 [archive import: scored retroactively, not a live reading]",2025-01-09,scoring
2025-01-10,3.11,-0.762,0,down,"FRED BAMLHE00EHYIOAS OAS 2025-01-10 [archive import: scored retroactively, not a live reading]",2025-01-10,scoring
2025-01-13,3.18,-0.322,0,down,"FRED BAMLHE00EHYIOAS OAS 2025-01-13 [archive import: scored retroactively, not a live reading]",2025-01-13,scoring
2025-01-14,3.13,-0.586,0,down,"FRED BAMLHE00EHYIOAS OAS 2025-01-14 [archive import: scored retroactively, not a live reading]",2025-01-14,scoring
2025-01-15,3.1,-0.762,0,down,"FRED BAMLHE00EHYIOAS OAS 2025-01-15 [archive import: scored retroactively, not a live reading]",2025-01-15,scoring
2025-01-16,3.07,-0.880,0,down,"FRED BAMLHE00EHYIOAS OAS 2025-01-16 [archive import: scored retroactively, not a live reading]",2025-01-16,scoring
2025-01-17,3.07,-0.821,0,down,"FRED BAMLHE00EHYIOAS OAS 2025-01-17 [archive import: scored retroactively, not a live reading]",2025-01-17,scoring
2025-01-20,3.06,-0.972,0,down,"FRED BAMLHE00EHYIOAS OAS 2025-01-20 [archive import: scored retroactively, not a live reading]",2025-01-20,scoring
2025-01-21,3.05,-1.005,0,down,"FRED BAMLHE00EHYIOAS OAS 2025-01-21 [archive import: scored retroactively, not a live reading]",2025-01-21,scoring
2025-01-22,3.01,-1.273,0,down,"FRED BAMLHE00EHYIOAS OAS 2025-01-22 [archive import: scored retroactively, not a live reading]",2025-01-22,scoring
2025-01-23,2.99,-1.407,0,down,"FRED BAMLHE00EHYIOAS OAS 2025-01-23 [archive import: scored retroactively, not a live reading]",2025-01-23,scoring
2025-01-24,2.96,-1.575,0,down,"FRED BAMLHE00EHYIOAS OAS 2025-01-24 [archive import: scored retroactively, not a live reading]",2025-01-24,scoring
2025-01-27,3.04,-1.005,0,down,"FRED BAMLHE00EHYIOAS OAS 2025-01-27 [archive import: scored retroactively, not a live reading]",2025-01-27,scoring
2025-01-28,2.99,-1.340,0,down,"FRED BAMLHE00EHYIOAS OAS 2025-01-28 [archive import: scored retroactively, not a live reading]",2025-01-28,scoring
2025-01-29,2.96,-1.541,0,down,"FRED BAMLHE00EHYIOAS OAS 2025-01-29 [archive import: scored retroactively, not a live reading]",2025-01-29,scoring
2025-01-30,2.97,-1.474,0,down,"FRED BAMLHE00EHYIOAS OAS 2025-01-30 [archive import: scored retroactively, not a live reading]",2025-01-30,scoring
2025-01-31,3.02,-1.106,0,down,"FRED BAMLHE00EHYIOAS OAS 2025-01-31 [archive import: scored retroactively, not a live reading]",2025-01-31,scoring
2025-02-03,3.14,-0.313,0,down,"FRED BAMLHE00EHYIOAS OAS 2025-02-03 [archive import: scored retroactively, not a live reading]",2025-02-03,scoring
2025-02-04,3.08,-0.782,0,down,"FRED BAMLHE00EHYIOAS OAS 2025-02-04 [archive import: scored retroactively, not a live reading]",2025-02-04,scoring
2025-02-05,3.03,-1.173,0,down,"FRED BAMLHE00EHYIOAS OAS 2025-02-05 [archive import: scored retroactively, not a live reading]",2025-02-05,scoring
2025-02-06,2.97,-1.603,0,down,"FRED BAMLHE00EHYIOAS OAS 2025-02-06 [archive import: scored retroactively, not a live reading]",2025-02-06,scoring
2025-02-07,2.96,-1.642,0,down,"FRED BAMLHE00EHYIOAS OAS 2025-02-07 [archive import: scored retroactively, not a live reading]",2025-02-07,scoring
2025-02-10,2.99,-1.290,0,down,"FRED BAMLHE00EHYIOAS OAS 2025-02-10 [archive import: scored retroactively, not a live reading]",2025-02-10,scoring
2025-02-11,2.92,-1.681,0,down,"FRED BAMLHE00EHYIOAS OAS 2025-02-11 [archive import: scored retroactively, not a live reading]",2025-02-11,scoring
2025-02-12,2.98,-1.134,0,down,"FRED BAMLHE00EHYIOAS OAS 2025-02-12 [archive import: scored retroactively, not a live reading]",2025-02-12,scoring
2025-02-13,2.97,-1.134,0,down,"FRED BAMLHE00EHYIOAS OAS 2025-02-13 [archive import: scored retroactively, not a live reading]",2025-02-13,scoring
2025-02-14,2.92,-1.485,0,down,"FRED BAMLHE00EHYIOAS OAS 2025-02-14 [archive import: scored retroactively, not a live reading]",2025-02-14,scoring
2025-02-17,2.89,-1.720,0,down,"FRED BAMLHE00EHYIOAS OAS 2025-02-17 [archive import: scored retroactively, not a live reading]",2025-02-17,scoring
2025-02-18,2.76,-2.736,0,down,"FRED BAMLHE00EHYIOAS OAS 2025-02-18 [archive import: scored retroactively, not a live reading]",2025-02-18,scoring
2025-02-19,2.74,-2.853,0,down,"FRED BAMLHE00EHYIOAS OAS 2025-02-19 [archive import: scored retroactively, not a live reading]",2025-02-19,scoring
2025-02-20,2.76,-2.658,0,down,"FRED BAMLHE00EHYIOAS OAS 2025-02-20 [archive import: scored retroactively, not a live reading]",2025-02-20,scoring
2025-02-21,2.8,-2.345,0,down,"FRED BAMLHE00EHYIOAS OAS 2025-02-21 [archive import: scored retroactively, not a live reading]",2025-02-21,scoring
2025-02-24,2.81,-2.267,0,down,"FRED BAMLHE00EHYIOAS OAS 2025-02-24 [archive import: scored retroactively, not a live reading]",2025-02-24,scoring
2025-02-25,2.81,-2.228,0,down,"FRED BAMLHE00EHYIOAS OAS 2025-02-25 [archive import: scored retroactively, not a live reading]",2025-02-25,scoring
2025-02-26,2.8,-1.943,0,down,"FRED BAMLHE00EHYIOAS OAS 2025-02-26 [archive import: scored retroactively, not a live reading]",2025-02-26,scoring
2025-02-27,2.8,-1.943,0,down,"FRED BAMLHE00EHYIOAS OAS 2025-02-27 [archive import: scored retroactively, not a live reading]",2025-02-27,scoring
2025-02-28,2.89,-1.307,0,down,"FRED BAMLHE00EHYIOAS OAS 2025-02-28 [archive import: scored retroactively, not a live reading]",2025-02-28,scoring
2025-03-03,2.8,-1.876,0,down,"FRED BAMLHE00EHYIOAS OAS 2025-03-03 [archive import: scored retroactively, not a live reading]",2025-03-03,scoring
2025-03-04,2.9,-1.173,0,down,"FRED BAMLHE00EHYIOAS OAS 2025-03-04 [archive import: scored retroactively, not a live reading]",2025-03-04,scoring
2025-03-05,2.74,-2.211,0,down,"FRED BAMLHE00EHYIOAS OAS 2025-03-05 [archive import: scored retroactively, not a live reading]",2025-03-05,scoring
2025-03-06,2.82,-1.675,0,down,"FRED BAMLHE00EHYIOAS OAS 2025-03-06 [archive import: scored retroactively, not a live reading]",2025-03-06,scoring
2025-03-07,2.89,-1.206,0,down,"FRED BAMLHE00EHYIOAS OAS 2025-03-07 [archive import: scored retroactively, not a live reading]",2025-03-07,scoring
2025-03-10,2.95,-0.771,0,down,"FRED BAMLHE00EHYIOAS OAS 2025-03-10 [archive import: scored retroactively, not a live reading]",2025-03-10,scoring
2025-03-11,2.99,-0.469,0,down,"FRED BAMLHE00EHYIOAS OAS 2025-03-11 [archive import: scored retroactively, not a live reading]",2025-03-11,scoring
2025-03-12,3,-0.369,0,down,"FRED BAMLHE00EHYIOAS OAS 2025-03-12 [archive import: scored retroactively, not a live reading]",2025-03-12,scoring
2025-03-13,3.1,0.335,0,up,"FRED BAMLHE00EHYIOAS OAS 2025-03-13 [archive import: scored retroactively, not a live reading]",2025-03-13,scoring
2025-03-14,3.14,0.603,0,up,"FRED BAMLHE00EHYIOAS OAS 2025-03-14 [archive import: scored retroactively, not a live reading]",2025-03-14,scoring
2025-03-17,3.14,0.603,0,up,"FRED BAMLHE00EHYIOAS OAS 2025-03-17 [archive import: scored retroactively, not a live reading]",2025-03-17,scoring
2025-03-18,3.08,0.201,0,up,"FRED BAMLHE00EHYIOAS OAS 2025-03-18 [archive import: scored retroactively, not a live reading]",2025-03-18,scoring
2025-03-19,3.07,0.134,0,up,"FRED BAMLHE00EHYIOAS OAS 2025-03-19 [archive import: scored retroactively, not a live reading]",2025-03-19,scoring
2025-03-20,3.04,-0.067,0,down,"FRED BAMLHE00EHYIOAS OAS 2025-03-20 [archive import: scored retroactively, not a live reading]",2025-03-20,scoring
2025-03-21,3.08,0.235,0,up,"FRED BAMLHE00EHYIOAS OAS 2025-03-21 [archive import: scored retroactively, not a live reading]",2025-03-21,scoring
2025-03-24,3.09,0.313,0,up,"FRED BAMLHE00EHYIOAS OAS 2025-03-24 [archive import: scored retroactively, not a live reading]",2025-03-24,scoring
2025-03-25,3.08,0.235,0,up,"FRED BAMLHE00EHYIOAS OAS 2025-03-25 [archive import: scored retroactively, not a live reading]",2025-03-25,scoring
2025-03-26,3.09,0.313,0,up,"FRED BAMLHE00EHYIOAS OAS 2025-03-26 [archive import: scored retroactively, not a live reading]",2025-03-26,scoring
2025-03-27,3.21,1.251,0,up,"FRED BAMLHE00EHYIOAS OAS 2025-03-27 [archive import: scored retroactively, not a live reading]",2025-03-27,scoring
2025-03-28,3.27,1.720,0,up,"FRED BAMLHE00EHYIOAS OAS 2025-03-28 [archive import: scored retroactively, not a live reading]",2025-03-28,scoring
2025-03-31,3.28,1.798,0,up,"FRED BAMLHE00EHYIOAS OAS 2025-03-31 [archive import: scored retroactively, not a live reading]",2025-03-31,scoring
2025-04-01,3.29,1.876,0,up,"FRED BAMLHE00EHYIOAS OAS 2025-04-01 [archive import: scored retroactively, not a live reading]",2025-04-01,scoring
2025-04-02,3.29,1.876,0,up,"FRED BAMLHE00EHYIOAS OAS 2025-04-02 [archive import: scored retroactively, not a live reading]",2025-04-02,scoring
2025-04-03,3.5,3.518,1,up,"FRED BAMLHE00EHYIOAS OAS 2025-04-03 [archive import: scored retroactively, not a live reading]",2025-04-03,scoring
2025-04-04,3.79,5.785,1,up,"FRED BAMLHE00EHYIOAS OAS 2025-04-04 [archive import: scored retroactively, not a live reading]",2025-04-04,scoring
2025-04-07,4.19,8.912,1,up,"FRED BAMLHE00EHYIOAS OAS 2025-04-07 [archive import: scored retroactively, not a live reading]",2025-04-07,scoring
2025-04-08,4.03,7.661,1,up,"FRED BAMLHE00EHYIOAS OAS 2025-04-08 [archive import: scored retroactively, not a live reading]",2025-04-08,scoring
2025-04-09,4.29,9.694,1,up,"FRED BAMLHE00EHYIOAS OAS 2025-04-09 [archive import: scored retroactively, not a live reading]",2025-04-09,scoring
2025-04-10,3.95,7.036,1,up,"FRED BAMLHE00EHYIOAS OAS 2025-04-10 [archive import: scored retroactively, not a live reading]",2025-04-10,scoring
2025-04-11,4.12,8.365,1,up,"FRED BAMLHE00EHYIOAS OAS 2025-04-11 [archive import: scored retroactively, not a live reading]",2025-04-11,scoring
2025-04-14,4.04,7.740,1,up,"FRED BAMLHE00EHYIOAS OAS 2025-04-14 [archive import: scored retroactively, not a live reading]",2025-04-14,scoring
2025-04-15,3.92,6.801,1,up,"FRED BAMLHE00EHYIOAS OAS 2025-04-15 [archive import: scored retroactively, not a live reading]",2025-04-15,scoring
2025-04-16,3.91,6.723,1,up,"FRED BAMLHE00EHYIOAS OAS 2025-04-16 [archive import: scored retroactively, not a live reading]",2025-04-16,scoring
2025-04-17,3.87,5.495,1,up,"FRED BAMLHE00EHYIOAS OAS 2025-04-17 [archive import: scored retroactively, not a live reading]",2025-04-17,scoring
2025-04-21,3.87,5.461,1,up,"FRED BAMLHE00EHYIOAS OAS 2025-04-21 [archive import: scored retroactively, not a live reading]",2025-04-21,scoring
2025-04-22,3.86,5.327,1,up,"FRED BAMLHE00EHYIOAS OAS 2025-04-22 [archive import: scored retroactively, not a live reading]",2025-04-22,scoring
2025-04-23,3.58,3.417,1,up,"FRED BAMLHE00EHYIOAS OAS 2025-04-23 [archive import: scored retroactively, not a live reading]",2025-04-23,scoring
2025-04-24,3.6,3.108,1,up,"FRED BAMLHE00EHYIOAS OAS 2025-04-24 [archive import: scored retroactively, not a live reading]",2025-04-24,scoring
2025-04-25,3.54,2.756,0,up,"FRED BAMLHE00EHYIOAS OAS 2025-04-25 [archive import: scored retroactively, not a live reading]",2025-04-25,scoring
2025-04-28,3.51,2.580,0,up,"FRED BAMLHE00EHYIOAS OAS 2025-04-28 [archive import: scored retroactively, not a live reading]",2025-04-28,scoring
2025-04-29,3.52,2.319,0,up,"FRED BAMLHE00EHYIOAS OAS 2025-04-29 [archive import: scored retroactively, not a live reading]",2025-04-29,scoring
2025-04-30,3.7,3.231,1,up,"FRED BAMLHE00EHYIOAS OAS 2025-04-30 [archive import: scored retroactively, not a live reading]",2025-04-30,scoring
2025-05-01,3.7,3.231,1,up,"FRED BAMLHE00EHYIOAS OAS 2025-05-01 [archive import: scored retroactively, not a live reading]",2025-05-01,scoring
2025-05-02,3.65,2.674,0,up,"FRED BAMLHE00EHYIOAS OAS 2025-05-02 [archive import: scored retroactively, not a live reading]",2025-05-02,scoring
2025-05-05,3.65,2.674,0,up,"FRED BAMLHE00EHYIOAS OAS 2025-05-05 [archive import: scored retroactively, not a live reading]",2025-05-05,scoring
2025-05-06,3.63,2.580,0,up,"FRED BAMLHE00EHYIOAS OAS 2025-05-06 [archive import: scored retroactively, not a live reading]",2025-05-06,scoring
2025-05-07,3.62,2.303,0,up,"FRED BAMLHE00EHYIOAS OAS 2025-05-07 [archive import: scored retroactively, not a live reading]",2025-05-07,scoring
2025-05-08,3.55,2.004,0,up,"FRED BAMLHE00EHYIOAS OAS 2025-05-08 [archive import: scored retroactively, not a live reading]",2025-05-08,scoring
2025-05-09,3.49,1.748,0,up,"FRED BAMLHE00EHYIOAS OAS 2025-05-09 [archive import: scored retroactively, not a live reading]",2025-05-09,scoring
2025-05-12,3.27,0.743,0,up,"FRED BAMLHE00EHYIOAS OAS 2025-05-12 [archive import: scored retroactively, not a live reading]",2025-05-12,scoring
2025-05-13,3.23,0.586,0,up,"FRED BAMLHE00EHYIOAS OAS 2025-05-13 [archive import: scored retroactively, not a live reading]",2025-05-13,scoring
2025-05-14,3.19,0.397,0,up,"FRED BAMLHE00EHYIOAS OAS 2025-05-14 [archive import: scored retroactively, not a live reading]",2025-05-14,scoring
2025-05-15,3.28,0.704,0,up,"FRED BAMLHE00EHYIOAS OAS 2025-05-15 [archive import: scored retroactively, not a live reading]",2025-05-15,scoring
2025-05-16,3.3,0.704,0,up,"FRED BAMLHE00EHYIOAS OAS 2025-05-16 [archive import: scored retroactively, not a live reading]",2025-05-16,scoring
2025-05-19,3.32,0.771,0,up,"FRED BAMLHE00EHYIOAS OAS 2025-05-19 [archive import: scored retroactively, not a live reading]",2025-05-19,scoring
2025-05-20,3.28,0.594,0,up,"FRED BAMLHE00EHYIOAS OAS 2025-05-20 [archive import: scored retroactively, not a live reading]",2025-05-20,scoring
2025-05-21,3.26,0.532,0,up,"FRED BAMLHE00EHYIOAS OAS 2025-05-21 [archive import: scored retroactively, not a live reading]",2025-05-21,scoring
2025-05-22,3.31,0.688,0,up,"FRED BAMLHE00EHYIOAS OAS 2025-05-22 [archive import: scored retroactively, not a live reading]",2025-05-22,scoring
2025-05-23,3.42,1.032,0,up,"FRED BAMLHE00EHYIOAS OAS 2025-05-23 [archive import: scored retroactively, not a live reading]",2025-05-23,scoring
2025-05-26,3.41,0.923,0,up,"FRED BAMLHE00EHYIOAS OAS 2025-05-26 [archive import: scored retroactively, not a live reading]",2025-05-26,scoring
2025-05-27,3.37,0.733,0,up,"FRED BAMLHE00EHYIOAS OAS 2025-05-27 [archive import: scored retroactively, not a live reading]",2025-05-27,scoring
2025-05-28,3.33,0.557,0,up,"FRED BAMLHE00EHYIOAS OAS 2025-05-28 [archive import: scored retroactively, not a live reading]",2025-05-28,scoring
2025-05-29,3.28,0.386,0,up,"FRED BAMLHE00EHYIOAS OAS 2025-05-29 [archive import: scored retroactively, not a live reading]",2025-05-29,scoring
2025-05-30,3.26,0.262,0,up,"FRED BAMLHE00EHYIOAS OAS 2025-05-30 [archive import: scored retroactively, not a live reading]",2025-05-30,scoring
2025-05-31,3.27,0.193,0,up,"FRED BAMLHE00EHYIOAS OAS 2025-05-31 [archive import: scored retroactively, not a live reading]",2025-05-31,scoring
2025-06-02,3.26,0.110,0,up,"FRED BAMLHE00EHYIOAS OAS 2025-06-02 [archive import: scored retroactively, not a live reading]",2025-06-02,scoring
2025-06-03,3.23,-0.041,0,down,"FRED BAMLHE00EHYIOAS OAS 2025-06-03 [archive import: scored retroactively, not a live reading]",2025-06-03,scoring
2025-06-04,3.16,-0.235,0,down,"FRED BAMLHE00EHYIOAS OAS 2025-06-04 [archive import: scored retroactively, not a live reading]",2025-06-04,scoring
2025-06-05,3.06,-0.510,0,down,"FRED BAMLHE00EHYIOAS OAS 2025-06-05 [archive import: scored retroactively, not a live reading]",2025-06-05,scoring
2025-06-06,3.07,-0.483,0,down,"FRED BAMLHE00EHYIOAS OAS 2025-06-06 [archive import: scored retroactively, not a live reading]",2025-06-06,scoring
2025-06-09,3.05,-0.538,0,down,"FRED BAMLHE00EHYIOAS OAS 2025-06-09 [archive import: scored retroactively, not a live reading]",2025-06-09,scoring
2025-06-10,3.06,-0.510,0,down,"FRED BAMLHE00EHYIOAS OAS 2025-06-10 [archive import: scored retroactively, not a live reading]",2025-06-10,scoring
2025-06-11,3.04,-0.566,0,down,"FRED BAMLHE00EHYIOAS OAS 2025-06-11 [archive import: scored retroactively, not a live reading]",2025-06-11,scoring
2025-06-12,3.09,-0.428,0,down,"FRED BAMLHE00EHYIOAS OAS 2025-06-12 [archive import: scored retroactively, not a live reading]",2025-06-12,scoring
2025-06-13,3.13,-0.317,0,down,"FRED BAMLHE00EHYIOAS OAS 2025-06-13 [archive import: scored retroactively, not a live reading]",2025-06-13,scoring
2025-06-16,3.13,-0.317,0,down,"FRED BAMLHE00EHYIOAS OAS 2025-06-16 [archive import: scored retroactively, not a live reading]",2025-06-16,scoring
2025-06-17,3.12,-0.345,0,down,"FRED BAMLHE00EHYIOAS OAS 2025-06-17 [archive import: scored retroactively, not a live reading]",2025-06-17,scoring
2025-06-18,3.15,-0.262,0,down,"FRED BAMLHE00EHYIOAS OAS 2025-06-18 [archive import: scored retroactively, not a live reading]",2025-06-18,scoring
2025-06-19,3.22,-0.069,0,down,"FRED BAMLHE00EHYIOAS OAS 2025-06-19 [archive import: scored retroactively, not a live reading]",2025-06-19,scoring
2025-06-20,3.2,-0.124,0,down,"FRED BAMLHE00EHYIOAS OAS 2025-06-20 [archive import: scored retroactively, not a live reading]",2025-06-20,scoring
2025-06-23,3.22,-0.073,0,down,"FRED BAMLHE00EHYIOAS OAS 2025-06-23 [archive import: scored retroactively, not a live reading]",2025-06-23,scoring
2025-06-24,3.14,-0.308,0,down,"FRED BAMLHE00EHYIOAS OAS 2025-06-24 [archive import: scored retroactively, not a live reading]",2025-06-24,scoring
2025-06-25,3.14,-0.328,0,down,"FRED BAMLHE00EHYIOAS OAS 2025-06-25 [archive import: scored retroactively, not a live reading]",2025-06-25,scoring
2025-06-26,3.2,-0.141,0,down,"FRED BAMLHE00EHYIOAS OAS 2025-06-26 [archive import: scored retroactively, not a live reading]",2025-06-26,scoring
2025-06-27,3.19,-0.184,0,down,"FRED BAMLHE00EHYIOAS OAS 2025-06-27 [archive import: scored retroactively, not a live reading]",2025-06-27,scoring
2025-06-30,3.1,-0.486,0,down,"FRED BAMLHE00EHYIOAS OAS 2025-06-30 [archive import: scored retroactively, not a live reading]",2025-06-30,scoring
2025-07-01,3.1,-0.486,0,down,"FRED BAMLHE00EHYIOAS OAS 2025-07-01 [archive import: scored retroactively, not a live reading]",2025-07-01,scoring
2025-07-02,3.05,-0.704,0,down,"FRED BAMLHE00EHYIOAS OAS 2025-07-02 [archive import: scored retroactively, not a live reading]",2025-07-02,scoring
2025-07-03,3.02,-0.812,0,down,"FRED BAMLHE00EHYIOAS OAS 2025-07-03 [archive import: scored retroactively, not a live reading]",2025-07-03,scoring
2025-07-04,3.05,-0.704,0,down,"FRED BAMLHE00EHYIOAS OAS 2025-07-04 [archive import: scored retroactively, not a live reading]",2025-07-04,scoring
2025-07-07,3.02,-0.880,0,down,"FRED BAMLHE00EHYIOAS OAS 2025-07-07 [archive import: scored retroactively, not a live reading]",2025-07-07,scoring
2025-07-08,2.98,-1.036,0,down,"FRED BAMLHE00EHYIOAS OAS 2025-07-08 [archive import: scored retroactively, not a live reading]",2025-07-08,scoring
2025-07-09,2.95,-1.153,0,down,"FRED BAMLHE00EHYIOAS OAS 2025-07-09 [archive import: scored retroactively, not a live reading]",2025-07-09,scoring
2025-07-10,2.88,-1.427,0,down,"FRED BAMLHE00EHYIOAS OAS 2025-07-10 [archive import: scored retroactively, not a live reading]",2025-07-10,scoring
2025-07-11,2.89,-1.388,0,down,"FRED BAMLHE00EHYIOAS OAS 2025-07-11 [archive import: scored retroactively, not a live reading]",2025-07-11,scoring
2025-07-14,2.92,-1.270,0,down,"FRED BAMLHE00EHYIOAS OAS 2025-07-14 [archive import: scored retroactively, not a live reading]",2025-07-14,scoring
2025-07-15,2.93,-1.231,0,down,"FRED BAMLHE00EHYIOAS OAS 2025-07-15 [archive import: scored retroactively, not a live reading]",2025-07-15,scoring
2025-07-16,2.98,-1.036,0,down,"FRED BAMLHE00EHYIOAS OAS 2025-07-16 [archive import: scored retroactively, not a live reading]",2025-07-16,scoring
2025-07-17,2.97,-1.075,0,down,"FRED BAMLHE00EHYIOAS OAS 2025-07-17 [archive import: scored retroactively, not a live reading]",2025-07-17,scoring
2025-07-18,2.95,-1.153,0,down,"FRED BAMLHE00EHYIOAS OAS 2025-07-18 [archive import: scored retroactively, not a live reading]",2025-07-18,scoring
2025-07-21,2.98,-1.036,0,down,"FRED BAMLHE00EHYIOAS OAS 2025-07-21 [archive import: scored retroactively, not a live reading]",2025-07-21,scoring
2025-07-22,2.99,-0.997,0,down,"FRED BAMLHE00EHYIOAS OAS 2025-07-22 [archive import: scored retroactively, not a live reading]",2025-07-22,scoring
2025-07-23,2.96,-1.028,0,down,"FRED BAMLHE00EHYIOAS OAS 2025-07-23 [archive import: scored retroactively, not a live reading]",2025-07-23,scoring
2025-07-24,2.82,-1.533,0,down,"FRED BAMLHE00EHYIOAS OAS 2025-07-24 [archive import: scored retroactively, not a live reading]",2025-07-24,scoring
2025-07-25,2.78,-1.678,0,down,"FRED BAMLHE00EHYIOAS OAS 2025-07-25 [archive import: scored retroactively, not a live reading]",2025-07-25,scoring
2025-07-28,2.75,-1.786,0,down,"FRED BAMLHE00EHYIOAS OAS 2025-07-28 [archive import: scored retroactively, not a live reading]",2025-07-28,scoring
2025-07-29,2.73,-1.726,0,down,"FRED BAMLHE00EHYIOAS OAS 2025-07-29 [archive import: scored retroactively, not a live reading]",2025-07-29,scoring
2025-07-30,2.71,-1.793,0,down,"FRED BAMLHE00EHYIOAS OAS 2025-07-30 [archive import: scored retroactively, not a live reading]",2025-07-30,scoring
2025-07-31,2.72,-1.642,0,down,"FRED BAMLHE00EHYIOAS OAS 2025-07-31 [archive import: scored retroactively, not a live reading]",2025-07-31,scoring
2025-08-01,2.81,-1.360,0,down,"FRED BAMLHE00EHYIOAS OAS 2025-08-01 [archive import: scored retroactively, not a live reading]",2025-08-01,scoring
2025-08-04,2.82,-1.202,0,down,"FRED BAMLHE00EHYIOAS OAS 2025-08-04 [archive import: scored retroactively, not a live reading]",2025-08-04,scoring
2025-08-05,2.81,-1.217,0,down,"FRED BAMLHE00EHYIOAS OAS 2025-08-05 [archive import: scored retroactively, not a live reading]",2025-08-05,scoring
2025-08-06,2.8,-1.231,0,down,"FRED BAMLHE00EHYIOAS OAS 2025-08-06 [archive import: scored retroactively, not a live reading]",2025-08-06,scoring
2025-08-07,2.74,-1.378,0,down,"FRED BAMLHE00EHYIOAS OAS 2025-08-07 [archive import: scored retroactively, not a live reading]",2025-08-07,scoring
2025-08-08,2.72,-1.407,0,down,"FRED BAMLHE00EHYIOAS OAS 2025-08-08 [archive import: scored retroactively, not a live reading]",2025-08-08,scoring
2025-08-11,2.7,-1.451,0,down,"FRED BAMLHE00EHYIOAS OAS 2025-08-11 [archive import: scored retroactively, not a live reading]",2025-08-11,scoring
2025-08-12,2.68,-1.495,0,down,"FRED BAMLHE00EHYIOAS OAS 2025-08-12 [archive import: scored retroactively, not a live reading]",2025-08-12,scoring
2025-08-13,2.69,-1.422,0,down,"FRED BAMLHE00EHYIOAS OAS 2025-08-13 [archive import: scored retroactively, not a live reading]",2025-08-13,scoring
2025-08-14,2.64,-1.510,0,down,"FRED BAMLHE00EHYIOAS OAS 2025-08-14 [archive import: scored retroactively, not a live reading]",2025-08-14,scoring
2025-08-15,2.61,-1.568,0,down,"FRED BAMLHE00EHYIOAS OAS 2025-08-15 [archive import: scored retroactively, not a live reading]",2025-08-15,scoring
2025-08-18,2.63,-1.495,0,down,"FRED BAMLHE00EHYIOAS OAS 2025-08-18 [archive import: scored retroactively, not a live reading]",2025-08-18,scoring
2025-08-19,2.66,-1.485,0,down,"FRED BAMLHE00EHYIOAS OAS 2025-08-19 [archive import: scored retroactively, not a live reading]",2025-08-19,scoring
2025-08-20,2.73,-1.251,0,down,"FRED BAMLHE00EHYIOAS OAS 2025-08-20 [archive import: scored retroactively, not a live reading]",2025-08-20,scoring
2025-08-21,2.73,-1.235,0,down,"FRED BAMLHE00EHYIOAS OAS 2025-08-21 [archive import: scored retroactively, not a live reading]",2025-08-21,scoring
2025-08-22,2.78,-1.032,0,down,"FRED BAMLHE00EHYIOAS OAS 2025-08-22 [archive import: scored retroactively, not a live reading]",2025-08-22,scoring
2025-08-25,2.79,-1.039,0,down,"FRED BAMLHE00EHYIOAS OAS 2025-08-25 [archive import: scored retroactively, not a live reading]",2025-08-25,scoring
2025-08-26,2.81,-0.955,0,down,"FRED BAMLHE00EHYIOAS OAS 2025-08-26 [archive import: scored retroactively, not a live reading]",2025-08-26,scoring
2025-08-27,2.84,-0.804,0,down,"FRED BAMLHE00EHYIOAS OAS 2025-08-27 [archive import: scored retroactively, not a live reading]",2025-08-27,scoring
2025-08-28,2.82,-0.821,0,down,"FRED BAMLHE00EHYIOAS OAS 2025-08-28 [archive import: scored retroactively, not a live reading]",2025-08-28,scoring
2025-08-29,2.83,-0.830,0,down,"FRED BAMLHE00EHYIOAS OAS 2025-08-29 [archive import: scored retroactively, not a live reading]",2025-08-29,scoring
2025-08-31,2.88,-0.631,0,down,"FRED BAMLHE00EHYIOAS OAS 2025-08-31 [archive import: scored retroactively, not a live reading]",2025-08-31,scoring
2025-09-01,2.86,-0.686,0,down,"FRED BAMLHE00EHYIOAS OAS 2025-09-01 [archive import: scored retroactively, not a live reading]",2025-09-01,scoring
2025-09-02,2.9,-0.541,0,down,"FRED BAMLHE00EHYIOAS OAS 2025-09-02 [archive import: scored retroactively, not a live reading]",2025-09-02,scoring
2025-09-03,2.93,-0.450,0,down,"FRED BAMLHE00EHYIOAS OAS 2025-09-03 [archive import: scored retroactively, not a live reading]",2025-09-03,scoring
2025-09-04,2.92,-0.430,0,down,"FRED BAMLHE00EHYIOAS OAS 2025-09-04 [archive import: scored retroactively, not a live reading]",2025-09-04,scoring
2025-09-05,2.93,-0.352,0,down,"FRED BAMLHE00EHYIOAS OAS 2025-09-05 [archive import: scored retroactively, not a live reading]",2025-09-05,scoring
2025-09-08,2.92,-0.362,0,down,"FRED BAMLHE00EHYIOAS OAS 2025-09-08 [archive import: scored retroactively, not a live reading]",2025-09-08,scoring
2025-09-09,2.89,-0.405,0,down,"FRED BAMLHE00EHYIOAS OAS 2025-09-09 [archive import: scored retroactively, not a live reading]",2025-09-09,scoring
2025-09-10,2.89,-0.384,0,down,"FRED BAMLHE00EHYIOAS OAS 2025-09-10 [archive import: scored retroactively, not a live reading]",2025-09-10,scoring
2025-09-11,2.85,-0.610,0,down,"FRED BAMLHE00EHYIOAS OAS 2025-09-11 [archive import: scored retroactively, not a live reading]",2025-09-11,scoring
2025-09-12,2.82,-0.727,0,down,"FRED BAMLHE00EHYIOAS OAS 2025-09-12 [archive import: scored retroactively, not a live reading]",2025-09-12,scoring
2025-09-15,2.81,-0.727,0,down,"FRED BAMLHE00EHYIOAS OAS 2025-09-15 [archive import: scored retroactively, not a live reading]",2025-09-15,scoring
2025-09-16,2.8,-0.727,0,down,"FRED BAMLHE00EHYIOAS OAS 2025-09-16 [archive import: scored retroactively, not a live reading]",2025-09-16,scoring
2025-09-17,2.8,-0.704,0,down,"FRED BAMLHE00EHYIOAS OAS 2025-09-17 [archive import: scored retroactively, not a live reading]",2025-09-17,scoring
2025-09-18,2.74,-0.938,0,down,"FRED BAMLHE00EHYIOAS OAS 2025-09-18 [archive import: scored retroactively, not a live reading]",2025-09-18,scoring
2025-09-19,2.7,-1.079,0,down,"FRED BAMLHE00EHYIOAS OAS 2025-09-19 [archive import: scored retroactively, not a live reading]",2025-09-19,scoring
2025-09-22,2.71,-1.032,0,down,"FRED BAMLHE00EHYIOAS OAS 2025-09-22 [archive import: scored retroactively, not a live reading]",2025-09-22,scoring
2025-09-23,2.69,-1.102,0,down,"FRED BAMLHE00EHYIOAS OAS 2025-09-23 [archive import: scored retroactively, not a live reading]",2025-09-23,scoring
2025-09-24,2.69,-1.079,0,down,"FRED BAMLHE00EHYIOAS OAS 2025-09-24 [archive import: scored retroactively, not a live reading]",2025-09-24,scoring
2025-09-25,2.72,-1.042,0,down,"FRED BAMLHE00EHYIOAS OAS 2025-09-25 [archive import: scored retroactively, not a live reading]",2025-09-25,scoring
2025-09-26,2.74,-0.886,0,down,"FRED BAMLHE00EHYIOAS OAS 2025-09-26 [archive import: scored retroactively, not a live reading]",2025-09-26,scoring
2025-09-29,2.75,-0.756,0,down,"FRED BAMLHE00EHYIOAS OAS 2025-09-29 [archive import: scored retroactively, not a live reading]",2025-09-29,scoring
2025-09-30,2.72,-0.886,0,down,"FRED BAMLHE00EHYIOAS OAS 2025-09-30 [archive import: scored retroactively, not a live reading]",2025-09-30,scoring
2025-10-01,2.75,-0.730,0,down,"FRED BAMLHE00EHYIOAS OAS 2025-10-01 [archive import: scored retroactively, not a live reading]",2025-10-01,scoring
2025-10-02,2.72,-0.967,0,down,"FRED BAMLHE00EHYIOAS OAS 2025-10-02 [archive import: scored retroactively, not a live reading]",2025-10-02,scoring
2025-10-03,2.72,-0.938,0,down,"FRED BAMLHE00EHYIOAS OAS 2025-10-03 [archive import: scored retroactively, not a live reading]",2025-10-03,scoring
2025-10-06,2.75,-0.704,0,down,"FRED BAMLHE00EHYIOAS OAS 2025-10-06 [archive import: scored retroactively, not a live reading]",2025-10-06,scoring
2025-10-07,2.79,-0.381,0,down,"FRED BAMLHE00EHYIOAS OAS 2025-10-07 [archive import: scored retroactively, not a live reading]",2025-10-07,scoring
2025-10-08,2.87,0.147,0,up,"FRED BAMLHE00EHYIOAS OAS 2025-10-08 [archive import: scored retroactively, not a live reading]",2025-10-08,scoring
2025-10-09,2.9,0.322,0,up,"FRED BAMLHE00EHYIOAS OAS 2025-10-09 [archive import: scored retroactively, not a live reading]",2025-10-09,scoring
2025-10-10,3.04,1.307,0,up,"FRED BAMLHE00EHYIOAS OAS 2025-10-10 [archive import: scored retroactively, not a live reading]",2025-10-10,scoring
2025-10-13,3.1,1.709,0,up,"FRED BAMLHE00EHYIOAS OAS 2025-10-13 [archive import: scored retroactively, not a live reading]",2025-10-13,scoring
2025-10-14,3.1,1.709,0,up,"FRED BAMLHE00EHYIOAS OAS 2025-10-14 [archive import: scored retroactively, not a live reading]",2025-10-14,scoring
2025-10-15,2.98,0.792,0,up,"FRED BAMLHE00EHYIOAS OAS 2025-10-15 [archive import: scored retroactively, not a live reading]",2025-10-15,scoring
2025-10-16,2.98,0.905,0,up,"FRED BAMLHE00EHYIOAS OAS 2025-10-16 [archive import: scored retroactively, not a live reading]",2025-10-16,scoring
2025-10-17,3.05,1.374,0,up,"FRED BAMLHE00EHYIOAS OAS 2025-10-17 [archive import: scored retroactively, not a live reading]",2025-10-17,scoring
2025-10-20,3.01,1.106,0,up,"FRED BAMLHE00EHYIOAS OAS 2025-10-20 [archive import: scored retroactively, not a live reading]",2025-10-20,scoring
2025-10-21,2.99,0.972,0,up,"FRED BAMLHE00EHYIOAS OAS 2025-10-21 [archive import: scored retroactively, not a live reading]",2025-10-21,scoring
2025-10-22,2.97,0.838,0,up,"FRED BAMLHE00EHYIOAS OAS 2025-10-22 [archive import: scored retroactively, not a live reading]",2025-10-22,scoring
2025-10-23,2.97,0.838,0,up,"FRED BAMLHE00EHYIOAS OAS 2025-10-23 [archive import: scored retroactively, not a live reading]",2025-10-23,scoring
2025-10-24,2.87,0.168,0,up,"FRED BAMLHE00EHYIOAS OAS 2025-10-24 [archive import: scored retroactively, not a live reading]",2025-10-24,scoring
2025-10-27,2.83,-0.101,0,down,"FRED BAMLHE00EHYIOAS OAS 2025-10-27 [archive import: scored retroactively, not a live reading]",2025-10-27,scoring
2025-10-28,2.8,-0.235,0,down,"FRED BAMLHE00EHYIOAS OAS 2025-10-28 [archive import: scored retroactively, not a live reading]",2025-10-28,scoring
2025-10-29,2.78,-0.335,0,down,"FRED BAMLHE00EHYIOAS OAS 2025-10-29 [archive import: scored retroactively, not a live reading]",2025-10-29,scoring
2025-10-30,2.79,-0.274,0,down,"FRED BAMLHE00EHYIOAS OAS 2025-10-30 [archive import: scored retroactively, not a live reading]",2025-10-30,scoring
2025-10-31,2.81,-0.078,0,down,"FRED BAMLHE00EHYIOAS OAS 2025-10-31 [archive import: scored retroactively, not a live reading]",2025-10-31,scoring
2025-11-03,2.83,0.078,0,up,"FRED BAMLHE00EHYIOAS OAS 2025-11-03 [archive import: scored retroactively, not a live reading]",2025-11-03,scoring
2025-11-04,2.88,0.469,0,up,"FRED BAMLHE00EHYIOAS OAS 2025-11-04 [archive import: scored retroactively, not a live reading]",2025-11-04,scoring
2025-11-05,2.86,0.313,0,up,"FRED BAMLHE00EHYIOAS OAS 2025-11-05 [archive import: scored retroactively, not a live reading]",2025-11-05,scoring
2025-11-06,2.86,0.313,0,up,"FRED BAMLHE00EHYIOAS OAS 2025-11-06 [archive import: scored retroactively, not a live reading]",2025-11-06,scoring
2025-11-07,2.89,0.547,0,up,"FRED BAMLHE00EHYIOAS OAS 2025-11-07 [archive import: scored retroactively, not a live reading]",2025-11-07,scoring
2025-11-10,2.86,0.313,0,up,"FRED BAMLHE00EHYIOAS OAS 2025-11-10 [archive import: scored retroactively, not a live reading]",2025-11-10,scoring
2025-11-11,2.85,0.235,0,up,"FRED BAMLHE00EHYIOAS OAS 2025-11-11 [archive import: scored retroactively, not a live reading]",2025-11-11,scoring
2025-11-12,2.83,0.094,0,up,"FRED BAMLHE00EHYIOAS OAS 2025-11-12 [archive import: scored retroactively, not a live reading]",2025-11-12,scoring
2025-11-13,2.83,0.094,0,up,"FRED BAMLHE00EHYIOAS OAS 2025-11-13 [archive import: scored retroactively, not a live reading]",2025-11-13,scoring
2025-11-14,2.89,0.657,0,up,"FRED BAMLHE00EHYIOAS OAS 2025-11-14 [archive import: scored retroactively, not a live reading]",2025-11-14,scoring
2025-11-17,2.9,0.751,0,up,"FRED BAMLHE00EHYIOAS OAS 2025-11-17 [archive import: scored retroactively, not a live reading]",2025-11-17,scoring
2025-11-18,2.98,1.501,0,up,"FRED BAMLHE00EHYIOAS OAS 2025-11-18 [archive import: scored retroactively, not a live reading]",2025-11-18,scoring
2025-11-19,2.97,1.407,0,up,"FRED BAMLHE00EHYIOAS OAS 2025-11-19 [archive import: scored retroactively, not a live reading]",2025-11-19,scoring
2025-11-20,2.92,0.938,0,up,"FRED BAMLHE00EHYIOAS OAS 2025-11-20 [archive import: scored retroactively, not a live reading]",2025-11-20,scoring
2025-11-21,2.98,1.501,0,up,"FRED BAMLHE00EHYIOAS OAS 2025-11-21 [archive import: scored retroactively, not a live reading]",2025-11-21,scoring
2025-11-24,2.92,0.938,0,up,"FRED BAMLHE00EHYIOAS OAS 2025-11-24 [archive import: scored retroactively, not a live reading]",2025-11-24,scoring
2025-11-25,2.91,0.844,0,up,"FRED BAMLHE00EHYIOAS OAS 2025-11-25 [archive import: scored retroactively, not a live reading]",2025-11-25,scoring
2025-11-26,2.86,0.375,0,up,"FRED BAMLHE00EHYIOAS OAS 2025-11-26 [archive import: scored retroactively, not a live reading]",2025-11-26,scoring
2025-11-27,2.85,0.281,0,up,"FRED BAMLHE00EHYIOAS OAS 2025-11-27 [archive import: scored retroactively, not a live reading]",2025-11-27,scoring
2025-11-28,2.83,0.047,0,up,"FRED BAMLHE00EHYIOAS OAS 2025-11-28 [archive import: scored retroactively, not a live reading]",2025-11-28,scoring
2025-11-30,2.87,0.375,0,up,"FRED BAMLHE00EHYIOAS OAS 2025-11-30 [archive import: scored retroactively, not a live reading]",2025-11-30,scoring
2025-12-01,2.83,0.000,0,flat,"FRED BAMLHE00EHYIOAS OAS 2025-12-01 [archive import: scored retroactively, not a live reading]",2025-12-01,scoring
2025-12-02,2.8,-0.281,0,down,"FRED BAMLHE00EHYIOAS OAS 2025-12-02 [archive import: scored retroactively, not a live reading]",2025-12-02,scoring
2025-12-03,2.78,-0.469,0,down,"FRED BAMLHE00EHYIOAS OAS 2025-12-03 [archive import: scored retroactively, not a live reading]",2025-12-03,scoring
2025-12-04,2.76,-0.657,0,down,"FRED BAMLHE00EHYIOAS OAS 2025-12-04 [archive import: scored retroactively, not a live reading]",2025-12-04,scoring
2025-12-05,2.73,-0.938,0,down,"FRED BAMLHE00EHYIOAS OAS 2025-12-05 [archive import: scored retroactively, not a live reading]",2025-12-05,scoring
2025-12-08,2.66,-1.595,0,down,"FRED BAMLHE00EHYIOAS OAS 2025-12-08 [archive import: scored retroactively, not a live reading]",2025-12-08,scoring
2025-12-09,2.71,-1.126,0,down,"FRED BAMLHE00EHYIOAS OAS 2025-12-09 [archive import: scored retroactively, not a live reading]",2025-12-09,scoring
2025-12-10,2.7,-1.220,0,down,"FRED BAMLHE00EHYIOAS OAS 2025-12-10 [archive import: scored retroactively, not a live reading]",2025-12-10,scoring
2025-12-11,2.73,-0.938,0,down,"FRED BAMLHE00EHYIOAS OAS 2025-12-11 [archive import: scored retroactively, not a live reading]",2025-12-11,scoring
2025-12-12,2.73,-0.938,0,down,"FRED BAMLHE00EHYIOAS OAS 2025-12-12 [archive import: scored retroactively, not a live reading]",2025-12-12,scoring
2025-12-15,2.73,-0.938,0,down,"FRED BAMLHE00EHYIOAS OAS 2025-12-15 [archive import: scored retroactively, not a live reading]",2025-12-15,scoring
2025-12-16,2.71,-1.126,0,down,"FRED BAMLHE00EHYIOAS OAS 2025-12-16 [archive import: scored retroactively, not a live reading]",2025-12-16,scoring
2025-12-17,2.7,-1.220,0,down,"FRED BAMLHE00EHYIOAS OAS 2025-12-17 [archive import: scored retroactively, not a live reading]",2025-12-17,scoring
2025-12-18,2.7,-1.220,0,down,"FRED BAMLHE00EHYIOAS OAS 2025-12-18 [archive import: scored retroactively, not a live reading]",2025-12-18,scoring
2025-12-19,2.67,-1.501,0,down,"FRED BAMLHE00EHYIOAS OAS 2025-12-19 [archive import: scored retroactively, not a live reading]",2025-12-19,scoring
2025-12-22,2.65,-1.689,0,down,"FRED BAMLHE00EHYIOAS OAS 2025-12-22 [archive import: scored retroactively, not a live reading]",2025-12-22,scoring
2025-12-23,2.66,-1.595,0,down,"FRED BAMLHE00EHYIOAS OAS 2025-12-23 [archive import: scored retroactively, not a live reading]",2025-12-23,scoring
2025-12-24,2.65,-1.689,0,down,"FRED BAMLHE00EHYIOAS OAS 2025-12-24 [archive import: scored retroactively, not a live reading]",2025-12-24,scoring
2025-12-26,2.65,-1.689,0,down,"FRED BAMLHE00EHYIOAS OAS 2025-12-26 [archive import: scored retroactively, not a live reading]",2025-12-26,scoring
2025-12-29,2.69,-1.313,0,down,"FRED BAMLHE00EHYIOAS OAS 2025-12-29 [archive import: scored retroactively, not a live reading]",2025-12-29,scoring
2025-12-30,2.67,-1.501,0,down,"FRED BAMLHE00EHYIOAS OAS 2025-12-30 [archive import: scored retroactively, not a live reading]",2025-12-30,scoring
2025-12-31,2.7,-1.220,0,down,"FRED BAMLHE00EHYIOAS OAS 2025-12-31 [archive import: scored retroactively, not a live reading]",2025-12-31,scoring
2026-01-02,2.75,-0.751,0,down,"FRED BAMLHE00EHYIOAS OAS 2026-01-02 [archive import: scored retroactively, not a live reading]",2026-01-02,scoring
2026-01-05,2.66,-1.595,0,down,"FRED BAMLHE00EHYIOAS OAS 2026-01-05 [archive import: scored retroactively, not a live reading]",2026-01-05,scoring
2026-01-06,2.64,-1.736,0,down,"FRED BAMLHE00EHYIOAS OAS 2026-01-06 [archive import: scored retroactively, not a live reading]",2026-01-06,scoring
2026-01-07,2.61,-1.923,0,down,"FRED BAMLHE00EHYIOAS OAS 2026-01-07 [archive import: scored retroactively, not a live reading]",2026-01-07,scoring
2026-01-08,2.58,-1.798,0,down,"FRED BAMLHE00EHYIOAS OAS 2026-01-08 [archive import: scored retroactively, not a live reading]",2026-01-08,scoring
2026-01-09,2.57,-1.837,0,down,"FRED BAMLHE00EHYIOAS OAS 2026-01-09 [archive import: scored retroactively, not a live reading]",2026-01-09,scoring
2026-01-12,2.56,-1.876,0,down,"FRED BAMLHE00EHYIOAS OAS 2026-01-12 [archive import: scored retroactively, not a live reading]",2026-01-12,scoring
2026-01-13,2.57,-1.798,0,down,"FRED BAMLHE00EHYIOAS OAS 2026-01-13 [archive import: scored retroactively, not a live reading]",2026-01-13,scoring
2026-01-14,2.59,-1.642,0,down,"FRED BAMLHE00EHYIOAS OAS 2026-01-14 [archive import: scored retroactively, not a live reading]",2026-01-14,scoring
2026-01-15,2.58,-1.681,0,down,"FRED BAMLHE00EHYIOAS OAS 2026-01-15 [archive import: scored retroactively, not a live reading]",2026-01-15,scoring
2026-01-16,2.58,-1.642,0,down,"FRED BAMLHE00EHYIOAS OAS 2026-01-16 [archive import: scored retroactively, not a live reading]",2026-01-16,scoring
2026-01-19,2.68,-0.821,0,down,"FRED BAMLHE00EHYIOAS OAS 2026-01-19 [archive import: scored retroactively, not a live reading]",2026-01-19,scoring
2026-01-20,2.7,-0.625,0,down,"FRED BAMLHE00EHYIOAS OAS 2026-01-20 [archive import: scored retroactively, not a live reading]",2026-01-20,scoring
2026-01-21,2.66,-0.860,0,down,"FRED BAMLHE00EHYIOAS OAS 2026-01-21 [archive import: scored retroactively, not a live reading]",2026-01-21,scoring
2026-01-22,2.58,-1.368,0,down,"FRED BAMLHE00EHYIOAS OAS 2026-01-22 [archive import: scored retroactively, not a live reading]",2026-01-22,scoring
2026-01-23,2.57,-1.407,0,down,"FRED BAMLHE00EHYIOAS OAS 2026-01-23 [archive import: scored retroactively, not a live reading]",2026-01-23,scoring
2026-01-26,2.57,-1.407,0,down,"FRED BAMLHE00EHYIOAS OAS 2026-01-26 [archive import: scored retroactively, not a live reading]",2026-01-26,scoring
2026-01-27,2.56,-1.273,0,down,"FRED BAMLHE00EHYIOAS OAS 2026-01-27 [archive import: scored retroactively, not a live reading]",2026-01-27,scoring
2026-01-28,2.59,-1.072,0,down,"FRED BAMLHE00EHYIOAS OAS 2026-01-28 [archive import: scored retroactively, not a live reading]",2026-01-28,scoring
2026-01-29,2.64,-0.737,0,down,"FRED BAMLHE00EHYIOAS OAS 2026-01-29 [archive import: scored retroactively, not a live reading]",2026-01-29,scoring
2026-01-30,2.63,-0.804,0,down,"FRED BAMLHE00EHYIOAS OAS 2026-01-30 [archive import: scored retroactively, not a live reading]",2026-01-30,scoring
2026-01-31,2.64,-0.737,0,down,"FRED BAMLHE00EHYIOAS OAS 2026-01-31 [archive import: scored retroactively, not a live reading]",2026-01-31,scoring
2026-02-02,2.62,-0.871,0,down,"FRED BAMLHE00EHYIOAS OAS 2026-02-02 [archive import: scored retroactively, not a live reading]",2026-02-02,scoring
2026-02-03,2.58,-1.139,0,down,"FRED BAMLHE00EHYIOAS OAS 2026-02-03 [archive import: scored retroactively, not a live reading]",2026-02-03,scoring
2026-02-04,2.59,-1.072,0,down,"FRED BAMLHE00EHYIOAS OAS 2026-02-04 [archive import: scored retroactively, not a live reading]",2026-02-04,scoring
2026-02-05,2.61,-0.938,0,down,"FRED BAMLHE00EHYIOAS OAS 2026-02-05 [archive import: scored retroactively, not a live reading]",2026-02-05,scoring
2026-02-06,2.61,-0.938,0,down,"FRED BAMLHE00EHYIOAS OAS 2026-02-06 [archive import: scored retroactively, not a live reading]",2026-02-06,scoring
2026-02-09,2.6,-1.005,0,down,"FRED BAMLHE00EHYIOAS OAS 2026-02-09 [archive import: scored retroactively, not a live reading]",2026-02-09,scoring
2026-02-10,2.61,-0.871,0,down,"FRED BAMLHE00EHYIOAS OAS 2026-02-10 [archive import: scored retroactively, not a live reading]",2026-02-10,scoring
2026-02-11,2.62,-0.737,0,down,"FRED BAMLHE00EHYIOAS OAS 2026-02-11 [archive import: scored retroactively, not a live reading]",2026-02-11,scoring
2026-02-12,2.62,-0.737,0,down,"FRED BAMLHE00EHYIOAS OAS 2026-02-12 [archive import: scored retroactively, not a live reading]",2026-02-12,scoring
2026-02-13,2.69,-0.268,0,down,"FRED BAMLHE00EHYIOAS OAS 2026-02-13 [archive import: scored retroactively, not a live reading]",2026-02-13,scoring
2026-02-16,2.68,-0.313,0,down,"FRED BAMLHE00EHYIOAS OAS 2026-02-16 [archive import: scored retroactively, not a live reading]",2026-02-16,scoring
2026-02-17,2.7,-0.078,0,down,"FRED BAMLHE00EHYIOAS OAS 2026-02-17 [archive import: scored retroactively, not a live reading]",2026-02-17,scoring
2026-02-18,2.66,-0.352,0,down,"FRED BAMLHE00EHYIOAS OAS 2026-02-18 [archive import: scored retroactively, not a live reading]",2026-02-18,scoring
2026-02-19,2.62,-0.625,0,down,"FRED BAMLHE00EHYIOAS OAS 2026-02-19 [archive import: scored retroactively, not a live reading]",2026-02-19,scoring
2026-02-20,2.6,-0.782,0,down,"FRED BAMLHE00EHYIOAS OAS 2026-02-20 [archive import: scored retroactively, not a live reading]",2026-02-20,scoring
2026-02-23,2.61,-0.704,0,down,"FRED BAMLHE00EHYIOAS OAS 2026-02-23 [archive import: scored retroactively, not a live reading]",2026-02-23,scoring
2026-02-24,2.65,-0.469,0,down,"FRED BAMLHE00EHYIOAS OAS 2026-02-24 [archive import: scored retroactively, not a live reading]",2026-02-24,scoring
2026-02-25,2.64,-0.563,0,down,"FRED BAMLHE00EHYIOAS OAS 2026-02-25 [archive import: scored retroactively, not a live reading]",2026-02-25,scoring
2026-02-26,2.64,-0.516,0,down,"FRED BAMLHE00EHYIOAS OAS 2026-02-26 [archive import: scored retroactively, not a live reading]",2026-02-26,scoring
2026-02-27,2.69,0.000,0,flat,"FRED BAMLHE00EHYIOAS OAS 2026-02-27 [archive import: scored retroactively, not a live reading]",2026-02-27,scoring
2026-02-28,2.74,0.469,0,up,"FRED BAMLHE00EHYIOAS OAS 2026-02-28 [archive import: scored retroactively, not a live reading]",2026-02-28,scoring
2026-03-02,2.83,1.313,0,up,"FRED BAMLHE00EHYIOAS OAS 2026-03-02 [archive import: scored retroactively, not a live reading]",2026-03-02,scoring
2026-03-03,2.89,1.876,0,up,"FRED BAMLHE00EHYIOAS OAS 2026-03-03 [archive import: scored retroactively, not a live reading]",2026-03-03,scoring
2026-03-04,2.84,1.407,0,up,"FRED BAMLHE00EHYIOAS OAS 2026-03-04 [archive import: scored retroactively, not a live reading]",2026-03-04,scoring
2026-03-05,2.75,0.563,0,up,"FRED BAMLHE00EHYIOAS OAS 2026-03-05 [archive import: scored retroactively, not a live reading]",2026-03-05,scoring
2026-03-06,2.84,1.407,0,up,"FRED BAMLHE00EHYIOAS OAS 2026-03-06 [archive import: scored retroactively, not a live reading]",2026-03-06,scoring
2026-03-09,3.06,3.471,1,up,"FRED BAMLHE00EHYIOAS OAS 2026-03-09 [archive import: scored retroactively, not a live reading]",2026-03-09,scoring
2026-03-10,2.92,2.158,0,up,"FRED BAMLHE00EHYIOAS OAS 2026-03-10 [archive import: scored retroactively, not a live reading]",2026-03-10,scoring
2026-03-11,2.9,1.970,0,up,"FRED BAMLHE00EHYIOAS OAS 2026-03-11 [archive import: scored retroactively, not a live reading]",2026-03-11,scoring
2026-03-12,3,2.908,0,up,"FRED BAMLHE00EHYIOAS OAS 2026-03-12 [archive import: scored retroactively, not a live reading]",2026-03-12,scoring
2026-03-13,3.08,3.659,1,up,"FRED BAMLHE00EHYIOAS OAS 2026-03-13 [archive import: scored retroactively, not a live reading]",2026-03-13,scoring
2026-03-16,3.14,4.222,1,up,"FRED BAMLHE00EHYIOAS OAS 2026-03-16 [archive import: scored retroactively, not a live reading]",2026-03-16,scoring
2026-03-17,3.09,3.753,1,up,"FRED BAMLHE00EHYIOAS OAS 2026-03-17 [archive import: scored retroactively, not a live reading]",2026-03-17,scoring
2026-03-18,3.01,3.002,1,up,"FRED BAMLHE00EHYIOAS OAS 2026-03-18 [archive import: scored retroactively, not a live reading]",2026-03-18,scoring
2026-03-19,3.1,3.846,1,up,"FRED BAMLHE00EHYIOAS OAS 2026-03-19 [archive import: scored retroactively, not a live reading]",2026-03-19,scoring
2026-03-20,3.08,3.659,1,up,"FRED BAMLHE00EHYIOAS OAS 2026-03-20 [archive import: scored retroactively, not a live reading]",2026-03-20,scoring
2026-03-23,3.23,5.066,1,up,"FRED BAMLHE00EHYIOAS OAS 2026-03-23 [archive import: scored retroactively, not a live reading]",2026-03-23,scoring
2026-03-24,3.16,4.409,1,up,"FRED BAMLHE00EHYIOAS OAS 2026-03-24 [archive import: scored retroactively, not a live reading]",2026-03-24,scoring
2026-03-25,3.09,3.753,1,up,"FRED BAMLHE00EHYIOAS OAS 2026-03-25 [archive import: scored retroactively, not a live reading]",2026-03-25,scoring
2026-03-26,3.09,3.753,1,up,"FRED BAMLHE00EHYIOAS OAS 2026-03-26 [archive import: scored retroactively, not a live reading]",2026-03-26,scoring
2026-03-27,3.19,4.691,1,up,"FRED BAMLHE00EHYIOAS OAS 2026-03-27 [archive import: scored retroactively, not a live reading]",2026-03-27,scoring
2026-03-30,3.33,6.004,1,up,"FRED BAMLHE00EHYIOAS OAS 2026-03-30 [archive import: scored retroactively, not a live reading]",2026-03-30,scoring
2026-03-31,3.37,6.379,1,up,"FRED BAMLHE00EHYIOAS OAS 2026-03-31 [archive import: scored retroactively, not a live reading]",2026-03-31,scoring
2026-04-01,3.23,5.066,1,up,"FRED BAMLHE00EHYIOAS OAS 2026-04-01 [archive import: scored retroactively, not a live reading]",2026-04-01,scoring
2026-04-02,3.26,5.347,1,up,"FRED BAMLHE00EHYIOAS OAS 2026-04-02 [archive import: scored retroactively, not a live reading]",2026-04-02,scoring
2026-04-03,3.26,5.347,1,up,"FRED BAMLHE00EHYIOAS OAS 2026-04-03 [archive import: scored retroactively, not a live reading]",2026-04-03,scoring
2026-04-06,3.26,4.456,1,up,"FRED BAMLHE00EHYIOAS OAS 2026-04-06 [archive import: scored retroactively, not a live reading]",2026-04-06,scoring
2026-04-07,3.14,3.518,1,up,"FRED BAMLHE00EHYIOAS OAS 2026-04-07 [archive import: scored retroactively, not a live reading]",2026-04-07,scoring
2026-04-08,3.05,2.814,0,up,"FRED BAMLHE00EHYIOAS OAS 2026-04-08 [archive import: scored retroactively, not a live reading]",2026-04-08,scoring
2026-04-09,3.02,2.580,0,up,"FRED BAMLHE00EHYIOAS OAS 2026-04-09 [archive import: scored retroactively, not a live reading]",2026-04-09,scoring
2026-04-10,2.98,2.267,0,up,"FRED BAMLHE00EHYIOAS OAS 2026-04-10 [archive import: scored retroactively, not a live reading]",2026-04-10,scoring
2026-04-13,2.98,2.267,0,up,"FRED BAMLHE00EHYIOAS OAS 2026-04-13 [archive import: scored retroactively, not a live reading]",2026-04-13,scoring
2026-04-14,2.96,2.111,0,up,"FRED BAMLHE00EHYIOAS OAS 2026-04-14 [archive import: scored retroactively, not a live reading]",2026-04-14,scoring
2026-04-15,2.94,1.954,0,up,"FRED BAMLHE00EHYIOAS OAS 2026-04-15 [archive import: scored retroactively, not a live reading]",2026-04-15,scoring
2026-04-16,2.93,1.876,0,up,"FRED BAMLHE00EHYIOAS OAS 2026-04-16 [archive import: scored retroactively, not a live reading]",2026-04-16,scoring
2026-04-17,2.94,1.954,0,up,"FRED BAMLHE00EHYIOAS OAS 2026-04-17 [archive import: scored retroactively, not a live reading]",2026-04-17,scoring
2026-04-20,2.9,1.642,0,up,"FRED BAMLHE00EHYIOAS OAS 2026-04-20 [archive import: scored retroactively, not a live reading]",2026-04-20,scoring
2026-04-21,2.84,1.173,0,up,"FRED BAMLHE00EHYIOAS OAS 2026-04-21 [archive import: scored retroactively, not a live reading]",2026-04-21,scoring
2026-04-22,2.83,0.938,0,up,"FRED BAMLHE00EHYIOAS OAS 2026-04-22 [archive import: scored retroactively, not a live reading]",2026-04-22,scoring
2026-04-23,2.84,1.005,0,up,"FRED BAMLHE00EHYIOAS OAS 2026-04-23 [archive import: scored retroactively, not a live reading]",2026-04-23,scoring
2026-04-24,2.86,1.139,0,up,"FRED BAMLHE00EHYIOAS OAS 2026-04-24 [archive import: scored retroactively, not a live reading]",2026-04-24,scoring
2026-04-27,2.84,0.972,0,up,"FRED BAMLHE00EHYIOAS OAS 2026-04-27 [archive import: scored retroactively, not a live reading]",2026-04-27,scoring
2026-04-28,2.82,0.804,0,up,"FRED BAMLHE00EHYIOAS OAS 2026-04-28 [archive import: scored retroactively, not a live reading]",2026-04-28,scoring
2026-04-29,2.8,0.586,0,up,"FRED BAMLHE00EHYIOAS OAS 2026-04-29 [archive import: scored retroactively, not a live reading]",2026-04-29,scoring
2026-04-30,2.8,0.469,0,up,"FRED BAMLHE00EHYIOAS OAS 2026-04-30 [archive import: scored retroactively, not a live reading]",2026-04-30,scoring
2026-05-01,2.8,0.322,0,up,"FRED BAMLHE00EHYIOAS OAS 2026-05-01 [archive import: scored retroactively, not a live reading]",2026-05-01,scoring
2026-05-04,2.75,0.000,0,flat,"FRED BAMLHE00EHYIOAS OAS 2026-05-04 [archive import: scored retroactively, not a live reading]",2026-05-04,scoring
2026-05-05,2.75,0.000,0,flat,"FRED BAMLHE00EHYIOAS OAS 2026-05-05 [archive import: scored retroactively, not a live reading]",2026-05-05,scoring
2026-05-06,2.75,0.000,0,flat,"FRED BAMLHE00EHYIOAS OAS 2026-05-06 [archive import: scored retroactively, not a live reading]",2026-05-06,scoring
2026-05-07,2.73,-0.104,0,down,"FRED BAMLHE00EHYIOAS OAS 2026-05-07 [archive import: scored retroactively, not a live reading]",2026-05-07,scoring
2026-05-08,2.72,-0.156,0,down,"FRED BAMLHE00EHYIOAS OAS 2026-05-08 [archive import: scored retroactively, not a live reading]",2026-05-08,scoring
2026-05-11,2.67,-0.417,0,down,"FRED BAMLHE00EHYIOAS OAS 2026-05-11 [archive import: scored retroactively, not a live reading]",2026-05-11,scoring
2026-05-12,2.65,-0.521,0,down,"FRED BAMLHE00EHYIOAS OAS 2026-05-12 [archive import: scored retroactively, not a live reading]",2026-05-12,scoring
2026-05-13,2.62,-0.678,0,down,"FRED BAMLHE00EHYIOAS OAS 2026-05-13 [archive import: scored retroactively, not a live reading]",2026-05-13,scoring
2026-05-14,2.63,-0.625,0,down,"FRED BAMLHE00EHYIOAS OAS 2026-05-14 [archive import: scored retroactively, not a live reading]",2026-05-14,scoring
2026-05-15,2.6,-0.782,0,down,"FRED BAMLHE00EHYIOAS OAS 2026-05-15 [archive import: scored retroactively, not a live reading]",2026-05-15,scoring
2026-05-18,2.64,-0.573,0,down,"FRED BAMLHE00EHYIOAS OAS 2026-05-18 [archive import: scored retroactively, not a live reading]",2026-05-18,scoring
2026-05-19,2.64,-0.645,0,down,"FRED BAMLHE00EHYIOAS OAS 2026-05-19 [archive import: scored retroactively, not a live reading]",2026-05-19,scoring
2026-05-20,2.7,-0.293,0,down,"FRED BAMLHE00EHYIOAS OAS 2026-05-20 [archive import: scored retroactively, not a live reading]",2026-05-20,scoring
2026-05-21,2.69,-0.352,0,down,"FRED BAMLHE00EHYIOAS OAS 2026-05-21 [archive import: scored retroactively, not a live reading]",2026-05-21,scoring
2026-05-22,2.7,-0.293,0,down,"FRED BAMLHE00EHYIOAS OAS 2026-05-22 [archive import: scored retroactively, not a live reading]",2026-05-22,scoring
2026-05-25,2.87,0.704,0,up,"FRED BAMLHE00EHYIOAS OAS 2026-05-25 [archive import: scored retroactively, not a live reading]",2026-05-25,scoring
2026-05-26,2.73,-0.235,0,down,"FRED BAMLHE00EHYIOAS OAS 2026-05-26 [archive import: scored retroactively, not a live reading]",2026-05-26,scoring
2026-05-27,2.69,-0.443,0,down,"FRED BAMLHE00EHYIOAS OAS 2026-05-27 [archive import: scored retroactively, not a live reading]",2026-05-27,scoring
2026-05-28,2.72,-0.287,0,down,"FRED BAMLHE00EHYIOAS OAS 2026-05-28 [archive import: scored retroactively, not a live reading]",2026-05-28,scoring
2026-05-29,2.68,-0.495,0,down,"FRED BAMLHE00EHYIOAS OAS 2026-05-29 [archive import: scored retroactively, not a live reading]",2026-05-29,scoring
2026-05-31,2.73,-0.264,0,down,"FRED BAMLHE00EHYIOAS OAS 2026-05-31 [archive import: scored retroactively, not a live reading]",2026-05-31,scoring
2026-06-01,2.65,-0.733,0,down,"FRED BAMLHE00EHYIOAS OAS 2026-06-01 [archive import: scored retroactively, not a live reading]",2026-06-01,scoring
2026-06-02,2.63,-0.850,0,down,"FRED BAMLHE00EHYIOAS OAS 2026-06-02 [archive import: scored retroactively, not a live reading]",2026-06-02,scoring
2026-06-03,2.61,-0.967,0,down,"FRED BAMLHE00EHYIOAS OAS 2026-06-03 [archive import: scored retroactively, not a live reading]",2026-06-03,scoring
2026-06-04,2.61,-0.967,0,down,"FRED BAMLHE00EHYIOAS OAS 2026-06-04 [archive import: scored retroactively, not a live reading]",2026-06-04,scoring
2026-06-05,2.59,-1.085,0,down,"FRED BAMLHE00EHYIOAS OAS 2026-06-05 [archive import: scored retroactively, not a live reading]",2026-06-05,scoring
2026-06-08,2.63,-0.850,0,down,"FRED BAMLHE00EHYIOAS OAS 2026-06-08 [archive import: scored retroactively, not a live reading]",2026-06-08,scoring
2026-06-09,2.62,-0.909,0,down,"FRED BAMLHE00EHYIOAS OAS 2026-06-09 [archive import: scored retroactively, not a live reading]",2026-06-09,scoring
2026-06-10,2.61,-0.967,0,down,"FRED BAMLHE00EHYIOAS OAS 2026-06-10 [archive import: scored retroactively, not a live reading]",2026-06-10,scoring
2026-06-11,2.65,-0.733,0,down,"FRED BAMLHE00EHYIOAS OAS 2026-06-11 [archive import: scored retroactively, not a live reading]",2026-06-11,scoring
2026-06-12,2.64,-0.792,0,down,"FRED BAMLHE00EHYIOAS OAS 2026-06-12 [archive import: scored retroactively, not a live reading]",2026-06-12,scoring
2026-06-15,2.6,-1.026,0,down,"FRED BAMLHE00EHYIOAS OAS 2026-06-15 [archive import: scored retroactively, not a live reading]",2026-06-15,scoring
2026-06-16,2.59,-1.085,0,down,"FRED BAMLHE00EHYIOAS OAS 2026-06-16 [archive import: scored retroactively, not a live reading]",2026-06-16,scoring
2026-06-17,2.63,-0.850,0,down,"FRED BAMLHE00EHYIOAS OAS 2026-06-17 [archive import: scored retroactively, not a live reading]",2026-06-17,scoring
2026-06-18,2.59,-1.085,0,down,"FRED BAMLHE00EHYIOAS OAS 2026-06-18 [archive import: scored retroactively, not a live reading]",2026-06-18,scoring
2026-06-19,2.56,-1.121,0,down,"FRED BAMLHE00EHYIOAS OAS 2026-06-19 [archive import: scored retroactively, not a live reading]",2026-06-19,scoring
2026-06-22,2.59,-0.964,0,down,"FRED BAMLHE00EHYIOAS OAS 2026-06-22 [archive import: scored retroactively, not a live reading]",2026-06-22,scoring
2026-06-23,2.62,-0.808,0,down,"FRED BAMLHE00EHYIOAS OAS 2026-06-23 [archive import: scored retroactively, not a live reading]",2026-06-23,scoring
2026-06-24,2.65,-0.651,0,down,"FRED BAMLHE00EHYIOAS OAS 2026-06-24 [archive import: scored retroactively, not a live reading]",2026-06-24,scoring
2026-06-25,2.64,-0.704,0,down,"FRED BAMLHE00EHYIOAS OAS 2026-06-25 [archive import: scored retroactively, not a live reading]",2026-06-25,scoring
2026-06-26,2.67,-0.547,0,down,"FRED BAMLHE00EHYIOAS OAS 2026-06-26 [archive import: scored retroactively, not a live reading]",2026-06-26,scoring
2026-06-29,2.65,-0.651,0,down,"FRED BAMLHE00EHYIOAS OAS 2026-06-29 [archive import: scored retroactively, not a live reading]",2026-06-29,scoring
2026-06-30,2.7,-0.391,0,down,"FRED BAMLHE00EHYIOAS OAS 2026-06-30 [archive import: scored retroactively, not a live reading]",2026-06-30,scoring
2026-07-01,2.71,-0.339,0,down,"FRED BAMLHE00EHYIOAS OAS 2026-07-01 [archive import: scored retroactively, not a live reading]",2026-07-01,scoring
2026-07-02,2.71,-0.339,0,down,"FRED BAMLHE00EHYIOAS OAS 2026-07-02 [archive import: scored retroactively, not a live reading]",2026-07-02,scoring
2026-07-03,2.66,-0.599,0,down,"FRED BAMLHE00EHYIOAS OAS 2026-07-03 [archive import: scored retroactively, not a live reading]",2026-07-03,scoring
2026-07-06,2.62,-0.762,0,down,"FRED BAMLHE00EHYIOAS OAS 2026-07-06 [archive import: scored retroactively, not a live reading]",2026-07-06,scoring
2026-07-07,2.58,-0.997,0,down,"FRED BAMLHE00EHYIOAS OAS 2026-07-07 [archive import: scored retroactively, not a live reading]",2026-07-07,scoring
2026-07-08,2.56,-1.114,0,down,"FRED BAMLHE00EHYIOAS OAS 2026-07-08 [archive import: scored retroactively, not a live reading]",2026-07-08,scoring
2026-07-09,2.56,-1.055,0,down,"FRED BAMLHE00EHYIOAS OAS 2026-07-09 [archive import: scored retroactively, not a live reading]",2026-07-09,scoring
2026-07-10,2.55,-1.055,0,down,"FRED BAMLHE00EHYIOAS OAS 2026-07-10 [archive import: scored retroactively, not a live reading]",2026-07-10,scoring
2026-07-13,2.52,-1.231,0,down,"FRED BAMLHE00EHYIOAS OAS 2026-07-13 [archive import: scored retroactively, not a live reading]",2026-07-13,scoring
2026-07-14,2.51,-1.261,0,down,"FRED BAMLHE00EHYIOAS OAS 2026-07-14 [archive import: scored retroactively, not a live reading]",2026-07-14,scoring
2026-07-15,2.51,-1.231,0,down,"FRED BAMLHE00EHYIOAS OAS 2026-07-15 [archive import: scored retroactively, not a live reading]",2026-07-15,scoring
2026-07-16,2.49,-1.319,0,down,"FRED BAMLHE00EHYIOAS OAS 2026-07-16 [archive import: scored retroactively, not a live reading]",2026-07-16,scoring
2026-07-17,2.52,-1.114,0,down,"FRED BAMLHE00EHYIOAS OAS 2026-07-17 [archive import: scored retroactively, not a live reading]",2026-07-17,scoring
2026-07-20,2.52,-1.085,0,down,"FRED BAMLHE00EHYIOAS OAS 2026-07-20 [archive import: scored retroactively, not a live reading]",2026-07-20,scoring
2026-07-23,2.5,-1.173,0,down,FRED BAMLHE00EHYIOAS OAS 2026-07-21,2026-07-21,scoring
2026-07-24,2.48,-1.290,0,down,FRED BAMLHE00EHYIOAS OAS 2026-07-22,2026-07-22,scoring
2026-07-25,2.5,-1.143,0,down,FRED BAMLHE00EHYIOAS OAS 2026-07-23,2026-07-23,scoring
2026-07-26,2.5,,0,,FRED BAMLHE00EHYIOAS OAS 2026-07-23 [stale: observation already recorded],2026-07-23,stale
2026-07-27,2.5,,0,,FRED BAMLHE00EHYIOAS OAS 2026-07-23 [stale: observation already recorded],2026-07-23,stale
2026-07-28,2.56,-0.762,0,down,FRED BAMLHE00EHYIOAS OAS 2026-07-24,2026-07-24,scoring
2026-07-29,2.58,-0.616,0,down,FRED BAMLHE00EHYIOAS OAS 2026-07-27,2026-07-27,scoring
2026-07-30,2.61,-0.436,0,down,FRED BAMLHE00EHYIOAS OAS 2026-07-28 [sampled 23:01:58Z],2026-07-28,scoring
2026-07-31,2.64,-0.201,0,down,FRED BAMLHE00EHYIOAS OAS 2026-07-29 [sampled 23:12:22Z],2026-07-29,scoring
2026-08-01,2.65,-0.101,0,down,FRED BAMLHE00EHYIOAS OAS 2026-07-30 [sampled 23:06:49Z],2026-07-30,scoring
2026-08-02,2.65,,0,,FRED BAMLHE00EHYIOAS OAS 2026-07-30 [sampled 22:58:39Z] [stale: observation already recorded],2026-07-30,stale
2026-08-03,2.65,,0,,FRED BAMLHE00EHYIOAS OAS 2026-07-30 [sampled 22:59:44Z] [stale: observation already recorded],2026-07-30,stale
2026-08-04,2.65,,0,,FRED BAMLHE00EHYIOAS OAS 2026-07-30 [sampled 00:53:32Z] [stale: observation already recorded],2026-07-30,stale
2026-08-05,2.67,0.101,0,up,FRED BAMLHE00EHYIOAS OAS 2026-08-03 [sampled 23:07:19Z],2026-08-03,scoring
2026-08-06,2.67,0.117,0,up,FRED BAMLHE00EHYIOAS OAS 2026-08-04 [sampled 23:05:35Z],2026-08-04,scoring
2026-08-07,2.65,-0.039,0,down,FRED BAMLHE00EHYIOAS OAS 2026-08-05 [sampled 01:31:07Z],2026-08-05,scoring
2026-08-08,2.63,-0.156,0,down,FRED BAMLHE00EHYIOAS OAS 2026-08-06 [sampled 22:41:57Z],2026-08-06,scoring
2026-08-09,2.63,,0,,FRED BAMLHE00EHYIOAS OAS 2026-08-06 [sampled 22:34:37Z] [stale: observation already recorded],2026-08-06,stale
2026-08-10,2.63,,0,,FRED BAMLHE00EHYIOAS OAS 2026-08-06 [sampled 22:36:04Z] [stale: observation already recorded],2026-08-06,stale
2026-08-11,2.61,-0.313,0,down,FRED BAMLHE00EHYIOAS OAS 2026-08-07 [sampled 22:42:41Z],2026-08-07,scoring
2026-08-12,2.56,-0.844,0,down,FRED BAMLHE00EHYIOAS OAS 2026-08-10 [sampled 22:49:41Z],2026-08-10,scoring
