date,raw_value,z_score,trembling,direction,source_note,obs_date,status
2019-01-01,6.001,,0,,"DMI +80N 2019-01-01: -23.25°C, +6.00°C vs 1958-2002 normal (context line, never counted) [archive import: scored retroactively, not a live reading]",2019-01-01,warming-up
2019-01-02,5.859,,0,,"DMI +80N 2019-01-02: -23.27°C, +5.86°C vs 1958-2002 normal (context line, never counted) [archive import: scored retroactively, not a live reading]",2019-01-02,warming-up
2019-01-03,5.656,,0,,"DMI +80N 2019-01-03: -23.83°C, +5.66°C vs 1958-2002 normal (context line, never counted) [archive import: scored retroactively, not a live reading]",2019-01-03,warming-up
2019-01-04,4.775,,0,,"DMI +80N 2019-01-04: -25.17°C, +4.78°C vs 1958-2002 normal (context line, never counted) [archive import: scored retroactively, not a live reading]",2019-01-04,warming-up
2019-01-05,4.017,,0,,"DMI +80N 2019-01-05: -25.84°C, +4.02°C vs 1958-2002 normal (context line, never counted) [archive import: scored retroactively, not a live reading]",2019-01-05,warming-up
2019-01-06,4.093,,0,,"DMI +80N 2019-01-06: -25.83°C, +4.09°C vs 1958-2002 normal (context line, never counted) [archive import: scored retroactively, not a live reading]",2019-01-06,warming-up
2019-01-07,3.013,,0,,"DMI +80N 2019-01-07: -26.61°C, +3.01°C vs 1958-2002 normal (context line, never counted) [archive import: scored retroactively, not a live reading]",2019-01-07,warming-up
2019-01-08,2.49,,0,,"DMI +80N 2019-01-08: -27.27°C, +2.49°C vs 1958-2002 normal (context line, never counted) [archive import: scored retroactively, not a live reading]",2019-01-08,warming-up
2019-01-09,1.598,,0,,"DMI +80N 2019-01-09: -28.22°C, +1.60°C vs 1958-2002 normal (context line, never counted) [archive import: scored retroactively, not a live reading]",2019-01-09,warming-up
2019-01-10,1.448,,0,,"DMI +80N 2019-01-10: -28.27°C, +1.45°C vs 1958-2002 normal (context line, never counted) [archive import: scored retroactively, not a live reading]",2019-01-10,warming-up
2019-01-11,1.076,-1.509,0,down,"DMI +80N 2019-01-11: -28.81°C, +1.08°C vs 1958-2002 normal (context line, never counted) [archive import: scored retroactively, not a live reading]",2019-01-11,scoring
2019-01-12,2.127,-0.888,0,down,"DMI +80N 2019-01-12: -27.83°C, +2.13°C vs 1958-2002 normal (context line, never counted) [archive import: scored retroactively, not a live reading]",2019-01-12,scoring
2019-01-13,3.976,0.252,0,up,"DMI +80N 2019-01-13: -26.09°C, +3.98°C vs 1958-2002 normal (context line, never counted) [archive import: scored retroactively, not a live reading]",2019-01-13,scoring
2019-01-14,2.854,-0.557,0,down,"DMI +80N 2019-01-14: -26.89°C, +2.85°C vs 1958-2002 normal (context line, never counted) [archive import: scored retroactively, not a live reading]",2019-01-14,scoring
2019-01-15,2.013,-0.782,0,down,"DMI +80N 2019-01-15: -27.72°C, +2.01°C vs 1958-2002 normal (context line, never counted) [archive import: scored retroactively, not a live reading]",2019-01-15,scoring
2019-01-16,2.233,-0.410,0,down,"DMI +80N 2019-01-16: -27.52°C, +2.23°C vs 1958-2002 normal (context line, never counted) [archive import: scored retroactively, not a live reading]",2019-01-16,scoring
2019-01-17,2.236,-0.403,0,down,"DMI +80N 2019-01-17: -27.38°C, +2.24°C vs 1958-2002 normal (context line, never counted) [archive import: scored retroactively, not a live reading]",2019-01-17,scoring
2019-01-18,0.396,-1.525,0,down,"DMI +80N 2019-01-18: -29.05°C, +0.40°C vs 1958-2002 normal (context line, never counted) [archive import: scored retroactively, not a live reading]",2019-01-18,scoring
2019-01-19,-0.12,-1.580,0,down,"DMI +80N 2019-01-19: -29.57°C, -0.12°C vs 1958-2002 normal (context line, never counted) [archive import: scored retroactively, not a live reading]",2019-01-19,scoring
2019-01-20,0.608,-0.971,0,down,"DMI +80N 2019-01-20: -28.89°C, +0.61°C vs 1958-2002 normal (context line, never counted) [archive import: scored retroactively, not a live reading]",2019-01-20,scoring
2019-01-21,0.489,-0.955,0,down,"DMI +80N 2019-01-21: -28.70°C, +0.49°C vs 1958-2002 normal (context line, never counted) [archive import: scored retroactively, not a live reading]",2019-01-21,scoring
2019-01-22,0.69,-0.771,0,down,"DMI +80N 2019-01-22: -28.30°C, +0.69°C vs 1958-2002 normal (context line, never counted) [archive import: scored retroactively, not a live reading]",2019-01-22,scoring
2019-01-23,1.439,-0.403,0,down,"DMI +80N 2019-01-23: -27.72°C, +1.44°C vs 1958-2002 normal (context line, never counted) [archive import: scored retroactively, not a live reading]",2019-01-23,scoring
2019-01-24,1.255,-0.527,0,down,"DMI +80N 2019-01-24: -27.91°C, +1.25°C vs 1958-2002 normal (context line, never counted) [archive import: scored retroactively, not a live reading]",2019-01-24,scoring
2019-01-25,0.042,-1.228,0,down,"DMI +80N 2019-01-25: -28.81°C, +0.04°C vs 1958-2002 normal (context line, never counted) [archive import: scored retroactively, not a live reading]",2019-01-25,scoring
2019-01-26,-0.738,-1.585,0,down,"DMI +80N 2019-01-26: -29.81°C, -0.74°C vs 1958-2002 normal (context line, never counted) [archive import: scored retroactively, not a live reading]",2019-01-26,scoring
2019-01-27,-0.282,-1.237,0,down,"DMI +80N 2019-01-27: -29.45°C, -0.28°C vs 1958-2002 normal (context line, never counted) [archive import: scored retroactively, not a live reading]",2019-01-27,scoring
2019-01-28,1.377,-0.332,0,down,"DMI +80N 2019-01-28: -27.49°C, +1.38°C vs 1958-2002 normal (context line, never counted) [archive import: scored retroactively, not a live reading]",2019-01-28,scoring
2019-01-29,1.739,-0.036,0,down,"DMI +80N 2019-01-29: -27.35°C, +1.74°C vs 1958-2002 normal (context line, never counted) [archive import: scored retroactively, not a live reading]",2019-01-29,scoring
2019-02-01,3.069,0.733,0,up,"DMI +80N 2019-02-01: -27.20°C, +3.07°C vs 1958-2002 normal (context line, never counted) [archive import: scored retroactively, not a live reading]",2019-02-01,scoring
2019-02-06,6.783,2.740,0,up,"DMI +80N 2019-02-06: -23.80°C, +6.78°C vs 1958-2002 normal (context line, never counted) [archive import: scored retroactively, not a live reading]",2019-02-06,scoring
2019-02-07,5.687,1.905,0,up,"DMI +80N 2019-02-07: -24.96°C, +5.69°C vs 1958-2002 normal (context line, never counted) [archive import: scored retroactively, not a live reading]",2019-02-07,scoring
2019-02-08,4.726,1.363,0,up,"DMI +80N 2019-02-08: -25.86°C, +4.73°C vs 1958-2002 normal (context line, never counted) [archive import: scored retroactively, not a live reading]",2019-02-08,scoring
2019-02-09,4.548,1.184,0,up,"DMI +80N 2019-02-09: -25.75°C, +4.55°C vs 1958-2002 normal (context line, never counted) [archive import: scored retroactively, not a live reading]",2019-02-09,scoring
2019-02-10,4.708,1.214,0,up,"DMI +80N 2019-02-10: -25.53°C, +4.71°C vs 1958-2002 normal (context line, never counted) [archive import: scored retroactively, not a live reading]",2019-02-10,scoring
2019-02-11,6.461,2.021,0,up,"DMI +80N 2019-02-11: -23.90°C, +6.46°C vs 1958-2002 normal (context line, never counted) [archive import: scored retroactively, not a live reading]",2019-02-11,scoring
2019-02-12,6.281,1.914,0,up,"DMI +80N 2019-02-12: -23.95°C, +6.28°C vs 1958-2002 normal (context line, never counted) [archive import: scored retroactively, not a live reading]",2019-02-12,scoring
2019-02-13,4.493,1.020,0,up,"DMI +80N 2019-02-13: -25.36°C, +4.49°C vs 1958-2002 normal (context line, never counted) [archive import: scored retroactively, not a live reading]",2019-02-13,scoring
2019-02-14,2.738,0.167,0,up,"DMI +80N 2019-02-14: -26.99°C, +2.74°C vs 1958-2002 normal (context line, never counted) [archive import: scored retroactively, not a live reading]",2019-02-14,scoring
2019-02-15,1.305,-0.527,0,down,"DMI +80N 2019-02-15: -28.30°C, +1.30°C vs 1958-2002 normal (context line, never counted) [archive import: scored retroactively, not a live reading]",2019-02-15,scoring
2019-02-16,1.072,-0.589,0,down,"DMI +80N 2019-02-16: -28.55°C, +1.07°C vs 1958-2002 normal (context line, never counted) [archive import: scored retroactively, not a live reading]",2019-02-16,scoring
2019-02-17,1.483,-0.354,0,down,"DMI +80N 2019-02-17: -28.09°C, +1.48°C vs 1958-2002 normal (context line, never counted) [archive import: scored retroactively, not a live reading]",2019-02-17,scoring
2019-02-18,3.017,0.375,0,up,"DMI +80N 2019-02-18: -26.51°C, +3.02°C vs 1958-2002 normal (context line, never counted) [archive import: scored retroactively, not a live reading]",2019-02-18,scoring
2019-02-19,3.862,0.772,0,up,"DMI +80N 2019-02-19: -25.64°C, +3.86°C vs 1958-2002 normal (context line, never counted) [archive import: scored retroactively, not a live reading]",2019-02-19,scoring
2019-02-20,3.741,0.668,0,up,"DMI +80N 2019-02-20: -25.79°C, +3.74°C vs 1958-2002 normal (context line, never counted) [archive import: scored retroactively, not a live reading]",2019-02-20,scoring
2019-02-21,3.199,0.336,0,up,"DMI +80N 2019-02-21: -26.56°C, +3.20°C vs 1958-2002 normal (context line, never counted) [archive import: scored retroactively, not a live reading]",2019-02-21,scoring
2019-02-22,2.299,-0.153,0,down,"DMI +80N 2019-02-22: -27.79°C, +2.30°C vs 1958-2002 normal (context line, never counted) [archive import: scored retroactively, not a live reading]",2019-02-22,scoring
2019-02-23,1.386,-0.532,0,down,"DMI +80N 2019-02-23: -29.06°C, +1.39°C vs 1958-2002 normal (context line, never counted) [archive import: scored retroactively, not a live reading]",2019-02-23,scoring
2019-02-24,1.083,-0.651,0,down,"DMI +80N 2019-02-24: -29.40°C, +1.08°C vs 1958-2002 normal (context line, never counted) [archive import: scored retroactively, not a live reading]",2019-02-24,scoring
2019-02-25,2.721,0.210,0,up,"DMI +80N 2019-02-25: -28.25°C, +2.72°C vs 1958-2002 normal (context line, never counted) [archive import: scored retroactively, not a live reading]",2019-02-25,scoring
2019-02-26,4.053,0.831,0,up,"DMI +80N 2019-02-26: -26.76°C, +4.05°C vs 1958-2002 normal (context line, never counted) [archive import: scored retroactively, not a live reading]",2019-02-26,scoring
2019-02-27,3.858,0.675,0,up,"DMI +80N 2019-02-27: -26.53°C, +3.86°C vs 1958-2002 normal (context line, never counted) [archive import: scored retroactively, not a live reading]",2019-02-27,scoring
2019-02-28,4.967,1.181,0,up,"DMI +80N 2019-02-28: -25.06°C, +4.97°C vs 1958-2002 normal (context line, never counted) [archive import: scored retroactively, not a live reading]",2019-02-28,scoring
2019-03-01,8.725,2.947,0,up,"DMI +80N 2019-03-01: -21.32°C, +8.72°C vs 1958-2002 normal (context line, never counted) [archive import: scored retroactively, not a live reading]",2019-03-01,scoring
2019-03-02,8.547,2.803,0,up,"DMI +80N 2019-03-02: -21.39°C, +8.55°C vs 1958-2002 normal (context line, never counted) [archive import: scored retroactively, not a live reading]",2019-03-02,scoring
2019-03-03,7.441,2.173,0,up,"DMI +80N 2019-03-03: -22.23°C, +7.44°C vs 1958-2002 normal (context line, never counted) [archive import: scored retroactively, not a live reading]",2019-03-03,scoring
2019-03-04,7.644,2.209,0,up,"DMI +80N 2019-03-04: -21.62°C, +7.64°C vs 1958-2002 normal (context line, never counted) [archive import: scored retroactively, not a live reading]",2019-03-04,scoring
2019-03-05,5.305,1.075,0,up,"DMI +80N 2019-03-05: -23.80°C, +5.30°C vs 1958-2002 normal (context line, never counted) [archive import: scored retroactively, not a live reading]",2019-03-05,scoring
2019-03-06,4.312,0.594,0,up,"DMI +80N 2019-03-06: -25.05°C, +4.31°C vs 1958-2002 normal (context line, never counted) [archive import: scored retroactively, not a live reading]",2019-03-06,scoring
2019-03-07,3.634,0.271,0,up,"DMI +80N 2019-03-07: -25.80°C, +3.63°C vs 1958-2002 normal (context line, never counted) [archive import: scored retroactively, not a live reading]",2019-03-07,scoring
2019-03-08,3.363,0.150,0,up,"DMI +80N 2019-03-08: -26.23°C, +3.36°C vs 1958-2002 normal (context line, never counted) [archive import: scored retroactively, not a live reading]",2019-03-08,scoring
2019-03-09,3.249,0.102,0,up,"DMI +80N 2019-03-09: -26.41°C, +3.25°C vs 1958-2002 normal (context line, never counted) [archive import: scored retroactively, not a live reading]",2019-03-09,scoring
2019-03-10,2.299,-0.329,0,down,"DMI +80N 2019-03-10: -27.33°C, +2.30°C vs 1958-2002 normal (context line, never counted) [archive import: scored retroactively, not a live reading]",2019-03-10,scoring
2019-03-11,1.819,-0.533,0,down,"DMI +80N 2019-03-11: -27.75°C, +1.82°C vs 1958-2002 normal (context line, never counted) [archive import: scored retroactively, not a live reading]",2019-03-11,scoring
2019-03-12,1.023,-0.910,0,down,"DMI +80N 2019-03-12: -28.11°C, +1.02°C vs 1958-2002 normal (context line, never counted) [archive import: scored retroactively, not a live reading]",2019-03-12,scoring
2019-03-13,0.657,-1.079,0,down,"DMI +80N 2019-03-13: -28.32°C, +0.66°C vs 1958-2002 normal (context line, never counted) [archive import: scored retroactively, not a live reading]",2019-03-13,scoring
2019-03-14,0.122,-1.286,0,down,"DMI +80N 2019-03-14: -28.75°C, +0.12°C vs 1958-2002 normal (context line, never counted) [archive import: scored retroactively, not a live reading]",2019-03-14,scoring
2019-03-15,-1.265,-1.879,0,down,"DMI +80N 2019-03-15: -29.67°C, -1.26°C vs 1958-2002 normal (context line, never counted) [archive import: scored retroactively, not a live reading]",2019-03-15,scoring
2019-03-16,-1.816,-2.027,0,down,"DMI +80N 2019-03-16: -30.08°C, -1.82°C vs 1958-2002 normal (context line, never counted) [archive import: scored retroactively, not a live reading]",2019-03-16,scoring
2019-03-17,-2.097,-2.060,0,down,"DMI +80N 2019-03-17: -29.81°C, -2.10°C vs 1958-2002 normal (context line, never counted) [archive import: scored retroactively, not a live reading]",2019-03-17,scoring
2019-03-18,-1.747,-1.865,0,down,"DMI +80N 2019-03-18: -29.34°C, -1.75°C vs 1958-2002 normal (context line, never counted) [archive import: scored retroactively, not a live reading]",2019-03-18,scoring
2019-03-19,-0.587,-1.340,0,down,"DMI +80N 2019-03-19: -28.07°C, -0.59°C vs 1958-2002 normal (context line, never counted) [archive import: scored retroactively, not a live reading]",2019-03-19,scoring
2019-03-20,-0.22,-1.129,0,down,"DMI +80N 2019-03-20: -27.41°C, -0.22°C vs 1958-2002 normal (context line, never counted) [archive import: scored retroactively, not a live reading]",2019-03-20,scoring
2019-03-21,1.854,-0.251,0,down,"DMI +80N 2019-03-21: -25.67°C, +1.85°C vs 1958-2002 normal (context line, never counted) [archive import: scored retroactively, not a live reading]",2019-03-21,scoring
2019-03-22,3.694,0.519,0,up,"DMI +80N 2019-03-22: -24.20°C, +3.69°C vs 1958-2002 normal (context line, never counted) [archive import: scored retroactively, not a live reading]",2019-03-22,scoring
2019-03-23,4.268,0.714,0,up,"DMI +80N 2019-03-23: -23.23°C, +4.27°C vs 1958-2002 normal (context line, never counted) [archive import: scored retroactively, not a live reading]",2019-03-23,scoring
2019-03-24,4.925,0.942,0,up,"DMI +80N 2019-03-24: -22.63°C, +4.92°C vs 1958-2002 normal (context line, never counted) [archive import: scored retroactively, not a live reading]",2019-03-24,scoring
2019-03-25,4.033,0.527,0,up,"DMI +80N 2019-03-25: -23.55°C, +4.03°C vs 1958-2002 normal (context line, never counted) [archive import: scored retroactively, not a live reading]",2019-03-25,scoring
2019-03-26,3.411,0.277,0,up,"DMI +80N 2019-03-26: -23.89°C, +3.41°C vs 1958-2002 normal (context line, never counted) [archive import: scored retroactively, not a live reading]",2019-03-26,scoring
2019-03-27,3.55,0.330,0,up,"DMI +80N 2019-03-27: -23.47°C, +3.55°C vs 1958-2002 normal (context line, never counted) [archive import: scored retroactively, not a live reading]",2019-03-27,scoring
2019-03-28,3.692,0.369,0,up,"DMI +80N 2019-03-28: -23.19°C, +3.69°C vs 1958-2002 normal (context line, never counted) [archive import: scored retroactively, not a live reading]",2019-03-28,scoring
2019-03-29,3.755,0.372,0,up,"DMI +80N 2019-03-29: -23.04°C, +3.75°C vs 1958-2002 normal (context line, never counted) [archive import: scored retroactively, not a live reading]",2019-03-29,scoring
2019-03-30,2.925,-0.004,0,down,"DMI +80N 2019-03-30: -23.62°C, +2.92°C vs 1958-2002 normal (context line, never counted) [archive import: scored retroactively, not a live reading]",2019-03-30,scoring
2019-03-31,2.551,-0.158,0,down,"DMI +80N 2019-03-31: -23.69°C, +2.55°C vs 1958-2002 normal (context line, never counted) [archive import: scored retroactively, not a live reading]",2019-03-31,scoring
2019-04-01,5.202,0.982,0,up,"DMI +80N 2019-04-01: -20.91°C, +5.20°C vs 1958-2002 normal (context line, never counted) [archive import: scored retroactively, not a live reading]",2019-04-01,scoring
2019-04-02,10.453,3.183,1,up,"DMI +80N 2019-04-02: -15.35°C, +10.45°C vs 1958-2002 normal (context line, never counted) [archive import: scored retroactively, not a live reading]",2019-04-02,scoring
2019-04-03,10.923,3.282,1,up,"DMI +80N 2019-04-03: -14.68°C, +10.92°C vs 1958-2002 normal (context line, never counted) [archive import: scored retroactively, not a live reading]",2019-04-03,scoring
2019-04-04,9.844,2.747,0,up,"DMI +80N 2019-04-04: -15.53°C, +9.84°C vs 1958-2002 normal (context line, never counted) [archive import: scored retroactively, not a live reading]",2019-04-04,scoring
2019-04-05,10.014,2.773,0,up,"DMI +80N 2019-04-05: -15.27°C, +10.01°C vs 1958-2002 normal (context line, never counted) [archive import: scored retroactively, not a live reading]",2019-04-05,scoring
2019-04-06,8.646,2.175,0,up,"DMI +80N 2019-04-06: -16.49°C, +8.65°C vs 1958-2002 normal (context line, never counted) [archive import: scored retroactively, not a live reading]",2019-04-06,scoring
2019-04-07,6.874,1.462,0,up,"DMI +80N 2019-04-07: -17.88°C, +6.87°C vs 1958-2002 normal (context line, never counted) [archive import: scored retroactively, not a live reading]",2019-04-07,scoring
2019-04-08,5.262,0.843,0,up,"DMI +80N 2019-04-08: -18.94°C, +5.26°C vs 1958-2002 normal (context line, never counted) [archive import: scored retroactively, not a live reading]",2019-04-08,scoring
2019-04-09,3.842,0.305,0,up,"DMI +80N 2019-04-09: -19.73°C, +3.84°C vs 1958-2002 normal (context line, never counted) [archive import: scored retroactively, not a live reading]",2019-04-09,scoring
2019-04-10,2.439,-0.235,0,down,"DMI +80N 2019-04-10: -20.58°C, +2.44°C vs 1958-2002 normal (context line, never counted) [archive import: scored retroactively, not a live reading]",2019-04-10,scoring
2019-04-11,1.87,-0.448,0,down,"DMI +80N 2019-04-11: -20.77°C, +1.87°C vs 1958-2002 normal (context line, never counted) [archive import: scored retroactively, not a live reading]",2019-04-11,scoring
2019-04-12,1.633,-0.523,0,down,"DMI +80N 2019-04-12: -20.58°C, +1.63°C vs 1958-2002 normal (context line, never counted) [archive import: scored retroactively, not a live reading]",2019-04-12,scoring
2019-04-13,1.315,-0.616,0,down,"DMI +80N 2019-04-13: -20.57°C, +1.31°C vs 1958-2002 normal (context line, never counted) [archive import: scored retroactively, not a live reading]",2019-04-13,scoring
2019-04-14,1.366,-0.559,0,down,"DMI +80N 2019-04-14: -20.38°C, +1.37°C vs 1958-2002 normal (context line, never counted) [archive import: scored retroactively, not a live reading]",2019-04-14,scoring
2019-04-15,1.666,-0.441,0,down,"DMI +80N 2019-04-15: -19.53°C, +1.67°C vs 1958-2002 normal (context line, never counted) [archive import: scored retroactively, not a live reading]",2019-04-15,scoring
2019-04-16,2.628,-0.066,0,down,"DMI +80N 2019-04-16: -18.27°C, +2.63°C vs 1958-2002 normal (context line, never counted) [archive import: scored retroactively, not a live reading]",2019-04-16,scoring
2019-04-17,2.685,-0.043,0,down,"DMI +80N 2019-04-17: -17.80°C, +2.69°C vs 1958-2002 normal (context line, never counted) [archive import: scored retroactively, not a live reading]",2019-04-17,scoring
2019-04-18,2.428,-0.144,0,down,"DMI +80N 2019-04-18: -17.53°C, +2.43°C vs 1958-2002 normal (context line, never counted) [archive import: scored retroactively, not a live reading]",2019-04-18,scoring
2019-04-19,1.707,-0.426,0,down,"DMI +80N 2019-04-19: -17.70°C, +1.71°C vs 1958-2002 normal (context line, never counted) [archive import: scored retroactively, not a live reading]",2019-04-19,scoring
2019-04-20,1.017,-0.674,0,down,"DMI +80N 2019-04-20: -17.89°C, +1.02°C vs 1958-2002 normal (context line, never counted) [archive import: scored retroactively, not a live reading]",2019-04-20,scoring
2019-04-21,-0.402,-1.215,0,down,"DMI +80N 2019-04-21: -18.78°C, -0.40°C vs 1958-2002 normal (context line, never counted) [archive import: scored retroactively, not a live reading]",2019-04-21,scoring
2019-04-22,-1.138,-1.479,0,down,"DMI +80N 2019-04-22: -19.03°C, -1.14°C vs 1958-2002 normal (context line, never counted) [archive import: scored retroactively, not a live reading]",2019-04-22,scoring
2019-04-23,-0.138,-1.066,0,down,"DMI +80N 2019-04-23: -17.55°C, -0.14°C vs 1958-2002 normal (context line, never counted) [archive import: scored retroactively, not a live reading]",2019-04-23,scoring
2019-04-24,1.297,-0.522,0,down,"DMI +80N 2019-04-24: -15.69°C, +1.30°C vs 1958-2002 normal (context line, never counted) [archive import: scored retroactively, not a live reading]",2019-04-24,scoring
2019-04-25,2.644,-0.022,0,down,"DMI +80N 2019-04-25: -14.18°C, +2.64°C vs 1958-2002 normal (context line, never counted) [archive import: scored retroactively, not a live reading]",2019-04-25,scoring
2019-04-26,3.132,0.162,0,up,"DMI +80N 2019-04-26: -13.29°C, +3.13°C vs 1958-2002 normal (context line, never counted) [archive import: scored retroactively, not a live reading]",2019-04-26,scoring
2019-04-27,2.464,-0.100,0,down,"DMI +80N 2019-04-27: -13.59°C, +2.46°C vs 1958-2002 normal (context line, never counted) [archive import: scored retroactively, not a live reading]",2019-04-27,scoring
2019-04-28,1.49,-0.473,0,down,"DMI +80N 2019-04-28: -13.87°C, +1.49°C vs 1958-2002 normal (context line, never counted) [archive import: scored retroactively, not a live reading]",2019-04-28,scoring
2019-04-29,1.411,-0.503,0,down,"DMI +80N 2019-04-29: -13.48°C, +1.41°C vs 1958-2002 normal (context line, never counted) [archive import: scored retroactively, not a live reading]",2019-04-29,scoring
2019-04-30,2.421,-0.118,0,down,"DMI +80N 2019-04-30: -12.11°C, +2.42°C vs 1958-2002 normal (context line, never counted) [archive import: scored retroactively, not a live reading]",2019-04-30,scoring
2019-05-01,2.874,0.056,0,up,"DMI +80N 2019-05-01: -11.27°C, +2.87°C vs 1958-2002 normal (context line, never counted) [archive import: scored retroactively, not a live reading]",2019-05-01,scoring
2019-05-02,4.462,0.650,0,up,"DMI +80N 2019-05-02: -9.38°C, +4.46°C vs 1958-2002 normal (context line, never counted) [archive import: scored retroactively, not a live reading]",2019-05-02,scoring
2019-05-03,5.158,0.901,0,up,"DMI +80N 2019-05-03: -8.14°C, +5.16°C vs 1958-2002 normal (context line, never counted) [archive import: scored retroactively, not a live reading]",2019-05-03,scoring
2019-05-04,5.276,0.926,0,up,"DMI +80N 2019-05-04: -7.69°C, +5.28°C vs 1958-2002 normal (context line, never counted) [archive import: scored retroactively, not a live reading]",2019-05-04,scoring
2019-05-05,5.452,0.955,0,up,"DMI +80N 2019-05-05: -7.18°C, +5.45°C vs 1958-2002 normal (context line, never counted) [archive import: scored retroactively, not a live reading]",2019-05-05,scoring
2019-05-06,4.651,0.607,0,up,"DMI +80N 2019-05-06: -7.44°C, +4.65°C vs 1958-2002 normal (context line, never counted) [archive import: scored retroactively, not a live reading]",2019-05-06,scoring
2019-05-07,4.12,0.372,0,up,"DMI +80N 2019-05-07: -7.45°C, +4.12°C vs 1958-2002 normal (context line, never counted) [archive import: scored retroactively, not a live reading]",2019-05-07,scoring
2019-05-08,3.639,0.189,0,up,"DMI +80N 2019-05-08: -7.55°C, +3.64°C vs 1958-2002 normal (context line, never counted) [archive import: scored retroactively, not a live reading]",2019-05-08,scoring
2019-05-09,2.929,-0.096,0,down,"DMI +80N 2019-05-09: -7.79°C, +2.93°C vs 1958-2002 normal (context line, never counted) [archive import: scored retroactively, not a live reading]",2019-05-09,scoring
2019-05-10,2.544,-0.218,0,down,"DMI +80N 2019-05-10: -7.76°C, +2.54°C vs 1958-2002 normal (context line, never counted) [archive import: scored retroactively, not a live reading]",2019-05-10,scoring
2019-05-11,2,-0.401,0,down,"DMI +80N 2019-05-11: -7.88°C, +2.00°C vs 1958-2002 normal (context line, never counted) [archive import: scored retroactively, not a live reading]",2019-05-11,scoring
2019-05-12,1.583,-0.559,0,down,"DMI +80N 2019-05-12: -8.06°C, +1.58°C vs 1958-2002 normal (context line, never counted) [archive import: scored retroactively, not a live reading]",2019-05-12,scoring
2019-05-13,1.71,-0.505,0,down,"DMI +80N 2019-05-13: -7.73°C, +1.71°C vs 1958-2002 normal (context line, never counted) [archive import: scored retroactively, not a live reading]",2019-05-13,scoring
2019-05-14,1.704,-0.484,0,down,"DMI +80N 2019-05-14: -7.38°C, +1.70°C vs 1958-2002 normal (context line, never counted) [archive import: scored retroactively, not a live reading]",2019-05-14,scoring
2019-05-15,1.321,-0.623,0,down,"DMI +80N 2019-05-15: -7.44°C, +1.32°C vs 1958-2002 normal (context line, never counted) [archive import: scored retroactively, not a live reading]",2019-05-15,scoring
2019-05-16,0.796,-0.837,0,down,"DMI +80N 2019-05-16: -7.68°C, +0.80°C vs 1958-2002 normal (context line, never counted) [archive import: scored retroactively, not a live reading]",2019-05-16,scoring
2019-05-17,0.747,-0.857,0,down,"DMI +80N 2019-05-17: -7.35°C, +0.75°C vs 1958-2002 normal (context line, never counted) [archive import: scored retroactively, not a live reading]",2019-05-17,scoring
2019-05-18,1.088,-0.707,0,down,"DMI +80N 2019-05-18: -6.41°C, +1.09°C vs 1958-2002 normal (context line, never counted) [archive import: scored retroactively, not a live reading]",2019-05-18,scoring
2019-05-19,1.063,-0.711,0,down,"DMI +80N 2019-05-19: -5.84°C, +1.06°C vs 1958-2002 normal (context line, never counted) [archive import: scored retroactively, not a live reading]",2019-05-19,scoring
2019-05-20,0.686,-0.846,0,down,"DMI +80N 2019-05-20: -5.75°C, +0.69°C vs 1958-2002 normal (context line, never counted) [archive import: scored retroactively, not a live reading]",2019-05-20,scoring
2019-05-21,0.173,-1.053,0,down,"DMI +80N 2019-05-21: -5.77°C, +0.17°C vs 1958-2002 normal (context line, never counted) [archive import: scored retroactively, not a live reading]",2019-05-21,scoring
2019-05-22,0.441,-0.910,0,down,"DMI +80N 2019-05-22: -5.07°C, +0.44°C vs 1958-2002 normal (context line, never counted) [archive import: scored retroactively, not a live reading]",2019-05-22,scoring
2019-05-23,0.395,-0.903,0,down,"DMI +80N 2019-05-23: -4.72°C, +0.40°C vs 1958-2002 normal (context line, never counted) [archive import: scored retroactively, not a live reading]",2019-05-23,scoring
2019-05-24,-0.153,-1.124,0,down,"DMI +80N 2019-05-24: -4.79°C, -0.15°C vs 1958-2002 normal (context line, never counted) [archive import: scored retroactively, not a live reading]",2019-05-24,scoring
2019-05-25,-0.245,-1.146,0,down,"DMI +80N 2019-05-25: -4.54°C, -0.24°C vs 1958-2002 normal (context line, never counted) [archive import: scored retroactively, not a live reading]",2019-05-25,scoring
2019-05-26,-0.126,-1.081,0,down,"DMI +80N 2019-05-26: -4.00°C, -0.13°C vs 1958-2002 normal (context line, never counted) [archive import: scored retroactively, not a live reading]",2019-05-26,scoring
2019-05-27,0.207,-0.914,0,down,"DMI +80N 2019-05-27: -3.26°C, +0.21°C vs 1958-2002 normal (context line, never counted) [archive import: scored retroactively, not a live reading]",2019-05-27,scoring
2019-05-28,0.184,-0.898,0,down,"DMI +80N 2019-05-28: -2.89°C, +0.18°C vs 1958-2002 normal (context line, never counted) [archive import: scored retroactively, not a live reading]",2019-05-28,scoring
2019-05-29,0.409,-0.803,0,down,"DMI +80N 2019-05-29: -2.35°C, +0.41°C vs 1958-2002 normal (context line, never counted) [archive import: scored retroactively, not a live reading]",2019-05-29,scoring
2019-05-30,0.719,-0.686,0,down,"DMI +80N 2019-05-30: -1.73°C, +0.72°C vs 1958-2002 normal (context line, never counted) [archive import: scored retroactively, not a live reading]",2019-05-30,scoring
2019-05-31,0.641,-0.710,0,down,"DMI +80N 2019-05-31: -1.63°C, +0.64°C vs 1958-2002 normal (context line, never counted) [archive import: scored retroactively, not a live reading]",2019-05-31,scoring
2019-06-01,0.285,-0.792,0,down,"DMI +80N 2019-06-01: -1.68°C, +0.28°C vs 1958-2002 normal (context line, never counted) [archive import: scored retroactively, not a live reading]",2019-06-01,scoring
2019-06-02,0.281,-0.726,0,down,"DMI +80N 2019-06-02: -1.41°C, +0.28°C vs 1958-2002 normal (context line, never counted) [archive import: scored retroactively, not a live reading]",2019-06-02,scoring
2019-06-03,0.639,-0.549,0,down,"DMI +80N 2019-06-03: -0.80°C, +0.64°C vs 1958-2002 normal (context line, never counted) [archive import: scored retroactively, not a live reading]",2019-06-03,scoring
2019-06-04,1.102,-0.339,0,down,"DMI +80N 2019-06-04: -0.11°C, +1.10°C vs 1958-2002 normal (context line, never counted) [archive import: scored retroactively, not a live reading]",2019-06-04,scoring
2019-06-05,1.145,-0.290,0,down,"DMI +80N 2019-06-05: 0.05°C, +1.15°C vs 1958-2002 normal (context line, never counted) [archive import: scored retroactively, not a live reading]",2019-06-05,scoring
2019-06-06,0.886,-0.392,0,down,"DMI +80N 2019-06-06: 0.00°C, +0.89°C vs 1958-2002 normal (context line, never counted) [archive import: scored retroactively, not a live reading]",2019-06-06,scoring
2019-06-07,0.732,-0.468,0,down,"DMI +80N 2019-06-07: 0.05°C, +0.73°C vs 1958-2002 normal (context line, never counted) [archive import: scored retroactively, not a live reading]",2019-06-07,scoring
2019-06-08,0.691,-0.485,0,down,"DMI +80N 2019-06-08: 0.12°C, +0.69°C vs 1958-2002 normal (context line, never counted) [archive import: scored retroactively, not a live reading]",2019-06-08,scoring
2019-06-09,0.592,-0.523,0,down,"DMI +80N 2019-06-09: 0.14°C, +0.59°C vs 1958-2002 normal (context line, never counted) [archive import: scored retroactively, not a live reading]",2019-06-09,scoring
2019-06-10,0.416,-0.592,0,down,"DMI +80N 2019-06-10: 0.15°C, +0.42°C vs 1958-2002 normal (context line, never counted) [archive import: scored retroactively, not a live reading]",2019-06-10,scoring
2019-06-11,0.39,-0.602,0,down,"DMI +80N 2019-06-11: 0.29°C, +0.39°C vs 1958-2002 normal (context line, never counted) [archive import: scored retroactively, not a live reading]",2019-06-11,scoring
2019-06-12,0.576,-0.507,0,down,"DMI +80N 2019-06-12: 0.60°C, +0.58°C vs 1958-2002 normal (context line, never counted) [archive import: scored retroactively, not a live reading]",2019-06-12,scoring
2019-06-13,0.761,-0.420,0,down,"DMI +80N 2019-06-13: 0.88°C, +0.76°C vs 1958-2002 normal (context line, never counted) [archive import: scored retroactively, not a live reading]",2019-06-13,scoring
2019-06-14,0.614,-0.508,0,down,"DMI +80N 2019-06-14: 0.82°C, +0.61°C vs 1958-2002 normal (context line, never counted) [archive import: scored retroactively, not a live reading]",2019-06-14,scoring
2019-06-15,0.27,-0.703,0,down,"DMI +80N 2019-06-15: 0.61°C, +0.27°C vs 1958-2002 normal (context line, never counted) [archive import: scored retroactively, not a live reading]",2019-06-15,scoring
2019-06-16,0.196,-0.767,0,down,"DMI +80N 2019-06-16: 0.59°C, +0.20°C vs 1958-2002 normal (context line, never counted) [archive import: scored retroactively, not a live reading]",2019-06-16,scoring
2019-06-17,0.157,-0.813,0,down,"DMI +80N 2019-06-17: 0.61°C, +0.16°C vs 1958-2002 normal (context line, never counted) [archive import: scored retroactively, not a live reading]",2019-06-17,scoring
2019-06-18,0.204,-0.802,0,down,"DMI +80N 2019-06-18: 0.77°C, +0.20°C vs 1958-2002 normal (context line, never counted) [archive import: scored retroactively, not a live reading]",2019-06-18,scoring
2019-06-19,-0.082,-0.976,0,down,"DMI +80N 2019-06-19: 0.60°C, -0.08°C vs 1958-2002 normal (context line, never counted) [archive import: scored retroactively, not a live reading]",2019-06-19,scoring
2019-06-20,-0.232,-1.023,0,down,"DMI +80N 2019-06-20: 0.51°C, -0.23°C vs 1958-2002 normal (context line, never counted) [archive import: scored retroactively, not a live reading]",2019-06-20,scoring
2019-06-21,-0.299,-1.021,0,down,"DMI +80N 2019-06-21: 0.55°C, -0.30°C vs 1958-2002 normal (context line, never counted) [archive import: scored retroactively, not a live reading]",2019-06-21,scoring
2019-06-22,-0.267,-0.979,0,down,"DMI +80N 2019-06-22: 0.62°C, -0.27°C vs 1958-2002 normal (context line, never counted) [archive import: scored retroactively, not a live reading]",2019-06-22,scoring
2019-06-23,-0.154,-0.909,0,down,"DMI +80N 2019-06-23: 0.73°C, -0.15°C vs 1958-2002 normal (context line, never counted) [archive import: scored retroactively, not a live reading]",2019-06-23,scoring
2019-06-24,-0.202,-0.938,0,down,"DMI +80N 2019-06-24: 0.76°C, -0.20°C vs 1958-2002 normal (context line, never counted) [archive import: scored retroactively, not a live reading]",2019-06-24,scoring
2019-06-25,-0.39,-1.068,0,down,"DMI +80N 2019-06-25: 0.65°C, -0.39°C vs 1958-2002 normal (context line, never counted) [archive import: scored retroactively, not a live reading]",2019-06-25,scoring
2019-06-26,-0.216,-0.921,0,down,"DMI +80N 2019-06-26: 0.84°C, -0.22°C vs 1958-2002 normal (context line, never counted) [archive import: scored retroactively, not a live reading]",2019-06-26,scoring
2019-06-27,-0.126,-0.816,0,down,"DMI +80N 2019-06-27: 0.95°C, -0.13°C vs 1958-2002 normal (context line, never counted) [archive import: scored retroactively, not a live reading]",2019-06-27,scoring
2019-06-28,-0.088,-0.790,0,down,"DMI +80N 2019-06-28: 1.04°C, -0.09°C vs 1958-2002 normal (context line, never counted) [archive import: scored retroactively, not a live reading]",2019-06-28,scoring
2019-06-29,-0.119,-0.817,0,down,"DMI +80N 2019-06-29: 1.04°C, -0.12°C vs 1958-2002 normal (context line, never counted) [archive import: scored retroactively, not a live reading]",2019-06-29,scoring
2019-06-30,-0.072,-0.772,0,down,"DMI +80N 2019-06-30: 1.13°C, -0.07°C vs 1958-2002 normal (context line, never counted) [archive import: scored retroactively, not a live reading]",2019-06-30,scoring
2019-07-02,-0.099,-0.753,0,down,"DMI +80N 2019-07-02: 1.11°C, -0.10°C vs 1958-2002 normal (context line, never counted) [archive import: scored retroactively, not a live reading]",2019-07-02,scoring
2019-07-03,-0.088,-0.698,0,down,"DMI +80N 2019-07-03: 1.13°C, -0.09°C vs 1958-2002 normal (context line, never counted) [archive import: scored retroactively, not a live reading]",2019-07-03,scoring
2019-07-04,-0.035,-0.634,0,down,"DMI +80N 2019-07-04: 1.21°C, -0.04°C vs 1958-2002 normal (context line, never counted) [archive import: scored retroactively, not a live reading]",2019-07-04,scoring
2019-07-05,-0.062,-0.667,0,down,"DMI +80N 2019-07-05: 1.15°C, -0.06°C vs 1958-2002 normal (context line, never counted) [archive import: scored retroactively, not a live reading]",2019-07-05,scoring
2019-07-06,-0.134,-0.740,0,down,"DMI +80N 2019-07-06: 1.09°C, -0.13°C vs 1958-2002 normal (context line, never counted) [archive import: scored retroactively, not a live reading]",2019-07-06,scoring
2019-07-07,-0.006,-0.644,0,down,"DMI +80N 2019-07-07: 1.20°C, -0.01°C vs 1958-2002 normal (context line, never counted) [archive import: scored retroactively, not a live reading]",2019-07-07,scoring
2019-07-08,-0.14,-0.773,0,down,"DMI +80N 2019-07-08: 1.12°C, -0.14°C vs 1958-2002 normal (context line, never counted) [archive import: scored retroactively, not a live reading]",2019-07-08,scoring
2019-07-09,-0.168,-0.808,0,down,"DMI +80N 2019-07-09: 1.08°C, -0.17°C vs 1958-2002 normal (context line, never counted) [archive import: scored retroactively, not a live reading]",2019-07-09,scoring
2019-07-10,-0.255,-0.896,0,down,"DMI +80N 2019-07-10: 1.02°C, -0.26°C vs 1958-2002 normal (context line, never counted) [archive import: scored retroactively, not a live reading]",2019-07-10,scoring
2019-07-11,-0.418,-1.056,0,down,"DMI +80N 2019-07-11: 0.84°C, -0.42°C vs 1958-2002 normal (context line, never counted) [archive import: scored retroactively, not a live reading]",2019-07-11,scoring
2019-07-12,-0.342,-0.994,0,down,"DMI +80N 2019-07-12: 0.91°C, -0.34°C vs 1958-2002 normal (context line, never counted) [archive import: scored retroactively, not a live reading]",2019-07-12,scoring
2019-07-13,-0.228,-0.868,0,down,"DMI +80N 2019-07-13: 1.05°C, -0.23°C vs 1958-2002 normal (context line, never counted) [archive import: scored retroactively, not a live reading]",2019-07-13,scoring
2019-07-14,-0.185,-0.822,0,down,"DMI +80N 2019-07-14: 1.14°C, -0.18°C vs 1958-2002 normal (context line, never counted) [archive import: scored retroactively, not a live reading]",2019-07-14,scoring
2019-07-15,-0.018,-0.577,0,down,"DMI +80N 2019-07-15: 1.26°C, -0.02°C vs 1958-2002 normal (context line, never counted) [archive import: scored retroactively, not a live reading]",2019-07-15,scoring
2019-07-16,-0.119,-0.622,0,down,"DMI +80N 2019-07-16: 1.16°C, -0.12°C vs 1958-2002 normal (context line, never counted) [archive import: scored retroactively, not a live reading]",2019-07-16,scoring
2019-07-17,-0.191,-0.702,0,down,"DMI +80N 2019-07-17: 1.08°C, -0.19°C vs 1958-2002 normal (context line, never counted) [archive import: scored retroactively, not a live reading]",2019-07-17,scoring
2019-07-18,-0.327,-0.879,0,down,"DMI +80N 2019-07-18: 0.97°C, -0.33°C vs 1958-2002 normal (context line, never counted) [archive import: scored retroactively, not a live reading]",2019-07-18,scoring
2019-07-19,-0.548,-1.183,0,down,"DMI +80N 2019-07-19: 0.79°C, -0.55°C vs 1958-2002 normal (context line, never counted) [archive import: scored retroactively, not a live reading]",2019-07-19,scoring
2019-07-20,-0.343,-0.865,0,down,"DMI +80N 2019-07-20: 0.95°C, -0.34°C vs 1958-2002 normal (context line, never counted) [archive import: scored retroactively, not a live reading]",2019-07-20,scoring
2019-07-21,-0.497,-1.022,0,down,"DMI +80N 2019-07-21: 0.77°C, -0.50°C vs 1958-2002 normal (context line, never counted) [archive import: scored retroactively, not a live reading]",2019-07-21,scoring
2019-07-22,-0.563,-1.093,0,down,"DMI +80N 2019-07-22: 0.65°C, -0.56°C vs 1958-2002 normal (context line, never counted) [archive import: scored retroactively, not a live reading]",2019-07-22,scoring
2019-07-23,-0.35,-0.832,0,down,"DMI +80N 2019-07-23: 0.82°C, -0.35°C vs 1958-2002 normal (context line, never counted) [archive import: scored retroactively, not a live reading]",2019-07-23,scoring
2019-07-24,-0.336,-0.811,0,down,"DMI +80N 2019-07-24: 0.83°C, -0.34°C vs 1958-2002 normal (context line, never counted) [archive import: scored retroactively, not a live reading]",2019-07-24,scoring
2019-07-25,-0.298,-0.780,0,down,"DMI +80N 2019-07-25: 0.85°C, -0.30°C vs 1958-2002 normal (context line, never counted) [archive import: scored retroactively, not a live reading]",2019-07-25,scoring
2019-07-26,0.038,-0.284,0,down,"DMI +80N 2019-07-26: 1.19°C, +0.04°C vs 1958-2002 normal (context line, never counted) [archive import: scored retroactively, not a live reading]",2019-07-26,scoring
2019-07-27,0.125,-0.118,0,down,"DMI +80N 2019-07-27: 1.22°C, +0.12°C vs 1958-2002 normal (context line, never counted) [archive import: scored retroactively, not a live reading]",2019-07-27,scoring
2019-07-28,-0.13,-0.506,0,down,"DMI +80N 2019-07-28: 0.95°C, -0.13°C vs 1958-2002 normal (context line, never counted) [archive import: scored retroactively, not a live reading]",2019-07-28,scoring
2019-07-29,-0.121,-0.496,0,down,"DMI +80N 2019-07-29: 0.96°C, -0.12°C vs 1958-2002 normal (context line, never counted) [archive import: scored retroactively, not a live reading]",2019-07-29,scoring
2019-07-30,0.057,-0.201,0,down,"DMI +80N 2019-07-30: 1.05°C, +0.06°C vs 1958-2002 normal (context line, never counted) [archive import: scored retroactively, not a live reading]",2019-07-30,scoring
2019-07-31,0.075,-0.156,0,down,"DMI +80N 2019-07-31: 1.03°C, +0.07°C vs 1958-2002 normal (context line, never counted) [archive import: scored retroactively, not a live reading]",2019-07-31,scoring
2019-08-01,0.04,-0.182,0,down,"DMI +80N 2019-08-01: 1.00°C, +0.04°C vs 1958-2002 normal (context line, never counted) [archive import: scored retroactively, not a live reading]",2019-08-01,scoring
2019-08-02,0.035,-0.122,0,down,"DMI +80N 2019-08-02: 0.97°C, +0.04°C vs 1958-2002 normal (context line, never counted) [archive import: scored retroactively, not a live reading]",2019-08-02,scoring
2019-08-05,-0.022,-0.173,0,down,"DMI +80N 2019-08-05: 0.67°C, -0.02°C vs 1958-2002 normal (context line, never counted) [archive import: scored retroactively, not a live reading]",2019-08-05,scoring
2019-08-06,-0.106,-0.318,0,down,"DMI +80N 2019-08-06: 0.55°C, -0.11°C vs 1958-2002 normal (context line, never counted) [archive import: scored retroactively, not a live reading]",2019-08-06,scoring
2019-08-07,-0.089,-0.273,0,down,"DMI +80N 2019-08-07: 0.48°C, -0.09°C vs 1958-2002 normal (context line, never counted) [archive import: scored retroactively, not a live reading]",2019-08-07,scoring
2019-08-08,-0.096,-0.295,0,down,"DMI +80N 2019-08-08: 0.46°C, -0.10°C vs 1958-2002 normal (context line, never counted) [archive import: scored retroactively, not a live reading]",2019-08-08,scoring
2019-08-09,-0.101,-0.267,0,down,"DMI +80N 2019-08-09: 0.39°C, -0.10°C vs 1958-2002 normal (context line, never counted) [archive import: scored retroactively, not a live reading]",2019-08-09,scoring
2019-08-10,-0.021,-0.022,0,down,"DMI +80N 2019-08-10: 0.40°C, -0.02°C vs 1958-2002 normal (context line, never counted) [archive import: scored retroactively, not a live reading]",2019-08-10,scoring
2019-08-11,-0.013,0.016,0,up,"DMI +80N 2019-08-11: 0.32°C, -0.01°C vs 1958-2002 normal (context line, never counted) [archive import: scored retroactively, not a live reading]",2019-08-11,scoring
2019-08-12,0.198,0.573,0,up,"DMI +80N 2019-08-12: 0.49°C, +0.20°C vs 1958-2002 normal (context line, never counted) [archive import: scored retroactively, not a live reading]",2019-08-12,scoring
2019-08-13,0.268,0.775,0,up,"DMI +80N 2019-08-13: 0.50°C, +0.27°C vs 1958-2002 normal (context line, never counted) [archive import: scored retroactively, not a live reading]",2019-08-13,scoring
2019-08-14,0.354,1.019,0,up,"DMI +80N 2019-08-14: 0.55°C, +0.35°C vs 1958-2002 normal (context line, never counted) [archive import: scored retroactively, not a live reading]",2019-08-14,scoring
2019-08-15,0.301,0.890,0,up,"DMI +80N 2019-08-15: 0.46°C, +0.30°C vs 1958-2002 normal (context line, never counted) [archive import: scored retroactively, not a live reading]",2019-08-15,scoring
2019-08-16,0.258,0.784,0,up,"DMI +80N 2019-08-16: 0.34°C, +0.26°C vs 1958-2002 normal (context line, never counted) [archive import: scored retroactively, not a live reading]",2019-08-16,scoring
2019-08-17,0.397,1.199,0,up,"DMI +80N 2019-08-17: 0.36°C, +0.40°C vs 1958-2002 normal (context line, never counted) [archive import: scored retroactively, not a live reading]",2019-08-17,scoring
2019-08-18,0.434,1.305,0,up,"DMI +80N 2019-08-18: 0.26°C, +0.43°C vs 1958-2002 normal (context line, never counted) [archive import: scored retroactively, not a live reading]",2019-08-18,scoring
2019-08-19,0.315,0.969,0,up,"DMI +80N 2019-08-19: -0.04°C, +0.32°C vs 1958-2002 normal (context line, never counted) [archive import: scored retroactively, not a live reading]",2019-08-19,scoring
2019-08-20,0.166,0.547,0,up,"DMI +80N 2019-08-20: -0.34°C, +0.17°C vs 1958-2002 normal (context line, never counted) [archive import: scored retroactively, not a live reading]",2019-08-20,scoring
2019-08-21,0.143,0.486,0,up,"DMI +80N 2019-08-21: -0.57°C, +0.14°C vs 1958-2002 normal (context line, never counted) [archive import: scored retroactively, not a live reading]",2019-08-21,scoring
2019-08-22,-0.019,0.002,0,up,"DMI +80N 2019-08-22: -0.93°C, -0.02°C vs 1958-2002 normal (context line, never counted) [archive import: scored retroactively, not a live reading]",2019-08-22,scoring
2019-08-23,-0.09,-0.216,0,down,"DMI +80N 2019-08-23: -1.18°C, -0.09°C vs 1958-2002 normal (context line, never counted) [archive import: scored retroactively, not a live reading]",2019-08-23,scoring
2019-08-24,0.243,0.844,0,up,"DMI +80N 2019-08-24: -0.99°C, +0.24°C vs 1958-2002 normal (context line, never counted) [archive import: scored retroactively, not a live reading]",2019-08-24,scoring
2019-08-25,0.883,2.906,0,up,"DMI +80N 2019-08-25: -0.41°C, +0.88°C vs 1958-2002 normal (context line, never counted) [archive import: scored retroactively, not a live reading]",2019-08-25,scoring
2019-08-26,0.749,2.342,0,up,"DMI +80N 2019-08-26: -0.74°C, +0.75°C vs 1958-2002 normal (context line, never counted) [archive import: scored retroactively, not a live reading]",2019-08-26,scoring
2019-08-27,0.947,2.885,0,up,"DMI +80N 2019-08-27: -0.88°C, +0.95°C vs 1958-2002 normal (context line, never counted) [archive import: scored retroactively, not a live reading]",2019-08-27,scoring
2019-08-28,1.031,3.030,1,up,"DMI +80N 2019-08-28: -1.11°C, +1.03°C vs 1958-2002 normal (context line, never counted) [archive import: scored retroactively, not a live reading]",2019-08-28,scoring
2019-08-30,1.88,5.421,1,up,"DMI +80N 2019-08-30: -0.85°C, +1.88°C vs 1958-2002 normal (context line, never counted) [archive import: scored retroactively, not a live reading]",2019-08-30,scoring
2019-08-31,2.014,5.700,1,up,"DMI +80N 2019-08-31: -1.00°C, +2.01°C vs 1958-2002 normal (context line, never counted) [archive import: scored retroactively, not a live reading]",2019-08-31,scoring
2019-09-01,1.355,3.804,1,up,"DMI +80N 2019-09-01: -1.89°C, +1.35°C vs 1958-2002 normal (context line, never counted) [archive import: scored retroactively, not a live reading]",2019-09-01,scoring
2019-09-02,1.408,3.882,1,up,"DMI +80N 2019-09-02: -2.11°C, +1.41°C vs 1958-2002 normal (context line, never counted) [archive import: scored retroactively, not a live reading]",2019-09-02,scoring
2019-09-03,1.951,5.332,1,up,"DMI +80N 2019-09-03: -1.75°C, +1.95°C vs 1958-2002 normal (context line, never counted) [archive import: scored retroactively, not a live reading]",2019-09-03,scoring
2019-09-04,1.737,4.644,1,up,"DMI +80N 2019-09-04: -2.27°C, +1.74°C vs 1958-2002 normal (context line, never counted) [archive import: scored retroactively, not a live reading]",2019-09-04,scoring
2019-09-08,1.584,4.168,1,up,"DMI +80N 2019-09-08: -3.79°C, +1.58°C vs 1958-2002 normal (context line, never counted) [archive import: scored retroactively, not a live reading]",2019-09-08,scoring
2019-09-09,1.557,4.075,1,up,"DMI +80N 2019-09-09: -3.86°C, +1.56°C vs 1958-2002 normal (context line, never counted) [archive import: scored retroactively, not a live reading]",2019-09-09,scoring
2019-09-10,2.037,5.319,1,up,"DMI +80N 2019-09-10: -3.63°C, +2.04°C vs 1958-2002 normal (context line, never counted) [archive import: scored retroactively, not a live reading]",2019-09-10,scoring
2019-09-11,2.767,7.251,1,up,"DMI +80N 2019-09-11: -3.15°C, +2.77°C vs 1958-2002 normal (context line, never counted) [archive import: scored retroactively, not a live reading]",2019-09-11,scoring
2019-09-12,3.237,8.383,1,up,"DMI +80N 2019-09-12: -2.97°C, +3.24°C vs 1958-2002 normal (context line, never counted) [archive import: scored retroactively, not a live reading]",2019-09-12,scoring
2019-09-13,3.749,9.545,1,up,"DMI +80N 2019-09-13: -2.78°C, +3.75°C vs 1958-2002 normal (context line, never counted) [archive import: scored retroactively, not a live reading]",2019-09-13,scoring
2019-09-14,4.104,10.389,1,up,"DMI +80N 2019-09-14: -2.80°C, +4.10°C vs 1958-2002 normal (context line, never counted) [archive import: scored retroactively, not a live reading]",2019-09-14,scoring
2019-09-15,4.421,11.128,1,up,"DMI +80N 2019-09-15: -2.81°C, +4.42°C vs 1958-2002 normal (context line, never counted) [archive import: scored retroactively, not a live reading]",2019-09-15,scoring
2019-09-16,4.269,10.522,1,up,"DMI +80N 2019-09-16: -3.29°C, +4.27°C vs 1958-2002 normal (context line, never counted) [archive import: scored retroactively, not a live reading]",2019-09-16,scoring
2019-09-17,3.64,8.884,1,up,"DMI +80N 2019-09-17: -4.34°C, +3.64°C vs 1958-2002 normal (context line, never counted) [archive import: scored retroactively, not a live reading]",2019-09-17,scoring
2019-09-18,3.253,7.903,1,up,"DMI +80N 2019-09-18: -5.04°C, +3.25°C vs 1958-2002 normal (context line, never counted) [archive import: scored retroactively, not a live reading]",2019-09-18,scoring
2019-09-19,3.881,9.373,1,up,"DMI +80N 2019-09-19: -4.92°C, +3.88°C vs 1958-2002 normal (context line, never counted) [archive import: scored retroactively, not a live reading]",2019-09-19,scoring
2019-09-20,4.403,10.629,1,up,"DMI +80N 2019-09-20: -4.66°C, +4.40°C vs 1958-2002 normal (context line, never counted) [archive import: scored retroactively, not a live reading]",2019-09-20,scoring
2019-09-21,4.795,11.396,1,up,"DMI +80N 2019-09-21: -4.54°C, +4.79°C vs 1958-2002 normal (context line, never counted) [archive import: scored retroactively, not a live reading]",2019-09-21,scoring
2019-09-22,4.991,11.568,1,up,"DMI +80N 2019-09-22: -4.72°C, +4.99°C vs 1958-2002 normal (context line, never counted) [archive import: scored retroactively, not a live reading]",2019-09-22,scoring
2019-09-23,4.878,11.036,1,up,"DMI +80N 2019-09-23: -5.04°C, +4.88°C vs 1958-2002 normal (context line, never counted) [archive import: scored retroactively, not a live reading]",2019-09-23,scoring
2019-09-24,5.736,12.847,1,up,"DMI +80N 2019-09-24: -4.60°C, +5.74°C vs 1958-2002 normal (context line, never counted) [archive import: scored retroactively, not a live reading]",2019-09-24,scoring
2019-09-25,5.41,11.555,1,up,"DMI +80N 2019-09-25: -5.30°C, +5.41°C vs 1958-2002 normal (context line, never counted) [archive import: scored retroactively, not a live reading]",2019-09-25,scoring
2019-09-26,4.957,10.036,1,up,"DMI +80N 2019-09-26: -5.99°C, +4.96°C vs 1958-2002 normal (context line, never counted) [archive import: scored retroactively, not a live reading]",2019-09-26,scoring
2019-09-27,4.399,8.526,1,up,"DMI +80N 2019-09-27: -6.69°C, +4.40°C vs 1958-2002 normal (context line, never counted) [archive import: scored retroactively, not a live reading]",2019-09-27,scoring
2019-09-28,5.586,10.408,1,up,"DMI +80N 2019-09-28: -5.79°C, +5.59°C vs 1958-2002 normal (context line, never counted) [archive import: scored retroactively, not a live reading]",2019-09-28,scoring
2019-09-29,6.563,11.619,1,up,"DMI +80N 2019-09-29: -5.19°C, +6.56°C vs 1958-2002 normal (context line, never counted) [archive import: scored retroactively, not a live reading]",2019-09-29,scoring
2019-09-30,6.625,11.067,1,up,"DMI +80N 2019-09-30: -5.60°C, +6.62°C vs 1958-2002 normal (context line, never counted) [archive import: scored retroactively, not a live reading]",2019-09-30,scoring
2019-10-01,6.537,10.557,1,up,"DMI +80N 2019-10-01: -6.04°C, +6.54°C vs 1958-2002 normal (context line, never counted) [archive import: scored retroactively, not a live reading]",2019-10-01,scoring
2019-10-09,5.714,8.554,1,up,"DMI +80N 2019-10-09: -8.63°C, +5.71°C vs 1958-2002 normal (context line, never counted) [archive import: scored retroactively, not a live reading]",2019-10-09,scoring
2019-10-10,4.941,6.994,1,up,"DMI +80N 2019-10-10: -9.91°C, +4.94°C vs 1958-2002 normal (context line, never counted) [archive import: scored retroactively, not a live reading]",2019-10-10,scoring
2019-10-11,5.15,6.998,1,up,"DMI +80N 2019-10-11: -10.08°C, +5.15°C vs 1958-2002 normal (context line, never counted) [archive import: scored retroactively, not a live reading]",2019-10-11,scoring
2019-10-12,5.175,6.510,1,up,"DMI +80N 2019-10-12: -10.64°C, +5.17°C vs 1958-2002 normal (context line, never counted) [archive import: scored retroactively, not a live reading]",2019-10-12,scoring
2019-10-13,4.049,4.739,1,up,"DMI +80N 2019-10-13: -12.19°C, +4.05°C vs 1958-2002 normal (context line, never counted) [archive import: scored retroactively, not a live reading]",2019-10-13,scoring
2019-10-14,3.547,3.950,1,up,"DMI +80N 2019-10-14: -12.99°C, +3.55°C vs 1958-2002 normal (context line, never counted) [archive import: scored retroactively, not a live reading]",2019-10-14,scoring
2019-10-15,3.957,4.222,1,up,"DMI +80N 2019-10-15: -13.16°C, +3.96°C vs 1958-2002 normal (context line, never counted) [archive import: scored retroactively, not a live reading]",2019-10-15,scoring
2019-10-16,4.253,4.264,1,up,"DMI +80N 2019-10-16: -13.39°C, +4.25°C vs 1958-2002 normal (context line, never counted) [archive import: scored retroactively, not a live reading]",2019-10-16,scoring
2019-10-17,4.053,3.833,1,up,"DMI +80N 2019-10-17: -13.89°C, +4.05°C vs 1958-2002 normal (context line, never counted) [archive import: scored retroactively, not a live reading]",2019-10-17,scoring
2019-10-18,3.334,2.922,0,up,"DMI +80N 2019-10-18: -14.68°C, +3.33°C vs 1958-2002 normal (context line, never counted) [archive import: scored retroactively, not a live reading]",2019-10-18,scoring
2019-10-19,3.724,3.079,1,up,"DMI +80N 2019-10-19: -14.43°C, +3.72°C vs 1958-2002 normal (context line, never counted) [archive import: scored retroactively, not a live reading]",2019-10-19,scoring
2019-10-20,5.685,4.508,1,up,"DMI +80N 2019-10-20: -12.50°C, +5.68°C vs 1958-2002 normal (context line, never counted) [archive import: scored retroactively, not a live reading]",2019-10-20,scoring
2019-10-21,6.71,4.990,1,up,"DMI +80N 2019-10-21: -11.91°C, +6.71°C vs 1958-2002 normal (context line, never counted) [archive import: scored retroactively, not a live reading]",2019-10-21,scoring
2019-10-22,7.357,5.079,1,up,"DMI +80N 2019-10-22: -11.72°C, +7.36°C vs 1958-2002 normal (context line, never counted) [archive import: scored retroactively, not a live reading]",2019-10-22,scoring
2019-10-23,6.876,4.418,1,up,"DMI +80N 2019-10-23: -12.51°C, +6.88°C vs 1958-2002 normal (context line, never counted) [archive import: scored retroactively, not a live reading]",2019-10-23,scoring
2019-10-24,6.48,3.690,1,up,"DMI +80N 2019-10-24: -13.46°C, +6.48°C vs 1958-2002 normal (context line, never counted) [archive import: scored retroactively, not a live reading]",2019-10-24,scoring
2019-10-25,6.4,3.311,1,up,"DMI +80N 2019-10-25: -13.95°C, +6.40°C vs 1958-2002 normal (context line, never counted) [archive import: scored retroactively, not a live reading]",2019-10-25,scoring
2019-10-26,6.499,3.150,1,up,"DMI +80N 2019-10-26: -14.27°C, +6.50°C vs 1958-2002 normal (context line, never counted) [archive import: scored retroactively, not a live reading]",2019-10-26,scoring
2019-10-27,6.135,2.741,0,up,"DMI +80N 2019-10-27: -14.80°C, +6.13°C vs 1958-2002 normal (context line, never counted) [archive import: scored retroactively, not a live reading]",2019-10-27,scoring
2019-10-28,5.411,2.161,0,up,"DMI +80N 2019-10-28: -15.71°C, +5.41°C vs 1958-2002 normal (context line, never counted) [archive import: scored retroactively, not a live reading]",2019-10-28,scoring
2019-10-29,5.362,1.966,0,up,"DMI +80N 2019-10-29: -16.03°C, +5.36°C vs 1958-2002 normal (context line, never counted) [archive import: scored retroactively, not a live reading]",2019-10-29,scoring
2019-10-30,4.093,1.170,0,up,"DMI +80N 2019-10-30: -17.38°C, +4.09°C vs 1958-2002 normal (context line, never counted) [archive import: scored retroactively, not a live reading]",2019-10-30,scoring
2019-10-31,3.579,0.843,0,up,"DMI +80N 2019-10-31: -18.48°C, +3.58°C vs 1958-2002 normal (context line, never counted) [archive import: scored retroactively, not a live reading]",2019-10-31,scoring
2019-11-01,2.669,0.333,0,up,"DMI +80N 2019-11-01: -19.71°C, +2.67°C vs 1958-2002 normal (context line, never counted) [archive import: scored retroactively, not a live reading]",2019-11-01,scoring
2019-11-02,2.733,0.189,0,up,"DMI +80N 2019-11-02: -20.08°C, +2.73°C vs 1958-2002 normal (context line, never counted) [archive import: scored retroactively, not a live reading]",2019-11-02,scoring
2019-11-03,2.875,0.084,0,up,"DMI +80N 2019-11-03: -20.48°C, +2.88°C vs 1958-2002 normal (context line, never counted) [archive import: scored retroactively, not a live reading]",2019-11-03,scoring
2019-11-04,2.248,-0.238,0,down,"DMI +80N 2019-11-04: -21.25°C, +2.25°C vs 1958-2002 normal (context line, never counted) [archive import: scored retroactively, not a live reading]",2019-11-04,scoring
2019-11-05,1.276,-0.688,0,down,"DMI +80N 2019-11-05: -21.91°C, +1.28°C vs 1958-2002 normal (context line, never counted) [archive import: scored retroactively, not a live reading]",2019-11-05,scoring
2019-11-06,0.264,-1.151,0,down,"DMI +80N 2019-11-06: -22.52°C, +0.26°C vs 1958-2002 normal (context line, never counted) [archive import: scored retroactively, not a live reading]",2019-11-06,scoring
2019-11-07,0.118,-1.220,0,down,"DMI +80N 2019-11-07: -22.69°C, +0.12°C vs 1958-2002 normal (context line, never counted) [archive import: scored retroactively, not a live reading]",2019-11-07,scoring
2019-11-08,0.164,-1.199,0,down,"DMI +80N 2019-11-08: -22.61°C, +0.16°C vs 1958-2002 normal (context line, never counted) [archive import: scored retroactively, not a live reading]",2019-11-08,scoring
2019-11-09,0.73,-0.937,0,down,"DMI +80N 2019-11-09: -22.17°C, +0.73°C vs 1958-2002 normal (context line, never counted) [archive import: scored retroactively, not a live reading]",2019-11-09,scoring
2019-11-10,0.027,-1.272,0,down,"DMI +80N 2019-11-10: -22.89°C, +0.03°C vs 1958-2002 normal (context line, never counted) [archive import: scored retroactively, not a live reading]",2019-11-10,scoring
2019-11-11,-0.987,-1.746,0,down,"DMI +80N 2019-11-11: -24.12°C, -0.99°C vs 1958-2002 normal (context line, never counted) [archive import: scored retroactively, not a live reading]",2019-11-11,scoring
2019-11-12,1.486,-0.574,0,down,"DMI +80N 2019-11-12: -22.25°C, +1.49°C vs 1958-2002 normal (context line, never counted) [archive import: scored retroactively, not a live reading]",2019-11-12,scoring
2019-11-13,4.721,0.878,0,up,"DMI +80N 2019-11-13: -19.54°C, +4.72°C vs 1958-2002 normal (context line, never counted) [archive import: scored retroactively, not a live reading]",2019-11-13,scoring
2019-11-14,6.436,1.609,0,up,"DMI +80N 2019-11-14: -17.83°C, +6.44°C vs 1958-2002 normal (context line, never counted) [archive import: scored retroactively, not a live reading]",2019-11-14,scoring
2019-11-15,8.409,2.334,0,up,"DMI +80N 2019-11-15: -16.08°C, +8.41°C vs 1958-2002 normal (context line, never counted) [archive import: scored retroactively, not a live reading]",2019-11-15,scoring
2019-11-16,12.078,3.726,1,up,"DMI +80N 2019-11-16: -12.59°C, +12.08°C vs 1958-2002 normal (context line, never counted) [archive import: scored retroactively, not a live reading]",2019-11-16,scoring
2019-11-17,11.254,3.264,1,up,"DMI +80N 2019-11-17: -13.31°C, +11.25°C vs 1958-2002 normal (context line, never counted) [archive import: scored retroactively, not a live reading]",2019-11-17,scoring
2019-11-18,10.92,3.009,1,up,"DMI +80N 2019-11-18: -13.87°C, +10.92°C vs 1958-2002 normal (context line, never counted) [archive import: scored retroactively, not a live reading]",2019-11-18,scoring
2019-11-19,12.69,3.586,1,up,"DMI +80N 2019-11-19: -12.15°C, +12.69°C vs 1958-2002 normal (context line, never counted) [archive import: scored retroactively, not a live reading]",2019-11-19,scoring
2019-11-20,10.877,2.785,0,up,"DMI +80N 2019-11-20: -13.87°C, +10.88°C vs 1958-2002 normal (context line, never counted) [archive import: scored retroactively, not a live reading]",2019-11-20,scoring
2019-11-21,8.77,1.908,0,up,"DMI +80N 2019-11-21: -15.90°C, +8.77°C vs 1958-2002 normal (context line, never counted) [archive import: scored retroactively, not a live reading]",2019-11-21,scoring
2019-11-22,7.266,1.285,0,up,"DMI +80N 2019-11-22: -17.75°C, +7.27°C vs 1958-2002 normal (context line, never counted) [archive import: scored retroactively, not a live reading]",2019-11-22,scoring
2019-11-23,7.489,1.327,0,up,"DMI +80N 2019-11-23: -18.08°C, +7.49°C vs 1958-2002 normal (context line, never counted) [archive import: scored retroactively, not a live reading]",2019-11-23,scoring
2019-11-24,6.55,0.943,0,up,"DMI +80N 2019-11-24: -19.09°C, +6.55°C vs 1958-2002 normal (context line, never counted) [archive import: scored retroactively, not a live reading]",2019-11-24,scoring
2019-11-25,5.04,0.370,0,up,"DMI +80N 2019-11-25: -20.49°C, +5.04°C vs 1958-2002 normal (context line, never counted) [archive import: scored retroactively, not a live reading]",2019-11-25,scoring
2019-11-26,3.4,-0.233,0,down,"DMI +80N 2019-11-26: -22.52°C, +3.40°C vs 1958-2002 normal (context line, never counted) [archive import: scored retroactively, not a live reading]",2019-11-26,scoring
2019-11-27,2.554,-0.537,0,down,"DMI +80N 2019-11-27: -23.45°C, +2.55°C vs 1958-2002 normal (context line, never counted) [archive import: scored retroactively, not a live reading]",2019-11-27,scoring
2019-11-28,1.768,-0.822,0,down,"DMI +80N 2019-11-28: -24.23°C, +1.77°C vs 1958-2002 normal (context line, never counted) [archive import: scored retroactively, not a live reading]",2019-11-28,scoring
2019-11-29,2.104,-0.702,0,down,"DMI +80N 2019-11-29: -24.34°C, +2.10°C vs 1958-2002 normal (context line, never counted) [archive import: scored retroactively, not a live reading]",2019-11-29,scoring
2019-11-30,2.424,-0.589,0,down,"DMI +80N 2019-11-30: -24.44°C, +2.42°C vs 1958-2002 normal (context line, never counted) [archive import: scored retroactively, not a live reading]",2019-11-30,scoring
2019-12-01,3.351,-0.255,0,down,"DMI +80N 2019-12-01: -23.66°C, +3.35°C vs 1958-2002 normal (context line, never counted) [archive import: scored retroactively, not a live reading]",2019-12-01,scoring
2019-12-02,3.427,-0.232,0,down,"DMI +80N 2019-12-02: -23.39°C, +3.43°C vs 1958-2002 normal (context line, never counted) [archive import: scored retroactively, not a live reading]",2019-12-02,scoring
2019-12-03,6.214,0.825,0,up,"DMI +80N 2019-12-03: -20.34°C, +6.21°C vs 1958-2002 normal (context line, never counted) [archive import: scored retroactively, not a live reading]",2019-12-03,scoring
2019-12-04,9.678,2.159,0,up,"DMI +80N 2019-12-04: -17.23°C, +9.68°C vs 1958-2002 normal (context line, never counted) [archive import: scored retroactively, not a live reading]",2019-12-04,scoring
2019-12-05,11.121,2.642,0,up,"DMI +80N 2019-12-05: -16.37°C, +11.12°C vs 1958-2002 normal (context line, never counted) [archive import: scored retroactively, not a live reading]",2019-12-05,scoring
2019-12-06,9.085,1.816,0,up,"DMI +80N 2019-12-06: -18.75°C, +9.09°C vs 1958-2002 normal (context line, never counted) [archive import: scored retroactively, not a live reading]",2019-12-06,scoring
2019-12-07,6.926,0.971,0,up,"DMI +80N 2019-12-07: -20.62°C, +6.93°C vs 1958-2002 normal (context line, never counted) [archive import: scored retroactively, not a live reading]",2019-12-07,scoring
2019-12-08,5.915,0.575,0,up,"DMI +80N 2019-12-08: -21.42°C, +5.92°C vs 1958-2002 normal (context line, never counted) [archive import: scored retroactively, not a live reading]",2019-12-08,scoring
2019-12-09,5.492,0.399,0,up,"DMI +80N 2019-12-09: -21.80°C, +5.49°C vs 1958-2002 normal (context line, never counted) [archive import: scored retroactively, not a live reading]",2019-12-09,scoring
2019-12-10,6.106,0.632,0,up,"DMI +80N 2019-12-10: -21.09°C, +6.11°C vs 1958-2002 normal (context line, never counted) [archive import: scored retroactively, not a live reading]",2019-12-10,scoring
2019-12-11,5.984,0.535,0,up,"DMI +80N 2019-12-11: -20.96°C, +5.98°C vs 1958-2002 normal (context line, never counted) [archive import: scored retroactively, not a live reading]",2019-12-11,scoring
2019-12-12,5.333,0.222,0,up,"DMI +80N 2019-12-12: -22.11°C, +5.33°C vs 1958-2002 normal (context line, never counted) [archive import: scored retroactively, not a live reading]",2019-12-12,scoring
2019-12-13,4.793,-0.017,0,down,"DMI +80N 2019-12-13: -23.19°C, +4.79°C vs 1958-2002 normal (context line, never counted) [archive import: scored retroactively, not a live reading]",2019-12-13,scoring
2019-12-14,5.297,0.184,0,up,"DMI +80N 2019-12-14: -23.07°C, +5.30°C vs 1958-2002 normal (context line, never counted) [archive import: scored retroactively, not a live reading]",2019-12-14,scoring
2019-12-15,4.452,-0.186,0,down,"DMI +80N 2019-12-15: -23.75°C, +4.45°C vs 1958-2002 normal (context line, never counted) [archive import: scored retroactively, not a live reading]",2019-12-15,scoring
2019-12-16,4.707,-0.084,0,down,"DMI +80N 2019-12-16: -23.38°C, +4.71°C vs 1958-2002 normal (context line, never counted) [archive import: scored retroactively, not a live reading]",2019-12-16,scoring
2019-12-17,4.79,-0.051,0,down,"DMI +80N 2019-12-17: -23.28°C, +4.79°C vs 1958-2002 normal (context line, never counted) [archive import: scored retroactively, not a live reading]",2019-12-17,scoring
2019-12-18,4.255,-0.284,0,down,"DMI +80N 2019-12-18: -24.10°C, +4.25°C vs 1958-2002 normal (context line, never counted) [archive import: scored retroactively, not a live reading]",2019-12-18,scoring
2019-12-19,3.951,-0.421,0,down,"DMI +80N 2019-12-19: -24.34°C, +3.95°C vs 1958-2002 normal (context line, never counted) [archive import: scored retroactively, not a live reading]",2019-12-19,scoring
2019-12-20,3.264,-0.723,0,down,"DMI +80N 2019-12-20: -24.78°C, +3.26°C vs 1958-2002 normal (context line, never counted) [archive import: scored retroactively, not a live reading]",2019-12-20,scoring
2019-12-21,3.216,-0.742,0,down,"DMI +80N 2019-12-21: -24.86°C, +3.22°C vs 1958-2002 normal (context line, never counted) [archive import: scored retroactively, not a live reading]",2019-12-21,scoring
2019-12-22,4.634,-0.119,0,down,"DMI +80N 2019-12-22: -23.67°C, +4.63°C vs 1958-2002 normal (context line, never counted) [archive import: scored retroactively, not a live reading]",2019-12-22,scoring
2019-12-23,5.351,0.190,0,up,"DMI +80N 2019-12-23: -22.76°C, +5.35°C vs 1958-2002 normal (context line, never counted) [archive import: scored retroactively, not a live reading]",2019-12-23,scoring
2019-12-24,5.279,0.143,0,up,"DMI +80N 2019-12-24: -22.98°C, +5.28°C vs 1958-2002 normal (context line, never counted) [archive import: scored retroactively, not a live reading]",2019-12-24,scoring
2019-12-25,5.998,0.449,0,up,"DMI +80N 2019-12-25: -22.74°C, +6.00°C vs 1958-2002 normal (context line, never counted) [archive import: scored retroactively, not a live reading]",2019-12-25,scoring
2019-12-26,5.328,0.138,0,up,"DMI +80N 2019-12-26: -23.95°C, +5.33°C vs 1958-2002 normal (context line, never counted) [archive import: scored retroactively, not a live reading]",2019-12-26,scoring
2019-12-27,3.934,-0.510,0,down,"DMI +80N 2019-12-27: -25.47°C, +3.93°C vs 1958-2002 normal (context line, never counted) [archive import: scored retroactively, not a live reading]",2019-12-27,scoring
2019-12-28,3.496,-0.700,0,down,"DMI +80N 2019-12-28: -25.88°C, +3.50°C vs 1958-2002 normal (context line, never counted) [archive import: scored retroactively, not a live reading]",2019-12-28,scoring
2019-12-29,3.82,-0.550,0,down,"DMI +80N 2019-12-29: -25.32°C, +3.82°C vs 1958-2002 normal (context line, never counted) [archive import: scored retroactively, not a live reading]",2019-12-29,scoring
2019-12-30,4.127,-0.414,0,down,"DMI +80N 2019-12-30: -25.12°C, +4.13°C vs 1958-2002 normal (context line, never counted) [archive import: scored retroactively, not a live reading]",2019-12-30,scoring
2019-12-31,2.987,-0.855,0,down,"DMI +80N 2019-12-31: -26.36°C, +2.99°C vs 1958-2002 normal (context line, never counted) [archive import: scored retroactively, not a live reading]",2019-12-31,scoring
2020-01-01,1.814,-1.322,0,down,"DMI +80N 2020-01-01: -27.44°C, +1.81°C vs 1958-2002 normal (context line, never counted) [archive import: scored retroactively, not a live reading]",2020-01-01,scoring
2020-01-02,1.245,-1.490,0,down,"DMI +80N 2020-01-02: -27.88°C, +1.25°C vs 1958-2002 normal (context line, never counted) [archive import: scored retroactively, not a live reading]",2020-01-02,scoring
2020-01-03,3.181,-0.675,0,down,"DMI +80N 2020-01-03: -26.30°C, +3.18°C vs 1958-2002 normal (context line, never counted) [archive import: scored retroactively, not a live reading]",2020-01-03,scoring
2020-01-04,4.911,0.048,0,up,"DMI +80N 2020-01-04: -25.04°C, +4.91°C vs 1958-2002 normal (context line, never counted) [archive import: scored retroactively, not a live reading]",2020-01-04,scoring
2020-01-05,5.555,0.307,0,up,"DMI +80N 2020-01-05: -24.30°C, +5.55°C vs 1958-2002 normal (context line, never counted) [archive import: scored retroactively, not a live reading]",2020-01-05,scoring
2020-01-06,4.733,-0.024,0,down,"DMI +80N 2020-01-06: -25.19°C, +4.73°C vs 1958-2002 normal (context line, never counted) [archive import: scored retroactively, not a live reading]",2020-01-06,scoring
2020-01-07,5.187,0.175,0,up,"DMI +80N 2020-01-07: -24.44°C, +5.19°C vs 1958-2002 normal (context line, never counted) [archive import: scored retroactively, not a live reading]",2020-01-07,scoring
2020-01-08,6.477,0.706,0,up,"DMI +80N 2020-01-08: -23.28°C, +6.48°C vs 1958-2002 normal (context line, never counted) [archive import: scored retroactively, not a live reading]",2020-01-08,scoring
2020-01-09,6.063,0.530,0,up,"DMI +80N 2020-01-09: -23.75°C, +6.06°C vs 1958-2002 normal (context line, never counted) [archive import: scored retroactively, not a live reading]",2020-01-09,scoring
2020-01-10,4.871,0.044,0,up,"DMI +80N 2020-01-10: -24.85°C, +4.87°C vs 1958-2002 normal (context line, never counted) [archive import: scored retroactively, not a live reading]",2020-01-10,scoring
2020-01-11,4.217,-0.221,0,down,"DMI +80N 2020-01-11: -25.67°C, +4.22°C vs 1958-2002 normal (context line, never counted) [archive import: scored retroactively, not a live reading]",2020-01-11,scoring
2020-01-12,3.603,-0.472,0,down,"DMI +80N 2020-01-12: -26.36°C, +3.60°C vs 1958-2002 normal (context line, never counted) [archive import: scored retroactively, not a live reading]",2020-01-12,scoring
2020-01-13,4.55,-0.086,0,down,"DMI +80N 2020-01-13: -25.52°C, +4.55°C vs 1958-2002 normal (context line, never counted) [archive import: scored retroactively, not a live reading]",2020-01-13,scoring
2020-01-14,4.548,-0.087,0,down,"DMI +80N 2020-01-14: -25.20°C, +4.55°C vs 1958-2002 normal (context line, never counted) [archive import: scored retroactively, not a live reading]",2020-01-14,scoring
2020-01-15,4.073,-0.281,0,down,"DMI +80N 2020-01-15: -25.66°C, +4.07°C vs 1958-2002 normal (context line, never counted) [archive import: scored retroactively, not a live reading]",2020-01-15,scoring
2020-01-16,4.191,-0.233,0,down,"DMI +80N 2020-01-16: -25.56°C, +4.19°C vs 1958-2002 normal (context line, never counted) [archive import: scored retroactively, not a live reading]",2020-01-16,scoring
2020-01-17,5.753,0.407,0,up,"DMI +80N 2020-01-17: -23.86°C, +5.75°C vs 1958-2002 normal (context line, never counted) [archive import: scored retroactively, not a live reading]",2020-01-17,scoring
2020-01-18,5.975,0.488,0,up,"DMI +80N 2020-01-18: -23.47°C, +5.97°C vs 1958-2002 normal (context line, never counted) [archive import: scored retroactively, not a live reading]",2020-01-18,scoring
2020-01-19,4.457,-0.137,0,down,"DMI +80N 2020-01-19: -24.99°C, +4.46°C vs 1958-2002 normal (context line, never counted) [archive import: scored retroactively, not a live reading]",2020-01-19,scoring
2020-01-20,3.496,-0.528,0,down,"DMI +80N 2020-01-20: -26.01°C, +3.50°C vs 1958-2002 normal (context line, never counted) [archive import: scored retroactively, not a live reading]",2020-01-20,scoring
2020-01-21,3.15,-0.668,0,down,"DMI +80N 2020-01-21: -26.04°C, +3.15°C vs 1958-2002 normal (context line, never counted) [archive import: scored retroactively, not a live reading]",2020-01-21,scoring
2020-01-22,2.645,-0.880,0,down,"DMI +80N 2020-01-22: -26.34°C, +2.65°C vs 1958-2002 normal (context line, never counted) [archive import: scored retroactively, not a live reading]",2020-01-22,scoring
2020-01-23,3.074,-0.679,0,down,"DMI +80N 2020-01-23: -26.09°C, +3.07°C vs 1958-2002 normal (context line, never counted) [archive import: scored retroactively, not a live reading]",2020-01-23,scoring
2020-01-24,3.518,-0.458,0,down,"DMI +80N 2020-01-24: -25.65°C, +3.52°C vs 1958-2002 normal (context line, never counted) [archive import: scored retroactively, not a live reading]",2020-01-24,scoring
2020-01-25,2.518,-0.881,0,down,"DMI +80N 2020-01-25: -26.33°C, +2.52°C vs 1958-2002 normal (context line, never counted) [archive import: scored retroactively, not a live reading]",2020-01-25,scoring
2020-01-26,2.978,-0.663,0,down,"DMI +80N 2020-01-26: -26.09°C, +2.98°C vs 1958-2002 normal (context line, never counted) [archive import: scored retroactively, not a live reading]",2020-01-26,scoring
2020-01-27,1.489,-1.281,0,down,"DMI +80N 2020-01-27: -27.68°C, +1.49°C vs 1958-2002 normal (context line, never counted) [archive import: scored retroactively, not a live reading]",2020-01-27,scoring
2020-01-28,0.285,-1.726,0,down,"DMI +80N 2020-01-28: -28.58°C, +0.28°C vs 1958-2002 normal (context line, never counted) [archive import: scored retroactively, not a live reading]",2020-01-28,scoring
2020-01-29,1.506,-1.173,0,down,"DMI +80N 2020-01-29: -27.58°C, +1.51°C vs 1958-2002 normal (context line, never counted) [archive import: scored retroactively, not a live reading]",2020-01-29,scoring
2020-01-30,3.385,-0.392,0,down,"DMI +80N 2020-01-30: -26.10°C, +3.38°C vs 1958-2002 normal (context line, never counted) [archive import: scored retroactively, not a live reading]",2020-01-30,scoring
2020-01-31,2.92,-0.584,0,down,"DMI +80N 2020-01-31: -27.01°C, +2.92°C vs 1958-2002 normal (context line, never counted) [archive import: scored retroactively, not a live reading]",2020-01-31,scoring
2020-02-01,2.704,-0.672,0,down,"DMI +80N 2020-02-01: -27.56°C, +2.70°C vs 1958-2002 normal (context line, never counted) [archive import: scored retroactively, not a live reading]",2020-02-01,scoring
2020-02-02,1.312,-1.238,0,down,"DMI +80N 2020-02-02: -28.54°C, +1.31°C vs 1958-2002 normal (context line, never counted) [archive import: scored retroactively, not a live reading]",2020-02-02,scoring
2020-02-03,2.557,-0.724,0,down,"DMI +80N 2020-02-03: -27.25°C, +2.56°C vs 1958-2002 normal (context line, never counted) [archive import: scored retroactively, not a live reading]",2020-02-03,scoring
2020-02-04,4.628,0.112,0,up,"DMI +80N 2020-02-04: -25.27°C, +4.63°C vs 1958-2002 normal (context line, never counted) [archive import: scored retroactively, not a live reading]",2020-02-04,scoring
2020-02-05,3.248,-0.505,0,down,"DMI +80N 2020-02-05: -26.95°C, +3.25°C vs 1958-2002 normal (context line, never counted) [archive import: scored retroactively, not a live reading]",2020-02-05,scoring
2020-02-06,3.872,-0.249,0,down,"DMI +80N 2020-02-06: -26.71°C, +3.87°C vs 1958-2002 normal (context line, never counted) [archive import: scored retroactively, not a live reading]",2020-02-06,scoring
2020-02-07,4.795,0.152,0,up,"DMI +80N 2020-02-07: -25.85°C, +4.79°C vs 1958-2002 normal (context line, never counted) [archive import: scored retroactively, not a live reading]",2020-02-07,scoring
2020-02-08,4.634,0.060,0,up,"DMI +80N 2020-02-08: -25.95°C, +4.63°C vs 1958-2002 normal (context line, never counted) [archive import: scored retroactively, not a live reading]",2020-02-08,scoring
2020-02-09,4.193,-0.171,0,down,"DMI +80N 2020-02-09: -26.10°C, +4.19°C vs 1958-2002 normal (context line, never counted) [archive import: scored retroactively, not a live reading]",2020-02-09,scoring
2020-02-10,3.938,-0.303,0,down,"DMI +80N 2020-02-10: -26.30°C, +3.94°C vs 1958-2002 normal (context line, never counted) [archive import: scored retroactively, not a live reading]",2020-02-10,scoring
2020-02-11,3.134,-0.719,0,down,"DMI +80N 2020-02-11: -27.22°C, +3.13°C vs 1958-2002 normal (context line, never counted) [archive import: scored retroactively, not a live reading]",2020-02-11,scoring
2020-02-12,2.438,-1.042,0,down,"DMI +80N 2020-02-12: -27.79°C, +2.44°C vs 1958-2002 normal (context line, never counted) [archive import: scored retroactively, not a live reading]",2020-02-12,scoring
2020-02-13,4.035,-0.213,0,down,"DMI +80N 2020-02-13: -25.82°C, +4.04°C vs 1958-2002 normal (context line, never counted) [archive import: scored retroactively, not a live reading]",2020-02-13,scoring
2020-02-14,6.008,0.886,0,up,"DMI +80N 2020-02-14: -23.72°C, +6.01°C vs 1958-2002 normal (context line, never counted) [archive import: scored retroactively, not a live reading]",2020-02-14,scoring
2020-02-15,5.37,0.553,0,up,"DMI +80N 2020-02-15: -24.23°C, +5.37°C vs 1958-2002 normal (context line, never counted) [archive import: scored retroactively, not a live reading]",2020-02-15,scoring
2020-02-16,2.991,-0.758,0,down,"DMI +80N 2020-02-16: -26.63°C, +2.99°C vs 1958-2002 normal (context line, never counted) [archive import: scored retroactively, not a live reading]",2020-02-16,scoring
2020-02-17,2.444,-1.020,0,down,"DMI +80N 2020-02-17: -27.13°C, +2.44°C vs 1958-2002 normal (context line, never counted) [archive import: scored retroactively, not a live reading]",2020-02-17,scoring
2020-02-18,3.55,-0.380,0,down,"DMI +80N 2020-02-18: -25.98°C, +3.55°C vs 1958-2002 normal (context line, never counted) [archive import: scored retroactively, not a live reading]",2020-02-18,scoring
2020-02-19,8.301,2.455,0,up,"DMI +80N 2020-02-19: -21.20°C, +8.30°C vs 1958-2002 normal (context line, never counted) [archive import: scored retroactively, not a live reading]",2020-02-19,scoring
2020-02-20,10.974,4.053,1,up,"DMI +80N 2020-02-20: -18.56°C, +10.97°C vs 1958-2002 normal (context line, never counted) [archive import: scored retroactively, not a live reading]",2020-02-20,scoring
2020-02-21,10.805,3.946,1,up,"DMI +80N 2020-02-21: -18.96°C, +10.80°C vs 1958-2002 normal (context line, never counted) [archive import: scored retroactively, not a live reading]",2020-02-21,scoring
2020-02-22,9.728,3.308,1,up,"DMI +80N 2020-02-22: -20.37°C, +9.73°C vs 1958-2002 normal (context line, never counted) [archive import: scored retroactively, not a live reading]",2020-02-22,scoring
2020-02-23,9.973,3.424,1,up,"DMI +80N 2020-02-23: -20.48°C, +9.97°C vs 1958-2002 normal (context line, never counted) [archive import: scored retroactively, not a live reading]",2020-02-23,scoring
2020-02-24,8.835,2.689,0,up,"DMI +80N 2020-02-24: -21.64°C, +8.84°C vs 1958-2002 normal (context line, never counted) [archive import: scored retroactively, not a live reading]",2020-02-24,scoring
2020-02-25,8.776,2.568,0,up,"DMI +80N 2020-02-25: -22.19°C, +8.78°C vs 1958-2002 normal (context line, never counted) [archive import: scored retroactively, not a live reading]",2020-02-25,scoring
2020-02-26,6.464,1.227,0,up,"DMI +80N 2020-02-26: -24.35°C, +6.46°C vs 1958-2002 normal (context line, never counted) [archive import: scored retroactively, not a live reading]",2020-02-26,scoring
2020-02-27,3.398,-0.526,0,down,"DMI +80N 2020-02-27: -26.99°C, +3.40°C vs 1958-2002 normal (context line, never counted) [archive import: scored retroactively, not a live reading]",2020-02-27,scoring
2020-02-28,1.362,-1.680,0,down,"DMI +80N 2020-02-28: -28.66°C, +1.36°C vs 1958-2002 normal (context line, never counted) [archive import: scored retroactively, not a live reading]",2020-02-28,scoring
2020-02-29,0.24,-2.286,0,down,"DMI +80N 2020-02-29: -29.81°C, +0.24°C vs 1958-2002 normal (context line, never counted) [archive import: scored retroactively, not a live reading]",2020-02-29,scoring
2020-03-01,-0.684,-2.697,0,down,"DMI +80N 2020-03-01: -30.62°C, -0.68°C vs 1958-2002 normal (context line, never counted) [archive import: scored retroactively, not a live reading]",2020-03-01,scoring
2020-03-02,-1.274,-2.879,0,down,"DMI +80N 2020-03-02: -30.95°C, -1.27°C vs 1958-2002 normal (context line, never counted) [archive import: scored retroactively, not a live reading]",2020-03-02,scoring
2020-03-03,-2.311,-3.295,1,down,"DMI +80N 2020-03-03: -31.57°C, -2.31°C vs 1958-2002 normal (context line, never counted) [archive import: scored retroactively, not a live reading]",2020-03-03,scoring
2020-03-04,-2.719,-3.463,1,down,"DMI +80N 2020-03-04: -31.82°C, -2.72°C vs 1958-2002 normal (context line, never counted) [archive import: scored retroactively, not a live reading]",2020-03-04,scoring
2020-03-05,-2.34,-3.263,1,down,"DMI +80N 2020-03-05: -31.71°C, -2.34°C vs 1958-2002 normal (context line, never counted) [archive import: scored retroactively, not a live reading]",2020-03-05,scoring
2020-03-06,-2.203,-3.178,1,down,"DMI +80N 2020-03-06: -31.64°C, -2.20°C vs 1958-2002 normal (context line, never counted) [archive import: scored retroactively, not a live reading]",2020-03-06,scoring
2020-03-07,-1.443,-2.760,0,down,"DMI +80N 2020-03-07: -31.04°C, -1.44°C vs 1958-2002 normal (context line, never counted) [archive import: scored retroactively, not a live reading]",2020-03-07,scoring
2020-03-08,-0.751,-2.368,0,down,"DMI +80N 2020-03-08: -30.41°C, -0.75°C vs 1958-2002 normal (context line, never counted) [archive import: scored retroactively, not a live reading]",2020-03-08,scoring
2020-03-09,-0.399,-2.124,0,down,"DMI +80N 2020-03-09: -30.03°C, -0.40°C vs 1958-2002 normal (context line, never counted) [archive import: scored retroactively, not a live reading]",2020-03-09,scoring
2020-03-10,1.34,-1.249,0,down,"DMI +80N 2020-03-10: -28.23°C, +1.34°C vs 1958-2002 normal (context line, never counted) [archive import: scored retroactively, not a live reading]",2020-03-10,scoring
2020-03-11,2.83,-0.519,0,down,"DMI +80N 2020-03-11: -26.31°C, +2.83°C vs 1958-2002 normal (context line, never counted) [archive import: scored retroactively, not a live reading]",2020-03-11,scoring
2020-03-12,2.996,-0.425,0,down,"DMI +80N 2020-03-12: -25.98°C, +3.00°C vs 1958-2002 normal (context line, never counted) [archive import: scored retroactively, not a live reading]",2020-03-12,scoring
2020-03-13,2.707,-0.534,0,down,"DMI +80N 2020-03-13: -26.16°C, +2.71°C vs 1958-2002 normal (context line, never counted) [archive import: scored retroactively, not a live reading]",2020-03-13,scoring
2020-03-14,4.582,0.408,0,up,"DMI +80N 2020-03-14: -23.82°C, +4.58°C vs 1958-2002 normal (context line, never counted) [archive import: scored retroactively, not a live reading]",2020-03-14,scoring
2020-03-15,4.995,0.601,0,up,"DMI +80N 2020-03-15: -23.27°C, +5.00°C vs 1958-2002 normal (context line, never counted) [archive import: scored retroactively, not a live reading]",2020-03-15,scoring
2020-03-16,2.372,-0.625,0,down,"DMI +80N 2020-03-16: -25.35°C, +2.37°C vs 1958-2002 normal (context line, never counted) [archive import: scored retroactively, not a live reading]",2020-03-16,scoring
2020-03-17,1.645,-0.894,0,down,"DMI +80N 2020-03-17: -25.95°C, +1.65°C vs 1958-2002 normal (context line, never counted) [archive import: scored retroactively, not a live reading]",2020-03-17,scoring
2020-03-18,2.644,-0.402,0,down,"DMI +80N 2020-03-18: -24.84°C, +2.64°C vs 1958-2002 normal (context line, never counted) [archive import: scored retroactively, not a live reading]",2020-03-18,scoring
2020-03-19,5.387,0.839,0,up,"DMI +80N 2020-03-19: -21.80°C, +5.39°C vs 1958-2002 normal (context line, never counted) [archive import: scored retroactively, not a live reading]",2020-03-19,scoring
2020-03-20,5.997,1.091,0,up,"DMI +80N 2020-03-20: -21.53°C, +6.00°C vs 1958-2002 normal (context line, never counted) [archive import: scored retroactively, not a live reading]",2020-03-20,scoring
2020-03-21,5.138,0.678,0,up,"DMI +80N 2020-03-21: -22.76°C, +5.14°C vs 1958-2002 normal (context line, never counted) [archive import: scored retroactively, not a live reading]",2020-03-21,scoring
2020-03-22,4.378,0.348,0,up,"DMI +80N 2020-03-22: -23.12°C, +4.38°C vs 1958-2002 normal (context line, never counted) [archive import: scored retroactively, not a live reading]",2020-03-22,scoring
2020-03-23,4.239,0.291,0,up,"DMI +80N 2020-03-23: -23.31°C, +4.24°C vs 1958-2002 normal (context line, never counted) [archive import: scored retroactively, not a live reading]",2020-03-23,scoring
2020-03-24,2.63,-0.418,0,down,"DMI +80N 2020-03-24: -24.95°C, +2.63°C vs 1958-2002 normal (context line, never counted) [archive import: scored retroactively, not a live reading]",2020-03-24,scoring
2020-03-25,2.123,-0.629,0,down,"DMI +80N 2020-03-25: -25.18°C, +2.12°C vs 1958-2002 normal (context line, never counted) [archive import: scored retroactively, not a live reading]",2020-03-25,scoring
2020-03-26,4.436,0.415,0,up,"DMI +80N 2020-03-26: -22.58°C, +4.44°C vs 1958-2002 normal (context line, never counted) [archive import: scored retroactively, not a live reading]",2020-03-26,scoring
2020-03-27,7.172,1.633,0,up,"DMI +80N 2020-03-27: -19.71°C, +7.17°C vs 1958-2002 normal (context line, never counted) [archive import: scored retroactively, not a live reading]",2020-03-27,scoring
2020-03-28,6.026,1.076,0,up,"DMI +80N 2020-03-28: -20.76°C, +6.03°C vs 1958-2002 normal (context line, never counted) [archive import: scored retroactively, not a live reading]",2020-03-28,scoring
2020-03-29,4.206,0.283,0,up,"DMI +80N 2020-03-29: -22.33°C, +4.21°C vs 1958-2002 normal (context line, never counted) [archive import: scored retroactively, not a live reading]",2020-03-29,scoring
2020-03-30,3.252,-0.119,0,down,"DMI +80N 2020-03-30: -22.99°C, +3.25°C vs 1958-2002 normal (context line, never counted) [archive import: scored retroactively, not a live reading]",2020-03-30,scoring
2020-03-31,5.071,0.648,0,up,"DMI +80N 2020-03-31: -21.04°C, +5.07°C vs 1958-2002 normal (context line, never counted) [archive import: scored retroactively, not a live reading]",2020-03-31,scoring
2020-04-01,7.772,1.792,0,up,"DMI +80N 2020-04-01: -18.03°C, +7.77°C vs 1958-2002 normal (context line, never counted) [archive import: scored retroactively, not a live reading]",2020-04-01,scoring
2020-04-02,6.074,0.992,0,up,"DMI +80N 2020-04-02: -19.52°C, +6.07°C vs 1958-2002 normal (context line, never counted) [archive import: scored retroactively, not a live reading]",2020-04-02,scoring
2020-04-03,4.646,0.309,0,up,"DMI +80N 2020-04-03: -20.72°C, +4.65°C vs 1958-2002 normal (context line, never counted) [archive import: scored retroactively, not a live reading]",2020-04-03,scoring
2020-04-04,4.987,0.451,0,up,"DMI +80N 2020-04-04: -20.30°C, +4.99°C vs 1958-2002 normal (context line, never counted) [archive import: scored retroactively, not a live reading]",2020-04-04,scoring
2020-04-05,6.44,1.063,0,up,"DMI +80N 2020-04-05: -18.70°C, +6.44°C vs 1958-2002 normal (context line, never counted) [archive import: scored retroactively, not a live reading]",2020-04-05,scoring
2020-04-06,5.83,0.798,0,up,"DMI +80N 2020-04-06: -18.93°C, +5.83°C vs 1958-2002 normal (context line, never counted) [archive import: scored retroactively, not a live reading]",2020-04-06,scoring
2020-04-07,4.396,0.201,0,up,"DMI +80N 2020-04-07: -19.80°C, +4.40°C vs 1958-2002 normal (context line, never counted) [archive import: scored retroactively, not a live reading]",2020-04-07,scoring
2020-04-08,4.106,0.084,0,up,"DMI +80N 2020-04-08: -19.46°C, +4.11°C vs 1958-2002 normal (context line, never counted) [archive import: scored retroactively, not a live reading]",2020-04-08,scoring
2020-04-09,3.605,-0.127,0,down,"DMI +80N 2020-04-09: -19.41°C, +3.60°C vs 1958-2002 normal (context line, never counted) [archive import: scored retroactively, not a live reading]",2020-04-09,scoring
2020-04-10,2.148,-0.688,0,down,"DMI +80N 2020-04-10: -20.49°C, +2.15°C vs 1958-2002 normal (context line, never counted) [archive import: scored retroactively, not a live reading]",2020-04-10,scoring
2020-04-11,1.152,-1.046,0,down,"DMI +80N 2020-04-11: -21.06°C, +1.15°C vs 1958-2002 normal (context line, never counted) [archive import: scored retroactively, not a live reading]",2020-04-11,scoring
2020-04-12,0.92,-1.102,0,down,"DMI +80N 2020-04-12: -20.97°C, +0.92°C vs 1958-2002 normal (context line, never counted) [archive import: scored retroactively, not a live reading]",2020-04-12,scoring
2020-04-13,0.808,-1.106,0,down,"DMI +80N 2020-04-13: -20.93°C, +0.81°C vs 1958-2002 normal (context line, never counted) [archive import: scored retroactively, not a live reading]",2020-04-13,scoring
2020-04-14,0.72,-1.103,0,down,"DMI +80N 2020-04-14: -20.48°C, +0.72°C vs 1958-2002 normal (context line, never counted) [archive import: scored retroactively, not a live reading]",2020-04-14,scoring
2020-04-15,1.866,-0.615,0,down,"DMI +80N 2020-04-15: -19.04°C, +1.87°C vs 1958-2002 normal (context line, never counted) [archive import: scored retroactively, not a live reading]",2020-04-15,scoring
2020-04-16,4.738,0.520,0,up,"DMI +80N 2020-04-16: -15.74°C, +4.74°C vs 1958-2002 normal (context line, never counted) [archive import: scored retroactively, not a live reading]",2020-04-16,scoring
2020-04-17,8.104,1.831,0,up,"DMI +80N 2020-04-17: -11.85°C, +8.10°C vs 1958-2002 normal (context line, never counted) [archive import: scored retroactively, not a live reading]",2020-04-17,scoring
2020-04-18,6.722,1.281,0,up,"DMI +80N 2020-04-18: -12.68°C, +6.72°C vs 1958-2002 normal (context line, never counted) [archive import: scored retroactively, not a live reading]",2020-04-18,scoring
2020-04-19,8.597,1.961,0,up,"DMI +80N 2020-04-19: -10.31°C, +8.60°C vs 1958-2002 normal (context line, never counted) [archive import: scored retroactively, not a live reading]",2020-04-19,scoring
2020-04-20,8.881,1.999,0,up,"DMI +80N 2020-04-20: -9.49°C, +8.88°C vs 1958-2002 normal (context line, never counted) [archive import: scored retroactively, not a live reading]",2020-04-20,scoring
2020-04-21,9.096,1.981,0,up,"DMI +80N 2020-04-21: -8.80°C, +9.10°C vs 1958-2002 normal (context line, never counted) [archive import: scored retroactively, not a live reading]",2020-04-21,scoring
2020-04-22,6.854,1.137,0,up,"DMI +80N 2020-04-22: -10.55°C, +6.85°C vs 1958-2002 normal (context line, never counted) [archive import: scored retroactively, not a live reading]",2020-04-22,scoring
2020-04-23,5.239,0.559,0,up,"DMI +80N 2020-04-23: -11.75°C, +5.24°C vs 1958-2002 normal (context line, never counted) [archive import: scored retroactively, not a live reading]",2020-04-23,scoring
2020-04-24,5.143,0.470,0,up,"DMI +80N 2020-04-24: -11.68°C, +5.14°C vs 1958-2002 normal (context line, never counted) [archive import: scored retroactively, not a live reading]",2020-04-24,scoring
2020-04-25,4.553,0.216,0,up,"DMI +80N 2020-04-25: -11.87°C, +4.55°C vs 1958-2002 normal (context line, never counted) [archive import: scored retroactively, not a live reading]",2020-04-25,scoring
2020-04-26,3.051,-0.313,0,down,"DMI +80N 2020-04-26: -13.00°C, +3.05°C vs 1958-2002 normal (context line, never counted) [archive import: scored retroactively, not a live reading]",2020-04-26,scoring
2020-04-27,2.746,-0.417,0,down,"DMI +80N 2020-04-27: -12.62°C, +2.75°C vs 1958-2002 normal (context line, never counted) [archive import: scored retroactively, not a live reading]",2020-04-27,scoring
2020-04-28,4.148,0.055,0,up,"DMI +80N 2020-04-28: -10.74°C, +4.15°C vs 1958-2002 normal (context line, never counted) [archive import: scored retroactively, not a live reading]",2020-04-28,scoring
2020-04-29,3.136,-0.322,0,down,"DMI +80N 2020-04-29: -11.40°C, +3.14°C vs 1958-2002 normal (context line, never counted) [archive import: scored retroactively, not a live reading]",2020-04-29,scoring
2020-04-30,1.093,-1.020,0,down,"DMI +80N 2020-04-30: -13.05°C, +1.09°C vs 1958-2002 normal (context line, never counted) [archive import: scored retroactively, not a live reading]",2020-04-30,scoring
2020-05-01,-0.045,-1.393,0,down,"DMI +80N 2020-05-01: -13.89°C, -0.04°C vs 1958-2002 normal (context line, never counted) [archive import: scored retroactively, not a live reading]",2020-05-01,scoring
2020-05-02,-0.47,-1.519,0,down,"DMI +80N 2020-05-02: -13.77°C, -0.47°C vs 1958-2002 normal (context line, never counted) [archive import: scored retroactively, not a live reading]",2020-05-02,scoring
2020-05-03,-0.155,-1.409,0,down,"DMI +80N 2020-05-03: -13.12°C, -0.15°C vs 1958-2002 normal (context line, never counted) [archive import: scored retroactively, not a live reading]",2020-05-03,scoring
2020-05-04,-0.159,-1.383,0,down,"DMI +80N 2020-05-04: -12.79°C, -0.16°C vs 1958-2002 normal (context line, never counted) [archive import: scored retroactively, not a live reading]",2020-05-04,scoring
2020-05-05,-0.456,-1.432,0,down,"DMI +80N 2020-05-05: -12.55°C, -0.46°C vs 1958-2002 normal (context line, never counted) [archive import: scored retroactively, not a live reading]",2020-05-05,scoring
2020-05-06,-0.494,-1.409,0,down,"DMI +80N 2020-05-06: -12.07°C, -0.49°C vs 1958-2002 normal (context line, never counted) [archive import: scored retroactively, not a live reading]",2020-05-06,scoring
2020-05-07,-0.493,-1.372,0,down,"DMI +80N 2020-05-07: -11.68°C, -0.49°C vs 1958-2002 normal (context line, never counted) [archive import: scored retroactively, not a live reading]",2020-05-07,scoring
2020-05-08,-1.234,-1.503,0,down,"DMI +80N 2020-05-08: -11.95°C, -1.23°C vs 1958-2002 normal (context line, never counted) [archive import: scored retroactively, not a live reading]",2020-05-08,scoring
2020-05-09,-1.953,-1.633,0,down,"DMI +80N 2020-05-09: -12.26°C, -1.95°C vs 1958-2002 normal (context line, never counted) [archive import: scored retroactively, not a live reading]",2020-05-09,scoring
2020-05-10,-1.659,-1.494,0,down,"DMI +80N 2020-05-10: -11.54°C, -1.66°C vs 1958-2002 normal (context line, never counted) [archive import: scored retroactively, not a live reading]",2020-05-10,scoring
2020-05-11,0.363,-0.845,0,down,"DMI +80N 2020-05-11: -9.28°C, +0.36°C vs 1958-2002 normal (context line, never counted) [archive import: scored retroactively, not a live reading]",2020-05-11,scoring
2020-05-12,2.814,-0.145,0,down,"DMI +80N 2020-05-12: -6.62°C, +2.81°C vs 1958-2002 normal (context line, never counted) [archive import: scored retroactively, not a live reading]",2020-05-12,scoring
2020-05-13,4.445,0.318,0,up,"DMI +80N 2020-05-13: -4.64°C, +4.45°C vs 1958-2002 normal (context line, never counted) [archive import: scored retroactively, not a live reading]",2020-05-13,scoring
2020-05-14,5.567,0.637,0,up,"DMI +80N 2020-05-14: -3.19°C, +5.57°C vs 1958-2002 normal (context line, never counted) [archive import: scored retroactively, not a live reading]",2020-05-14,scoring
2020-05-15,5.109,0.507,0,up,"DMI +80N 2020-05-15: -3.36°C, +5.11°C vs 1958-2002 normal (context line, never counted) [archive import: scored retroactively, not a live reading]",2020-05-15,scoring
2020-05-16,4.49,0.332,0,up,"DMI +80N 2020-05-16: -3.60°C, +4.49°C vs 1958-2002 normal (context line, never counted) [archive import: scored retroactively, not a live reading]",2020-05-16,scoring
2020-05-17,3.946,0.135,0,up,"DMI +80N 2020-05-17: -3.56°C, +3.95°C vs 1958-2002 normal (context line, never counted) [archive import: scored retroactively, not a live reading]",2020-05-17,scoring
2020-05-18,3.517,-0.017,0,down,"DMI +80N 2020-05-18: -3.39°C, +3.52°C vs 1958-2002 normal (context line, never counted) [archive import: scored retroactively, not a live reading]",2020-05-18,scoring
2020-05-19,3.366,-0.056,0,down,"DMI +80N 2020-05-19: -3.07°C, +3.37°C vs 1958-2002 normal (context line, never counted) [archive import: scored retroactively, not a live reading]",2020-05-19,scoring
2020-05-20,2.852,-0.177,0,down,"DMI +80N 2020-05-20: -3.10°C, +2.85°C vs 1958-2002 normal (context line, never counted) [archive import: scored retroactively, not a live reading]",2020-05-20,scoring
2020-05-21,2.196,-0.356,0,down,"DMI +80N 2020-05-21: -3.32°C, +2.20°C vs 1958-2002 normal (context line, never counted) [archive import: scored retroactively, not a live reading]",2020-05-21,scoring
2020-05-22,1.744,-0.483,0,down,"DMI +80N 2020-05-22: -3.37°C, +1.74°C vs 1958-2002 normal (context line, never counted) [archive import: scored retroactively, not a live reading]",2020-05-22,scoring
2020-05-23,1.141,-0.645,0,down,"DMI +80N 2020-05-23: -3.49°C, +1.14°C vs 1958-2002 normal (context line, never counted) [archive import: scored retroactively, not a live reading]",2020-05-23,scoring
2020-05-24,1.098,-0.633,0,down,"DMI +80N 2020-05-24: -3.19°C, +1.10°C vs 1958-2002 normal (context line, never counted) [archive import: scored retroactively, not a live reading]",2020-05-24,scoring
2020-05-25,0.814,-0.709,0,down,"DMI +80N 2020-05-25: -3.06°C, +0.81°C vs 1958-2002 normal (context line, never counted) [archive import: scored retroactively, not a live reading]",2020-05-25,scoring
2020-05-26,0.966,-0.638,0,down,"DMI +80N 2020-05-26: -2.51°C, +0.97°C vs 1958-2002 normal (context line, never counted) [archive import: scored retroactively, not a live reading]",2020-05-26,scoring
2020-05-27,1.326,-0.502,0,down,"DMI +80N 2020-05-27: -1.75°C, +1.33°C vs 1958-2002 normal (context line, never counted) [archive import: scored retroactively, not a live reading]",2020-05-27,scoring
2020-05-28,1.674,-0.376,0,down,"DMI +80N 2020-05-28: -1.08°C, +1.67°C vs 1958-2002 normal (context line, never counted) [archive import: scored retroactively, not a live reading]",2020-05-28,scoring
2020-05-29,1.869,-0.314,0,down,"DMI +80N 2020-05-29: -0.57°C, +1.87°C vs 1958-2002 normal (context line, never counted) [archive import: scored retroactively, not a live reading]",2020-05-29,scoring
2020-05-30,1.793,-0.341,0,down,"DMI +80N 2020-05-30: -0.48°C, +1.79°C vs 1958-2002 normal (context line, never counted) [archive import: scored retroactively, not a live reading]",2020-05-30,scoring
2020-05-31,1.278,-0.520,0,down,"DMI +80N 2020-05-31: -0.69°C, +1.28°C vs 1958-2002 normal (context line, never counted) [archive import: scored retroactively, not a live reading]",2020-05-31,scoring
2020-06-01,1.124,-0.575,0,down,"DMI +80N 2020-06-01: -0.56°C, +1.12°C vs 1958-2002 normal (context line, never counted) [archive import: scored retroactively, not a live reading]",2020-06-01,scoring
2020-06-02,1.052,-0.608,0,down,"DMI +80N 2020-06-02: -0.39°C, +1.05°C vs 1958-2002 normal (context line, never counted) [archive import: scored retroactively, not a live reading]",2020-06-02,scoring
2020-06-03,0.816,-0.709,0,down,"DMI +80N 2020-06-03: -0.40°C, +0.82°C vs 1958-2002 normal (context line, never counted) [archive import: scored retroactively, not a live reading]",2020-06-03,scoring
2020-06-04,0.717,-0.758,0,down,"DMI +80N 2020-06-04: -0.38°C, +0.72°C vs 1958-2002 normal (context line, never counted) [archive import: scored retroactively, not a live reading]",2020-06-04,scoring
2020-06-05,0.474,-0.863,0,down,"DMI +80N 2020-06-05: -0.41°C, +0.47°C vs 1958-2002 normal (context line, never counted) [archive import: scored retroactively, not a live reading]",2020-06-05,scoring
2020-06-06,0.27,-0.959,0,down,"DMI +80N 2020-06-06: -0.42°C, +0.27°C vs 1958-2002 normal (context line, never counted) [archive import: scored retroactively, not a live reading]",2020-06-06,scoring
2020-06-07,0.166,-1.021,0,down,"DMI +80N 2020-06-07: -0.41°C, +0.17°C vs 1958-2002 normal (context line, never counted) [archive import: scored retroactively, not a live reading]",2020-06-07,scoring
2020-06-08,0.105,-1.056,0,down,"DMI +80N 2020-06-08: -0.35°C, +0.10°C vs 1958-2002 normal (context line, never counted) [archive import: scored retroactively, not a live reading]",2020-06-08,scoring
2020-06-09,0.242,-0.999,0,down,"DMI +80N 2020-06-09: -0.03°C, +0.24°C vs 1958-2002 normal (context line, never counted) [archive import: scored retroactively, not a live reading]",2020-06-09,scoring
2020-06-10,-0.074,-1.109,0,down,"DMI +80N 2020-06-10: -0.18°C, -0.07°C vs 1958-2002 normal (context line, never counted) [archive import: scored retroactively, not a live reading]",2020-06-10,scoring
2020-06-11,-0.222,-1.150,0,down,"DMI +80N 2020-06-11: -0.20°C, -0.22°C vs 1958-2002 normal (context line, never counted) [archive import: scored retroactively, not a live reading]",2020-06-11,scoring
2020-06-12,-0.247,-1.149,0,down,"DMI +80N 2020-06-12: -0.13°C, -0.25°C vs 1958-2002 normal (context line, never counted) [archive import: scored retroactively, not a live reading]",2020-06-12,scoring
2020-06-13,-0.181,-1.099,0,down,"DMI +80N 2020-06-13: 0.03°C, -0.18°C vs 1958-2002 normal (context line, never counted) [archive import: scored retroactively, not a live reading]",2020-06-13,scoring
2020-06-14,-0.285,-1.083,0,down,"DMI +80N 2020-06-14: 0.06°C, -0.28°C vs 1958-2002 normal (context line, never counted) [archive import: scored retroactively, not a live reading]",2020-06-14,scoring
2020-06-15,-0.126,-0.990,0,down,"DMI +80N 2020-06-15: 0.27°C, -0.13°C vs 1958-2002 normal (context line, never counted) [archive import: scored retroactively, not a live reading]",2020-06-15,scoring
2020-06-16,-0.028,-0.952,0,down,"DMI +80N 2020-06-16: 0.43°C, -0.03°C vs 1958-2002 normal (context line, never counted) [archive import: scored retroactively, not a live reading]",2020-06-16,scoring
2020-06-17,0.066,-0.832,0,down,"DMI +80N 2020-06-17: 0.63°C, +0.07°C vs 1958-2002 normal (context line, never counted) [archive import: scored retroactively, not a live reading]",2020-06-17,scoring
2020-06-18,-0.157,-0.913,0,down,"DMI +80N 2020-06-18: 0.52°C, -0.16°C vs 1958-2002 normal (context line, never counted) [archive import: scored retroactively, not a live reading]",2020-06-18,scoring
2020-06-19,-0.193,-0.885,0,down,"DMI +80N 2020-06-19: 0.55°C, -0.19°C vs 1958-2002 normal (context line, never counted) [archive import: scored retroactively, not a live reading]",2020-06-19,scoring
2020-06-20,-0.13,-0.815,0,down,"DMI +80N 2020-06-20: 0.72°C, -0.13°C vs 1958-2002 normal (context line, never counted) [archive import: scored retroactively, not a live reading]",2020-06-20,scoring
2020-06-21,-0.033,-0.771,0,down,"DMI +80N 2020-06-21: 0.86°C, -0.03°C vs 1958-2002 normal (context line, never counted) [archive import: scored retroactively, not a live reading]",2020-06-21,scoring
2020-06-22,-0.065,-0.766,0,down,"DMI +80N 2020-06-22: 0.82°C, -0.07°C vs 1958-2002 normal (context line, never counted) [archive import: scored retroactively, not a live reading]",2020-06-22,scoring
2020-06-23,-0.267,-0.844,0,down,"DMI +80N 2020-06-23: 0.69°C, -0.27°C vs 1958-2002 normal (context line, never counted) [archive import: scored retroactively, not a live reading]",2020-06-23,scoring
2020-06-24,-0.419,-0.829,0,down,"DMI +80N 2020-06-24: 0.62°C, -0.42°C vs 1958-2002 normal (context line, never counted) [archive import: scored retroactively, not a live reading]",2020-06-24,scoring
2020-06-25,-0.326,-0.709,0,down,"DMI +80N 2020-06-25: 0.73°C, -0.33°C vs 1958-2002 normal (context line, never counted) [archive import: scored retroactively, not a live reading]",2020-06-25,scoring
2020-06-26,-0.317,-0.682,0,down,"DMI +80N 2020-06-26: 0.76°C, -0.32°C vs 1958-2002 normal (context line, never counted) [archive import: scored retroactively, not a live reading]",2020-06-26,scoring
2020-06-27,-0.213,-0.616,0,down,"DMI +80N 2020-06-27: 0.92°C, -0.21°C vs 1958-2002 normal (context line, never counted) [archive import: scored retroactively, not a live reading]",2020-06-27,scoring
2020-06-28,-0.357,-0.690,0,down,"DMI +80N 2020-06-28: 0.80°C, -0.36°C vs 1958-2002 normal (context line, never counted) [archive import: scored retroactively, not a live reading]",2020-06-28,scoring
2020-06-29,-0.16,-0.601,0,down,"DMI +80N 2020-06-29: 1.04°C, -0.16°C vs 1958-2002 normal (context line, never counted) [archive import: scored retroactively, not a live reading]",2020-06-29,scoring
2020-06-30,-0.137,-0.595,0,down,"DMI +80N 2020-06-30: 1.07°C, -0.14°C vs 1958-2002 normal (context line, never counted) [archive import: scored retroactively, not a live reading]",2020-06-30,scoring
2020-07-01,-0.091,-0.579,0,down,"DMI +80N 2020-07-01: 1.12°C, -0.09°C vs 1958-2002 normal (context line, never counted) [archive import: scored retroactively, not a live reading]",2020-07-01,scoring
2020-07-02,0.102,-0.473,0,down,"DMI +80N 2020-07-02: 1.33°C, +0.10°C vs 1958-2002 normal (context line, never counted) [archive import: scored retroactively, not a live reading]",2020-07-02,scoring
2020-07-03,0.035,-0.489,0,down,"DMI +80N 2020-07-03: 1.28°C, +0.04°C vs 1958-2002 normal (context line, never counted) [archive import: scored retroactively, not a live reading]",2020-07-03,scoring
2020-07-04,0.129,-0.412,0,down,"DMI +80N 2020-07-04: 1.34°C, +0.13°C vs 1958-2002 normal (context line, never counted) [archive import: scored retroactively, not a live reading]",2020-07-04,scoring
2020-07-05,0.13,-0.412,0,down,"DMI +80N 2020-07-05: 1.35°C, +0.13°C vs 1958-2002 normal (context line, never counted) [archive import: scored retroactively, not a live reading]",2020-07-05,scoring
2020-07-06,-0.114,-0.590,0,down,"DMI +80N 2020-07-06: 1.09°C, -0.11°C vs 1958-2002 normal (context line, never counted) [archive import: scored retroactively, not a live reading]",2020-07-06,scoring
2020-07-07,-0.282,-0.712,0,down,"DMI +80N 2020-07-07: 0.98°C, -0.28°C vs 1958-2002 normal (context line, never counted) [archive import: scored retroactively, not a live reading]",2020-07-07,scoring
2020-07-08,-0.08,-0.576,0,down,"DMI +80N 2020-07-08: 1.17°C, -0.08°C vs 1958-2002 normal (context line, never counted) [archive import: scored retroactively, not a live reading]",2020-07-08,scoring
2020-07-09,-0.103,-0.540,0,down,"DMI +80N 2020-07-09: 1.17°C, -0.10°C vs 1958-2002 normal (context line, never counted) [archive import: scored retroactively, not a live reading]",2020-07-09,scoring
2020-07-10,-0.204,-0.508,0,down,"DMI +80N 2020-07-10: 1.05°C, -0.20°C vs 1958-2002 normal (context line, never counted) [archive import: scored retroactively, not a live reading]",2020-07-10,scoring
2020-07-11,-0.041,-0.306,0,down,"DMI +80N 2020-07-11: 1.21°C, -0.04°C vs 1958-2002 normal (context line, never counted) [archive import: scored retroactively, not a live reading]",2020-07-11,scoring
2020-07-12,-0.081,-0.307,0,down,"DMI +80N 2020-07-12: 1.20°C, -0.08°C vs 1958-2002 normal (context line, never counted) [archive import: scored retroactively, not a live reading]",2020-07-12,scoring
2020-07-13,-0.061,-0.267,0,down,"DMI +80N 2020-07-13: 1.27°C, -0.06°C vs 1958-2002 normal (context line, never counted) [archive import: scored retroactively, not a live reading]",2020-07-13,scoring
2020-07-14,-0.038,-0.197,0,down,"DMI +80N 2020-07-14: 1.24°C, -0.04°C vs 1958-2002 normal (context line, never counted) [archive import: scored retroactively, not a live reading]",2020-07-14,scoring
2020-07-15,-0.312,-0.500,0,down,"DMI +80N 2020-07-15: 0.97°C, -0.31°C vs 1958-2002 normal (context line, never counted) [archive import: scored retroactively, not a live reading]",2020-07-15,scoring
2020-07-16,-0.314,-0.517,0,down,"DMI +80N 2020-07-16: 0.96°C, -0.31°C vs 1958-2002 normal (context line, never counted) [archive import: scored retroactively, not a live reading]",2020-07-16,scoring
2020-07-17,-0.216,-0.406,0,down,"DMI +80N 2020-07-17: 1.08°C, -0.22°C vs 1958-2002 normal (context line, never counted) [archive import: scored retroactively, not a live reading]",2020-07-17,scoring
2020-07-18,-0.404,-0.669,0,down,"DMI +80N 2020-07-18: 0.93°C, -0.40°C vs 1958-2002 normal (context line, never counted) [archive import: scored retroactively, not a live reading]",2020-07-18,scoring
2020-07-19,-0.603,-0.940,0,down,"DMI +80N 2020-07-19: 0.69°C, -0.60°C vs 1958-2002 normal (context line, never counted) [archive import: scored retroactively, not a live reading]",2020-07-19,scoring
2020-07-20,-0.636,-0.932,0,down,"DMI +80N 2020-07-20: 0.63°C, -0.64°C vs 1958-2002 normal (context line, never counted) [archive import: scored retroactively, not a live reading]",2020-07-20,scoring
2020-07-21,-0.394,-0.536,0,down,"DMI +80N 2020-07-21: 0.81°C, -0.39°C vs 1958-2002 normal (context line, never counted) [archive import: scored retroactively, not a live reading]",2020-07-21,scoring
2020-07-22,-0.271,-0.365,0,down,"DMI +80N 2020-07-22: 0.90°C, -0.27°C vs 1958-2002 normal (context line, never counted) [archive import: scored retroactively, not a live reading]",2020-07-22,scoring
2020-07-23,-0.184,-0.237,0,down,"DMI +80N 2020-07-23: 0.99°C, -0.18°C vs 1958-2002 normal (context line, never counted) [archive import: scored retroactively, not a live reading]",2020-07-23,scoring
2020-07-24,-0.207,-0.280,0,down,"DMI +80N 2020-07-24: 0.95°C, -0.21°C vs 1958-2002 normal (context line, never counted) [archive import: scored retroactively, not a live reading]",2020-07-24,scoring
2020-07-25,-0.151,-0.178,0,down,"DMI +80N 2020-07-25: 1.00°C, -0.15°C vs 1958-2002 normal (context line, never counted) [archive import: scored retroactively, not a live reading]",2020-07-25,scoring
2020-07-26,0.31,0.714,0,up,"DMI +80N 2020-07-26: 1.40°C, +0.31°C vs 1958-2002 normal (context line, never counted) [archive import: scored retroactively, not a live reading]",2020-07-26,scoring
2020-07-27,0.592,1.264,0,up,"DMI +80N 2020-07-27: 1.67°C, +0.59°C vs 1958-2002 normal (context line, never counted) [archive import: scored retroactively, not a live reading]",2020-07-27,scoring
2020-07-28,0.77,1.608,0,up,"DMI +80N 2020-07-28: 1.85°C, +0.77°C vs 1958-2002 normal (context line, never counted) [archive import: scored retroactively, not a live reading]",2020-07-28,scoring
2020-07-29,0.594,1.273,0,up,"DMI +80N 2020-07-29: 1.58°C, +0.59°C vs 1958-2002 normal (context line, never counted) [archive import: scored retroactively, not a live reading]",2020-07-29,scoring
2020-07-30,0.228,0.564,0,up,"DMI +80N 2020-07-30: 1.19°C, +0.23°C vs 1958-2002 normal (context line, never counted) [archive import: scored retroactively, not a live reading]",2020-07-30,scoring
2020-07-31,0.047,0.208,0,up,"DMI +80N 2020-07-31: 1.01°C, +0.05°C vs 1958-2002 normal (context line, never counted) [archive import: scored retroactively, not a live reading]",2020-07-31,scoring
2020-08-01,0.009,0.115,0,up,"DMI +80N 2020-08-01: 0.94°C, +0.01°C vs 1958-2002 normal (context line, never counted) [archive import: scored retroactively, not a live reading]",2020-08-01,scoring
2020-08-02,-0.019,0.039,0,up,"DMI +80N 2020-08-02: 0.81°C, -0.02°C vs 1958-2002 normal (context line, never counted) [archive import: scored retroactively, not a live reading]",2020-08-02,scoring
2020-08-03,-0.123,-0.166,0,down,"DMI +80N 2020-08-03: 0.65°C, -0.12°C vs 1958-2002 normal (context line, never counted) [archive import: scored retroactively, not a live reading]",2020-08-03,scoring
2020-08-04,-0.084,-0.094,0,down,"DMI +80N 2020-08-04: 0.60°C, -0.08°C vs 1958-2002 normal (context line, never counted) [archive import: scored retroactively, not a live reading]",2020-08-04,scoring
2020-08-05,-0.106,-0.142,0,down,"DMI +80N 2020-08-05: 0.55°C, -0.11°C vs 1958-2002 normal (context line, never counted) [archive import: scored retroactively, not a live reading]",2020-08-05,scoring
2020-08-06,-0.093,-0.119,0,down,"DMI +80N 2020-08-06: 0.48°C, -0.09°C vs 1958-2002 normal (context line, never counted) [archive import: scored retroactively, not a live reading]",2020-08-06,scoring
2020-08-07,-0.075,-0.088,0,down,"DMI +80N 2020-08-07: 0.48°C, -0.07°C vs 1958-2002 normal (context line, never counted) [archive import: scored retroactively, not a live reading]",2020-08-07,scoring
2020-08-08,-0.058,-0.052,0,down,"DMI +80N 2020-08-08: 0.43°C, -0.06°C vs 1958-2002 normal (context line, never counted) [archive import: scored retroactively, not a live reading]",2020-08-08,scoring
2020-08-09,0.063,0.238,0,up,"DMI +80N 2020-08-09: 0.48°C, +0.06°C vs 1958-2002 normal (context line, never counted) [archive import: scored retroactively, not a live reading]",2020-08-09,scoring
2020-08-10,0.145,0.448,0,up,"DMI +80N 2020-08-10: 0.48°C, +0.14°C vs 1958-2002 normal (context line, never counted) [archive import: scored retroactively, not a live reading]",2020-08-10,scoring
2020-08-11,0.201,0.596,0,up,"DMI +80N 2020-08-11: 0.50°C, +0.20°C vs 1958-2002 normal (context line, never counted) [archive import: scored retroactively, not a live reading]",2020-08-11,scoring
2020-08-12,0.499,1.370,0,up,"DMI +80N 2020-08-12: 0.73°C, +0.50°C vs 1958-2002 normal (context line, never counted) [archive import: scored retroactively, not a live reading]",2020-08-12,scoring
2020-08-13,0.578,1.581,0,up,"DMI +80N 2020-08-13: 0.77°C, +0.58°C vs 1958-2002 normal (context line, never counted) [archive import: scored retroactively, not a live reading]",2020-08-13,scoring
2020-08-14,0.251,0.742,0,up,"DMI +80N 2020-08-14: 0.41°C, +0.25°C vs 1958-2002 normal (context line, never counted) [archive import: scored retroactively, not a live reading]",2020-08-14,scoring
2020-08-15,0.379,1.086,0,up,"DMI +80N 2020-08-15: 0.46°C, +0.38°C vs 1958-2002 normal (context line, never counted) [archive import: scored retroactively, not a live reading]",2020-08-15,scoring
2020-08-16,0.414,1.185,0,up,"DMI +80N 2020-08-16: 0.38°C, +0.41°C vs 1958-2002 normal (context line, never counted) [archive import: scored retroactively, not a live reading]",2020-08-16,scoring
2020-08-17,0.759,2.117,0,up,"DMI +80N 2020-08-17: 0.59°C, +0.76°C vs 1958-2002 normal (context line, never counted) [archive import: scored retroactively, not a live reading]",2020-08-17,scoring
2020-08-18,1.026,2.845,0,up,"DMI +80N 2020-08-18: 0.67°C, +1.03°C vs 1958-2002 normal (context line, never counted) [archive import: scored retroactively, not a live reading]",2020-08-18,scoring
2020-08-19,1.092,3.040,1,up,"DMI +80N 2020-08-19: 0.59°C, +1.09°C vs 1958-2002 normal (context line, never counted) [archive import: scored retroactively, not a live reading]",2020-08-19,scoring
2020-08-20,1.269,3.558,1,up,"DMI +80N 2020-08-20: 0.55°C, +1.27°C vs 1958-2002 normal (context line, never counted) [archive import: scored retroactively, not a live reading]",2020-08-20,scoring
2020-08-21,1.429,3.994,1,up,"DMI +80N 2020-08-21: 0.52°C, +1.43°C vs 1958-2002 normal (context line, never counted) [archive import: scored retroactively, not a live reading]",2020-08-21,scoring
2020-08-22,1.416,3.936,1,up,"DMI +80N 2020-08-22: 0.32°C, +1.42°C vs 1958-2002 normal (context line, never counted) [archive import: scored retroactively, not a live reading]",2020-08-22,scoring
2020-08-23,1.47,4.082,1,up,"DMI +80N 2020-08-23: 0.23°C, +1.47°C vs 1958-2002 normal (context line, never counted) [archive import: scored retroactively, not a live reading]",2020-08-23,scoring
2020-08-24,1.37,3.789,1,up,"DMI +80N 2020-08-24: 0.08°C, +1.37°C vs 1958-2002 normal (context line, never counted) [archive import: scored retroactively, not a live reading]",2020-08-24,scoring
2020-08-25,1.251,3.468,1,up,"DMI +80N 2020-08-25: -0.23°C, +1.25°C vs 1958-2002 normal (context line, never counted) [archive import: scored retroactively, not a live reading]",2020-08-25,scoring
2020-08-26,1.789,4.918,1,up,"DMI +80N 2020-08-26: -0.03°C, +1.79°C vs 1958-2002 normal (context line, never counted) [archive import: scored retroactively, not a live reading]",2020-08-26,scoring
2020-08-27,2.313,6.368,1,up,"DMI +80N 2020-08-27: 0.17°C, +2.31°C vs 1958-2002 normal (context line, never counted) [archive import: scored retroactively, not a live reading]",2020-08-27,scoring
2020-08-28,2.516,6.878,1,up,"DMI +80N 2020-08-28: 0.11°C, +2.52°C vs 1958-2002 normal (context line, never counted) [archive import: scored retroactively, not a live reading]",2020-08-28,scoring
2020-08-29,3.135,8.547,1,up,"DMI +80N 2020-08-29: 0.41°C, +3.13°C vs 1958-2002 normal (context line, never counted) [archive import: scored retroactively, not a live reading]",2020-08-29,scoring
2020-08-30,3.229,8.700,1,up,"DMI +80N 2020-08-30: 0.21°C, +3.23°C vs 1958-2002 normal (context line, never counted) [archive import: scored retroactively, not a live reading]",2020-08-30,scoring
2020-08-31,2.882,7.776,1,up,"DMI +80N 2020-08-31: -0.36°C, +2.88°C vs 1958-2002 normal (context line, never counted) [archive import: scored retroactively, not a live reading]",2020-08-31,scoring
2020-09-01,2.962,7.944,1,up,"DMI +80N 2020-09-01: -0.56°C, +2.96°C vs 1958-2002 normal (context line, never counted) [archive import: scored retroactively, not a live reading]",2020-09-01,scoring
2020-09-02,3.175,8.508,1,up,"DMI +80N 2020-09-02: -0.53°C, +3.17°C vs 1958-2002 normal (context line, never counted) [archive import: scored retroactively, not a live reading]",2020-09-02,scoring
2020-09-03,3.377,9.043,1,up,"DMI +80N 2020-09-03: -0.63°C, +3.38°C vs 1958-2002 normal (context line, never counted) [archive import: scored retroactively, not a live reading]",2020-09-03,scoring
2020-09-04,3.417,9.098,1,up,"DMI +80N 2020-09-04: -0.87°C, +3.42°C vs 1958-2002 normal (context line, never counted) [archive import: scored retroactively, not a live reading]",2020-09-04,scoring
2020-09-05,3.255,8.575,1,up,"DMI +80N 2020-09-05: -1.37°C, +3.25°C vs 1958-2002 normal (context line, never counted) [archive import: scored retroactively, not a live reading]",2020-09-05,scoring
2020-09-06,2.875,7.501,1,up,"DMI +80N 2020-09-06: -2.13°C, +2.88°C vs 1958-2002 normal (context line, never counted) [archive import: scored retroactively, not a live reading]",2020-09-06,scoring
2020-09-07,2.409,6.165,1,up,"DMI +80N 2020-09-07: -2.96°C, +2.41°C vs 1958-2002 normal (context line, never counted) [archive import: scored retroactively, not a live reading]",2020-09-07,scoring
2020-09-08,1.764,4.490,1,up,"DMI +80N 2020-09-08: -3.66°C, +1.76°C vs 1958-2002 normal (context line, never counted) [archive import: scored retroactively, not a live reading]",2020-09-08,scoring
2020-09-09,1.865,4.560,1,up,"DMI +80N 2020-09-09: -3.80°C, +1.86°C vs 1958-2002 normal (context line, never counted) [archive import: scored retroactively, not a live reading]",2020-09-09,scoring
2020-09-10,1.002,2.335,0,up,"DMI +80N 2020-09-10: -4.91°C, +1.00°C vs 1958-2002 normal (context line, never counted) [archive import: scored retroactively, not a live reading]",2020-09-10,scoring
2020-09-11,0.978,2.145,0,up,"DMI +80N 2020-09-11: -5.23°C, +0.98°C vs 1958-2002 normal (context line, never counted) [archive import: scored retroactively, not a live reading]",2020-09-11,scoring
2020-09-12,2.19,4.520,1,up,"DMI +80N 2020-09-12: -4.34°C, +2.19°C vs 1958-2002 normal (context line, never counted) [archive import: scored retroactively, not a live reading]",2020-09-12,scoring
2020-09-13,3.562,7.058,1,up,"DMI +80N 2020-09-13: -3.34°C, +3.56°C vs 1958-2002 normal (context line, never counted) [archive import: scored retroactively, not a live reading]",2020-09-13,scoring
2020-09-14,5.252,9.869,1,up,"DMI +80N 2020-09-14: -1.98°C, +5.25°C vs 1958-2002 normal (context line, never counted) [archive import: scored retroactively, not a live reading]",2020-09-14,scoring
2020-09-15,4.915,8.785,1,up,"DMI +80N 2020-09-15: -2.65°C, +4.92°C vs 1958-2002 normal (context line, never counted) [archive import: scored retroactively, not a live reading]",2020-09-15,scoring
2020-09-16,4.307,7.312,1,up,"DMI +80N 2020-09-16: -3.67°C, +4.31°C vs 1958-2002 normal (context line, never counted) [archive import: scored retroactively, not a live reading]",2020-09-16,scoring
2020-09-17,3.61,5.751,1,up,"DMI +80N 2020-09-17: -4.68°C, +3.61°C vs 1958-2002 normal (context line, never counted) [archive import: scored retroactively, not a live reading]",2020-09-17,scoring
2020-09-18,3.4,5.097,1,up,"DMI +80N 2020-09-18: -5.40°C, +3.40°C vs 1958-2002 normal (context line, never counted) [archive import: scored retroactively, not a live reading]",2020-09-18,scoring
2020-09-19,3.454,4.907,1,up,"DMI +80N 2020-09-19: -5.61°C, +3.45°C vs 1958-2002 normal (context line, never counted) [archive import: scored retroactively, not a live reading]",2020-09-19,scoring
2020-09-20,3.462,4.661,1,up,"DMI +80N 2020-09-20: -5.87°C, +3.46°C vs 1958-2002 normal (context line, never counted) [archive import: scored retroactively, not a live reading]",2020-09-20,scoring
2020-09-21,3.288,4.191,1,up,"DMI +80N 2020-09-21: -6.43°C, +3.29°C vs 1958-2002 normal (context line, never counted) [archive import: scored retroactively, not a live reading]",2020-09-21,scoring
2020-09-22,2.738,3.311,1,up,"DMI +80N 2020-09-22: -7.18°C, +2.74°C vs 1958-2002 normal (context line, never counted) [archive import: scored retroactively, not a live reading]",2020-09-22,scoring
2020-09-23,2.837,3.259,1,up,"DMI +80N 2020-09-23: -7.49°C, +2.84°C vs 1958-2002 normal (context line, never counted) [archive import: scored retroactively, not a live reading]",2020-09-23,scoring
2020-09-24,4.959,5.593,1,up,"DMI +80N 2020-09-24: -5.75°C, +4.96°C vs 1958-2002 normal (context line, never counted) [archive import: scored retroactively, not a live reading]",2020-09-24,scoring
2020-09-25,6.797,7.359,1,up,"DMI +80N 2020-09-25: -4.15°C, +6.80°C vs 1958-2002 normal (context line, never counted) [archive import: scored retroactively, not a live reading]",2020-09-25,scoring
2020-09-26,6.846,6.922,1,up,"DMI +80N 2020-09-26: -4.25°C, +6.85°C vs 1958-2002 normal (context line, never counted) [archive import: scored retroactively, not a live reading]",2020-09-26,scoring
2020-09-27,6.909,6.626,1,up,"DMI +80N 2020-09-27: -4.46°C, +6.91°C vs 1958-2002 normal (context line, never counted) [archive import: scored retroactively, not a live reading]",2020-09-27,scoring
2020-09-28,7.001,6.283,1,up,"DMI +80N 2020-09-28: -4.76°C, +7.00°C vs 1958-2002 normal (context line, never counted) [archive import: scored retroactively, not a live reading]",2020-09-28,scoring
2020-09-29,7.246,6.167,1,up,"DMI +80N 2020-09-29: -4.98°C, +7.25°C vs 1958-2002 normal (context line, never counted) [archive import: scored retroactively, not a live reading]",2020-09-29,scoring
2020-09-30,8.194,6.666,1,up,"DMI +80N 2020-09-30: -4.38°C, +8.19°C vs 1958-2002 normal (context line, never counted) [archive import: scored retroactively, not a live reading]",2020-09-30,scoring
2020-10-01,8.504,6.460,1,up,"DMI +80N 2020-10-01: -4.38°C, +8.50°C vs 1958-2002 normal (context line, never counted) [archive import: scored retroactively, not a live reading]",2020-10-01,scoring
2020-10-02,8.732,6.153,1,up,"DMI +80N 2020-10-02: -4.56°C, +8.73°C vs 1958-2002 normal (context line, never counted) [archive import: scored retroactively, not a live reading]",2020-10-02,scoring
2020-10-03,9.348,6.135,1,up,"DMI +80N 2020-10-03: -4.28°C, +9.35°C vs 1958-2002 normal (context line, never counted) [archive import: scored retroactively, not a live reading]",2020-10-03,scoring
2020-10-04,8.733,5.380,1,up,"DMI +80N 2020-10-04: -4.95°C, +8.73°C vs 1958-2002 normal (context line, never counted) [archive import: scored retroactively, not a live reading]",2020-10-04,scoring
2020-10-05,7.69,4.443,1,up,"DMI +80N 2020-10-05: -6.14°C, +7.69°C vs 1958-2002 normal (context line, never counted) [archive import: scored retroactively, not a live reading]",2020-10-05,scoring
2020-10-06,7.662,4.087,1,up,"DMI +80N 2020-10-06: -6.40°C, +7.66°C vs 1958-2002 normal (context line, never counted) [archive import: scored retroactively, not a live reading]",2020-10-06,scoring
2020-10-07,6.693,3.259,1,up,"DMI +80N 2020-10-07: -7.40°C, +6.69°C vs 1958-2002 normal (context line, never counted) [archive import: scored retroactively, not a live reading]",2020-10-07,scoring
2020-10-08,6.718,3.081,1,up,"DMI +80N 2020-10-08: -7.63°C, +6.72°C vs 1958-2002 normal (context line, never counted) [archive import: scored retroactively, not a live reading]",2020-10-08,scoring
2020-10-09,6.978,3.071,1,up,"DMI +80N 2020-10-09: -7.87°C, +6.98°C vs 1958-2002 normal (context line, never counted) [archive import: scored retroactively, not a live reading]",2020-10-09,scoring
2020-10-10,7.26,3.087,1,up,"DMI +80N 2020-10-10: -7.97°C, +7.26°C vs 1958-2002 normal (context line, never counted) [archive import: scored retroactively, not a live reading]",2020-10-10,scoring
2020-10-11,8.135,3.372,1,up,"DMI +80N 2020-10-11: -7.68°C, +8.13°C vs 1958-2002 normal (context line, never counted) [archive import: scored retroactively, not a live reading]",2020-10-11,scoring
2020-10-12,8.275,3.223,1,up,"DMI +80N 2020-10-12: -7.97°C, +8.28°C vs 1958-2002 normal (context line, never counted) [archive import: scored retroactively, not a live reading]",2020-10-12,scoring
2020-10-13,7.609,2.730,0,up,"DMI +80N 2020-10-13: -8.93°C, +7.61°C vs 1958-2002 normal (context line, never counted) [archive import: scored retroactively, not a live reading]",2020-10-13,scoring
2020-10-14,7.137,2.421,0,up,"DMI +80N 2020-10-14: -9.98°C, +7.14°C vs 1958-2002 normal (context line, never counted) [archive import: scored retroactively, not a live reading]",2020-10-14,scoring
2020-10-15,7.951,2.651,0,up,"DMI +80N 2020-10-15: -9.69°C, +7.95°C vs 1958-2002 normal (context line, never counted) [archive import: scored retroactively, not a live reading]",2020-10-15,scoring
2020-10-16,9.183,3.039,1,up,"DMI +80N 2020-10-16: -8.76°C, +9.18°C vs 1958-2002 normal (context line, never counted) [archive import: scored retroactively, not a live reading]",2020-10-16,scoring
2020-10-17,9.058,2.861,0,up,"DMI +80N 2020-10-17: -8.96°C, +9.06°C vs 1958-2002 normal (context line, never counted) [archive import: scored retroactively, not a live reading]",2020-10-17,scoring
2020-10-18,7.719,2.203,0,up,"DMI +80N 2020-10-18: -10.43°C, +7.72°C vs 1958-2002 normal (context line, never counted) [archive import: scored retroactively, not a live reading]",2020-10-18,scoring
2020-10-19,6.593,1.662,0,up,"DMI +80N 2020-10-19: -11.59°C, +6.59°C vs 1958-2002 normal (context line, never counted) [archive import: scored retroactively, not a live reading]",2020-10-19,scoring
2020-10-20,6.704,1.610,0,up,"DMI +80N 2020-10-20: -11.91°C, +6.70°C vs 1958-2002 normal (context line, never counted) [archive import: scored retroactively, not a live reading]",2020-10-20,scoring
2020-10-21,7.37,1.828,0,up,"DMI +80N 2020-10-21: -11.71°C, +7.37°C vs 1958-2002 normal (context line, never counted) [archive import: scored retroactively, not a live reading]",2020-10-21,scoring
2020-10-22,8.134,2.112,0,up,"DMI +80N 2020-10-22: -11.25°C, +8.13°C vs 1958-2002 normal (context line, never counted) [archive import: scored retroactively, not a live reading]",2020-10-22,scoring
2020-10-23,8.585,2.265,0,up,"DMI +80N 2020-10-23: -11.36°C, +8.59°C vs 1958-2002 normal (context line, never counted) [archive import: scored retroactively, not a live reading]",2020-10-23,scoring
2020-10-24,7.968,1.931,0,up,"DMI +80N 2020-10-24: -12.38°C, +7.97°C vs 1958-2002 normal (context line, never counted) [archive import: scored retroactively, not a live reading]",2020-10-24,scoring
2020-10-25,6.537,1.310,0,up,"DMI +80N 2020-10-25: -14.23°C, +6.54°C vs 1958-2002 normal (context line, never counted) [archive import: scored retroactively, not a live reading]",2020-10-25,scoring
2020-10-26,5.536,0.892,0,up,"DMI +80N 2020-10-26: -15.40°C, +5.54°C vs 1958-2002 normal (context line, never counted) [archive import: scored retroactively, not a live reading]",2020-10-26,scoring
2020-10-27,4.4,0.427,0,up,"DMI +80N 2020-10-27: -16.72°C, +4.40°C vs 1958-2002 normal (context line, never counted) [archive import: scored retroactively, not a live reading]",2020-10-27,scoring
2020-10-28,3.695,0.152,0,up,"DMI +80N 2020-10-28: -17.70°C, +3.69°C vs 1958-2002 normal (context line, never counted) [archive import: scored retroactively, not a live reading]",2020-10-28,scoring
2020-10-29,5.003,0.598,0,up,"DMI +80N 2020-10-29: -16.47°C, +5.00°C vs 1958-2002 normal (context line, never counted) [archive import: scored retroactively, not a live reading]",2020-10-29,scoring
2020-10-30,7.316,1.370,0,up,"DMI +80N 2020-10-30: -14.75°C, +7.32°C vs 1958-2002 normal (context line, never counted) [archive import: scored retroactively, not a live reading]",2020-10-30,scoring
2020-10-31,6.734,1.165,0,up,"DMI +80N 2020-10-31: -15.64°C, +6.73°C vs 1958-2002 normal (context line, never counted) [archive import: scored retroactively, not a live reading]",2020-10-31,scoring
2020-11-01,5.84,0.842,0,up,"DMI +80N 2020-11-01: -16.97°C, +5.84°C vs 1958-2002 normal (context line, never counted) [archive import: scored retroactively, not a live reading]",2020-11-01,scoring
2020-11-02,7.728,1.496,0,up,"DMI +80N 2020-11-02: -15.63°C, +7.73°C vs 1958-2002 normal (context line, never counted) [archive import: scored retroactively, not a live reading]",2020-11-02,scoring
2020-11-03,6.235,0.975,0,up,"DMI +80N 2020-11-03: -17.26°C, +6.24°C vs 1958-2002 normal (context line, never counted) [archive import: scored retroactively, not a live reading]",2020-11-03,scoring
2020-11-04,8.204,1.657,0,up,"DMI +80N 2020-11-04: -14.98°C, +8.20°C vs 1958-2002 normal (context line, never counted) [archive import: scored retroactively, not a live reading]",2020-11-04,scoring
2020-11-05,11.162,2.739,0,up,"DMI +80N 2020-11-05: -11.62°C, +11.16°C vs 1958-2002 normal (context line, never counted) [archive import: scored retroactively, not a live reading]",2020-11-05,scoring
2020-11-06,9.403,1.936,0,up,"DMI +80N 2020-11-06: -13.41°C, +9.40°C vs 1958-2002 normal (context line, never counted) [archive import: scored retroactively, not a live reading]",2020-11-06,scoring
2020-11-07,10.495,2.199,0,up,"DMI +80N 2020-11-07: -12.28°C, +10.49°C vs 1958-2002 normal (context line, never counted) [archive import: scored retroactively, not a live reading]",2020-11-07,scoring
2020-11-08,10.951,2.205,0,up,"DMI +80N 2020-11-08: -11.95°C, +10.95°C vs 1958-2002 normal (context line, never counted) [archive import: scored retroactively, not a live reading]",2020-11-08,scoring
2020-11-09,10.126,1.782,0,up,"DMI +80N 2020-11-09: -12.79°C, +10.13°C vs 1958-2002 normal (context line, never counted) [archive import: scored retroactively, not a live reading]",2020-11-09,scoring
2020-11-10,9.506,1.544,0,up,"DMI +80N 2020-11-10: -13.63°C, +9.51°C vs 1958-2002 normal (context line, never counted) [archive import: scored retroactively, not a live reading]",2020-11-10,scoring
2020-11-11,10.758,1.911,0,up,"DMI +80N 2020-11-11: -12.98°C, +10.76°C vs 1958-2002 normal (context line, never counted) [archive import: scored retroactively, not a live reading]",2020-11-11,scoring
2020-11-12,13.811,2.826,0,up,"DMI +80N 2020-11-12: -10.45°C, +13.81°C vs 1958-2002 normal (context line, never counted) [archive import: scored retroactively, not a live reading]",2020-11-12,scoring
2020-11-13,13.797,2.686,0,up,"DMI +80N 2020-11-13: -10.47°C, +13.80°C vs 1958-2002 normal (context line, never counted) [archive import: scored retroactively, not a live reading]",2020-11-13,scoring
2020-11-14,9.929,1.276,0,up,"DMI +80N 2020-11-14: -14.56°C, +9.93°C vs 1958-2002 normal (context line, never counted) [archive import: scored retroactively, not a live reading]",2020-11-14,scoring
2020-11-15,9.217,0.929,0,up,"DMI +80N 2020-11-15: -15.45°C, +9.22°C vs 1958-2002 normal (context line, never counted) [archive import: scored retroactively, not a live reading]",2020-11-15,scoring
2020-11-16,10.53,1.307,0,up,"DMI +80N 2020-11-16: -14.03°C, +10.53°C vs 1958-2002 normal (context line, never counted) [archive import: scored retroactively, not a live reading]",2020-11-16,scoring
2020-11-17,11.144,1.480,0,up,"DMI +80N 2020-11-17: -13.65°C, +11.14°C vs 1958-2002 normal (context line, never counted) [archive import: scored retroactively, not a live reading]",2020-11-17,scoring
2020-11-18,11.916,1.703,0,up,"DMI +80N 2020-11-18: -12.93°C, +11.92°C vs 1958-2002 normal (context line, never counted) [archive import: scored retroactively, not a live reading]",2020-11-18,scoring
2020-11-19,10.451,1.217,0,up,"DMI +80N 2020-11-19: -14.30°C, +10.45°C vs 1958-2002 normal (context line, never counted) [archive import: scored retroactively, not a live reading]",2020-11-19,scoring
2020-11-20,10.106,1.097,0,up,"DMI +80N 2020-11-20: -14.56°C, +10.11°C vs 1958-2002 normal (context line, never counted) [archive import: scored retroactively, not a live reading]",2020-11-20,scoring
2020-11-21,10.959,1.365,0,up,"DMI +80N 2020-11-21: -14.05°C, +10.96°C vs 1958-2002 normal (context line, never counted) [archive import: scored retroactively, not a live reading]",2020-11-21,scoring
2020-11-22,11.07,1.376,0,up,"DMI +80N 2020-11-22: -14.50°C, +11.07°C vs 1958-2002 normal (context line, never counted) [archive import: scored retroactively, not a live reading]",2020-11-22,scoring
2020-11-23,10.219,1.085,0,up,"DMI +80N 2020-11-23: -15.43°C, +10.22°C vs 1958-2002 normal (context line, never counted) [archive import: scored retroactively, not a live reading]",2020-11-23,scoring
2020-11-24,9.209,0.740,0,up,"DMI +80N 2020-11-24: -16.32°C, +9.21°C vs 1958-2002 normal (context line, never counted) [archive import: scored retroactively, not a live reading]",2020-11-24,scoring
2020-11-25,9.45,0.810,0,up,"DMI +80N 2020-11-25: -16.47°C, +9.45°C vs 1958-2002 normal (context line, never counted) [archive import: scored retroactively, not a live reading]",2020-11-25,scoring
2020-11-26,9.053,0.652,0,up,"DMI +80N 2020-11-26: -16.95°C, +9.05°C vs 1958-2002 normal (context line, never counted) [archive import: scored retroactively, not a live reading]",2020-11-26,scoring
2020-11-27,10.012,0.932,0,up,"DMI +80N 2020-11-27: -15.99°C, +10.01°C vs 1958-2002 normal (context line, never counted) [archive import: scored retroactively, not a live reading]",2020-11-27,scoring
2020-11-28,11.563,1.427,0,up,"DMI +80N 2020-11-28: -14.89°C, +11.56°C vs 1958-2002 normal (context line, never counted) [archive import: scored retroactively, not a live reading]",2020-11-28,scoring
2020-11-29,11.814,1.485,0,up,"DMI +80N 2020-11-29: -15.05°C, +11.81°C vs 1958-2002 normal (context line, never counted) [archive import: scored retroactively, not a live reading]",2020-11-29,scoring
2020-11-30,10.763,1.114,0,up,"DMI +80N 2020-11-30: -16.25°C, +10.76°C vs 1958-2002 normal (context line, never counted) [archive import: scored retroactively, not a live reading]",2020-11-30,scoring
2020-12-01,9.066,0.515,0,up,"DMI +80N 2020-12-01: -17.75°C, +9.07°C vs 1958-2002 normal (context line, never counted) [archive import: scored retroactively, not a live reading]",2020-12-01,scoring
2020-12-02,7.039,-0.196,0,down,"DMI +80N 2020-12-02: -19.52°C, +7.04°C vs 1958-2002 normal (context line, never counted) [archive import: scored retroactively, not a live reading]",2020-12-02,scoring
2020-12-03,6.257,-0.460,0,down,"DMI +80N 2020-12-03: -20.65°C, +6.26°C vs 1958-2002 normal (context line, never counted) [archive import: scored retroactively, not a live reading]",2020-12-03,scoring
2020-12-04,5.712,-0.648,0,down,"DMI +80N 2020-12-04: -21.78°C, +5.71°C vs 1958-2002 normal (context line, never counted) [archive import: scored retroactively, not a live reading]",2020-12-04,scoring
2020-12-05,5.605,-0.690,0,down,"DMI +80N 2020-12-05: -22.23°C, +5.61°C vs 1958-2002 normal (context line, never counted) [archive import: scored retroactively, not a live reading]",2020-12-05,scoring
2020-12-06,5.131,-0.856,0,down,"DMI +80N 2020-12-06: -22.42°C, +5.13°C vs 1958-2002 normal (context line, never counted) [archive import: scored retroactively, not a live reading]",2020-12-06,scoring
2020-12-07,4.229,-1.165,0,down,"DMI +80N 2020-12-07: -23.11°C, +4.23°C vs 1958-2002 normal (context line, never counted) [archive import: scored retroactively, not a live reading]",2020-12-07,scoring
2020-12-08,3.051,-1.579,0,down,"DMI +80N 2020-12-08: -24.25°C, +3.05°C vs 1958-2002 normal (context line, never counted) [archive import: scored retroactively, not a live reading]",2020-12-08,scoring
2020-12-09,2.992,-1.615,0,down,"DMI +80N 2020-12-09: -24.21°C, +2.99°C vs 1958-2002 normal (context line, never counted) [archive import: scored retroactively, not a live reading]",2020-12-09,scoring
2020-12-10,4.716,-1.024,0,down,"DMI +80N 2020-12-10: -22.23°C, +4.72°C vs 1958-2002 normal (context line, never counted) [archive import: scored retroactively, not a live reading]",2020-12-10,scoring
2020-12-11,6.041,-0.570,0,down,"DMI +80N 2020-12-11: -21.41°C, +6.04°C vs 1958-2002 normal (context line, never counted) [archive import: scored retroactively, not a live reading]",2020-12-11,scoring
2020-12-12,6.893,-0.271,0,down,"DMI +80N 2020-12-12: -21.09°C, +6.89°C vs 1958-2002 normal (context line, never counted) [archive import: scored retroactively, not a live reading]",2020-12-12,scoring
2020-12-13,6.281,-0.503,0,down,"DMI +80N 2020-12-13: -22.09°C, +6.28°C vs 1958-2002 normal (context line, never counted) [archive import: scored retroactively, not a live reading]",2020-12-13,scoring
2020-12-14,4.536,-1.163,0,down,"DMI +80N 2020-12-14: -23.67°C, +4.54°C vs 1958-2002 normal (context line, never counted) [archive import: scored retroactively, not a live reading]",2020-12-14,scoring
2020-12-15,3.049,-1.725,0,down,"DMI +80N 2020-12-15: -25.03°C, +3.05°C vs 1958-2002 normal (context line, never counted) [archive import: scored retroactively, not a live reading]",2020-12-15,scoring
2020-12-16,4.448,-1.196,0,down,"DMI +80N 2020-12-16: -23.63°C, +4.45°C vs 1958-2002 normal (context line, never counted) [archive import: scored retroactively, not a live reading]",2020-12-16,scoring
2020-12-17,4.363,-1.228,0,down,"DMI +80N 2020-12-17: -23.99°C, +4.36°C vs 1958-2002 normal (context line, never counted) [archive import: scored retroactively, not a live reading]",2020-12-17,scoring
2020-12-18,2.501,-1.928,0,down,"DMI +80N 2020-12-18: -25.79°C, +2.50°C vs 1958-2002 normal (context line, never counted) [archive import: scored retroactively, not a live reading]",2020-12-18,scoring
2020-12-19,1.38,-2.336,0,down,"DMI +80N 2020-12-19: -26.67°C, +1.38°C vs 1958-2002 normal (context line, never counted) [archive import: scored retroactively, not a live reading]",2020-12-19,scoring
2020-12-20,1.473,-2.278,0,down,"DMI +80N 2020-12-20: -26.61°C, +1.47°C vs 1958-2002 normal (context line, never counted) [archive import: scored retroactively, not a live reading]",2020-12-20,scoring
2020-12-21,1.22,-2.351,0,down,"DMI +80N 2020-12-21: -27.08°C, +1.22°C vs 1958-2002 normal (context line, never counted) [archive import: scored retroactively, not a live reading]",2020-12-21,scoring
2020-12-22,1.529,-2.224,0,down,"DMI +80N 2020-12-22: -26.58°C, +1.53°C vs 1958-2002 normal (context line, never counted) [archive import: scored retroactively, not a live reading]",2020-12-22,scoring
2020-12-23,4.714,-1.064,0,down,"DMI +80N 2020-12-23: -23.55°C, +4.71°C vs 1958-2002 normal (context line, never counted) [archive import: scored retroactively, not a live reading]",2020-12-23,scoring
2020-12-24,9.004,0.498,0,up,"DMI +80N 2020-12-24: -19.74°C, +9.00°C vs 1958-2002 normal (context line, never counted) [archive import: scored retroactively, not a live reading]",2020-12-24,scoring
2020-12-25,14.242,2.367,0,up,"DMI +80N 2020-12-25: -15.04°C, +14.24°C vs 1958-2002 normal (context line, never counted) [archive import: scored retroactively, not a live reading]",2020-12-25,scoring
2020-12-26,12.777,1.777,0,up,"DMI +80N 2020-12-26: -16.63°C, +12.78°C vs 1958-2002 normal (context line, never counted) [archive import: scored retroactively, not a live reading]",2020-12-26,scoring
2020-12-27,10.226,0.854,0,up,"DMI +80N 2020-12-27: -19.15°C, +10.23°C vs 1958-2002 normal (context line, never counted) [archive import: scored retroactively, not a live reading]",2020-12-27,scoring
2020-12-28,8.79,0.323,0,up,"DMI +80N 2020-12-28: -20.35°C, +8.79°C vs 1958-2002 normal (context line, never counted) [archive import: scored retroactively, not a live reading]",2020-12-28,scoring
2020-12-29,9.556,0.542,0,up,"DMI +80N 2020-12-29: -19.69°C, +9.56°C vs 1958-2002 normal (context line, never counted) [archive import: scored retroactively, not a live reading]",2020-12-29,scoring
2020-12-30,11.623,1.234,0,up,"DMI +80N 2020-12-30: -17.72°C, +11.62°C vs 1958-2002 normal (context line, never counted) [archive import: scored retroactively, not a live reading]",2020-12-30,scoring
2020-12-31,13.739,1.928,0,up,"DMI +80N 2020-12-31: -15.61°C, +13.74°C vs 1958-2002 normal (context line, never counted) [archive import: scored retroactively, not a live reading]",2020-12-31,scoring
2021-01-01,15.565,2.483,0,up,"DMI +80N 2021-01-01: -13.69°C, +15.56°C vs 1958-2002 normal (context line, never counted) [archive import: scored retroactively, not a live reading]",2021-01-01,scoring
2021-01-02,15.496,2.402,0,up,"DMI +80N 2021-01-02: -13.63°C, +15.50°C vs 1958-2002 normal (context line, never counted) [archive import: scored retroactively, not a live reading]",2021-01-02,scoring
2021-01-03,13.717,1.778,0,up,"DMI +80N 2021-01-03: -15.77°C, +13.72°C vs 1958-2002 normal (context line, never counted) [archive import: scored retroactively, not a live reading]",2021-01-03,scoring
2021-01-04,12.793,1.431,0,up,"DMI +80N 2021-01-04: -17.15°C, +12.79°C vs 1958-2002 normal (context line, never counted) [archive import: scored retroactively, not a live reading]",2021-01-04,scoring
2021-01-05,11.379,0.954,0,up,"DMI +80N 2021-01-05: -18.48°C, +11.38°C vs 1958-2002 normal (context line, never counted) [archive import: scored retroactively, not a live reading]",2021-01-05,scoring
2021-01-06,8.477,0.090,0,up,"DMI +80N 2021-01-06: -21.45°C, +8.48°C vs 1958-2002 normal (context line, never counted) [archive import: scored retroactively, not a live reading]",2021-01-06,scoring
2021-01-07,5.238,-0.878,0,down,"DMI +80N 2021-01-07: -24.39°C, +5.24°C vs 1958-2002 normal (context line, never counted) [archive import: scored retroactively, not a live reading]",2021-01-07,scoring
2021-01-08,6.129,-0.615,0,down,"DMI +80N 2021-01-08: -23.63°C, +6.13°C vs 1958-2002 normal (context line, never counted) [archive import: scored retroactively, not a live reading]",2021-01-08,scoring
2021-01-09,9.128,0.259,0,up,"DMI +80N 2021-01-09: -20.69°C, +9.13°C vs 1958-2002 normal (context line, never counted) [archive import: scored retroactively, not a live reading]",2021-01-09,scoring
2021-01-10,8.83,0.132,0,up,"DMI +80N 2021-01-10: -20.89°C, +8.83°C vs 1958-2002 normal (context line, never counted) [archive import: scored retroactively, not a live reading]",2021-01-10,scoring
2021-01-11,7.773,-0.221,0,down,"DMI +80N 2021-01-11: -22.11°C, +7.77°C vs 1958-2002 normal (context line, never counted) [archive import: scored retroactively, not a live reading]",2021-01-11,scoring
2021-01-12,6.767,-0.512,0,down,"DMI +80N 2021-01-12: -23.19°C, +6.77°C vs 1958-2002 normal (context line, never counted) [archive import: scored retroactively, not a live reading]",2021-01-12,scoring
2021-01-13,6.503,-0.587,0,down,"DMI +80N 2021-01-13: -23.56°C, +6.50°C vs 1958-2002 normal (context line, never counted) [archive import: scored retroactively, not a live reading]",2021-01-13,scoring
2021-01-14,6.944,-0.456,0,down,"DMI +80N 2021-01-14: -22.80°C, +6.94°C vs 1958-2002 normal (context line, never counted) [archive import: scored retroactively, not a live reading]",2021-01-14,scoring
2021-01-15,5.557,-0.798,0,down,"DMI +80N 2021-01-15: -24.17°C, +5.56°C vs 1958-2002 normal (context line, never counted) [archive import: scored retroactively, not a live reading]",2021-01-15,scoring
2021-01-16,6.059,-0.604,0,down,"DMI +80N 2021-01-16: -23.69°C, +6.06°C vs 1958-2002 normal (context line, never counted) [archive import: scored retroactively, not a live reading]",2021-01-16,scoring
2021-01-17,5.844,-0.665,0,down,"DMI +80N 2021-01-17: -23.77°C, +5.84°C vs 1958-2002 normal (context line, never counted) [archive import: scored retroactively, not a live reading]",2021-01-17,scoring
2021-01-18,4.765,-0.975,0,down,"DMI +80N 2021-01-18: -24.68°C, +4.76°C vs 1958-2002 normal (context line, never counted) [archive import: scored retroactively, not a live reading]",2021-01-18,scoring
2021-01-19,4.576,-1.022,0,down,"DMI +80N 2021-01-19: -24.87°C, +4.58°C vs 1958-2002 normal (context line, never counted) [archive import: scored retroactively, not a live reading]",2021-01-19,scoring
2021-01-20,5.405,-0.783,0,down,"DMI +80N 2021-01-20: -24.10°C, +5.41°C vs 1958-2002 normal (context line, never counted) [archive import: scored retroactively, not a live reading]",2021-01-20,scoring
2021-01-21,8.318,0.066,0,up,"DMI +80N 2021-01-21: -20.87°C, +8.32°C vs 1958-2002 normal (context line, never counted) [archive import: scored retroactively, not a live reading]",2021-01-21,scoring
2021-01-22,7.124,-0.274,0,down,"DMI +80N 2021-01-22: -21.86°C, +7.12°C vs 1958-2002 normal (context line, never counted) [archive import: scored retroactively, not a live reading]",2021-01-22,scoring
2021-01-23,5.528,-0.702,0,down,"DMI +80N 2021-01-23: -23.63°C, +5.53°C vs 1958-2002 normal (context line, never counted) [archive import: scored retroactively, not a live reading]",2021-01-23,scoring
2021-01-25,3.26,-1.357,0,down,"DMI +80N 2021-01-25: -25.59°C, +3.26°C vs 1958-2002 normal (context line, never counted) [archive import: scored retroactively, not a live reading]",2021-01-25,scoring
2021-01-26,3.383,-1.297,0,down,"DMI +80N 2021-01-26: -25.69°C, +3.38°C vs 1958-2002 normal (context line, never counted) [archive import: scored retroactively, not a live reading]",2021-01-26,scoring
2021-01-27,2.523,-1.525,0,down,"DMI +80N 2021-01-27: -26.65°C, +2.52°C vs 1958-2002 normal (context line, never counted) [archive import: scored retroactively, not a live reading]",2021-01-27,scoring
2021-01-28,1.764,-1.724,0,down,"DMI +80N 2021-01-28: -27.10°C, +1.76°C vs 1958-2002 normal (context line, never counted) [archive import: scored retroactively, not a live reading]",2021-01-28,scoring
2021-01-29,1.902,-1.673,0,down,"DMI +80N 2021-01-29: -27.18°C, +1.90°C vs 1958-2002 normal (context line, never counted) [archive import: scored retroactively, not a live reading]",2021-01-29,scoring
2021-01-30,2.246,-1.564,0,down,"DMI +80N 2021-01-30: -27.24°C, +2.25°C vs 1958-2002 normal (context line, never counted) [archive import: scored retroactively, not a live reading]",2021-01-30,scoring
2021-01-31,1.758,-1.679,0,down,"DMI +80N 2021-01-31: -28.17°C, +1.76°C vs 1958-2002 normal (context line, never counted) [archive import: scored retroactively, not a live reading]",2021-01-31,scoring
2021-02-01,1.605,-1.699,0,down,"DMI +80N 2021-02-01: -28.66°C, +1.60°C vs 1958-2002 normal (context line, never counted) [archive import: scored retroactively, not a live reading]",2021-02-01,scoring
2021-02-02,1.905,-1.595,0,down,"DMI +80N 2021-02-02: -27.95°C, +1.91°C vs 1958-2002 normal (context line, never counted) [archive import: scored retroactively, not a live reading]",2021-02-02,scoring
2021-02-03,4.299,-0.955,0,down,"DMI +80N 2021-02-03: -25.51°C, +4.30°C vs 1958-2002 normal (context line, never counted) [archive import: scored retroactively, not a live reading]",2021-02-03,scoring
2021-02-04,4.579,-0.744,0,down,"DMI +80N 2021-02-04: -25.32°C, +4.58°C vs 1958-2002 normal (context line, never counted) [archive import: scored retroactively, not a live reading]",2021-02-04,scoring
2021-02-05,4.745,-0.606,0,down,"DMI +80N 2021-02-05: -25.45°C, +4.75°C vs 1958-2002 normal (context line, never counted) [archive import: scored retroactively, not a live reading]",2021-02-05,scoring
2021-02-06,3.768,-0.836,0,down,"DMI +80N 2021-02-06: -26.82°C, +3.77°C vs 1958-2002 normal (context line, never counted) [archive import: scored retroactively, not a live reading]",2021-02-06,scoring
2021-02-07,3.219,-0.955,0,down,"DMI +80N 2021-02-07: -27.42°C, +3.22°C vs 1958-2002 normal (context line, never counted) [archive import: scored retroactively, not a live reading]",2021-02-07,scoring
2021-02-08,3.606,-0.836,0,down,"DMI +80N 2021-02-08: -26.98°C, +3.61°C vs 1958-2002 normal (context line, never counted) [archive import: scored retroactively, not a live reading]",2021-02-08,scoring
2021-02-09,2.811,-0.987,0,down,"DMI +80N 2021-02-09: -27.48°C, +2.81°C vs 1958-2002 normal (context line, never counted) [archive import: scored retroactively, not a live reading]",2021-02-09,scoring
2021-02-10,4.915,-0.382,0,down,"DMI +80N 2021-02-10: -25.33°C, +4.92°C vs 1958-2002 normal (context line, never counted) [archive import: scored retroactively, not a live reading]",2021-02-10,scoring
2021-02-11,5.376,-0.233,0,down,"DMI +80N 2021-02-11: -24.98°C, +5.38°C vs 1958-2002 normal (context line, never counted) [archive import: scored retroactively, not a live reading]",2021-02-11,scoring
2021-02-12,4.466,-0.461,0,down,"DMI +80N 2021-02-12: -25.77°C, +4.47°C vs 1958-2002 normal (context line, never counted) [archive import: scored retroactively, not a live reading]",2021-02-12,scoring
2021-02-13,3.149,-0.808,0,down,"DMI +80N 2021-02-13: -26.71°C, +3.15°C vs 1958-2002 normal (context line, never counted) [archive import: scored retroactively, not a live reading]",2021-02-13,scoring
2021-02-14,3.138,-0.801,0,down,"DMI +80N 2021-02-14: -26.59°C, +3.14°C vs 1958-2002 normal (context line, never counted) [archive import: scored retroactively, not a live reading]",2021-02-14,scoring
2021-02-15,3.904,-0.566,0,down,"DMI +80N 2021-02-15: -25.70°C, +3.90°C vs 1958-2002 normal (context line, never counted) [archive import: scored retroactively, not a live reading]",2021-02-15,scoring
2021-02-16,7.116,0.377,0,up,"DMI +80N 2021-02-16: -22.51°C, +7.12°C vs 1958-2002 normal (context line, never counted) [archive import: scored retroactively, not a live reading]",2021-02-16,scoring
2021-02-17,9.774,1.127,0,up,"DMI +80N 2021-02-17: -19.80°C, +9.77°C vs 1958-2002 normal (context line, never counted) [archive import: scored retroactively, not a live reading]",2021-02-17,scoring
2021-02-18,10.432,1.328,0,up,"DMI +80N 2021-02-18: -19.10°C, +10.43°C vs 1958-2002 normal (context line, never counted) [archive import: scored retroactively, not a live reading]",2021-02-18,scoring
2021-02-19,11.414,1.610,0,up,"DMI +80N 2021-02-19: -18.09°C, +11.41°C vs 1958-2002 normal (context line, never counted) [archive import: scored retroactively, not a live reading]",2021-02-19,scoring
2021-02-20,13.841,2.281,0,up,"DMI +80N 2021-02-20: -15.69°C, +13.84°C vs 1958-2002 normal (context line, never counted) [archive import: scored retroactively, not a live reading]",2021-02-20,scoring
2021-02-21,12.212,1.810,0,up,"DMI +80N 2021-02-21: -17.55°C, +12.21°C vs 1958-2002 normal (context line, never counted) [archive import: scored retroactively, not a live reading]",2021-02-21,scoring
2021-02-22,10.759,1.398,0,up,"DMI +80N 2021-02-22: -19.33°C, +10.76°C vs 1958-2002 normal (context line, never counted) [archive import: scored retroactively, not a live reading]",2021-02-22,scoring
2021-02-23,10.735,1.386,0,up,"DMI +80N 2021-02-23: -19.72°C, +10.73°C vs 1958-2002 normal (context line, never counted) [archive import: scored retroactively, not a live reading]",2021-02-23,scoring
2021-02-24,9.211,0.960,0,up,"DMI +80N 2021-02-24: -21.27°C, +9.21°C vs 1958-2002 normal (context line, never counted) [archive import: scored retroactively, not a live reading]",2021-02-24,scoring
2021-02-25,10.758,1.392,0,up,"DMI +80N 2021-02-25: -20.21°C, +10.76°C vs 1958-2002 normal (context line, never counted) [archive import: scored retroactively, not a live reading]",2021-02-25,scoring
2021-02-26,11.494,1.600,0,up,"DMI +80N 2021-02-26: -19.32°C, +11.49°C vs 1958-2002 normal (context line, never counted) [archive import: scored retroactively, not a live reading]",2021-02-26,scoring
2021-02-27,10.602,1.339,0,up,"DMI +80N 2021-02-27: -19.78°C, +10.60°C vs 1958-2002 normal (context line, never counted) [archive import: scored retroactively, not a live reading]",2021-02-27,scoring
2021-02-28,9.469,1.032,0,up,"DMI +80N 2021-02-28: -20.55°C, +9.47°C vs 1958-2002 normal (context line, never counted) [archive import: scored retroactively, not a live reading]",2021-02-28,scoring
2021-03-01,7.853,0.582,0,up,"DMI +80N 2021-03-01: -22.19°C, +7.85°C vs 1958-2002 normal (context line, never counted) [archive import: scored retroactively, not a live reading]",2021-03-01,scoring
2021-03-02,6.192,0.116,0,up,"DMI +80N 2021-03-02: -23.74°C, +6.19°C vs 1958-2002 normal (context line, never counted) [archive import: scored retroactively, not a live reading]",2021-03-02,scoring
2021-03-03,4.206,-0.446,0,down,"DMI +80N 2021-03-03: -25.47°C, +4.21°C vs 1958-2002 normal (context line, never counted) [archive import: scored retroactively, not a live reading]",2021-03-03,scoring
2021-03-04,2.9,-0.795,0,down,"DMI +80N 2021-03-04: -26.36°C, +2.90°C vs 1958-2002 normal (context line, never counted) [archive import: scored retroactively, not a live reading]",2021-03-04,scoring
2021-03-05,1.631,-1.141,0,down,"DMI +80N 2021-03-05: -27.47°C, +1.63°C vs 1958-2002 normal (context line, never counted) [archive import: scored retroactively, not a live reading]",2021-03-05,scoring
2021-03-06,0.213,-1.524,0,down,"DMI +80N 2021-03-06: -29.15°C, +0.21°C vs 1958-2002 normal (context line, never counted) [archive import: scored retroactively, not a live reading]",2021-03-06,scoring
2021-03-07,0.182,-1.477,0,down,"DMI +80N 2021-03-07: -29.25°C, +0.18°C vs 1958-2002 normal (context line, never counted) [archive import: scored retroactively, not a live reading]",2021-03-07,scoring
2021-03-08,0.923,-1.249,0,down,"DMI +80N 2021-03-08: -28.67°C, +0.92°C vs 1958-2002 normal (context line, never counted) [archive import: scored retroactively, not a live reading]",2021-03-08,scoring
2021-03-09,2.302,-0.858,0,down,"DMI +80N 2021-03-09: -27.36°C, +2.30°C vs 1958-2002 normal (context line, never counted) [archive import: scored retroactively, not a live reading]",2021-03-09,scoring
2021-03-10,4.764,-0.188,0,down,"DMI +80N 2021-03-10: -24.87°C, +4.76°C vs 1958-2002 normal (context line, never counted) [archive import: scored retroactively, not a live reading]",2021-03-10,scoring
2021-03-11,3.122,-0.628,0,down,"DMI +80N 2021-03-11: -26.45°C, +3.12°C vs 1958-2002 normal (context line, never counted) [archive import: scored retroactively, not a live reading]",2021-03-11,scoring
2021-03-12,1.08,-1.178,0,down,"DMI +80N 2021-03-12: -28.06°C, +1.08°C vs 1958-2002 normal (context line, never counted) [archive import: scored retroactively, not a live reading]",2021-03-12,scoring
2021-03-13,-0.173,-1.479,0,down,"DMI +80N 2021-03-13: -29.15°C, -0.17°C vs 1958-2002 normal (context line, never counted) [archive import: scored retroactively, not a live reading]",2021-03-13,scoring
2021-03-14,0.604,-1.240,0,down,"DMI +80N 2021-03-14: -28.27°C, +0.60°C vs 1958-2002 normal (context line, never counted) [archive import: scored retroactively, not a live reading]",2021-03-14,scoring
2021-03-15,-0.045,-1.339,0,down,"DMI +80N 2021-03-15: -28.45°C, -0.04°C vs 1958-2002 normal (context line, never counted) [archive import: scored retroactively, not a live reading]",2021-03-15,scoring
2021-03-16,0.89,-1.063,0,down,"DMI +80N 2021-03-16: -27.37°C, +0.89°C vs 1958-2002 normal (context line, never counted) [archive import: scored retroactively, not a live reading]",2021-03-16,scoring
2021-03-17,2.271,-0.698,0,down,"DMI +80N 2021-03-17: -25.45°C, +2.27°C vs 1958-2002 normal (context line, never counted) [archive import: scored retroactively, not a live reading]",2021-03-17,scoring
2021-03-18,4.214,-0.214,0,down,"DMI +80N 2021-03-18: -23.38°C, +4.21°C vs 1958-2002 normal (context line, never counted) [archive import: scored retroactively, not a live reading]",2021-03-18,scoring
2021-03-19,5.558,0.119,0,up,"DMI +80N 2021-03-19: -21.92°C, +5.56°C vs 1958-2002 normal (context line, never counted) [archive import: scored retroactively, not a live reading]",2021-03-19,scoring
2021-03-20,4.02,-0.317,0,down,"DMI +80N 2021-03-20: -23.17°C, +4.02°C vs 1958-2002 normal (context line, never counted) [archive import: scored retroactively, not a live reading]",2021-03-20,scoring
2021-03-21,3.371,-0.481,0,down,"DMI +80N 2021-03-21: -24.15°C, +3.37°C vs 1958-2002 normal (context line, never counted) [archive import: scored retroactively, not a live reading]",2021-03-21,scoring
2021-03-22,1.458,-0.968,0,down,"DMI +80N 2021-03-22: -26.44°C, +1.46°C vs 1958-2002 normal (context line, never counted) [archive import: scored retroactively, not a live reading]",2021-03-22,scoring
2021-03-23,-0.174,-1.387,0,down,"DMI +80N 2021-03-23: -27.67°C, -0.17°C vs 1958-2002 normal (context line, never counted) [archive import: scored retroactively, not a live reading]",2021-03-23,scoring
2021-03-24,-0.606,-1.456,0,down,"DMI +80N 2021-03-24: -28.16°C, -0.61°C vs 1958-2002 normal (context line, never counted) [archive import: scored retroactively, not a live reading]",2021-03-24,scoring
2021-03-25,-0.653,-1.439,0,down,"DMI +80N 2021-03-25: -28.23°C, -0.65°C vs 1958-2002 normal (context line, never counted) [archive import: scored retroactively, not a live reading]",2021-03-25,scoring
2021-03-26,-0.359,-1.305,0,down,"DMI +80N 2021-03-26: -27.66°C, -0.36°C vs 1958-2002 normal (context line, never counted) [archive import: scored retroactively, not a live reading]",2021-03-26,scoring
2021-03-27,-0.566,-1.302,0,down,"DMI +80N 2021-03-27: -27.58°C, -0.57°C vs 1958-2002 normal (context line, never counted) [archive import: scored retroactively, not a live reading]",2021-03-27,scoring
2021-03-28,-0.748,-1.331,0,down,"DMI +80N 2021-03-28: -27.63°C, -0.75°C vs 1958-2002 normal (context line, never counted) [archive import: scored retroactively, not a live reading]",2021-03-28,scoring
2021-03-29,-0.426,-1.246,0,down,"DMI +80N 2021-03-29: -27.22°C, -0.43°C vs 1958-2002 normal (context line, never counted) [archive import: scored retroactively, not a live reading]",2021-03-29,scoring
2021-03-30,0.146,-1.085,0,down,"DMI +80N 2021-03-30: -26.39°C, +0.15°C vs 1958-2002 normal (context line, never counted) [archive import: scored retroactively, not a live reading]",2021-03-30,scoring
2021-03-31,2.649,-0.466,0,down,"DMI +80N 2021-03-31: -23.59°C, +2.65°C vs 1958-2002 normal (context line, never counted) [archive import: scored retroactively, not a live reading]",2021-03-31,scoring
2021-04-01,4.828,0.075,0,up,"DMI +80N 2021-04-01: -21.29°C, +4.83°C vs 1958-2002 normal (context line, never counted) [archive import: scored retroactively, not a live reading]",2021-04-01,scoring
2021-04-02,2.099,-0.621,0,down,"DMI +80N 2021-04-02: -23.70°C, +2.10°C vs 1958-2002 normal (context line, never counted) [archive import: scored retroactively, not a live reading]",2021-04-02,scoring
2021-04-03,0.953,-0.909,0,down,"DMI +80N 2021-04-03: -24.64°C, +0.95°C vs 1958-2002 normal (context line, never counted) [archive import: scored retroactively, not a live reading]",2021-04-03,scoring
2021-04-04,1.344,-0.795,0,down,"DMI +80N 2021-04-04: -24.03°C, +1.34°C vs 1958-2002 normal (context line, never counted) [archive import: scored retroactively, not a live reading]",2021-04-04,scoring
2021-04-05,0.69,-0.983,0,down,"DMI +80N 2021-04-05: -24.59°C, +0.69°C vs 1958-2002 normal (context line, never counted) [archive import: scored retroactively, not a live reading]",2021-04-05,scoring
2021-04-06,0.83,-0.939,0,down,"DMI +80N 2021-04-06: -24.31°C, +0.83°C vs 1958-2002 normal (context line, never counted) [archive import: scored retroactively, not a live reading]",2021-04-06,scoring
2021-04-07,1.217,-0.797,0,down,"DMI +80N 2021-04-07: -23.54°C, +1.22°C vs 1958-2002 normal (context line, never counted) [archive import: scored retroactively, not a live reading]",2021-04-07,scoring
2021-04-08,1.688,-0.630,0,down,"DMI +80N 2021-04-08: -22.51°C, +1.69°C vs 1958-2002 normal (context line, never counted) [archive import: scored retroactively, not a live reading]",2021-04-08,scoring
2021-04-09,2.009,-0.496,0,down,"DMI +80N 2021-04-09: -21.56°C, +2.01°C vs 1958-2002 normal (context line, never counted) [archive import: scored retroactively, not a live reading]",2021-04-09,scoring
2021-04-10,2.753,-0.222,0,down,"DMI +80N 2021-04-10: -20.26°C, +2.75°C vs 1958-2002 normal (context line, never counted) [archive import: scored retroactively, not a live reading]",2021-04-10,scoring
2021-04-11,3.437,0.018,0,up,"DMI +80N 2021-04-11: -19.20°C, +3.44°C vs 1958-2002 normal (context line, never counted) [archive import: scored retroactively, not a live reading]",2021-04-11,scoring
2021-04-12,1.445,-0.605,0,down,"DMI +80N 2021-04-12: -20.77°C, +1.45°C vs 1958-2002 normal (context line, never counted) [archive import: scored retroactively, not a live reading]",2021-04-12,scoring
2021-04-13,-0.308,-1.159,0,down,"DMI +80N 2021-04-13: -22.20°C, -0.31°C vs 1958-2002 normal (context line, never counted) [archive import: scored retroactively, not a live reading]",2021-04-13,scoring
2021-04-14,0.826,-0.777,0,down,"DMI +80N 2021-04-14: -20.92°C, +0.83°C vs 1958-2002 normal (context line, never counted) [archive import: scored retroactively, not a live reading]",2021-04-14,scoring
2021-04-15,4.572,0.453,0,up,"DMI +80N 2021-04-15: -16.62°C, +4.57°C vs 1958-2002 normal (context line, never counted) [archive import: scored retroactively, not a live reading]",2021-04-15,scoring
2021-04-16,5.408,0.740,0,up,"DMI +80N 2021-04-16: -15.49°C, +5.41°C vs 1958-2002 normal (context line, never counted) [archive import: scored retroactively, not a live reading]",2021-04-16,scoring
2021-04-17,5.19,0.670,0,up,"DMI +80N 2021-04-17: -15.29°C, +5.19°C vs 1958-2002 normal (context line, never counted) [archive import: scored retroactively, not a live reading]",2021-04-17,scoring
2021-04-18,4.883,0.573,0,up,"DMI +80N 2021-04-18: -15.07°C, +4.88°C vs 1958-2002 normal (context line, never counted) [archive import: scored retroactively, not a live reading]",2021-04-18,scoring
2021-04-19,4.207,0.345,0,up,"DMI +80N 2021-04-19: -15.20°C, +4.21°C vs 1958-2002 normal (context line, never counted) [archive import: scored retroactively, not a live reading]",2021-04-19,scoring
2021-04-20,3.481,0.101,0,up,"DMI +80N 2021-04-20: -15.43°C, +3.48°C vs 1958-2002 normal (context line, never counted) [archive import: scored retroactively, not a live reading]",2021-04-20,scoring
2021-04-21,2.856,-0.111,0,down,"DMI +80N 2021-04-21: -15.52°C, +2.86°C vs 1958-2002 normal (context line, never counted) [archive import: scored retroactively, not a live reading]",2021-04-21,scoring
2021-04-22,2.325,-0.283,0,down,"DMI +80N 2021-04-22: -15.57°C, +2.33°C vs 1958-2002 normal (context line, never counted) [archive import: scored retroactively, not a live reading]",2021-04-22,scoring
2021-04-23,2.521,-0.217,0,down,"DMI +80N 2021-04-23: -14.89°C, +2.52°C vs 1958-2002 normal (context line, never counted) [archive import: scored retroactively, not a live reading]",2021-04-23,scoring
2021-04-24,3.246,0.086,0,up,"DMI +80N 2021-04-24: -13.74°C, +3.25°C vs 1958-2002 normal (context line, never counted) [archive import: scored retroactively, not a live reading]",2021-04-24,scoring
2021-04-25,4.184,0.437,0,up,"DMI +80N 2021-04-25: -12.64°C, +4.18°C vs 1958-2002 normal (context line, never counted) [archive import: scored retroactively, not a live reading]",2021-04-25,scoring
2021-04-26,3.8,0.293,0,up,"DMI +80N 2021-04-26: -12.63°C, +3.80°C vs 1958-2002 normal (context line, never counted) [archive import: scored retroactively, not a live reading]",2021-04-26,scoring
2021-04-27,4.392,0.512,0,up,"DMI +80N 2021-04-27: -11.66°C, +4.39°C vs 1958-2002 normal (context line, never counted) [archive import: scored retroactively, not a live reading]",2021-04-27,scoring
2021-04-28,4.164,0.382,0,up,"DMI +80N 2021-04-28: -11.20°C, +4.16°C vs 1958-2002 normal (context line, never counted) [archive import: scored retroactively, not a live reading]",2021-04-28,scoring
2021-04-29,3.092,-0.019,0,down,"DMI +80N 2021-04-29: -11.80°C, +3.09°C vs 1958-2002 normal (context line, never counted) [archive import: scored retroactively, not a live reading]",2021-04-29,scoring
2021-04-30,3.623,0.178,0,up,"DMI +80N 2021-04-30: -10.91°C, +3.62°C vs 1958-2002 normal (context line, never counted) [archive import: scored retroactively, not a live reading]",2021-04-30,scoring
2021-05-01,3.946,0.283,0,up,"DMI +80N 2021-05-01: -10.20°C, +3.95°C vs 1958-2002 normal (context line, never counted) [archive import: scored retroactively, not a live reading]",2021-05-01,scoring
2021-05-02,3.898,0.249,0,up,"DMI +80N 2021-05-02: -9.94°C, +3.90°C vs 1958-2002 normal (context line, never counted) [archive import: scored retroactively, not a live reading]",2021-05-02,scoring
2021-05-03,3.462,0.058,0,up,"DMI +80N 2021-05-03: -9.84°C, +3.46°C vs 1958-2002 normal (context line, never counted) [archive import: scored retroactively, not a live reading]",2021-05-03,scoring
2021-05-04,2.561,-0.324,0,down,"DMI +80N 2021-05-04: -10.41°C, +2.56°C vs 1958-2002 normal (context line, never counted) [archive import: scored retroactively, not a live reading]",2021-05-04,scoring
2021-05-05,1.98,-0.504,0,down,"DMI +80N 2021-05-05: -10.65°C, +1.98°C vs 1958-2002 normal (context line, never counted) [archive import: scored retroactively, not a live reading]",2021-05-05,scoring
2021-05-06,1.225,-0.760,0,down,"DMI +80N 2021-05-06: -10.87°C, +1.23°C vs 1958-2002 normal (context line, never counted) [archive import: scored retroactively, not a live reading]",2021-05-06,scoring
2021-05-07,0.265,-1.105,0,down,"DMI +80N 2021-05-07: -11.31°C, +0.27°C vs 1958-2002 normal (context line, never counted) [archive import: scored retroactively, not a live reading]",2021-05-07,scoring
2021-05-08,-0.668,-1.428,0,down,"DMI +80N 2021-05-08: -11.86°C, -0.67°C vs 1958-2002 normal (context line, never counted) [archive import: scored retroactively, not a live reading]",2021-05-08,scoring
2021-05-09,-1.556,-1.727,0,down,"DMI +80N 2021-05-09: -12.28°C, -1.56°C vs 1958-2002 normal (context line, never counted) [archive import: scored retroactively, not a live reading]",2021-05-09,scoring
2021-05-10,-1.829,-1.771,0,down,"DMI +80N 2021-05-10: -12.13°C, -1.83°C vs 1958-2002 normal (context line, never counted) [archive import: scored retroactively, not a live reading]",2021-05-10,scoring
2021-05-11,-1.587,-1.638,0,down,"DMI +80N 2021-05-11: -11.47°C, -1.59°C vs 1958-2002 normal (context line, never counted) [archive import: scored retroactively, not a live reading]",2021-05-11,scoring
2021-05-12,-0.741,-1.291,0,down,"DMI +80N 2021-05-12: -10.38°C, -0.74°C vs 1958-2002 normal (context line, never counted) [archive import: scored retroactively, not a live reading]",2021-05-12,scoring
2021-05-13,0.232,-0.918,0,down,"DMI +80N 2021-05-13: -9.20°C, +0.23°C vs 1958-2002 normal (context line, never counted) [archive import: scored retroactively, not a live reading]",2021-05-13,scoring
2021-05-14,1.062,-0.605,0,down,"DMI +80N 2021-05-14: -8.02°C, +1.06°C vs 1958-2002 normal (context line, never counted) [archive import: scored retroactively, not a live reading]",2021-05-14,scoring
2021-05-15,1.561,-0.396,0,down,"DMI +80N 2021-05-15: -7.20°C, +1.56°C vs 1958-2002 normal (context line, never counted) [archive import: scored retroactively, not a live reading]",2021-05-15,scoring
2021-05-16,1.825,-0.271,0,down,"DMI +80N 2021-05-16: -6.65°C, +1.82°C vs 1958-2002 normal (context line, never counted) [archive import: scored retroactively, not a live reading]",2021-05-16,scoring
2021-05-17,2.222,-0.111,0,down,"DMI +80N 2021-05-17: -5.87°C, +2.22°C vs 1958-2002 normal (context line, never counted) [archive import: scored retroactively, not a live reading]",2021-05-17,scoring
2021-05-18,2.025,-0.143,0,down,"DMI +80N 2021-05-18: -5.48°C, +2.02°C vs 1958-2002 normal (context line, never counted) [archive import: scored retroactively, not a live reading]",2021-05-18,scoring
2021-05-19,1.22,-0.403,0,down,"DMI +80N 2021-05-19: -5.68°C, +1.22°C vs 1958-2002 normal (context line, never counted) [archive import: scored retroactively, not a live reading]",2021-05-19,scoring
2021-05-20,0.647,-0.613,0,down,"DMI +80N 2021-05-20: -5.79°C, +0.65°C vs 1958-2002 normal (context line, never counted) [archive import: scored retroactively, not a live reading]",2021-05-20,scoring
2021-05-21,0.281,-0.755,0,down,"DMI +80N 2021-05-21: -5.67°C, +0.28°C vs 1958-2002 normal (context line, never counted) [archive import: scored retroactively, not a live reading]",2021-05-21,scoring
2021-05-22,-0.032,-0.873,0,down,"DMI +80N 2021-05-22: -5.55°C, -0.03°C vs 1958-2002 normal (context line, never counted) [archive import: scored retroactively, not a live reading]",2021-05-22,scoring
2021-05-23,-0.028,-0.858,0,down,"DMI +80N 2021-05-23: -5.14°C, -0.03°C vs 1958-2002 normal (context line, never counted) [archive import: scored retroactively, not a live reading]",2021-05-23,scoring
2021-05-24,-0.101,-0.893,0,down,"DMI +80N 2021-05-24: -4.73°C, -0.10°C vs 1958-2002 normal (context line, never counted) [archive import: scored retroactively, not a live reading]",2021-05-24,scoring
2021-05-25,0.512,-0.640,0,down,"DMI +80N 2021-05-25: -3.78°C, +0.51°C vs 1958-2002 normal (context line, never counted) [archive import: scored retroactively, not a live reading]",2021-05-25,scoring
2021-05-26,0.579,-0.589,0,down,"DMI +80N 2021-05-26: -3.30°C, +0.58°C vs 1958-2002 normal (context line, never counted) [archive import: scored retroactively, not a live reading]",2021-05-26,scoring
2021-05-27,0.461,-0.600,0,down,"DMI +80N 2021-05-27: -3.01°C, +0.46°C vs 1958-2002 normal (context line, never counted) [archive import: scored retroactively, not a live reading]",2021-05-27,scoring
2021-05-28,0.537,-0.535,0,down,"DMI +80N 2021-05-28: -2.54°C, +0.54°C vs 1958-2002 normal (context line, never counted) [archive import: scored retroactively, not a live reading]",2021-05-28,scoring
2021-05-29,0.252,-0.662,0,down,"DMI +80N 2021-05-29: -2.51°C, +0.25°C vs 1958-2002 normal (context line, never counted) [archive import: scored retroactively, not a live reading]",2021-05-29,scoring
2021-05-30,-0.012,-0.769,0,down,"DMI +80N 2021-05-30: -2.46°C, -0.01°C vs 1958-2002 normal (context line, never counted) [archive import: scored retroactively, not a live reading]",2021-05-30,scoring
2021-05-31,0.202,-0.654,0,down,"DMI +80N 2021-05-31: -2.07°C, +0.20°C vs 1958-2002 normal (context line, never counted) [archive import: scored retroactively, not a live reading]",2021-05-31,scoring
2021-06-01,0.619,-0.418,0,down,"DMI +80N 2021-06-01: -1.35°C, +0.62°C vs 1958-2002 normal (context line, never counted) [archive import: scored retroactively, not a live reading]",2021-06-01,scoring
2021-06-02,0.765,-0.285,0,down,"DMI +80N 2021-06-02: -0.92°C, +0.77°C vs 1958-2002 normal (context line, never counted) [archive import: scored retroactively, not a live reading]",2021-06-02,scoring
2021-06-03,0.626,-0.333,0,down,"DMI +80N 2021-06-03: -0.81°C, +0.63°C vs 1958-2002 normal (context line, never counted) [archive import: scored retroactively, not a live reading]",2021-06-03,scoring
2021-06-04,0.511,-0.399,0,down,"DMI +80N 2021-06-04: -0.71°C, +0.51°C vs 1958-2002 normal (context line, never counted) [archive import: scored retroactively, not a live reading]",2021-06-04,scoring
2021-06-05,0.103,-0.630,0,down,"DMI +80N 2021-06-05: -0.99°C, +0.10°C vs 1958-2002 normal (context line, never counted) [archive import: scored retroactively, not a live reading]",2021-06-05,scoring
2021-06-06,-0.038,-0.712,0,down,"DMI +80N 2021-06-06: -0.92°C, -0.04°C vs 1958-2002 normal (context line, never counted) [archive import: scored retroactively, not a live reading]",2021-06-06,scoring
2021-06-07,0.305,-0.519,0,down,"DMI +80N 2021-06-07: -0.38°C, +0.30°C vs 1958-2002 normal (context line, never counted) [archive import: scored retroactively, not a live reading]",2021-06-07,scoring
2021-06-08,0.419,-0.422,0,down,"DMI +80N 2021-06-08: -0.15°C, +0.42°C vs 1958-2002 normal (context line, never counted) [archive import: scored retroactively, not a live reading]",2021-06-08,scoring
2021-06-09,0.353,-0.423,0,down,"DMI +80N 2021-06-09: -0.10°C, +0.35°C vs 1958-2002 normal (context line, never counted) [archive import: scored retroactively, not a live reading]",2021-06-09,scoring
2021-06-10,0.151,-0.520,0,down,"DMI +80N 2021-06-10: -0.12°C, +0.15°C vs 1958-2002 normal (context line, never counted) [archive import: scored retroactively, not a live reading]",2021-06-10,scoring
2021-06-11,0.056,-0.531,0,down,"DMI +80N 2021-06-11: -0.05°C, +0.06°C vs 1958-2002 normal (context line, never counted) [archive import: scored retroactively, not a live reading]",2021-06-11,scoring
2021-06-12,-0.066,-0.607,0,down,"DMI +80N 2021-06-12: -0.04°C, -0.07°C vs 1958-2002 normal (context line, never counted) [archive import: scored retroactively, not a live reading]",2021-06-12,scoring
2021-06-13,-0.135,-0.650,0,down,"DMI +80N 2021-06-13: -0.02°C, -0.14°C vs 1958-2002 normal (context line, never counted) [archive import: scored retroactively, not a live reading]",2021-06-13,scoring
2021-06-14,0.004,-0.563,0,down,"DMI +80N 2021-06-14: 0.21°C, +0.00°C vs 1958-2002 normal (context line, never counted) [archive import: scored retroactively, not a live reading]",2021-06-14,scoring
2021-06-15,0.112,-0.483,0,down,"DMI +80N 2021-06-15: 0.45°C, +0.11°C vs 1958-2002 normal (context line, never counted) [archive import: scored retroactively, not a live reading]",2021-06-15,scoring
2021-06-16,0.031,-0.510,0,down,"DMI +80N 2021-06-16: 0.42°C, +0.03°C vs 1958-2002 normal (context line, never counted) [archive import: scored retroactively, not a live reading]",2021-06-16,scoring
2021-06-17,0.06,-0.481,0,down,"DMI +80N 2021-06-17: 0.52°C, +0.06°C vs 1958-2002 normal (context line, never counted) [archive import: scored retroactively, not a live reading]",2021-06-17,scoring
2021-06-18,-0.015,-0.500,0,down,"DMI +80N 2021-06-18: 0.55°C, -0.01°C vs 1958-2002 normal (context line, never counted) [archive import: scored retroactively, not a live reading]",2021-06-18,scoring
2021-06-19,-0.074,-0.514,0,down,"DMI +80N 2021-06-19: 0.60°C, -0.07°C vs 1958-2002 normal (context line, never counted) [archive import: scored retroactively, not a live reading]",2021-06-19,scoring
2021-06-20,-0.183,-0.585,0,down,"DMI +80N 2021-06-20: 0.56°C, -0.18°C vs 1958-2002 normal (context line, never counted) [archive import: scored retroactively, not a live reading]",2021-06-20,scoring
2021-06-21,-0.486,-0.807,0,down,"DMI +80N 2021-06-21: 0.36°C, -0.49°C vs 1958-2002 normal (context line, never counted) [archive import: scored retroactively, not a live reading]",2021-06-21,scoring
2021-06-22,-0.443,-0.768,0,down,"DMI +80N 2021-06-22: 0.45°C, -0.44°C vs 1958-2002 normal (context line, never counted) [archive import: scored retroactively, not a live reading]",2021-06-22,scoring
2021-06-23,-0.328,-0.691,0,down,"DMI +80N 2021-06-23: 0.55°C, -0.33°C vs 1958-2002 normal (context line, never counted) [archive import: scored retroactively, not a live reading]",2021-06-23,scoring
2021-06-24,-0.366,-0.727,0,down,"DMI +80N 2021-06-24: 0.59°C, -0.37°C vs 1958-2002 normal (context line, never counted) [archive import: scored retroactively, not a live reading]",2021-06-24,scoring
2021-06-25,-0.623,-0.916,0,down,"DMI +80N 2021-06-25: 0.42°C, -0.62°C vs 1958-2002 normal (context line, never counted) [archive import: scored retroactively, not a live reading]",2021-06-25,scoring
2021-06-26,-0.656,-0.937,0,down,"DMI +80N 2021-06-26: 0.39°C, -0.66°C vs 1958-2002 normal (context line, never counted) [archive import: scored retroactively, not a live reading]",2021-06-26,scoring
2021-06-27,-0.634,-0.927,0,down,"DMI +80N 2021-06-27: 0.44°C, -0.63°C vs 1958-2002 normal (context line, never counted) [archive import: scored retroactively, not a live reading]",2021-06-27,scoring
2021-06-28,-0.649,-0.932,0,down,"DMI +80N 2021-06-28: 0.48°C, -0.65°C vs 1958-2002 normal (context line, never counted) [archive import: scored retroactively, not a live reading]",2021-06-28,scoring
2021-06-29,-0.759,-0.992,0,down,"DMI +80N 2021-06-29: 0.40°C, -0.76°C vs 1958-2002 normal (context line, never counted) [archive import: scored retroactively, not a live reading]",2021-06-29,scoring
2021-06-30,-0.76,-0.978,0,down,"DMI +80N 2021-06-30: 0.44°C, -0.76°C vs 1958-2002 normal (context line, never counted) [archive import: scored retroactively, not a live reading]",2021-06-30,scoring
2021-07-01,-0.642,-0.871,0,down,"DMI +80N 2021-07-01: 0.57°C, -0.64°C vs 1958-2002 normal (context line, never counted) [archive import: scored retroactively, not a live reading]",2021-07-01,scoring
2021-07-02,-0.5,-0.753,0,down,"DMI +80N 2021-07-02: 0.71°C, -0.50°C vs 1958-2002 normal (context line, never counted) [archive import: scored retroactively, not a live reading]",2021-07-02,scoring
2021-07-03,-0.467,-0.724,0,down,"DMI +80N 2021-07-03: 0.76°C, -0.47°C vs 1958-2002 normal (context line, never counted) [archive import: scored retroactively, not a live reading]",2021-07-03,scoring
2021-07-04,-0.775,-0.951,0,down,"DMI +80N 2021-07-04: 0.47°C, -0.78°C vs 1958-2002 normal (context line, never counted) [archive import: scored retroactively, not a live reading]",2021-07-04,scoring
2021-07-05,-0.761,-0.898,0,down,"DMI +80N 2021-07-05: 0.45°C, -0.76°C vs 1958-2002 normal (context line, never counted) [archive import: scored retroactively, not a live reading]",2021-07-05,scoring
2021-07-06,-0.68,-0.794,0,down,"DMI +80N 2021-07-06: 0.54°C, -0.68°C vs 1958-2002 normal (context line, never counted) [archive import: scored retroactively, not a live reading]",2021-07-06,scoring
2021-07-07,-0.456,-0.590,0,down,"DMI +80N 2021-07-07: 0.75°C, -0.46°C vs 1958-2002 normal (context line, never counted) [archive import: scored retroactively, not a live reading]",2021-07-07,scoring
2021-07-08,-0.525,-0.631,0,down,"DMI +80N 2021-07-08: 0.74°C, -0.53°C vs 1958-2002 normal (context line, never counted) [archive import: scored retroactively, not a live reading]",2021-07-08,scoring
2021-07-09,-0.488,-0.601,0,down,"DMI +80N 2021-07-09: 0.76°C, -0.49°C vs 1958-2002 normal (context line, never counted) [archive import: scored retroactively, not a live reading]",2021-07-09,scoring
2021-07-10,-0.461,-0.583,0,down,"DMI +80N 2021-07-10: 0.82°C, -0.46°C vs 1958-2002 normal (context line, never counted) [archive import: scored retroactively, not a live reading]",2021-07-10,scoring
2021-07-11,-0.371,-0.512,0,down,"DMI +80N 2021-07-11: 0.89°C, -0.37°C vs 1958-2002 normal (context line, never counted) [archive import: scored retroactively, not a live reading]",2021-07-11,scoring
2021-07-12,-0.162,-0.327,0,down,"DMI +80N 2021-07-12: 1.09°C, -0.16°C vs 1958-2002 normal (context line, never counted) [archive import: scored retroactively, not a live reading]",2021-07-12,scoring
2021-07-13,-0.19,-0.352,0,down,"DMI +80N 2021-07-13: 1.09°C, -0.19°C vs 1958-2002 normal (context line, never counted) [archive import: scored retroactively, not a live reading]",2021-07-13,scoring
2021-07-14,-0.368,-0.487,0,down,"DMI +80N 2021-07-14: 0.96°C, -0.37°C vs 1958-2002 normal (context line, never counted) [archive import: scored retroactively, not a live reading]",2021-07-14,scoring
2021-07-15,-0.554,-0.644,0,down,"DMI +80N 2021-07-15: 0.72°C, -0.55°C vs 1958-2002 normal (context line, never counted) [archive import: scored retroactively, not a live reading]",2021-07-15,scoring
2021-07-16,-0.599,-0.683,0,down,"DMI +80N 2021-07-16: 0.68°C, -0.60°C vs 1958-2002 normal (context line, never counted) [archive import: scored retroactively, not a live reading]",2021-07-16,scoring
2021-07-17,-0.667,-0.745,0,down,"DMI +80N 2021-07-17: 0.61°C, -0.67°C vs 1958-2002 normal (context line, never counted) [archive import: scored retroactively, not a live reading]",2021-07-17,scoring
2021-07-18,-0.628,-0.704,0,down,"DMI +80N 2021-07-18: 0.67°C, -0.63°C vs 1958-2002 normal (context line, never counted) [archive import: scored retroactively, not a live reading]",2021-07-18,scoring
2021-07-19,-0.704,-0.784,0,down,"DMI +80N 2021-07-19: 0.63°C, -0.70°C vs 1958-2002 normal (context line, never counted) [archive import: scored retroactively, not a live reading]",2021-07-19,scoring
2021-07-20,-0.762,-0.842,0,down,"DMI +80N 2021-07-20: 0.53°C, -0.76°C vs 1958-2002 normal (context line, never counted) [archive import: scored retroactively, not a live reading]",2021-07-20,scoring
2021-07-21,-0.581,-0.638,0,down,"DMI +80N 2021-07-21: 0.68°C, -0.58°C vs 1958-2002 normal (context line, never counted) [archive import: scored retroactively, not a live reading]",2021-07-21,scoring
2021-07-22,-0.428,-0.475,0,down,"DMI +80N 2021-07-22: 0.78°C, -0.43°C vs 1958-2002 normal (context line, never counted) [archive import: scored retroactively, not a live reading]",2021-07-22,scoring
2021-07-23,-0.38,-0.430,0,down,"DMI +80N 2021-07-23: 0.79°C, -0.38°C vs 1958-2002 normal (context line, never counted) [archive import: scored retroactively, not a live reading]",2021-07-23,scoring
2021-07-24,-0.539,-0.645,0,down,"DMI +80N 2021-07-24: 0.63°C, -0.54°C vs 1958-2002 normal (context line, never counted) [archive import: scored retroactively, not a live reading]",2021-07-24,scoring
2021-07-25,-0.598,-0.744,0,down,"DMI +80N 2021-07-25: 0.55°C, -0.60°C vs 1958-2002 normal (context line, never counted) [archive import: scored retroactively, not a live reading]",2021-07-25,scoring
2021-07-26,-0.55,-0.689,0,down,"DMI +80N 2021-07-26: 0.60°C, -0.55°C vs 1958-2002 normal (context line, never counted) [archive import: scored retroactively, not a live reading]",2021-07-26,scoring
2021-07-27,-0.429,-0.517,0,down,"DMI +80N 2021-07-27: 0.66°C, -0.43°C vs 1958-2002 normal (context line, never counted) [archive import: scored retroactively, not a live reading]",2021-07-27,scoring
2021-07-28,-0.223,-0.204,0,down,"DMI +80N 2021-07-28: 0.85°C, -0.22°C vs 1958-2002 normal (context line, never counted) [archive import: scored retroactively, not a live reading]",2021-07-28,scoring
2021-07-29,-0.051,0.104,0,up,"DMI +80N 2021-07-29: 1.03°C, -0.05°C vs 1958-2002 normal (context line, never counted) [archive import: scored retroactively, not a live reading]",2021-07-29,scoring
2021-07-30,-0.05,0.108,0,up,"DMI +80N 2021-07-30: 0.94°C, -0.05°C vs 1958-2002 normal (context line, never counted) [archive import: scored retroactively, not a live reading]",2021-07-30,scoring
2021-07-31,-0.154,-0.059,0,down,"DMI +80N 2021-07-31: 0.80°C, -0.15°C vs 1958-2002 normal (context line, never counted) [archive import: scored retroactively, not a live reading]",2021-07-31,scoring
2021-08-01,-0.218,-0.124,0,down,"DMI +80N 2021-08-01: 0.75°C, -0.22°C vs 1958-2002 normal (context line, never counted) [archive import: scored retroactively, not a live reading]",2021-08-01,scoring
2021-08-02,-0.177,-0.033,0,down,"DMI +80N 2021-08-02: 0.75°C, -0.18°C vs 1958-2002 normal (context line, never counted) [archive import: scored retroactively, not a live reading]",2021-08-02,scoring
2021-08-03,-0.151,0.033,0,up,"DMI +80N 2021-08-03: 0.68°C, -0.15°C vs 1958-2002 normal (context line, never counted) [archive import: scored retroactively, not a live reading]",2021-08-03,scoring
2021-08-04,0.13,0.555,0,up,"DMI +80N 2021-08-04: 0.90°C, +0.13°C vs 1958-2002 normal (context line, never counted) [archive import: scored retroactively, not a live reading]",2021-08-04,scoring
2021-08-05,0.424,1.127,0,up,"DMI +80N 2021-08-05: 1.11°C, +0.42°C vs 1958-2002 normal (context line, never counted) [archive import: scored retroactively, not a live reading]",2021-08-05,scoring
2021-08-06,0.358,0.998,0,up,"DMI +80N 2021-08-06: 1.01°C, +0.36°C vs 1958-2002 normal (context line, never counted) [archive import: scored retroactively, not a live reading]",2021-08-06,scoring
2021-08-07,0.507,1.238,0,up,"DMI +80N 2021-08-07: 1.08°C, +0.51°C vs 1958-2002 normal (context line, never counted) [archive import: scored retroactively, not a live reading]",2021-08-07,scoring
2021-08-08,0.071,0.423,0,up,"DMI +80N 2021-08-08: 0.63°C, +0.07°C vs 1958-2002 normal (context line, never counted) [archive import: scored retroactively, not a live reading]",2021-08-08,scoring
2021-08-09,0.132,0.542,0,up,"DMI +80N 2021-08-09: 0.62°C, +0.13°C vs 1958-2002 normal (context line, never counted) [archive import: scored retroactively, not a live reading]",2021-08-09,scoring
2021-08-10,0.14,0.526,0,up,"DMI +80N 2021-08-10: 0.56°C, +0.14°C vs 1958-2002 normal (context line, never counted) [archive import: scored retroactively, not a live reading]",2021-08-10,scoring
2021-08-11,0.108,0.402,0,up,"DMI +80N 2021-08-11: 0.44°C, +0.11°C vs 1958-2002 normal (context line, never counted) [archive import: scored retroactively, not a live reading]",2021-08-11,scoring
2021-08-12,0.042,0.268,0,up,"DMI +80N 2021-08-12: 0.34°C, +0.04°C vs 1958-2002 normal (context line, never counted) [archive import: scored retroactively, not a live reading]",2021-08-12,scoring
2021-08-13,-0.083,0.010,0,up,"DMI +80N 2021-08-13: 0.15°C, -0.08°C vs 1958-2002 normal (context line, never counted) [archive import: scored retroactively, not a live reading]",2021-08-13,scoring
2021-08-14,-0.172,-0.176,0,down,"DMI +80N 2021-08-14: 0.02°C, -0.17°C vs 1958-2002 normal (context line, never counted) [archive import: scored retroactively, not a live reading]",2021-08-14,scoring
2021-08-15,-0.207,-0.201,0,down,"DMI +80N 2021-08-15: -0.05°C, -0.21°C vs 1958-2002 normal (context line, never counted) [archive import: scored retroactively, not a live reading]",2021-08-15,scoring
2021-08-16,-0.232,-0.205,0,down,"DMI +80N 2021-08-16: -0.15°C, -0.23°C vs 1958-2002 normal (context line, never counted) [archive import: scored retroactively, not a live reading]",2021-08-16,scoring
2021-08-17,-0.132,0.049,0,up,"DMI +80N 2021-08-17: -0.17°C, -0.13°C vs 1958-2002 normal (context line, never counted) [archive import: scored retroactively, not a live reading]",2021-08-17,scoring
2021-08-18,0.138,0.713,0,up,"DMI +80N 2021-08-18: -0.03°C, +0.14°C vs 1958-2002 normal (context line, never counted) [archive import: scored retroactively, not a live reading]",2021-08-18,scoring
2021-08-19,0.318,1.174,0,up,"DMI +80N 2021-08-19: -0.04°C, +0.32°C vs 1958-2002 normal (context line, never counted) [archive import: scored retroactively, not a live reading]",2021-08-19,scoring
2021-08-20,0.49,1.595,0,up,"DMI +80N 2021-08-20: -0.02°C, +0.49°C vs 1958-2002 normal (context line, never counted) [archive import: scored retroactively, not a live reading]",2021-08-20,scoring
2021-08-21,0.581,1.783,0,up,"DMI +80N 2021-08-21: -0.14°C, +0.58°C vs 1958-2002 normal (context line, never counted) [archive import: scored retroactively, not a live reading]",2021-08-21,scoring
2021-08-22,0.484,1.516,0,up,"DMI +80N 2021-08-22: -0.43°C, +0.48°C vs 1958-2002 normal (context line, never counted) [archive import: scored retroactively, not a live reading]",2021-08-22,scoring
2021-08-23,0.049,0.473,0,up,"DMI +80N 2021-08-23: -1.04°C, +0.05°C vs 1958-2002 normal (context line, never counted) [archive import: scored retroactively, not a live reading]",2021-08-23,scoring
2021-08-24,0.502,1.558,0,up,"DMI +80N 2021-08-24: -0.73°C, +0.50°C vs 1958-2002 normal (context line, never counted) [archive import: scored retroactively, not a live reading]",2021-08-24,scoring
2021-08-25,0.328,1.150,0,up,"DMI +80N 2021-08-25: -0.96°C, +0.33°C vs 1958-2002 normal (context line, never counted) [archive import: scored retroactively, not a live reading]",2021-08-25,scoring
2021-08-26,0.557,1.698,0,up,"DMI +80N 2021-08-26: -0.93°C, +0.56°C vs 1958-2002 normal (context line, never counted) [archive import: scored retroactively, not a live reading]",2021-08-26,scoring
2021-08-27,0.546,1.672,0,up,"DMI +80N 2021-08-27: -1.28°C, +0.55°C vs 1958-2002 normal (context line, never counted) [archive import: scored retroactively, not a live reading]",2021-08-27,scoring
2021-08-28,0.246,0.944,0,up,"DMI +80N 2021-08-28: -1.90°C, +0.25°C vs 1958-2002 normal (context line, never counted) [archive import: scored retroactively, not a live reading]",2021-08-28,scoring
2021-08-29,0.184,0.785,0,up,"DMI +80N 2021-08-29: -2.22°C, +0.18°C vs 1958-2002 normal (context line, never counted) [archive import: scored retroactively, not a live reading]",2021-08-29,scoring
2021-08-30,0.887,2.438,0,up,"DMI +80N 2021-08-30: -1.84°C, +0.89°C vs 1958-2002 normal (context line, never counted) [archive import: scored retroactively, not a live reading]",2021-08-30,scoring
2021-08-31,0.827,2.263,0,up,"DMI +80N 2021-08-31: -2.19°C, +0.83°C vs 1958-2002 normal (context line, never counted) [archive import: scored retroactively, not a live reading]",2021-08-31,scoring
2021-09-01,0.049,0.466,0,up,"DMI +80N 2021-09-01: -3.20°C, +0.05°C vs 1958-2002 normal (context line, never counted) [archive import: scored retroactively, not a live reading]",2021-09-01,scoring
2021-09-02,-0.056,0.227,0,up,"DMI +80N 2021-09-02: -3.58°C, -0.06°C vs 1958-2002 normal (context line, never counted) [archive import: scored retroactively, not a live reading]",2021-09-02,scoring
2021-09-03,-0.168,-0.037,0,down,"DMI +80N 2021-09-03: -3.87°C, -0.17°C vs 1958-2002 normal (context line, never counted) [archive import: scored retroactively, not a live reading]",2021-09-03,scoring
2021-09-04,0.214,0.895,0,up,"DMI +80N 2021-09-04: -3.79°C, +0.21°C vs 1958-2002 normal (context line, never counted) [archive import: scored retroactively, not a live reading]",2021-09-04,scoring
2021-09-05,0.171,0.779,0,up,"DMI +80N 2021-09-05: -4.12°C, +0.17°C vs 1958-2002 normal (context line, never counted) [archive import: scored retroactively, not a live reading]",2021-09-05,scoring
2021-09-06,0.408,1.348,0,up,"DMI +80N 2021-09-06: -4.21°C, +0.41°C vs 1958-2002 normal (context line, never counted) [archive import: scored retroactively, not a live reading]",2021-09-06,scoring
2021-09-07,0.969,2.683,0,up,"DMI +80N 2021-09-07: -4.03°C, +0.97°C vs 1958-2002 normal (context line, never counted) [archive import: scored retroactively, not a live reading]",2021-09-07,scoring
2021-09-08,1.025,2.788,0,up,"DMI +80N 2021-09-08: -4.35°C, +1.02°C vs 1958-2002 normal (context line, never counted) [archive import: scored retroactively, not a live reading]",2021-09-08,scoring
2021-09-09,1.107,2.909,0,up,"DMI +80N 2021-09-09: -4.31°C, +1.11°C vs 1958-2002 normal (context line, never counted) [archive import: scored retroactively, not a live reading]",2021-09-09,scoring
2021-09-10,1.147,2.915,0,up,"DMI +80N 2021-09-10: -4.52°C, +1.15°C vs 1958-2002 normal (context line, never counted) [archive import: scored retroactively, not a live reading]",2021-09-10,scoring
2021-09-11,1.787,4.263,1,up,"DMI +80N 2021-09-11: -4.13°C, +1.79°C vs 1958-2002 normal (context line, never counted) [archive import: scored retroactively, not a live reading]",2021-09-11,scoring
2021-09-12,2.209,5.024,1,up,"DMI +80N 2021-09-12: -4.00°C, +2.21°C vs 1958-2002 normal (context line, never counted) [archive import: scored retroactively, not a live reading]",2021-09-12,scoring
2021-09-13,2.321,5.123,1,up,"DMI +80N 2021-09-13: -4.21°C, +2.32°C vs 1958-2002 normal (context line, never counted) [archive import: scored retroactively, not a live reading]",2021-09-13,scoring
2021-09-14,2.78,5.889,1,up,"DMI +80N 2021-09-14: -4.12°C, +2.78°C vs 1958-2002 normal (context line, never counted) [archive import: scored retroactively, not a live reading]",2021-09-14,scoring
2021-09-15,2.269,4.743,1,up,"DMI +80N 2021-09-15: -4.96°C, +2.27°C vs 1958-2002 normal (context line, never counted) [archive import: scored retroactively, not a live reading]",2021-09-15,scoring
2021-09-16,2.552,5.044,1,up,"DMI +80N 2021-09-16: -5.01°C, +2.55°C vs 1958-2002 normal (context line, never counted) [archive import: scored retroactively, not a live reading]",2021-09-16,scoring
2021-09-17,3.402,6.423,1,up,"DMI +80N 2021-09-17: -4.58°C, +3.40°C vs 1958-2002 normal (context line, never counted) [archive import: scored retroactively, not a live reading]",2021-09-17,scoring
2021-09-18,3.459,6.354,1,up,"DMI +80N 2021-09-18: -4.83°C, +3.46°C vs 1958-2002 normal (context line, never counted) [archive import: scored retroactively, not a live reading]",2021-09-18,scoring
2021-09-19,4.262,7.585,1,up,"DMI +80N 2021-09-19: -4.54°C, +4.26°C vs 1958-2002 normal (context line, never counted) [archive import: scored retroactively, not a live reading]",2021-09-19,scoring
2021-09-20,4.891,8.401,1,up,"DMI +80N 2021-09-20: -4.17°C, +4.89°C vs 1958-2002 normal (context line, never counted) [archive import: scored retroactively, not a live reading]",2021-09-20,scoring
2021-09-21,4.14,6.800,1,up,"DMI +80N 2021-09-21: -5.19°C, +4.14°C vs 1958-2002 normal (context line, never counted) [archive import: scored retroactively, not a live reading]",2021-09-21,scoring
2021-09-22,3.988,6.344,1,up,"DMI +80N 2021-09-22: -5.73°C, +3.99°C vs 1958-2002 normal (context line, never counted) [archive import: scored retroactively, not a live reading]",2021-09-22,scoring
2021-09-23,4.349,6.640,1,up,"DMI +80N 2021-09-23: -5.57°C, +4.35°C vs 1958-2002 normal (context line, never counted) [archive import: scored retroactively, not a live reading]",2021-09-23,scoring
2021-09-24,4.618,6.843,1,up,"DMI +80N 2021-09-24: -5.71°C, +4.62°C vs 1958-2002 normal (context line, never counted) [archive import: scored retroactively, not a live reading]",2021-09-24,scoring
2021-09-25,4.432,6.286,1,up,"DMI +80N 2021-09-25: -6.28°C, +4.43°C vs 1958-2002 normal (context line, never counted) [archive import: scored retroactively, not a live reading]",2021-09-25,scoring
2021-09-26,3.99,5.490,1,up,"DMI +80N 2021-09-26: -6.95°C, +3.99°C vs 1958-2002 normal (context line, never counted) [archive import: scored retroactively, not a live reading]",2021-09-26,scoring
2021-09-27,3.938,5.257,1,up,"DMI +80N 2021-09-27: -7.15°C, +3.94°C vs 1958-2002 normal (context line, never counted) [archive import: scored retroactively, not a live reading]",2021-09-27,scoring
2021-09-28,3.745,4.855,1,up,"DMI +80N 2021-09-28: -7.63°C, +3.75°C vs 1958-2002 normal (context line, never counted) [archive import: scored retroactively, not a live reading]",2021-09-28,scoring
2021-09-29,3.752,4.746,1,up,"DMI +80N 2021-09-29: -8.01°C, +3.75°C vs 1958-2002 normal (context line, never counted) [archive import: scored retroactively, not a live reading]",2021-09-29,scoring
2021-09-30,4.858,6.024,1,up,"DMI +80N 2021-09-30: -7.37°C, +4.86°C vs 1958-2002 normal (context line, never counted) [archive import: scored retroactively, not a live reading]",2021-09-30,scoring
2021-10-01,5.332,6.454,1,up,"DMI +80N 2021-10-01: -7.24°C, +5.33°C vs 1958-2002 normal (context line, never counted) [archive import: scored retroactively, not a live reading]",2021-10-01,scoring
2021-10-02,5.39,6.272,1,up,"DMI +80N 2021-10-02: -7.50°C, +5.39°C vs 1958-2002 normal (context line, never counted) [archive import: scored retroactively, not a live reading]",2021-10-02,scoring
2021-10-03,5.102,5.791,1,up,"DMI +80N 2021-10-03: -8.19°C, +5.10°C vs 1958-2002 normal (context line, never counted) [archive import: scored retroactively, not a live reading]",2021-10-03,scoring
2021-10-04,4.699,5.224,1,up,"DMI +80N 2021-10-04: -8.93°C, +4.70°C vs 1958-2002 normal (context line, never counted) [archive import: scored retroactively, not a live reading]",2021-10-04,scoring
2021-10-05,4.05,4.409,1,up,"DMI +80N 2021-10-05: -9.63°C, +4.05°C vs 1958-2002 normal (context line, never counted) [archive import: scored retroactively, not a live reading]",2021-10-05,scoring
2021-10-06,3.9,4.114,1,up,"DMI +80N 2021-10-06: -9.93°C, +3.90°C vs 1958-2002 normal (context line, never counted) [archive import: scored retroactively, not a live reading]",2021-10-06,scoring
2021-10-07,3.578,3.602,1,up,"DMI +80N 2021-10-07: -10.49°C, +3.58°C vs 1958-2002 normal (context line, never counted) [archive import: scored retroactively, not a live reading]",2021-10-07,scoring
2021-10-08,3.024,2.897,0,up,"DMI +80N 2021-10-08: -11.07°C, +3.02°C vs 1958-2002 normal (context line, never counted) [archive import: scored retroactively, not a live reading]",2021-10-08,scoring
2021-10-09,3.078,2.809,0,up,"DMI +80N 2021-10-09: -11.27°C, +3.08°C vs 1958-2002 normal (context line, never counted) [archive import: scored retroactively, not a live reading]",2021-10-09,scoring
2021-10-10,3.405,3.011,1,up,"DMI +80N 2021-10-10: -11.45°C, +3.40°C vs 1958-2002 normal (context line, never counted) [archive import: scored retroactively, not a live reading]",2021-10-10,scoring
2021-10-11,3.162,2.633,0,up,"DMI +80N 2021-10-11: -12.07°C, +3.16°C vs 1958-2002 normal (context line, never counted) [archive import: scored retroactively, not a live reading]",2021-10-11,scoring
2021-10-12,3.863,3.177,1,up,"DMI +80N 2021-10-12: -11.95°C, +3.86°C vs 1958-2002 normal (context line, never counted) [archive import: scored retroactively, not a live reading]",2021-10-12,scoring
2021-10-13,4.245,3.381,1,up,"DMI +80N 2021-10-13: -12.00°C, +4.25°C vs 1958-2002 normal (context line, never counted) [archive import: scored retroactively, not a live reading]",2021-10-13,scoring
2021-10-14,4.468,3.510,1,up,"DMI +80N 2021-10-14: -12.07°C, +4.47°C vs 1958-2002 normal (context line, never counted) [archive import: scored retroactively, not a live reading]",2021-10-14,scoring
2021-10-15,4.863,3.829,1,up,"DMI +80N 2021-10-15: -12.25°C, +4.86°C vs 1958-2002 normal (context line, never counted) [archive import: scored retroactively, not a live reading]",2021-10-15,scoring
2021-10-16,4.811,3.741,1,up,"DMI +80N 2021-10-16: -12.83°C, +4.81°C vs 1958-2002 normal (context line, never counted) [archive import: scored retroactively, not a live reading]",2021-10-16,scoring
2021-10-17,4.419,3.344,1,up,"DMI +80N 2021-10-17: -13.53°C, +4.42°C vs 1958-2002 normal (context line, never counted) [archive import: scored retroactively, not a live reading]",2021-10-17,scoring
2021-10-18,3.536,2.569,0,up,"DMI +80N 2021-10-18: -14.48°C, +3.54°C vs 1958-2002 normal (context line, never counted) [archive import: scored retroactively, not a live reading]",2021-10-18,scoring
2021-10-19,3.261,2.334,0,up,"DMI +80N 2021-10-19: -14.89°C, +3.26°C vs 1958-2002 normal (context line, never counted) [archive import: scored retroactively, not a live reading]",2021-10-19,scoring
2021-10-20,4.456,3.212,1,up,"DMI +80N 2021-10-20: -13.73°C, +4.46°C vs 1958-2002 normal (context line, never counted) [archive import: scored retroactively, not a live reading]",2021-10-20,scoring
2021-10-21,4.467,3.062,1,up,"DMI +80N 2021-10-21: -14.15°C, +4.47°C vs 1958-2002 normal (context line, never counted) [archive import: scored retroactively, not a live reading]",2021-10-21,scoring
2021-10-22,2.961,1.706,0,up,"DMI +80N 2021-10-22: -16.12°C, +2.96°C vs 1958-2002 normal (context line, never counted) [archive import: scored retroactively, not a live reading]",2021-10-22,scoring
2021-10-23,2.054,0.881,0,up,"DMI +80N 2021-10-23: -17.33°C, +2.05°C vs 1958-2002 normal (context line, never counted) [archive import: scored retroactively, not a live reading]",2021-10-23,scoring
2021-10-24,2.561,1.232,0,up,"DMI +80N 2021-10-24: -17.38°C, +2.56°C vs 1958-2002 normal (context line, never counted) [archive import: scored retroactively, not a live reading]",2021-10-24,scoring
2021-10-25,3.559,1.981,0,up,"DMI +80N 2021-10-25: -16.79°C, +3.56°C vs 1958-2002 normal (context line, never counted) [archive import: scored retroactively, not a live reading]",2021-10-25,scoring
2021-10-26,4.515,2.461,0,up,"DMI +80N 2021-10-26: -16.25°C, +4.51°C vs 1958-2002 normal (context line, never counted) [archive import: scored retroactively, not a live reading]",2021-10-26,scoring
2021-10-27,6.227,3.424,1,up,"DMI +80N 2021-10-27: -14.71°C, +6.23°C vs 1958-2002 normal (context line, never counted) [archive import: scored retroactively, not a live reading]",2021-10-27,scoring
2021-10-28,7.075,3.758,1,up,"DMI +80N 2021-10-28: -14.05°C, +7.08°C vs 1958-2002 normal (context line, never counted) [archive import: scored retroactively, not a live reading]",2021-10-28,scoring
2021-10-29,6.447,3.055,1,up,"DMI +80N 2021-10-29: -14.95°C, +6.45°C vs 1958-2002 normal (context line, never counted) [archive import: scored retroactively, not a live reading]",2021-10-29,scoring
2021-10-30,5.612,2.308,0,up,"DMI +80N 2021-10-30: -15.86°C, +5.61°C vs 1958-2002 normal (context line, never counted) [archive import: scored retroactively, not a live reading]",2021-10-30,scoring
2021-10-31,6.054,2.452,0,up,"DMI +80N 2021-10-31: -16.01°C, +6.05°C vs 1958-2002 normal (context line, never counted) [archive import: scored retroactively, not a live reading]",2021-10-31,scoring
2021-11-01,6.917,2.857,0,up,"DMI +80N 2021-11-01: -15.46°C, +6.92°C vs 1958-2002 normal (context line, never counted) [archive import: scored retroactively, not a live reading]",2021-11-01,scoring
2021-11-02,7.555,3.100,1,up,"DMI +80N 2021-11-02: -15.26°C, +7.55°C vs 1958-2002 normal (context line, never counted) [archive import: scored retroactively, not a live reading]",2021-11-02,scoring
2021-11-03,7.178,2.597,0,up,"DMI +80N 2021-11-03: -16.18°C, +7.18°C vs 1958-2002 normal (context line, never counted) [archive import: scored retroactively, not a live reading]",2021-11-03,scoring
2021-11-04,7.061,2.336,0,up,"DMI +80N 2021-11-04: -16.44°C, +7.06°C vs 1958-2002 normal (context line, never counted) [archive import: scored retroactively, not a live reading]",2021-11-04,scoring
2021-11-05,6.514,1.911,0,up,"DMI +80N 2021-11-05: -16.67°C, +6.51°C vs 1958-2002 normal (context line, never counted) [archive import: scored retroactively, not a live reading]",2021-11-05,scoring
2021-11-06,5.23,1.126,0,up,"DMI +80N 2021-11-06: -17.55°C, +5.23°C vs 1958-2002 normal (context line, never counted) [archive import: scored retroactively, not a live reading]",2021-11-06,scoring
2021-11-07,5.263,1.078,0,up,"DMI +80N 2021-11-07: -17.55°C, +5.26°C vs 1958-2002 normal (context line, never counted) [archive import: scored retroactively, not a live reading]",2021-11-07,scoring
2021-11-08,5.82,1.287,0,up,"DMI +80N 2021-11-08: -16.96°C, +5.82°C vs 1958-2002 normal (context line, never counted) [archive import: scored retroactively, not a live reading]",2021-11-08,scoring
2021-11-09,5.117,0.871,0,up,"DMI +80N 2021-11-09: -17.78°C, +5.12°C vs 1958-2002 normal (context line, never counted) [archive import: scored retroactively, not a live reading]",2021-11-09,scoring
2021-11-10,4.811,0.694,0,up,"DMI +80N 2021-11-10: -18.10°C, +4.81°C vs 1958-2002 normal (context line, never counted) [archive import: scored retroactively, not a live reading]",2021-11-10,scoring
2021-11-11,4.353,0.432,0,up,"DMI +80N 2021-11-11: -18.78°C, +4.35°C vs 1958-2002 normal (context line, never counted) [archive import: scored retroactively, not a live reading]",2021-11-11,scoring
2021-11-12,4.554,0.517,0,up,"DMI +80N 2021-11-12: -19.18°C, +4.55°C vs 1958-2002 normal (context line, never counted) [archive import: scored retroactively, not a live reading]",2021-11-12,scoring
2021-11-13,5.649,1.076,0,up,"DMI +80N 2021-11-13: -18.61°C, +5.65°C vs 1958-2002 normal (context line, never counted) [archive import: scored retroactively, not a live reading]",2021-11-13,scoring
2021-11-14,4.375,0.368,0,up,"DMI +80N 2021-11-14: -19.89°C, +4.38°C vs 1958-2002 normal (context line, never counted) [archive import: scored retroactively, not a live reading]",2021-11-14,scoring
2021-11-15,4.18,0.226,0,up,"DMI +80N 2021-11-15: -20.31°C, +4.18°C vs 1958-2002 normal (context line, never counted) [archive import: scored retroactively, not a live reading]",2021-11-15,scoring
2021-11-16,5.084,0.684,0,up,"DMI +80N 2021-11-16: -19.58°C, +5.08°C vs 1958-2002 normal (context line, never counted) [archive import: scored retroactively, not a live reading]",2021-11-16,scoring
2021-11-17,4.926,0.561,0,up,"DMI +80N 2021-11-17: -19.63°C, +4.93°C vs 1958-2002 normal (context line, never counted) [archive import: scored retroactively, not a live reading]",2021-11-17,scoring
2021-11-18,4.469,0.299,0,up,"DMI +80N 2021-11-18: -20.32°C, +4.47°C vs 1958-2002 normal (context line, never counted) [archive import: scored retroactively, not a live reading]",2021-11-18,scoring
2021-11-19,3.377,-0.324,0,down,"DMI +80N 2021-11-19: -21.46°C, +3.38°C vs 1958-2002 normal (context line, never counted) [archive import: scored retroactively, not a live reading]",2021-11-19,scoring
2021-11-20,2.35,-0.900,0,down,"DMI +80N 2021-11-20: -22.40°C, +2.35°C vs 1958-2002 normal (context line, never counted) [archive import: scored retroactively, not a live reading]",2021-11-20,scoring
2021-11-21,2.217,-0.959,0,down,"DMI +80N 2021-11-21: -22.45°C, +2.22°C vs 1958-2002 normal (context line, never counted) [archive import: scored retroactively, not a live reading]",2021-11-21,scoring
2021-11-22,1.799,-1.187,0,down,"DMI +80N 2021-11-22: -23.21°C, +1.80°C vs 1958-2002 normal (context line, never counted) [archive import: scored retroactively, not a live reading]",2021-11-22,scoring
2021-11-23,1.559,-1.311,0,down,"DMI +80N 2021-11-23: -24.01°C, +1.56°C vs 1958-2002 normal (context line, never counted) [archive import: scored retroactively, not a live reading]",2021-11-23,scoring
2021-11-24,0.499,-1.887,0,down,"DMI +80N 2021-11-24: -25.14°C, +0.50°C vs 1958-2002 normal (context line, never counted) [archive import: scored retroactively, not a live reading]",2021-11-24,scoring
2021-11-25,0.154,-2.075,0,down,"DMI +80N 2021-11-25: -25.38°C, +0.15°C vs 1958-2002 normal (context line, never counted) [archive import: scored retroactively, not a live reading]",2021-11-25,scoring
2021-11-26,0.649,-1.801,0,down,"DMI +80N 2021-11-26: -25.27°C, +0.65°C vs 1958-2002 normal (context line, never counted) [archive import: scored retroactively, not a live reading]",2021-11-26,scoring
2021-11-27,-0.485,-2.418,0,down,"DMI +80N 2021-11-27: -26.49°C, -0.48°C vs 1958-2002 normal (context line, never counted) [archive import: scored retroactively, not a live reading]",2021-11-27,scoring
2021-11-28,-1.205,-2.793,0,down,"DMI +80N 2021-11-28: -27.20°C, -1.21°C vs 1958-2002 normal (context line, never counted) [archive import: scored retroactively, not a live reading]",2021-11-28,scoring
2021-11-29,-1.594,-2.976,0,down,"DMI +80N 2021-11-29: -28.04°C, -1.59°C vs 1958-2002 normal (context line, never counted) [archive import: scored retroactively, not a live reading]",2021-11-29,scoring
2021-11-30,-0.737,-2.480,0,down,"DMI +80N 2021-11-30: -27.60°C, -0.74°C vs 1958-2002 normal (context line, never counted) [archive import: scored retroactively, not a live reading]",2021-11-30,scoring
2021-12-01,0.628,-1.756,0,down,"DMI +80N 2021-12-01: -26.38°C, +0.63°C vs 1958-2002 normal (context line, never counted) [archive import: scored retroactively, not a live reading]",2021-12-01,scoring
2021-12-02,0.569,-1.789,0,down,"DMI +80N 2021-12-02: -26.25°C, +0.57°C vs 1958-2002 normal (context line, never counted) [archive import: scored retroactively, not a live reading]",2021-12-02,scoring
2021-12-03,1.062,-1.531,0,down,"DMI +80N 2021-12-03: -25.50°C, +1.06°C vs 1958-2002 normal (context line, never counted) [archive import: scored retroactively, not a live reading]",2021-12-03,scoring
2021-12-04,1.648,-1.223,0,down,"DMI +80N 2021-12-04: -25.26°C, +1.65°C vs 1958-2002 normal (context line, never counted) [archive import: scored retroactively, not a live reading]",2021-12-04,scoring
2021-12-05,3.914,-0.026,0,down,"DMI +80N 2021-12-05: -23.58°C, +3.91°C vs 1958-2002 normal (context line, never counted) [archive import: scored retroactively, not a live reading]",2021-12-05,scoring
2021-12-06,4.771,0.441,0,up,"DMI +80N 2021-12-06: -23.07°C, +4.77°C vs 1958-2002 normal (context line, never counted) [archive import: scored retroactively, not a live reading]",2021-12-06,scoring
2021-12-07,3.812,-0.099,0,down,"DMI +80N 2021-12-07: -23.74°C, +3.81°C vs 1958-2002 normal (context line, never counted) [archive import: scored retroactively, not a live reading]",2021-12-07,scoring
2021-12-08,0.838,-1.811,0,down,"DMI +80N 2021-12-08: -26.50°C, +0.84°C vs 1958-2002 normal (context line, never counted) [archive import: scored retroactively, not a live reading]",2021-12-08,scoring
2021-12-09,1.443,-1.462,0,down,"DMI +80N 2021-12-09: -25.85°C, +1.44°C vs 1958-2002 normal (context line, never counted) [archive import: scored retroactively, not a live reading]",2021-12-09,scoring
2021-12-10,5.234,0.716,0,up,"DMI +80N 2021-12-10: -21.97°C, +5.23°C vs 1958-2002 normal (context line, never counted) [archive import: scored retroactively, not a live reading]",2021-12-10,scoring
2021-12-11,4.637,0.359,0,up,"DMI +80N 2021-12-11: -22.31°C, +4.64°C vs 1958-2002 normal (context line, never counted) [archive import: scored retroactively, not a live reading]",2021-12-11,scoring
2021-12-12,3.941,-0.092,0,down,"DMI +80N 2021-12-12: -23.51°C, +3.94°C vs 1958-2002 normal (context line, never counted) [archive import: scored retroactively, not a live reading]",2021-12-12,scoring
2021-12-13,2.777,-0.808,0,down,"DMI +80N 2021-12-13: -25.21°C, +2.78°C vs 1958-2002 normal (context line, never counted) [archive import: scored retroactively, not a live reading]",2021-12-13,scoring
2021-12-14,2.249,-1.132,0,down,"DMI +80N 2021-12-14: -26.12°C, +2.25°C vs 1958-2002 normal (context line, never counted) [archive import: scored retroactively, not a live reading]",2021-12-14,scoring
2021-12-15,3.421,-0.413,0,down,"DMI +80N 2021-12-15: -24.78°C, +3.42°C vs 1958-2002 normal (context line, never counted) [archive import: scored retroactively, not a live reading]",2021-12-15,scoring
2021-12-16,4.574,0.296,0,up,"DMI +80N 2021-12-16: -23.51°C, +4.57°C vs 1958-2002 normal (context line, never counted) [archive import: scored retroactively, not a live reading]",2021-12-16,scoring
2021-12-17,4.364,0.129,0,up,"DMI +80N 2021-12-17: -23.71°C, +4.36°C vs 1958-2002 normal (context line, never counted) [archive import: scored retroactively, not a live reading]",2021-12-17,scoring
2021-12-18,5.746,0.989,0,up,"DMI +80N 2021-12-18: -22.61°C, +5.75°C vs 1958-2002 normal (context line, never counted) [archive import: scored retroactively, not a live reading]",2021-12-18,scoring
2021-12-19,3.39,-0.512,0,down,"DMI +80N 2021-12-19: -24.90°C, +3.39°C vs 1958-2002 normal (context line, never counted) [archive import: scored retroactively, not a live reading]",2021-12-19,scoring
2021-12-20,1.827,-1.436,0,down,"DMI +80N 2021-12-20: -26.22°C, +1.83°C vs 1958-2002 normal (context line, never counted) [archive import: scored retroactively, not a live reading]",2021-12-20,scoring
2021-12-21,1.732,-1.422,0,down,"DMI +80N 2021-12-21: -26.35°C, +1.73°C vs 1958-2002 normal (context line, never counted) [archive import: scored retroactively, not a live reading]",2021-12-21,scoring
2021-12-22,4.181,0.038,0,up,"DMI +80N 2021-12-22: -24.12°C, +4.18°C vs 1958-2002 normal (context line, never counted) [archive import: scored retroactively, not a live reading]",2021-12-22,scoring
2021-12-23,6.819,1.576,0,up,"DMI +80N 2021-12-23: -21.29°C, +6.82°C vs 1958-2002 normal (context line, never counted) [archive import: scored retroactively, not a live reading]",2021-12-23,scoring
2021-12-24,9.699,3.160,1,up,"DMI +80N 2021-12-24: -18.56°C, +9.70°C vs 1958-2002 normal (context line, never counted) [archive import: scored retroactively, not a live reading]",2021-12-24,scoring
2021-12-25,9.324,2.825,0,up,"DMI +80N 2021-12-25: -19.42°C, +9.32°C vs 1958-2002 normal (context line, never counted) [archive import: scored retroactively, not a live reading]",2021-12-25,scoring
2021-12-26,7.736,1.859,0,up,"DMI +80N 2021-12-26: -21.54°C, +7.74°C vs 1958-2002 normal (context line, never counted) [archive import: scored retroactively, not a live reading]",2021-12-26,scoring
2021-12-27,7.973,1.913,0,up,"DMI +80N 2021-12-27: -21.43°C, +7.97°C vs 1958-2002 normal (context line, never counted) [archive import: scored retroactively, not a live reading]",2021-12-27,scoring
2021-12-28,6.318,0.995,0,up,"DMI +80N 2021-12-28: -23.06°C, +6.32°C vs 1958-2002 normal (context line, never counted) [archive import: scored retroactively, not a live reading]",2021-12-28,scoring
2021-12-29,5.612,0.604,0,up,"DMI +80N 2021-12-29: -23.53°C, +5.61°C vs 1958-2002 normal (context line, never counted) [archive import: scored retroactively, not a live reading]",2021-12-29,scoring
2021-12-30,5.551,0.568,0,up,"DMI +80N 2021-12-30: -23.70°C, +5.55°C vs 1958-2002 normal (context line, never counted) [archive import: scored retroactively, not a live reading]",2021-12-30,scoring
2021-12-31,4.953,0.281,0,up,"DMI +80N 2021-12-31: -24.39°C, +4.95°C vs 1958-2002 normal (context line, never counted) [archive import: scored retroactively, not a live reading]",2021-12-31,scoring
2022-01-01,3.429,-0.441,0,down,"DMI +80N 2022-01-01: -25.83°C, +3.43°C vs 1958-2002 normal (context line, never counted) [archive import: scored retroactively, not a live reading]",2022-01-01,scoring
2022-01-02,2.725,-0.741,0,down,"DMI +80N 2022-01-02: -26.40°C, +2.73°C vs 1958-2002 normal (context line, never counted) [archive import: scored retroactively, not a live reading]",2022-01-02,scoring
2022-01-03,2.996,-0.564,0,down,"DMI +80N 2022-01-03: -26.49°C, +3.00°C vs 1958-2002 normal (context line, never counted) [archive import: scored retroactively, not a live reading]",2022-01-03,scoring
2022-01-04,5.058,0.388,0,up,"DMI +80N 2022-01-04: -24.89°C, +5.06°C vs 1958-2002 normal (context line, never counted) [archive import: scored retroactively, not a live reading]",2022-01-04,scoring
2022-01-05,5.623,0.604,0,up,"DMI +80N 2022-01-05: -24.23°C, +5.62°C vs 1958-2002 normal (context line, never counted) [archive import: scored retroactively, not a live reading]",2022-01-05,scoring
2022-01-06,3.989,-0.167,0,down,"DMI +80N 2022-01-06: -25.94°C, +3.99°C vs 1958-2002 normal (context line, never counted) [archive import: scored retroactively, not a live reading]",2022-01-06,scoring
2022-01-07,2.3,-0.943,0,down,"DMI +80N 2022-01-07: -27.33°C, +2.30°C vs 1958-2002 normal (context line, never counted) [archive import: scored retroactively, not a live reading]",2022-01-07,scoring
2022-01-08,1.784,-1.167,0,down,"DMI +80N 2022-01-08: -27.97°C, +1.78°C vs 1958-2002 normal (context line, never counted) [archive import: scored retroactively, not a live reading]",2022-01-08,scoring
2022-01-09,2.865,-0.674,0,down,"DMI +80N 2022-01-09: -26.95°C, +2.87°C vs 1958-2002 normal (context line, never counted) [archive import: scored retroactively, not a live reading]",2022-01-09,scoring
2022-01-10,3.742,-0.277,0,down,"DMI +80N 2022-01-10: -25.98°C, +3.74°C vs 1958-2002 normal (context line, never counted) [archive import: scored retroactively, not a live reading]",2022-01-10,scoring
2022-01-11,4.013,-0.155,0,down,"DMI +80N 2022-01-11: -25.87°C, +4.01°C vs 1958-2002 normal (context line, never counted) [archive import: scored retroactively, not a live reading]",2022-01-11,scoring
2022-01-12,4.949,0.264,0,up,"DMI +80N 2022-01-12: -25.01°C, +4.95°C vs 1958-2002 normal (context line, never counted) [archive import: scored retroactively, not a live reading]",2022-01-12,scoring
2022-01-13,3.816,-0.243,0,down,"DMI +80N 2022-01-13: -26.25°C, +3.82°C vs 1958-2002 normal (context line, never counted) [archive import: scored retroactively, not a live reading]",2022-01-13,scoring
2022-01-14,3.579,-0.308,0,down,"DMI +80N 2022-01-14: -26.17°C, +3.58°C vs 1958-2002 normal (context line, never counted) [archive import: scored retroactively, not a live reading]",2022-01-14,scoring
2022-01-15,3.882,-0.133,0,down,"DMI +80N 2022-01-15: -25.85°C, +3.88°C vs 1958-2002 normal (context line, never counted) [archive import: scored retroactively, not a live reading]",2022-01-15,scoring
2022-01-16,5.646,0.687,0,up,"DMI +80N 2022-01-16: -24.10°C, +5.65°C vs 1958-2002 normal (context line, never counted) [archive import: scored retroactively, not a live reading]",2022-01-16,scoring
2022-01-17,6.857,1.174,0,up,"DMI +80N 2022-01-17: -22.75°C, +6.86°C vs 1958-2002 normal (context line, never counted) [archive import: scored retroactively, not a live reading]",2022-01-17,scoring
2022-01-18,7.652,1.472,0,up,"DMI +80N 2022-01-18: -21.79°C, +7.65°C vs 1958-2002 normal (context line, never counted) [archive import: scored retroactively, not a live reading]",2022-01-18,scoring
2022-01-19,6.926,1.130,0,up,"DMI +80N 2022-01-19: -22.52°C, +6.93°C vs 1958-2002 normal (context line, never counted) [archive import: scored retroactively, not a live reading]",2022-01-19,scoring
2022-01-20,4.025,-0.101,0,down,"DMI +80N 2022-01-20: -25.48°C, +4.03°C vs 1958-2002 normal (context line, never counted) [archive import: scored retroactively, not a live reading]",2022-01-20,scoring
2022-01-21,2.543,-0.726,0,down,"DMI +80N 2022-01-21: -26.65°C, +2.54°C vs 1958-2002 normal (context line, never counted) [archive import: scored retroactively, not a live reading]",2022-01-21,scoring
2022-01-22,2.769,-0.634,0,down,"DMI +80N 2022-01-22: -26.22°C, +2.77°C vs 1958-2002 normal (context line, never counted) [archive import: scored retroactively, not a live reading]",2022-01-22,scoring
2022-01-23,4.279,0.005,0,up,"DMI +80N 2022-01-23: -24.88°C, +4.28°C vs 1958-2002 normal (context line, never counted) [archive import: scored retroactively, not a live reading]",2022-01-23,scoring
2022-01-24,6.615,0.976,0,up,"DMI +80N 2022-01-24: -22.55°C, +6.62°C vs 1958-2002 normal (context line, never counted) [archive import: scored retroactively, not a live reading]",2022-01-24,scoring
2022-01-25,5.891,0.659,0,up,"DMI +80N 2022-01-25: -22.96°C, +5.89°C vs 1958-2002 normal (context line, never counted) [archive import: scored retroactively, not a live reading]",2022-01-25,scoring
2022-01-26,5.741,0.600,0,up,"DMI +80N 2022-01-26: -23.33°C, +5.74°C vs 1958-2002 normal (context line, never counted) [archive import: scored retroactively, not a live reading]",2022-01-26,scoring
2022-01-27,6.711,1.018,0,up,"DMI +80N 2022-01-27: -22.46°C, +6.71°C vs 1958-2002 normal (context line, never counted) [archive import: scored retroactively, not a live reading]",2022-01-27,scoring
2022-01-28,4.309,-0.003,0,down,"DMI +80N 2022-01-28: -24.55°C, +4.31°C vs 1958-2002 normal (context line, never counted) [archive import: scored retroactively, not a live reading]",2022-01-28,scoring
2022-01-29,2.737,-0.669,0,down,"DMI +80N 2022-01-29: -26.35°C, +2.74°C vs 1958-2002 normal (context line, never counted) [archive import: scored retroactively, not a live reading]",2022-01-29,scoring
2022-01-30,2.349,-0.808,0,down,"DMI +80N 2022-01-30: -27.14°C, +2.35°C vs 1958-2002 normal (context line, never counted) [archive import: scored retroactively, not a live reading]",2022-01-30,scoring
2022-01-31,2.834,-0.581,0,down,"DMI +80N 2022-01-31: -27.10°C, +2.83°C vs 1958-2002 normal (context line, never counted) [archive import: scored retroactively, not a live reading]",2022-01-31,scoring
2022-02-01,4.605,0.219,0,up,"DMI +80N 2022-02-01: -25.66°C, +4.61°C vs 1958-2002 normal (context line, never counted) [archive import: scored retroactively, not a live reading]",2022-02-01,scoring
2022-02-02,5.719,0.719,0,up,"DMI +80N 2022-02-02: -24.13°C, +5.72°C vs 1958-2002 normal (context line, never counted) [archive import: scored retroactively, not a live reading]",2022-02-02,scoring
2022-02-03,5.84,0.781,0,up,"DMI +80N 2022-02-03: -23.97°C, +5.84°C vs 1958-2002 normal (context line, never counted) [archive import: scored retroactively, not a live reading]",2022-02-03,scoring
2022-02-04,4.363,0.118,0,up,"DMI +80N 2022-02-04: -25.54°C, +4.36°C vs 1958-2002 normal (context line, never counted) [archive import: scored retroactively, not a live reading]",2022-02-04,scoring
2022-02-05,4.851,0.339,0,up,"DMI +80N 2022-02-05: -25.34°C, +4.85°C vs 1958-2002 normal (context line, never counted) [archive import: scored retroactively, not a live reading]",2022-02-05,scoring
2022-02-06,5.118,0.463,0,up,"DMI +80N 2022-02-06: -25.47°C, +5.12°C vs 1958-2002 normal (context line, never counted) [archive import: scored retroactively, not a live reading]",2022-02-06,scoring
2022-02-07,6.481,1.097,0,up,"DMI +80N 2022-02-07: -24.16°C, +6.48°C vs 1958-2002 normal (context line, never counted) [archive import: scored retroactively, not a live reading]",2022-02-07,scoring
2022-02-08,8.372,1.935,0,up,"DMI +80N 2022-02-08: -22.21°C, +8.37°C vs 1958-2002 normal (context line, never counted) [archive import: scored retroactively, not a live reading]",2022-02-08,scoring
2022-02-09,8.456,1.917,0,up,"DMI +80N 2022-02-09: -21.84°C, +8.46°C vs 1958-2002 normal (context line, never counted) [archive import: scored retroactively, not a live reading]",2022-02-09,scoring
2022-02-10,8.034,1.697,0,up,"DMI +80N 2022-02-10: -22.21°C, +8.03°C vs 1958-2002 normal (context line, never counted) [archive import: scored retroactively, not a live reading]",2022-02-10,scoring
2022-02-11,10.46,2.672,0,up,"DMI +80N 2022-02-11: -19.90°C, +10.46°C vs 1958-2002 normal (context line, never counted) [archive import: scored retroactively, not a live reading]",2022-02-11,scoring
2022-02-12,11.42,3.003,1,up,"DMI +80N 2022-02-12: -18.81°C, +11.42°C vs 1958-2002 normal (context line, never counted) [archive import: scored retroactively, not a live reading]",2022-02-12,scoring
2022-02-13,12.389,3.314,1,up,"DMI +80N 2022-02-13: -17.47°C, +12.39°C vs 1958-2002 normal (context line, never counted) [archive import: scored retroactively, not a live reading]",2022-02-13,scoring
2022-02-14,11.127,2.739,0,up,"DMI +80N 2022-02-14: -18.60°C, +11.13°C vs 1958-2002 normal (context line, never counted) [archive import: scored retroactively, not a live reading]",2022-02-14,scoring
2022-02-15,11.161,2.681,0,up,"DMI +80N 2022-02-15: -18.44°C, +11.16°C vs 1958-2002 normal (context line, never counted) [archive import: scored retroactively, not a live reading]",2022-02-15,scoring
2022-02-16,9.359,1.950,0,up,"DMI +80N 2022-02-16: -20.27°C, +9.36°C vs 1958-2002 normal (context line, never counted) [archive import: scored retroactively, not a live reading]",2022-02-16,scoring
2022-02-17,10.514,2.308,0,up,"DMI +80N 2022-02-17: -19.06°C, +10.51°C vs 1958-2002 normal (context line, never counted) [archive import: scored retroactively, not a live reading]",2022-02-17,scoring
2022-02-18,8.746,1.571,0,up,"DMI +80N 2022-02-18: -20.78°C, +8.75°C vs 1958-2002 normal (context line, never counted) [archive import: scored retroactively, not a live reading]",2022-02-18,scoring
2022-02-19,6.345,0.703,0,up,"DMI +80N 2022-02-19: -23.16°C, +6.34°C vs 1958-2002 normal (context line, never counted) [archive import: scored retroactively, not a live reading]",2022-02-19,scoring
2022-02-20,4.65,0.107,0,up,"DMI +80N 2022-02-20: -24.88°C, +4.65°C vs 1958-2002 normal (context line, never counted) [archive import: scored retroactively, not a live reading]",2022-02-20,scoring
2022-02-21,4.012,-0.122,0,down,"DMI +80N 2022-02-21: -25.75°C, +4.01°C vs 1958-2002 normal (context line, never counted) [archive import: scored retroactively, not a live reading]",2022-02-21,scoring
2022-02-22,3.333,-0.365,0,down,"DMI +80N 2022-02-22: -26.76°C, +3.33°C vs 1958-2002 normal (context line, never counted) [archive import: scored retroactively, not a live reading]",2022-02-22,scoring
2022-02-23,2.492,-0.679,0,down,"DMI +80N 2022-02-23: -27.96°C, +2.49°C vs 1958-2002 normal (context line, never counted) [archive import: scored retroactively, not a live reading]",2022-02-23,scoring
2022-02-24,2.825,-0.566,0,down,"DMI +80N 2022-02-24: -27.65°C, +2.83°C vs 1958-2002 normal (context line, never counted) [archive import: scored retroactively, not a live reading]",2022-02-24,scoring
2022-02-25,3.994,-0.138,0,down,"DMI +80N 2022-02-25: -26.97°C, +3.99°C vs 1958-2002 normal (context line, never counted) [archive import: scored retroactively, not a live reading]",2022-02-25,scoring
2022-02-26,5.119,0.290,0,up,"DMI +80N 2022-02-26: -25.69°C, +5.12°C vs 1958-2002 normal (context line, never counted) [archive import: scored retroactively, not a live reading]",2022-02-26,scoring
2022-02-27,7.499,1.195,0,up,"DMI +80N 2022-02-27: -22.89°C, +7.50°C vs 1958-2002 normal (context line, never counted) [archive import: scored retroactively, not a live reading]",2022-02-27,scoring
2022-02-28,8.596,1.593,0,up,"DMI +80N 2022-02-28: -21.43°C, +8.60°C vs 1958-2002 normal (context line, never counted) [archive import: scored retroactively, not a live reading]",2022-02-28,scoring
2022-03-01,6.637,0.807,0,up,"DMI +80N 2022-03-01: -23.41°C, +6.64°C vs 1958-2002 normal (context line, never counted) [archive import: scored retroactively, not a live reading]",2022-03-01,scoring
2022-03-02,6.091,0.587,0,up,"DMI +80N 2022-03-02: -23.84°C, +6.09°C vs 1958-2002 normal (context line, never counted) [archive import: scored retroactively, not a live reading]",2022-03-02,scoring
2022-03-03,5.812,0.454,0,up,"DMI +80N 2022-03-03: -23.86°C, +5.81°C vs 1958-2002 normal (context line, never counted) [archive import: scored retroactively, not a live reading]",2022-03-03,scoring
2022-03-04,4.958,0.062,0,up,"DMI +80N 2022-03-04: -24.30°C, +4.96°C vs 1958-2002 normal (context line, never counted) [archive import: scored retroactively, not a live reading]",2022-03-04,scoring
2022-03-05,4.558,-0.146,0,down,"DMI +80N 2022-03-05: -24.54°C, +4.56°C vs 1958-2002 normal (context line, never counted) [archive import: scored retroactively, not a live reading]",2022-03-05,scoring
2022-03-06,5.832,0.399,0,up,"DMI +80N 2022-03-06: -23.53°C, +5.83°C vs 1958-2002 normal (context line, never counted) [archive import: scored retroactively, not a live reading]",2022-03-06,scoring
2022-03-07,7.13,0.925,0,up,"DMI +80N 2022-03-07: -22.31°C, +7.13°C vs 1958-2002 normal (context line, never counted) [archive import: scored retroactively, not a live reading]",2022-03-07,scoring
2022-03-08,7.792,1.187,0,up,"DMI +80N 2022-03-08: -21.80°C, +7.79°C vs 1958-2002 normal (context line, never counted) [archive import: scored retroactively, not a live reading]",2022-03-08,scoring
2022-03-09,6.124,0.472,0,up,"DMI +80N 2022-03-09: -23.54°C, +6.12°C vs 1958-2002 normal (context line, never counted) [archive import: scored retroactively, not a live reading]",2022-03-09,scoring
2022-03-10,4.132,-0.410,0,down,"DMI +80N 2022-03-10: -25.50°C, +4.13°C vs 1958-2002 normal (context line, never counted) [archive import: scored retroactively, not a live reading]",2022-03-10,scoring
2022-03-11,4.178,-0.356,0,down,"DMI +80N 2022-03-11: -25.39°C, +4.18°C vs 1958-2002 normal (context line, never counted) [archive import: scored retroactively, not a live reading]",2022-03-11,scoring
2022-03-12,4.725,-0.121,0,down,"DMI +80N 2022-03-12: -24.41°C, +4.72°C vs 1958-2002 normal (context line, never counted) [archive import: scored retroactively, not a live reading]",2022-03-12,scoring
2022-03-13,7.707,1.158,0,up,"DMI +80N 2022-03-13: -21.27°C, +7.71°C vs 1958-2002 normal (context line, never counted) [archive import: scored retroactively, not a live reading]",2022-03-13,scoring
2022-03-14,13.003,3.384,1,up,"DMI +80N 2022-03-14: -15.87°C, +13.00°C vs 1958-2002 normal (context line, never counted) [archive import: scored retroactively, not a live reading]",2022-03-14,scoring
2022-03-15,13.922,3.717,1,up,"DMI +80N 2022-03-15: -14.48°C, +13.92°C vs 1958-2002 normal (context line, never counted) [archive import: scored retroactively, not a live reading]",2022-03-15,scoring
2022-03-16,15.473,4.153,1,up,"DMI +80N 2022-03-16: -12.79°C, +15.47°C vs 1958-2002 normal (context line, never counted) [archive import: scored retroactively, not a live reading]",2022-03-16,scoring
2022-03-17,11.998,2.551,0,up,"DMI +80N 2022-03-17: -15.72°C, +12.00°C vs 1958-2002 normal (context line, never counted) [archive import: scored retroactively, not a live reading]",2022-03-17,scoring
2022-03-18,9.329,1.438,0,up,"DMI +80N 2022-03-18: -18.26°C, +9.33°C vs 1958-2002 normal (context line, never counted) [archive import: scored retroactively, not a live reading]",2022-03-18,scoring
2022-03-19,6.462,0.319,0,up,"DMI +80N 2022-03-19: -21.02°C, +6.46°C vs 1958-2002 normal (context line, never counted) [archive import: scored retroactively, not a live reading]",2022-03-19,scoring
2022-03-20,4.102,-0.577,0,down,"DMI +80N 2022-03-20: -23.09°C, +4.10°C vs 1958-2002 normal (context line, never counted) [archive import: scored retroactively, not a live reading]",2022-03-20,scoring
2022-03-21,3.111,-0.964,0,down,"DMI +80N 2022-03-21: -24.41°C, +3.11°C vs 1958-2002 normal (context line, never counted) [archive import: scored retroactively, not a live reading]",2022-03-21,scoring
2022-03-22,2.621,-1.171,0,down,"DMI +80N 2022-03-22: -25.28°C, +2.62°C vs 1958-2002 normal (context line, never counted) [archive import: scored retroactively, not a live reading]",2022-03-22,scoring
2022-03-23,2.517,-1.194,0,down,"DMI +80N 2022-03-23: -24.98°C, +2.52°C vs 1958-2002 normal (context line, never counted) [archive import: scored retroactively, not a live reading]",2022-03-23,scoring
2022-03-24,2.866,-1.043,0,down,"DMI +80N 2022-03-24: -24.69°C, +2.87°C vs 1958-2002 normal (context line, never counted) [archive import: scored retroactively, not a live reading]",2022-03-24,scoring
2022-03-25,2.979,-1.011,0,down,"DMI +80N 2022-03-25: -24.60°C, +2.98°C vs 1958-2002 normal (context line, never counted) [archive import: scored retroactively, not a live reading]",2022-03-25,scoring
2022-03-26,2.524,-1.116,0,down,"DMI +80N 2022-03-26: -24.78°C, +2.52°C vs 1958-2002 normal (context line, never counted) [archive import: scored retroactively, not a live reading]",2022-03-26,scoring
2022-03-27,1.964,-1.257,0,down,"DMI +80N 2022-03-27: -25.05°C, +1.96°C vs 1958-2002 normal (context line, never counted) [archive import: scored retroactively, not a live reading]",2022-03-27,scoring
2022-03-28,2.15,-1.179,0,down,"DMI +80N 2022-03-28: -24.73°C, +2.15°C vs 1958-2002 normal (context line, never counted) [archive import: scored retroactively, not a live reading]",2022-03-28,scoring
2022-03-29,2.544,-0.987,0,down,"DMI +80N 2022-03-29: -24.25°C, +2.54°C vs 1958-2002 normal (context line, never counted) [archive import: scored retroactively, not a live reading]",2022-03-29,scoring
2022-03-30,1.701,-1.297,0,down,"DMI +80N 2022-03-30: -24.84°C, +1.70°C vs 1958-2002 normal (context line, never counted) [archive import: scored retroactively, not a live reading]",2022-03-30,scoring
2022-03-31,0.965,-1.575,0,down,"DMI +80N 2022-03-31: -25.28°C, +0.96°C vs 1958-2002 normal (context line, never counted) [archive import: scored retroactively, not a live reading]",2022-03-31,scoring
2022-04-01,1.088,-1.454,0,down,"DMI +80N 2022-04-01: -25.03°C, +1.09°C vs 1958-2002 normal (context line, never counted) [archive import: scored retroactively, not a live reading]",2022-04-01,scoring
2022-04-02,2.034,-1.057,0,down,"DMI +80N 2022-04-02: -23.77°C, +2.03°C vs 1958-2002 normal (context line, never counted) [archive import: scored retroactively, not a live reading]",2022-04-02,scoring
2022-04-03,2.162,-1.008,0,down,"DMI +80N 2022-04-03: -23.44°C, +2.16°C vs 1958-2002 normal (context line, never counted) [archive import: scored retroactively, not a live reading]",2022-04-03,scoring
2022-04-04,1.727,-1.157,0,down,"DMI +80N 2022-04-04: -23.64°C, +1.73°C vs 1958-2002 normal (context line, never counted) [archive import: scored retroactively, not a live reading]",2022-04-04,scoring
2022-04-05,1.682,-1.121,0,down,"DMI +80N 2022-04-05: -23.60°C, +1.68°C vs 1958-2002 normal (context line, never counted) [archive import: scored retroactively, not a live reading]",2022-04-05,scoring
2022-04-06,2.539,-0.773,0,down,"DMI +80N 2022-04-06: -22.60°C, +2.54°C vs 1958-2002 normal (context line, never counted) [archive import: scored retroactively, not a live reading]",2022-04-06,scoring
2022-04-07,1.891,-1.000,0,down,"DMI +80N 2022-04-07: -22.87°C, +1.89°C vs 1958-2002 normal (context line, never counted) [archive import: scored retroactively, not a live reading]",2022-04-07,scoring
2022-04-08,1.021,-1.310,0,down,"DMI +80N 2022-04-08: -23.18°C, +1.02°C vs 1958-2002 normal (context line, never counted) [archive import: scored retroactively, not a live reading]",2022-04-08,scoring
2022-04-09,0.481,-1.469,0,down,"DMI +80N 2022-04-09: -23.09°C, +0.48°C vs 1958-2002 normal (context line, never counted) [archive import: scored retroactively, not a live reading]",2022-04-09,scoring
2022-04-10,0.062,-1.560,0,down,"DMI +80N 2022-04-10: -22.95°C, +0.06°C vs 1958-2002 normal (context line, never counted) [archive import: scored retroactively, not a live reading]",2022-04-10,scoring
2022-04-11,0.049,-1.501,0,down,"DMI +80N 2022-04-11: -22.59°C, +0.05°C vs 1958-2002 normal (context line, never counted) [archive import: scored retroactively, not a live reading]",2022-04-11,scoring
2022-04-12,0.065,-1.461,0,down,"DMI +80N 2022-04-12: -22.15°C, +0.07°C vs 1958-2002 normal (context line, never counted) [archive import: scored retroactively, not a live reading]",2022-04-12,scoring
2022-04-13,0.424,-1.299,0,down,"DMI +80N 2022-04-13: -21.46°C, +0.42°C vs 1958-2002 normal (context line, never counted) [archive import: scored retroactively, not a live reading]",2022-04-13,scoring
2022-04-14,0.26,-1.331,0,down,"DMI +80N 2022-04-14: -21.48°C, +0.26°C vs 1958-2002 normal (context line, never counted) [archive import: scored retroactively, not a live reading]",2022-04-14,scoring
2022-04-15,-0.105,-1.410,0,down,"DMI +80N 2022-04-15: -21.30°C, -0.10°C vs 1958-2002 normal (context line, never counted) [archive import: scored retroactively, not a live reading]",2022-04-15,scoring
2022-04-16,-0.178,-1.399,0,down,"DMI +80N 2022-04-16: -21.08°C, -0.18°C vs 1958-2002 normal (context line, never counted) [archive import: scored retroactively, not a live reading]",2022-04-16,scoring
2022-04-17,-0.283,-1.395,0,down,"DMI +80N 2022-04-17: -20.77°C, -0.28°C vs 1958-2002 normal (context line, never counted) [archive import: scored retroactively, not a live reading]",2022-04-17,scoring
2022-04-18,-1.049,-1.561,0,down,"DMI +80N 2022-04-18: -21.00°C, -1.05°C vs 1958-2002 normal (context line, never counted) [archive import: scored retroactively, not a live reading]",2022-04-18,scoring
2022-04-19,-1.889,-1.754,0,down,"DMI +80N 2022-04-19: -21.30°C, -1.89°C vs 1958-2002 normal (context line, never counted) [archive import: scored retroactively, not a live reading]",2022-04-19,scoring
2022-04-20,-1.877,-1.702,0,down,"DMI +80N 2022-04-20: -20.79°C, -1.88°C vs 1958-2002 normal (context line, never counted) [archive import: scored retroactively, not a live reading]",2022-04-20,scoring
2022-04-21,-1.864,-1.654,0,down,"DMI +80N 2022-04-21: -20.24°C, -1.86°C vs 1958-2002 normal (context line, never counted) [archive import: scored retroactively, not a live reading]",2022-04-21,scoring
2022-04-22,-3.219,-1.977,0,down,"DMI +80N 2022-04-22: -21.11°C, -3.22°C vs 1958-2002 normal (context line, never counted) [archive import: scored retroactively, not a live reading]",2022-04-22,scoring
2022-04-23,-4.632,-2.295,0,down,"DMI +80N 2022-04-23: -22.04°C, -4.63°C vs 1958-2002 normal (context line, never counted) [archive import: scored retroactively, not a live reading]",2022-04-23,scoring
2022-04-24,-5.152,-2.355,0,down,"DMI +80N 2022-04-24: -22.14°C, -5.15°C vs 1958-2002 normal (context line, never counted) [archive import: scored retroactively, not a live reading]",2022-04-24,scoring
2022-04-25,-4.494,-2.124,0,down,"DMI +80N 2022-04-25: -21.32°C, -4.49°C vs 1958-2002 normal (context line, never counted) [archive import: scored retroactively, not a live reading]",2022-04-25,scoring
2022-04-26,-3.761,-1.886,0,down,"DMI +80N 2022-04-26: -20.19°C, -3.76°C vs 1958-2002 normal (context line, never counted) [archive import: scored retroactively, not a live reading]",2022-04-26,scoring
2022-04-27,-2.16,-1.467,0,down,"DMI +80N 2022-04-27: -18.22°C, -2.16°C vs 1958-2002 normal (context line, never counted) [archive import: scored retroactively, not a live reading]",2022-04-27,scoring
2022-04-28,-2.208,-1.447,0,down,"DMI +80N 2022-04-28: -17.57°C, -2.21°C vs 1958-2002 normal (context line, never counted) [archive import: scored retroactively, not a live reading]",2022-04-28,scoring
2022-04-29,-2.261,-1.345,0,down,"DMI +80N 2022-04-29: -17.15°C, -2.26°C vs 1958-2002 normal (context line, never counted) [archive import: scored retroactively, not a live reading]",2022-04-29,scoring
2022-04-30,-1.678,-1.193,0,down,"DMI +80N 2022-04-30: -16.21°C, -1.68°C vs 1958-2002 normal (context line, never counted) [archive import: scored retroactively, not a live reading]",2022-04-30,scoring
2022-05-01,-0.526,-0.927,0,down,"DMI +80N 2022-05-01: -14.67°C, -0.53°C vs 1958-2002 normal (context line, never counted) [archive import: scored retroactively, not a live reading]",2022-05-01,scoring
2022-05-02,0.02,-0.799,0,down,"DMI +80N 2022-05-02: -13.82°C, +0.02°C vs 1958-2002 normal (context line, never counted) [archive import: scored retroactively, not a live reading]",2022-05-02,scoring
2022-05-03,0.467,-0.599,0,down,"DMI +80N 2022-05-03: -12.83°C, +0.47°C vs 1958-2002 normal (context line, never counted) [archive import: scored retroactively, not a live reading]",2022-05-03,scoring
2022-05-04,1.035,-0.439,0,down,"DMI +80N 2022-05-04: -11.93°C, +1.03°C vs 1958-2002 normal (context line, never counted) [archive import: scored retroactively, not a live reading]",2022-05-04,scoring
2022-05-05,1.026,-0.416,0,down,"DMI +80N 2022-05-05: -11.61°C, +1.03°C vs 1958-2002 normal (context line, never counted) [archive import: scored retroactively, not a live reading]",2022-05-05,scoring
2022-05-06,0.18,-0.586,0,down,"DMI +80N 2022-05-06: -11.91°C, +0.18°C vs 1958-2002 normal (context line, never counted) [archive import: scored retroactively, not a live reading]",2022-05-06,scoring
2022-05-07,0.53,-0.485,0,down,"DMI +80N 2022-05-07: -11.04°C, +0.53°C vs 1958-2002 normal (context line, never counted) [archive import: scored retroactively, not a live reading]",2022-05-07,scoring
2022-05-08,-0.174,-0.615,0,down,"DMI +80N 2022-05-08: -11.37°C, -0.17°C vs 1958-2002 normal (context line, never counted) [archive import: scored retroactively, not a live reading]",2022-05-08,scoring
2022-05-09,-0.26,-0.629,0,down,"DMI +80N 2022-05-09: -10.98°C, -0.26°C vs 1958-2002 normal (context line, never counted) [archive import: scored retroactively, not a live reading]",2022-05-09,scoring
2022-05-10,-0.252,-0.631,0,down,"DMI +80N 2022-05-10: -10.56°C, -0.25°C vs 1958-2002 normal (context line, never counted) [archive import: scored retroactively, not a live reading]",2022-05-10,scoring
2022-05-11,-0.029,-0.589,0,down,"DMI +80N 2022-05-11: -9.91°C, -0.03°C vs 1958-2002 normal (context line, never counted) [archive import: scored retroactively, not a live reading]",2022-05-11,scoring
2022-05-12,0.37,-0.499,0,down,"DMI +80N 2022-05-12: -9.27°C, +0.37°C vs 1958-2002 normal (context line, never counted) [archive import: scored retroactively, not a live reading]",2022-05-12,scoring
2022-05-13,0.247,-0.495,0,down,"DMI +80N 2022-05-13: -9.19°C, +0.25°C vs 1958-2002 normal (context line, never counted) [archive import: scored retroactively, not a live reading]",2022-05-13,scoring
2022-05-14,-0.503,-0.645,0,down,"DMI +80N 2022-05-14: -9.59°C, -0.50°C vs 1958-2002 normal (context line, never counted) [archive import: scored retroactively, not a live reading]",2022-05-14,scoring
2022-05-15,-1.193,-0.812,0,down,"DMI +80N 2022-05-15: -9.95°C, -1.19°C vs 1958-2002 normal (context line, never counted) [archive import: scored retroactively, not a live reading]",2022-05-15,scoring
2022-05-16,-1.1,-0.787,0,down,"DMI +80N 2022-05-16: -9.57°C, -1.10°C vs 1958-2002 normal (context line, never counted) [archive import: scored retroactively, not a live reading]",2022-05-16,scoring
2022-05-17,-1.059,-0.784,0,down,"DMI +80N 2022-05-17: -9.15°C, -1.06°C vs 1958-2002 normal (context line, never counted) [archive import: scored retroactively, not a live reading]",2022-05-17,scoring
2022-05-18,-1.883,-1.003,0,down,"DMI +80N 2022-05-18: -9.39°C, -1.88°C vs 1958-2002 normal (context line, never counted) [archive import: scored retroactively, not a live reading]",2022-05-18,scoring
2022-05-19,-2.654,-1.207,0,down,"DMI +80N 2022-05-19: -9.56°C, -2.65°C vs 1958-2002 normal (context line, never counted) [archive import: scored retroactively, not a live reading]",2022-05-19,scoring
2022-05-20,-3.183,-1.359,0,down,"DMI +80N 2022-05-20: -9.62°C, -3.18°C vs 1958-2002 normal (context line, never counted) [archive import: scored retroactively, not a live reading]",2022-05-20,scoring
2022-05-21,-3.233,-1.287,0,down,"DMI +80N 2022-05-21: -9.18°C, -3.23°C vs 1958-2002 normal (context line, never counted) [archive import: scored retroactively, not a live reading]",2022-05-21,scoring
2022-05-22,-2.444,-0.975,0,down,"DMI +80N 2022-05-22: -7.96°C, -2.44°C vs 1958-2002 normal (context line, never counted) [archive import: scored retroactively, not a live reading]",2022-05-22,scoring
2022-05-24,-2.168,-0.888,0,down,"DMI +80N 2022-05-24: -6.80°C, -2.17°C vs 1958-2002 normal (context line, never counted) [archive import: scored retroactively, not a live reading]",2022-05-24,scoring
2022-05-25,-2.131,-0.870,0,down,"DMI +80N 2022-05-25: -6.42°C, -2.13°C vs 1958-2002 normal (context line, never counted) [archive import: scored retroactively, not a live reading]",2022-05-25,scoring
2022-05-26,-2.148,-0.864,0,down,"DMI +80N 2022-05-26: -6.02°C, -2.15°C vs 1958-2002 normal (context line, never counted) [archive import: scored retroactively, not a live reading]",2022-05-26,scoring
2022-05-27,-2.098,-0.783,0,down,"DMI +80N 2022-05-27: -5.57°C, -2.10°C vs 1958-2002 normal (context line, never counted) [archive import: scored retroactively, not a live reading]",2022-05-27,scoring
2022-05-28,-2.144,-0.735,0,down,"DMI +80N 2022-05-28: -5.22°C, -2.14°C vs 1958-2002 normal (context line, never counted) [archive import: scored retroactively, not a live reading]",2022-05-28,scoring
2022-05-29,-1.059,-0.431,0,down,"DMI +80N 2022-05-29: -3.82°C, -1.06°C vs 1958-2002 normal (context line, never counted) [archive import: scored retroactively, not a live reading]",2022-05-29,scoring
2022-05-30,-0.696,-0.328,0,down,"DMI +80N 2022-05-30: -3.14°C, -0.70°C vs 1958-2002 normal (context line, never counted) [archive import: scored retroactively, not a live reading]",2022-05-30,scoring
2022-05-31,-1.528,-0.567,0,down,"DMI +80N 2022-05-31: -3.80°C, -1.53°C vs 1958-2002 normal (context line, never counted) [archive import: scored retroactively, not a live reading]",2022-05-31,scoring
2022-06-01,-1.705,-0.606,0,down,"DMI +80N 2022-06-01: -3.67°C, -1.71°C vs 1958-2002 normal (context line, never counted) [archive import: scored retroactively, not a live reading]",2022-06-01,scoring
2022-06-02,-2.01,-0.694,0,down,"DMI +80N 2022-06-02: -3.70°C, -2.01°C vs 1958-2002 normal (context line, never counted) [archive import: scored retroactively, not a live reading]",2022-06-02,scoring
2022-06-03,-2.002,-0.691,0,down,"DMI +80N 2022-06-03: -3.44°C, -2.00°C vs 1958-2002 normal (context line, never counted) [archive import: scored retroactively, not a live reading]",2022-06-03,scoring
2022-06-04,-2.061,-0.693,0,down,"DMI +80N 2022-06-04: -3.28°C, -2.06°C vs 1958-2002 normal (context line, never counted) [archive import: scored retroactively, not a live reading]",2022-06-04,scoring
2022-06-05,-1.912,-0.646,0,down,"DMI +80N 2022-06-05: -3.00°C, -1.91°C vs 1958-2002 normal (context line, never counted) [archive import: scored retroactively, not a live reading]",2022-06-05,scoring
2022-06-06,-1.291,-0.456,0,down,"DMI +80N 2022-06-06: -2.18°C, -1.29°C vs 1958-2002 normal (context line, never counted) [archive import: scored retroactively, not a live reading]",2022-06-06,scoring
2022-06-07,-0.732,-0.273,0,down,"DMI +80N 2022-06-07: -1.42°C, -0.73°C vs 1958-2002 normal (context line, never counted) [archive import: scored retroactively, not a live reading]",2022-06-07,scoring
2022-06-08,-0.739,-0.272,0,down,"DMI +80N 2022-06-08: -1.31°C, -0.74°C vs 1958-2002 normal (context line, never counted) [archive import: scored retroactively, not a live reading]",2022-06-08,scoring
2022-06-09,-0.746,-0.263,0,down,"DMI +80N 2022-06-09: -1.20°C, -0.75°C vs 1958-2002 normal (context line, never counted) [archive import: scored retroactively, not a live reading]",2022-06-09,scoring
2022-06-10,-0.684,-0.218,0,down,"DMI +80N 2022-06-10: -0.95°C, -0.68°C vs 1958-2002 normal (context line, never counted) [archive import: scored retroactively, not a live reading]",2022-06-10,scoring
2022-06-11,-0.743,-0.232,0,down,"DMI +80N 2022-06-11: -0.84°C, -0.74°C vs 1958-2002 normal (context line, never counted) [archive import: scored retroactively, not a live reading]",2022-06-11,scoring
2022-06-12,-0.736,-0.219,0,down,"DMI +80N 2022-06-12: -0.71°C, -0.74°C vs 1958-2002 normal (context line, never counted) [archive import: scored retroactively, not a live reading]",2022-06-12,scoring
2022-06-13,-0.688,-0.187,0,down,"DMI +80N 2022-06-13: -0.57°C, -0.69°C vs 1958-2002 normal (context line, never counted) [archive import: scored retroactively, not a live reading]",2022-06-13,scoring
2022-06-14,-0.661,-0.174,0,down,"DMI +80N 2022-06-14: -0.45°C, -0.66°C vs 1958-2002 normal (context line, never counted) [archive import: scored retroactively, not a live reading]",2022-06-14,scoring
2022-06-15,-0.578,-0.086,0,down,"DMI +80N 2022-06-15: -0.24°C, -0.58°C vs 1958-2002 normal (context line, never counted) [archive import: scored retroactively, not a live reading]",2022-06-15,scoring
2022-06-16,-0.675,-0.077,0,down,"DMI +80N 2022-06-16: -0.28°C, -0.68°C vs 1958-2002 normal (context line, never counted) [archive import: scored retroactively, not a live reading]",2022-06-16,scoring
2022-06-17,-0.69,-0.068,0,down,"DMI +80N 2022-06-17: -0.23°C, -0.69°C vs 1958-2002 normal (context line, never counted) [archive import: scored retroactively, not a live reading]",2022-06-17,scoring
2022-06-18,-0.891,-0.138,0,down,"DMI +80N 2022-06-18: -0.32°C, -0.89°C vs 1958-2002 normal (context line, never counted) [archive import: scored retroactively, not a live reading]",2022-06-18,scoring
2022-06-19,-0.776,-0.058,0,down,"DMI +80N 2022-06-19: -0.10°C, -0.78°C vs 1958-2002 normal (context line, never counted) [archive import: scored retroactively, not a live reading]",2022-06-19,scoring
2022-06-20,-0.569,0.062,0,up,"DMI +80N 2022-06-20: 0.18°C, -0.57°C vs 1958-2002 normal (context line, never counted) [archive import: scored retroactively, not a live reading]",2022-06-20,scoring
2022-06-21,-0.647,0.019,0,up,"DMI +80N 2022-06-21: 0.20°C, -0.65°C vs 1958-2002 normal (context line, never counted) [archive import: scored retroactively, not a live reading]",2022-06-21,scoring
2022-06-22,-0.53,0.088,0,up,"DMI +80N 2022-06-22: 0.36°C, -0.53°C vs 1958-2002 normal (context line, never counted) [archive import: scored retroactively, not a live reading]",2022-06-22,scoring
2022-06-23,-0.41,0.161,0,up,"DMI +80N 2022-06-23: 0.47°C, -0.41°C vs 1958-2002 normal (context line, never counted) [archive import: scored retroactively, not a live reading]",2022-06-23,scoring
2022-06-24,-0.49,0.117,0,up,"DMI +80N 2022-06-24: 0.47°C, -0.49°C vs 1958-2002 normal (context line, never counted) [archive import: scored retroactively, not a live reading]",2022-06-24,scoring
2022-06-25,-0.434,0.159,0,up,"DMI +80N 2022-06-25: 0.60°C, -0.43°C vs 1958-2002 normal (context line, never counted) [archive import: scored retroactively, not a live reading]",2022-06-25,scoring
2022-06-26,-0.377,0.204,0,up,"DMI +80N 2022-06-26: 0.67°C, -0.38°C vs 1958-2002 normal (context line, never counted) [archive import: scored retroactively, not a live reading]",2022-06-26,scoring
2022-06-27,-0.304,0.265,0,up,"DMI +80N 2022-06-27: 0.77°C, -0.30°C vs 1958-2002 normal (context line, never counted) [archive import: scored retroactively, not a live reading]",2022-06-27,scoring
2022-06-28,-0.119,0.410,0,up,"DMI +80N 2022-06-28: 1.01°C, -0.12°C vs 1958-2002 normal (context line, never counted) [archive import: scored retroactively, not a live reading]",2022-06-28,scoring
2022-06-29,-0.334,0.263,0,up,"DMI +80N 2022-06-29: 0.83°C, -0.33°C vs 1958-2002 normal (context line, never counted) [archive import: scored retroactively, not a live reading]",2022-06-29,scoring
2022-06-30,-0.391,0.229,0,up,"DMI +80N 2022-06-30: 0.81°C, -0.39°C vs 1958-2002 normal (context line, never counted) [archive import: scored retroactively, not a live reading]",2022-06-30,scoring
2022-07-01,-0.49,0.156,0,up,"DMI +80N 2022-07-01: 0.72°C, -0.49°C vs 1958-2002 normal (context line, never counted) [archive import: scored retroactively, not a live reading]",2022-07-01,scoring
2022-07-02,-0.673,0.005,0,up,"DMI +80N 2022-07-02: 0.54°C, -0.67°C vs 1958-2002 normal (context line, never counted) [archive import: scored retroactively, not a live reading]",2022-07-02,scoring
2022-07-03,-0.703,-0.021,0,down,"DMI +80N 2022-07-03: 0.52°C, -0.70°C vs 1958-2002 normal (context line, never counted) [archive import: scored retroactively, not a live reading]",2022-07-03,scoring
2022-07-04,-0.948,-0.241,0,down,"DMI +80N 2022-07-04: 0.30°C, -0.95°C vs 1958-2002 normal (context line, never counted) [archive import: scored retroactively, not a live reading]",2022-07-04,scoring
2022-07-05,-0.934,-0.232,0,down,"DMI +80N 2022-07-05: 0.28°C, -0.93°C vs 1958-2002 normal (context line, never counted) [archive import: scored retroactively, not a live reading]",2022-07-05,scoring
2022-07-06,-0.864,-0.167,0,down,"DMI +80N 2022-07-06: 0.36°C, -0.86°C vs 1958-2002 normal (context line, never counted) [archive import: scored retroactively, not a live reading]",2022-07-06,scoring
2022-07-07,-0.614,0.088,0,up,"DMI +80N 2022-07-07: 0.59°C, -0.61°C vs 1958-2002 normal (context line, never counted) [archive import: scored retroactively, not a live reading]",2022-07-07,scoring
2022-07-08,-0.648,0.055,0,up,"DMI +80N 2022-07-08: 0.61°C, -0.65°C vs 1958-2002 normal (context line, never counted) [archive import: scored retroactively, not a live reading]",2022-07-08,scoring
2022-07-09,-0.732,-0.037,0,down,"DMI +80N 2022-07-09: 0.52°C, -0.73°C vs 1958-2002 normal (context line, never counted) [archive import: scored retroactively, not a live reading]",2022-07-09,scoring
2022-07-10,-0.72,-0.003,0,down,"DMI +80N 2022-07-10: 0.56°C, -0.72°C vs 1958-2002 normal (context line, never counted) [archive import: scored retroactively, not a live reading]",2022-07-10,scoring
2022-07-11,-0.861,-0.160,0,down,"DMI +80N 2022-07-11: 0.40°C, -0.86°C vs 1958-2002 normal (context line, never counted) [archive import: scored retroactively, not a live reading]",2022-07-11,scoring
2022-07-12,-0.707,0.030,0,up,"DMI +80N 2022-07-12: 0.55°C, -0.71°C vs 1958-2002 normal (context line, never counted) [archive import: scored retroactively, not a live reading]",2022-07-12,scoring
2022-07-13,-0.772,-0.050,0,down,"DMI +80N 2022-07-13: 0.51°C, -0.77°C vs 1958-2002 normal (context line, never counted) [archive import: scored retroactively, not a live reading]",2022-07-13,scoring
2022-07-14,-0.643,0.118,0,up,"DMI +80N 2022-07-14: 0.68°C, -0.64°C vs 1958-2002 normal (context line, never counted) [archive import: scored retroactively, not a live reading]",2022-07-14,scoring
2022-07-15,-0.311,0.564,0,up,"DMI +80N 2022-07-15: 0.96°C, -0.31°C vs 1958-2002 normal (context line, never counted) [archive import: scored retroactively, not a live reading]",2022-07-15,scoring
2022-07-16,0.122,1.154,0,up,"DMI +80N 2022-07-16: 1.40°C, +0.12°C vs 1958-2002 normal (context line, never counted) [archive import: scored retroactively, not a live reading]",2022-07-16,scoring
2022-07-17,0.485,1.624,0,up,"DMI +80N 2022-07-17: 1.76°C, +0.48°C vs 1958-2002 normal (context line, never counted) [archive import: scored retroactively, not a live reading]",2022-07-17,scoring
2022-07-18,0.039,1.019,0,up,"DMI +80N 2022-07-18: 1.34°C, +0.04°C vs 1958-2002 normal (context line, never counted) [archive import: scored retroactively, not a live reading]",2022-07-18,scoring
2022-07-19,0.123,1.108,0,up,"DMI +80N 2022-07-19: 1.46°C, +0.12°C vs 1958-2002 normal (context line, never counted) [archive import: scored retroactively, not a live reading]",2022-07-19,scoring
2022-07-20,0.052,1.005,0,up,"DMI +80N 2022-07-20: 1.34°C, +0.05°C vs 1958-2002 normal (context line, never counted) [archive import: scored retroactively, not a live reading]",2022-07-20,scoring
2022-07-21,-0.249,0.600,0,up,"DMI +80N 2022-07-21: 1.01°C, -0.25°C vs 1958-2002 normal (context line, never counted) [archive import: scored retroactively, not a live reading]",2022-07-21,scoring
2022-07-22,-0.358,0.450,0,up,"DMI +80N 2022-07-22: 0.85°C, -0.36°C vs 1958-2002 normal (context line, never counted) [archive import: scored retroactively, not a live reading]",2022-07-22,scoring
2022-07-23,-0.416,0.378,0,up,"DMI +80N 2022-07-23: 0.76°C, -0.42°C vs 1958-2002 normal (context line, never counted) [archive import: scored retroactively, not a live reading]",2022-07-23,scoring
2022-07-24,-0.534,0.225,0,up,"DMI +80N 2022-07-24: 0.64°C, -0.53°C vs 1958-2002 normal (context line, never counted) [archive import: scored retroactively, not a live reading]",2022-07-24,scoring
2022-07-25,-0.387,0.443,0,up,"DMI +80N 2022-07-25: 0.76°C, -0.39°C vs 1958-2002 normal (context line, never counted) [archive import: scored retroactively, not a live reading]",2022-07-25,scoring
2022-07-26,-0.352,0.514,0,up,"DMI +80N 2022-07-26: 0.80°C, -0.35°C vs 1958-2002 normal (context line, never counted) [archive import: scored retroactively, not a live reading]",2022-07-26,scoring
2022-07-27,-0.288,0.618,0,up,"DMI +80N 2022-07-27: 0.81°C, -0.29°C vs 1958-2002 normal (context line, never counted) [archive import: scored retroactively, not a live reading]",2022-07-27,scoring
2022-07-28,-0.333,0.548,0,up,"DMI +80N 2022-07-28: 0.74°C, -0.33°C vs 1958-2002 normal (context line, never counted) [archive import: scored retroactively, not a live reading]",2022-07-28,scoring
2022-07-29,-0.359,0.503,0,up,"DMI +80N 2022-07-29: 0.72°C, -0.36°C vs 1958-2002 normal (context line, never counted) [archive import: scored retroactively, not a live reading]",2022-07-29,scoring
2022-07-30,-0.263,0.651,0,up,"DMI +80N 2022-07-30: 0.73°C, -0.26°C vs 1958-2002 normal (context line, never counted) [archive import: scored retroactively, not a live reading]",2022-07-30,scoring
2022-07-31,-0.251,0.679,0,up,"DMI +80N 2022-07-31: 0.71°C, -0.25°C vs 1958-2002 normal (context line, never counted) [archive import: scored retroactively, not a live reading]",2022-07-31,scoring
2022-08-01,-0.339,0.513,0,up,"DMI +80N 2022-08-01: 0.62°C, -0.34°C vs 1958-2002 normal (context line, never counted) [archive import: scored retroactively, not a live reading]",2022-08-01,scoring
2022-08-02,-0.247,0.683,0,up,"DMI +80N 2022-08-02: 0.68°C, -0.25°C vs 1958-2002 normal (context line, never counted) [archive import: scored retroactively, not a live reading]",2022-08-02,scoring
2022-08-03,-0.078,1.001,0,up,"DMI +80N 2022-08-03: 0.75°C, -0.08°C vs 1958-2002 normal (context line, never counted) [archive import: scored retroactively, not a live reading]",2022-08-03,scoring
2022-08-04,-0.145,0.910,0,up,"DMI +80N 2022-08-04: 0.62°C, -0.14°C vs 1958-2002 normal (context line, never counted) [archive import: scored retroactively, not a live reading]",2022-08-04,scoring
2022-08-05,-0.14,0.945,0,up,"DMI +80N 2022-08-05: 0.55°C, -0.14°C vs 1958-2002 normal (context line, never counted) [archive import: scored retroactively, not a live reading]",2022-08-05,scoring
2022-08-06,-0.096,1.052,0,up,"DMI +80N 2022-08-06: 0.56°C, -0.10°C vs 1958-2002 normal (context line, never counted) [archive import: scored retroactively, not a live reading]",2022-08-06,scoring
2022-08-07,-0.044,1.170,0,up,"DMI +80N 2022-08-07: 0.53°C, -0.04°C vs 1958-2002 normal (context line, never counted) [archive import: scored retroactively, not a live reading]",2022-08-07,scoring
2022-08-08,-0.241,0.781,0,up,"DMI +80N 2022-08-08: 0.31°C, -0.24°C vs 1958-2002 normal (context line, never counted) [archive import: scored retroactively, not a live reading]",2022-08-08,scoring
2022-08-09,-0.381,0.510,0,up,"DMI +80N 2022-08-09: 0.11°C, -0.38°C vs 1958-2002 normal (context line, never counted) [archive import: scored retroactively, not a live reading]",2022-08-09,scoring
2022-08-10,-0.281,0.702,0,up,"DMI +80N 2022-08-10: 0.14°C, -0.28°C vs 1958-2002 normal (context line, never counted) [archive import: scored retroactively, not a live reading]",2022-08-10,scoring
2022-08-11,-0.088,1.084,0,up,"DMI +80N 2022-08-11: 0.25°C, -0.09°C vs 1958-2002 normal (context line, never counted) [archive import: scored retroactively, not a live reading]",2022-08-11,scoring
2022-08-12,-0.019,1.234,0,up,"DMI +80N 2022-08-12: 0.27°C, -0.02°C vs 1958-2002 normal (context line, never counted) [archive import: scored retroactively, not a live reading]",2022-08-12,scoring
2022-08-13,0.199,1.675,0,up,"DMI +80N 2022-08-13: 0.43°C, +0.20°C vs 1958-2002 normal (context line, never counted) [archive import: scored retroactively, not a live reading]",2022-08-13,scoring
2022-08-14,0.234,1.695,0,up,"DMI +80N 2022-08-14: 0.43°C, +0.23°C vs 1958-2002 normal (context line, never counted) [archive import: scored retroactively, not a live reading]",2022-08-14,scoring
2022-08-15,0.171,1.575,0,up,"DMI +80N 2022-08-15: 0.33°C, +0.17°C vs 1958-2002 normal (context line, never counted) [archive import: scored retroactively, not a live reading]",2022-08-15,scoring
2022-08-16,0.189,1.578,0,up,"DMI +80N 2022-08-16: 0.27°C, +0.19°C vs 1958-2002 normal (context line, never counted) [archive import: scored retroactively, not a live reading]",2022-08-16,scoring
2022-08-17,0.191,1.519,0,up,"DMI +80N 2022-08-17: 0.15°C, +0.19°C vs 1958-2002 normal (context line, never counted) [archive import: scored retroactively, not a live reading]",2022-08-17,scoring
2022-08-18,0.28,1.654,0,up,"DMI +80N 2022-08-18: 0.11°C, +0.28°C vs 1958-2002 normal (context line, never counted) [archive import: scored retroactively, not a live reading]",2022-08-18,scoring
2022-08-19,0.496,2.039,0,up,"DMI +80N 2022-08-19: 0.14°C, +0.50°C vs 1958-2002 normal (context line, never counted) [archive import: scored retroactively, not a live reading]",2022-08-19,scoring
2022-08-20,0.514,2.036,0,up,"DMI +80N 2022-08-20: 0.01°C, +0.51°C vs 1958-2002 normal (context line, never counted) [archive import: scored retroactively, not a live reading]",2022-08-20,scoring
2022-08-21,0.602,2.164,0,up,"DMI +80N 2022-08-21: -0.11°C, +0.60°C vs 1958-2002 normal (context line, never counted) [archive import: scored retroactively, not a live reading]",2022-08-21,scoring
2022-08-22,0.672,2.281,0,up,"DMI +80N 2022-08-22: -0.24°C, +0.67°C vs 1958-2002 normal (context line, never counted) [archive import: scored retroactively, not a live reading]",2022-08-22,scoring
2022-08-23,0.671,2.205,0,up,"DMI +80N 2022-08-23: -0.42°C, +0.67°C vs 1958-2002 normal (context line, never counted) [archive import: scored retroactively, not a live reading]",2022-08-23,scoring
2022-08-24,0.479,1.759,0,up,"DMI +80N 2022-08-24: -0.76°C, +0.48°C vs 1958-2002 normal (context line, never counted) [archive import: scored retroactively, not a live reading]",2022-08-24,scoring
2022-08-25,0.324,1.434,0,up,"DMI +80N 2022-08-25: -0.97°C, +0.32°C vs 1958-2002 normal (context line, never counted) [archive import: scored retroactively, not a live reading]",2022-08-25,scoring
2022-08-26,0.378,1.528,0,up,"DMI +80N 2022-08-26: -1.11°C, +0.38°C vs 1958-2002 normal (context line, never counted) [archive import: scored retroactively, not a live reading]",2022-08-26,scoring
2022-08-27,0.938,2.626,0,up,"DMI +80N 2022-08-27: -0.89°C, +0.94°C vs 1958-2002 normal (context line, never counted) [archive import: scored retroactively, not a live reading]",2022-08-27,scoring
2022-08-28,1.184,3.090,1,up,"DMI +80N 2022-08-28: -0.96°C, +1.18°C vs 1958-2002 normal (context line, never counted) [archive import: scored retroactively, not a live reading]",2022-08-28,scoring
2022-08-29,1.25,3.132,1,up,"DMI +80N 2022-08-29: -1.15°C, +1.25°C vs 1958-2002 normal (context line, never counted) [archive import: scored retroactively, not a live reading]",2022-08-29,scoring
2022-08-30,1.308,3.222,1,up,"DMI +80N 2022-08-30: -1.42°C, +1.31°C vs 1958-2002 normal (context line, never counted) [archive import: scored retroactively, not a live reading]",2022-08-30,scoring
2022-08-31,1.363,3.309,1,up,"DMI +80N 2022-08-31: -1.65°C, +1.36°C vs 1958-2002 normal (context line, never counted) [archive import: scored retroactively, not a live reading]",2022-08-31,scoring
2022-09-01,1.644,3.843,1,up,"DMI +80N 2022-09-01: -1.60°C, +1.64°C vs 1958-2002 normal (context line, never counted) [archive import: scored retroactively, not a live reading]",2022-09-01,scoring
2022-09-02,1.348,3.242,1,up,"DMI +80N 2022-09-02: -2.17°C, +1.35°C vs 1958-2002 normal (context line, never counted) [archive import: scored retroactively, not a live reading]",2022-09-02,scoring
2022-09-03,1.339,3.221,1,up,"DMI +80N 2022-09-03: -2.36°C, +1.34°C vs 1958-2002 normal (context line, never counted) [archive import: scored retroactively, not a live reading]",2022-09-03,scoring
2022-09-04,1.5,3.539,1,up,"DMI +80N 2022-09-04: -2.51°C, +1.50°C vs 1958-2002 normal (context line, never counted) [archive import: scored retroactively, not a live reading]",2022-09-04,scoring
2022-09-05,1.414,3.365,1,up,"DMI +80N 2022-09-05: -2.88°C, +1.41°C vs 1958-2002 normal (context line, never counted) [archive import: scored retroactively, not a live reading]",2022-09-05,scoring
2022-09-06,1.484,3.416,1,up,"DMI +80N 2022-09-06: -3.14°C, +1.48°C vs 1958-2002 normal (context line, never counted) [archive import: scored retroactively, not a live reading]",2022-09-06,scoring
2022-09-07,2.645,5.453,1,up,"DMI +80N 2022-09-07: -2.36°C, +2.65°C vs 1958-2002 normal (context line, never counted) [archive import: scored retroactively, not a live reading]",2022-09-07,scoring
2022-09-08,3.221,6.300,1,up,"DMI +80N 2022-09-08: -2.15°C, +3.22°C vs 1958-2002 normal (context line, never counted) [archive import: scored retroactively, not a live reading]",2022-09-08,scoring
2022-09-09,2.794,5.346,1,up,"DMI +80N 2022-09-09: -2.63°C, +2.79°C vs 1958-2002 normal (context line, never counted) [archive import: scored retroactively, not a live reading]",2022-09-09,scoring
2022-09-10,2.701,5.009,1,up,"DMI +80N 2022-09-10: -2.97°C, +2.70°C vs 1958-2002 normal (context line, never counted) [archive import: scored retroactively, not a live reading]",2022-09-10,scoring
2022-09-11,2.491,4.543,1,up,"DMI +80N 2022-09-11: -3.42°C, +2.49°C vs 1958-2002 normal (context line, never counted) [archive import: scored retroactively, not a live reading]",2022-09-11,scoring
2022-09-12,2.647,4.715,1,up,"DMI +80N 2022-09-12: -3.56°C, +2.65°C vs 1958-2002 normal (context line, never counted) [archive import: scored retroactively, not a live reading]",2022-09-12,scoring
2022-09-13,3.295,5.666,1,up,"DMI +80N 2022-09-13: -3.23°C, +3.29°C vs 1958-2002 normal (context line, never counted) [archive import: scored retroactively, not a live reading]",2022-09-13,scoring
2022-09-14,3.901,6.317,1,up,"DMI +80N 2022-09-14: -3.00°C, +3.90°C vs 1958-2002 normal (context line, never counted) [archive import: scored retroactively, not a live reading]",2022-09-14,scoring
2022-09-15,3.696,5.734,1,up,"DMI +80N 2022-09-15: -3.54°C, +3.70°C vs 1958-2002 normal (context line, never counted) [archive import: scored retroactively, not a live reading]",2022-09-15,scoring
2022-09-16,3.507,5.297,1,up,"DMI +80N 2022-09-16: -4.05°C, +3.51°C vs 1958-2002 normal (context line, never counted) [archive import: scored retroactively, not a live reading]",2022-09-16,scoring
2022-09-17,3.564,5.267,1,up,"DMI +80N 2022-09-17: -4.42°C, +3.56°C vs 1958-2002 normal (context line, never counted) [archive import: scored retroactively, not a live reading]",2022-09-17,scoring
2022-09-18,3.102,4.499,1,up,"DMI +80N 2022-09-18: -5.19°C, +3.10°C vs 1958-2002 normal (context line, never counted) [archive import: scored retroactively, not a live reading]",2022-09-18,scoring
2022-09-19,2.774,3.896,1,up,"DMI +80N 2022-09-19: -6.03°C, +2.77°C vs 1958-2002 normal (context line, never counted) [archive import: scored retroactively, not a live reading]",2022-09-19,scoring
2022-09-20,2.488,3.340,1,up,"DMI +80N 2022-09-20: -6.58°C, +2.49°C vs 1958-2002 normal (context line, never counted) [archive import: scored retroactively, not a live reading]",2022-09-20,scoring
2022-09-21,2.21,2.842,0,up,"DMI +80N 2022-09-21: -7.12°C, +2.21°C vs 1958-2002 normal (context line, never counted) [archive import: scored retroactively, not a live reading]",2022-09-21,scoring
2022-09-22,2.41,2.916,0,up,"DMI +80N 2022-09-22: -7.30°C, +2.41°C vs 1958-2002 normal (context line, never counted) [archive import: scored retroactively, not a live reading]",2022-09-22,scoring
2022-09-23,2.82,3.262,1,up,"DMI +80N 2022-09-23: -7.10°C, +2.82°C vs 1958-2002 normal (context line, never counted) [archive import: scored retroactively, not a live reading]",2022-09-23,scoring
2022-09-24,4.094,4.562,1,up,"DMI +80N 2022-09-24: -6.24°C, +4.09°C vs 1958-2002 normal (context line, never counted) [archive import: scored retroactively, not a live reading]",2022-09-24,scoring
2022-09-25,5.613,5.962,1,up,"DMI +80N 2022-09-25: -5.10°C, +5.61°C vs 1958-2002 normal (context line, never counted) [archive import: scored retroactively, not a live reading]",2022-09-25,scoring
2022-09-26,5.989,6.117,1,up,"DMI +80N 2022-09-26: -4.96°C, +5.99°C vs 1958-2002 normal (context line, never counted) [archive import: scored retroactively, not a live reading]",2022-09-26,scoring
2022-09-27,5.945,5.803,1,up,"DMI +80N 2022-09-27: -5.15°C, +5.95°C vs 1958-2002 normal (context line, never counted) [archive import: scored retroactively, not a live reading]",2022-09-27,scoring
2022-09-28,4.944,4.636,1,up,"DMI +80N 2022-09-28: -6.43°C, +4.94°C vs 1958-2002 normal (context line, never counted) [archive import: scored retroactively, not a live reading]",2022-09-28,scoring
2022-09-29,4.782,4.227,1,up,"DMI +80N 2022-09-29: -6.98°C, +4.78°C vs 1958-2002 normal (context line, never counted) [archive import: scored retroactively, not a live reading]",2022-09-29,scoring
2022-09-30,4.99,4.233,1,up,"DMI +80N 2022-09-30: -7.24°C, +4.99°C vs 1958-2002 normal (context line, never counted) [archive import: scored retroactively, not a live reading]",2022-09-30,scoring
2022-10-01,4.858,3.924,1,up,"DMI +80N 2022-10-01: -7.72°C, +4.86°C vs 1958-2002 normal (context line, never counted) [archive import: scored retroactively, not a live reading]",2022-10-01,scoring
2022-10-02,5.137,4.014,1,up,"DMI +80N 2022-10-02: -7.75°C, +5.14°C vs 1958-2002 normal (context line, never counted) [archive import: scored retroactively, not a live reading]",2022-10-02,scoring
2022-10-03,4.856,3.707,1,up,"DMI +80N 2022-10-03: -8.44°C, +4.86°C vs 1958-2002 normal (context line, never counted) [archive import: scored retroactively, not a live reading]",2022-10-03,scoring
2022-10-04,3.931,2.862,0,up,"DMI +80N 2022-10-04: -9.70°C, +3.93°C vs 1958-2002 normal (context line, never counted) [archive import: scored retroactively, not a live reading]",2022-10-04,scoring
2022-10-05,3.893,2.754,0,up,"DMI +80N 2022-10-05: -9.79°C, +3.89°C vs 1958-2002 normal (context line, never counted) [archive import: scored retroactively, not a live reading]",2022-10-05,scoring
2022-10-06,4.309,2.961,0,up,"DMI +80N 2022-10-06: -9.52°C, +4.31°C vs 1958-2002 normal (context line, never counted) [archive import: scored retroactively, not a live reading]",2022-10-06,scoring
2022-10-07,3.851,2.536,0,up,"DMI +80N 2022-10-07: -10.21°C, +3.85°C vs 1958-2002 normal (context line, never counted) [archive import: scored retroactively, not a live reading]",2022-10-07,scoring
2022-10-08,3.684,2.327,0,up,"DMI +80N 2022-10-08: -10.41°C, +3.68°C vs 1958-2002 normal (context line, never counted) [archive import: scored retroactively, not a live reading]",2022-10-08,scoring
2022-10-09,5.154,3.321,1,up,"DMI +80N 2022-10-09: -9.19°C, +5.15°C vs 1958-2002 normal (context line, never counted) [archive import: scored retroactively, not a live reading]",2022-10-09,scoring
2022-10-10,6.216,3.953,1,up,"DMI +80N 2022-10-10: -8.64°C, +6.22°C vs 1958-2002 normal (context line, never counted) [archive import: scored retroactively, not a live reading]",2022-10-10,scoring
2022-10-11,5.312,3.095,1,up,"DMI +80N 2022-10-11: -9.92°C, +5.31°C vs 1958-2002 normal (context line, never counted) [archive import: scored retroactively, not a live reading]",2022-10-11,scoring
2022-10-12,5.343,2.890,0,up,"DMI +80N 2022-10-12: -10.47°C, +5.34°C vs 1958-2002 normal (context line, never counted) [archive import: scored retroactively, not a live reading]",2022-10-12,scoring
2022-10-13,5.306,2.683,0,up,"DMI +80N 2022-10-13: -10.94°C, +5.31°C vs 1958-2002 normal (context line, never counted) [archive import: scored retroactively, not a live reading]",2022-10-13,scoring
2022-10-14,4.664,2.154,0,up,"DMI +80N 2022-10-14: -11.87°C, +4.66°C vs 1958-2002 normal (context line, never counted) [archive import: scored retroactively, not a live reading]",2022-10-14,scoring
2022-10-15,5.302,2.456,0,up,"DMI +80N 2022-10-15: -11.81°C, +5.30°C vs 1958-2002 normal (context line, never counted) [archive import: scored retroactively, not a live reading]",2022-10-15,scoring
2022-10-16,6.236,2.977,0,up,"DMI +80N 2022-10-16: -11.40°C, +6.24°C vs 1958-2002 normal (context line, never counted) [archive import: scored retroactively, not a live reading]",2022-10-16,scoring
2022-10-17,6.534,2.934,0,up,"DMI +80N 2022-10-17: -11.41°C, +6.53°C vs 1958-2002 normal (context line, never counted) [archive import: scored retroactively, not a live reading]",2022-10-17,scoring
2022-10-19,7.211,3.176,1,up,"DMI +80N 2022-10-19: -10.94°C, +7.21°C vs 1958-2002 normal (context line, never counted) [archive import: scored retroactively, not a live reading]",2022-10-19,scoring
2022-10-20,6.26,2.502,0,up,"DMI +80N 2022-10-20: -11.92°C, +6.26°C vs 1958-2002 normal (context line, never counted) [archive import: scored retroactively, not a live reading]",2022-10-20,scoring
2022-10-21,5.66,2.102,0,up,"DMI +80N 2022-10-21: -12.96°C, +5.66°C vs 1958-2002 normal (context line, never counted) [archive import: scored retroactively, not a live reading]",2022-10-21,scoring
2022-10-22,5.376,1.872,0,up,"DMI +80N 2022-10-22: -13.71°C, +5.38°C vs 1958-2002 normal (context line, never counted) [archive import: scored retroactively, not a live reading]",2022-10-22,scoring
2022-10-23,4.996,1.498,0,up,"DMI +80N 2022-10-23: -14.39°C, +5.00°C vs 1958-2002 normal (context line, never counted) [archive import: scored retroactively, not a live reading]",2022-10-23,scoring
2022-10-24,5.566,1.566,0,up,"DMI +80N 2022-10-24: -14.38°C, +5.57°C vs 1958-2002 normal (context line, never counted) [archive import: scored retroactively, not a live reading]",2022-10-24,scoring
2022-10-25,5.47,1.439,0,up,"DMI +80N 2022-10-25: -14.88°C, +5.47°C vs 1958-2002 normal (context line, never counted) [archive import: scored retroactively, not a live reading]",2022-10-25,scoring
2022-10-26,5.671,1.503,0,up,"DMI +80N 2022-10-26: -15.10°C, +5.67°C vs 1958-2002 normal (context line, never counted) [archive import: scored retroactively, not a live reading]",2022-10-26,scoring
2022-10-27,4.971,1.131,0,up,"DMI +80N 2022-10-27: -15.97°C, +4.97°C vs 1958-2002 normal (context line, never counted) [archive import: scored retroactively, not a live reading]",2022-10-27,scoring
2022-11-01,3.915,0.593,0,up,"DMI +80N 2022-11-01: -18.46°C, +3.92°C vs 1958-2002 normal (context line, never counted) [archive import: scored retroactively, not a live reading]",2022-11-01,scoring
2022-11-02,4.362,0.783,0,up,"DMI +80N 2022-11-02: -18.45°C, +4.36°C vs 1958-2002 normal (context line, never counted) [archive import: scored retroactively, not a live reading]",2022-11-02,scoring
2022-11-03,5.076,1.083,0,up,"DMI +80N 2022-11-03: -18.28°C, +5.08°C vs 1958-2002 normal (context line, never counted) [archive import: scored retroactively, not a live reading]",2022-11-03,scoring
2022-11-04,5.008,1.030,0,up,"DMI +80N 2022-11-04: -18.49°C, +5.01°C vs 1958-2002 normal (context line, never counted) [archive import: scored retroactively, not a live reading]",2022-11-04,scoring
2022-11-05,3.921,0.516,0,up,"DMI +80N 2022-11-05: -19.26°C, +3.92°C vs 1958-2002 normal (context line, never counted) [archive import: scored retroactively, not a live reading]",2022-11-05,scoring
2022-11-06,4.63,0.771,0,up,"DMI +80N 2022-11-06: -18.15°C, +4.63°C vs 1958-2002 normal (context line, never counted) [archive import: scored retroactively, not a live reading]",2022-11-06,scoring
2022-11-07,4.513,0.630,0,up,"DMI +80N 2022-11-07: -18.30°C, +4.51°C vs 1958-2002 normal (context line, never counted) [archive import: scored retroactively, not a live reading]",2022-11-07,scoring
2022-11-08,3.438,0.084,0,up,"DMI +80N 2022-11-08: -19.34°C, +3.44°C vs 1958-2002 normal (context line, never counted) [archive import: scored retroactively, not a live reading]",2022-11-08,scoring
2022-11-09,3.316,-0.024,0,down,"DMI +80N 2022-11-09: -19.58°C, +3.32°C vs 1958-2002 normal (context line, never counted) [archive import: scored retroactively, not a live reading]",2022-11-09,scoring
2022-11-10,3.479,0.048,0,up,"DMI +80N 2022-11-10: -19.44°C, +3.48°C vs 1958-2002 normal (context line, never counted) [archive import: scored retroactively, not a live reading]",2022-11-10,scoring
2022-11-11,4.091,0.299,0,up,"DMI +80N 2022-11-11: -19.04°C, +4.09°C vs 1958-2002 normal (context line, never counted) [archive import: scored retroactively, not a live reading]",2022-11-11,scoring
2022-11-12,3.891,0.190,0,up,"DMI +80N 2022-11-12: -19.84°C, +3.89°C vs 1958-2002 normal (context line, never counted) [archive import: scored retroactively, not a live reading]",2022-11-12,scoring
2022-11-13,4.068,0.258,0,up,"DMI +80N 2022-11-13: -20.19°C, +4.07°C vs 1958-2002 normal (context line, never counted) [archive import: scored retroactively, not a live reading]",2022-11-13,scoring
2022-11-14,3.162,-0.228,0,down,"DMI +80N 2022-11-14: -21.10°C, +3.16°C vs 1958-2002 normal (context line, never counted) [archive import: scored retroactively, not a live reading]",2022-11-14,scoring
2022-11-15,2.468,-0.579,0,down,"DMI +80N 2022-11-15: -22.02°C, +2.47°C vs 1958-2002 normal (context line, never counted) [archive import: scored retroactively, not a live reading]",2022-11-15,scoring
2022-11-16,2.63,-0.498,0,down,"DMI +80N 2022-11-16: -22.04°C, +2.63°C vs 1958-2002 normal (context line, never counted) [archive import: scored retroactively, not a live reading]",2022-11-16,scoring
2022-11-17,0.697,-1.473,0,down,"DMI +80N 2022-11-17: -23.86°C, +0.70°C vs 1958-2002 normal (context line, never counted) [archive import: scored retroactively, not a live reading]",2022-11-17,scoring
2022-11-18,0.786,-1.439,0,down,"DMI +80N 2022-11-18: -24.01°C, +0.79°C vs 1958-2002 normal (context line, never counted) [archive import: scored retroactively, not a live reading]",2022-11-18,scoring
2022-11-19,1.602,-1.034,0,down,"DMI +80N 2022-11-19: -23.24°C, +1.60°C vs 1958-2002 normal (context line, never counted) [archive import: scored retroactively, not a live reading]",2022-11-19,scoring
2022-11-20,1.059,-1.322,0,down,"DMI +80N 2022-11-20: -23.69°C, +1.06°C vs 1958-2002 normal (context line, never counted) [archive import: scored retroactively, not a live reading]",2022-11-20,scoring
2022-11-21,-0.21,-1.994,0,down,"DMI +80N 2022-11-21: -24.88°C, -0.21°C vs 1958-2002 normal (context line, never counted) [archive import: scored retroactively, not a live reading]",2022-11-21,scoring
2022-11-22,-0.078,-1.921,0,down,"DMI +80N 2022-11-22: -25.09°C, -0.08°C vs 1958-2002 normal (context line, never counted) [archive import: scored retroactively, not a live reading]",2022-11-22,scoring
2022-11-24,0.228,-1.750,0,down,"DMI +80N 2022-11-24: -25.42°C, +0.23°C vs 1958-2002 normal (context line, never counted) [archive import: scored retroactively, not a live reading]",2022-11-24,scoring
2022-11-25,0.269,-1.712,0,down,"DMI +80N 2022-11-25: -25.26°C, +0.27°C vs 1958-2002 normal (context line, never counted) [archive import: scored retroactively, not a live reading]",2022-11-25,scoring
2022-11-26,-0.333,-2.004,0,down,"DMI +80N 2022-11-26: -26.25°C, -0.33°C vs 1958-2002 normal (context line, never counted) [archive import: scored retroactively, not a live reading]",2022-11-26,scoring
2022-11-27,1.077,-1.276,0,down,"DMI +80N 2022-11-27: -24.93°C, +1.08°C vs 1958-2002 normal (context line, never counted) [archive import: scored retroactively, not a live reading]",2022-11-27,scoring
2022-11-28,0.973,-1.327,0,down,"DMI +80N 2022-11-28: -25.03°C, +0.97°C vs 1958-2002 normal (context line, never counted) [archive import: scored retroactively, not a live reading]",2022-11-28,scoring
2022-11-29,3.18,-0.223,0,down,"DMI +80N 2022-11-29: -23.27°C, +3.18°C vs 1958-2002 normal (context line, never counted) [archive import: scored retroactively, not a live reading]",2022-11-29,scoring
2022-11-30,8.918,2.696,0,up,"DMI +80N 2022-11-30: -17.95°C, +8.92°C vs 1958-2002 normal (context line, never counted) [archive import: scored retroactively, not a live reading]",2022-11-30,scoring
2022-12-01,6.677,1.500,0,up,"DMI +80N 2022-12-01: -20.33°C, +6.68°C vs 1958-2002 normal (context line, never counted) [archive import: scored retroactively, not a live reading]",2022-12-01,scoring
2022-12-02,4.676,0.448,0,up,"DMI +80N 2022-12-02: -22.14°C, +4.68°C vs 1958-2002 normal (context line, never counted) [archive import: scored retroactively, not a live reading]",2022-12-02,scoring
2022-12-03,1.858,-1.019,0,down,"DMI +80N 2022-12-03: -24.70°C, +1.86°C vs 1958-2002 normal (context line, never counted) [archive import: scored retroactively, not a live reading]",2022-12-03,scoring
2022-12-04,3.837,-0.017,0,down,"DMI +80N 2022-12-04: -23.07°C, +3.84°C vs 1958-2002 normal (context line, never counted) [archive import: scored retroactively, not a live reading]",2022-12-04,scoring
2022-12-05,2.538,-0.689,0,down,"DMI +80N 2022-12-05: -24.96°C, +2.54°C vs 1958-2002 normal (context line, never counted) [archive import: scored retroactively, not a live reading]",2022-12-05,scoring
2022-12-06,5.356,0.772,0,up,"DMI +80N 2022-12-06: -22.48°C, +5.36°C vs 1958-2002 normal (context line, never counted) [archive import: scored retroactively, not a live reading]",2022-12-06,scoring
2022-12-07,5.485,0.841,0,up,"DMI +80N 2022-12-07: -22.07°C, +5.49°C vs 1958-2002 normal (context line, never counted) [archive import: scored retroactively, not a live reading]",2022-12-07,scoring
2022-12-08,6.888,1.607,0,up,"DMI +80N 2022-12-08: -20.45°C, +6.89°C vs 1958-2002 normal (context line, never counted) [archive import: scored retroactively, not a live reading]",2022-12-08,scoring
2022-12-09,8.082,2.232,0,up,"DMI +80N 2022-12-09: -19.22°C, +8.08°C vs 1958-2002 normal (context line, never counted) [archive import: scored retroactively, not a live reading]",2022-12-09,scoring
2022-12-10,7.471,1.883,0,up,"DMI +80N 2022-12-10: -19.73°C, +7.47°C vs 1958-2002 normal (context line, never counted) [archive import: scored retroactively, not a live reading]",2022-12-10,scoring
2022-12-11,5.62,0.894,0,up,"DMI +80N 2022-12-11: -21.33°C, +5.62°C vs 1958-2002 normal (context line, never counted) [archive import: scored retroactively, not a live reading]",2022-12-11,scoring
2022-12-12,4.956,0.515,0,up,"DMI +80N 2022-12-12: -22.49°C, +4.96°C vs 1958-2002 normal (context line, never counted) [archive import: scored retroactively, not a live reading]",2022-12-12,scoring
2022-12-13,4.566,0.264,0,up,"DMI +80N 2022-12-13: -23.42°C, +4.57°C vs 1958-2002 normal (context line, never counted) [archive import: scored retroactively, not a live reading]",2022-12-13,scoring
2022-12-14,5.143,0.573,0,up,"DMI +80N 2022-12-14: -23.23°C, +5.14°C vs 1958-2002 normal (context line, never counted) [archive import: scored retroactively, not a live reading]",2022-12-14,scoring
2022-12-15,3.888,-0.174,0,down,"DMI +80N 2022-12-15: -24.31°C, +3.89°C vs 1958-2002 normal (context line, never counted) [archive import: scored retroactively, not a live reading]",2022-12-15,scoring
2022-12-16,2.835,-0.772,0,down,"DMI +80N 2022-12-16: -25.25°C, +2.83°C vs 1958-2002 normal (context line, never counted) [archive import: scored retroactively, not a live reading]",2022-12-16,scoring
2022-12-17,3.079,-0.635,0,down,"DMI +80N 2022-12-17: -25.00°C, +3.08°C vs 1958-2002 normal (context line, never counted) [archive import: scored retroactively, not a live reading]",2022-12-17,scoring
2022-12-18,3.201,-0.574,0,down,"DMI +80N 2022-12-18: -25.16°C, +3.20°C vs 1958-2002 normal (context line, never counted) [archive import: scored retroactively, not a live reading]",2022-12-18,scoring
2022-12-19,2.845,-0.777,0,down,"DMI +80N 2022-12-19: -25.45°C, +2.85°C vs 1958-2002 normal (context line, never counted) [archive import: scored retroactively, not a live reading]",2022-12-19,scoring
2022-12-20,6.158,1.104,0,up,"DMI +80N 2022-12-20: -21.89°C, +6.16°C vs 1958-2002 normal (context line, never counted) [archive import: scored retroactively, not a live reading]",2022-12-20,scoring
2022-12-21,8.253,2.190,0,up,"DMI +80N 2022-12-21: -19.83°C, +8.25°C vs 1958-2002 normal (context line, never counted) [archive import: scored retroactively, not a live reading]",2022-12-21,scoring
2022-12-22,9.295,2.646,0,up,"DMI +80N 2022-12-22: -19.01°C, +9.29°C vs 1958-2002 normal (context line, never counted) [archive import: scored retroactively, not a live reading]",2022-12-22,scoring
2022-12-23,7.652,1.648,0,up,"DMI +80N 2022-12-23: -20.46°C, +7.65°C vs 1958-2002 normal (context line, never counted) [archive import: scored retroactively, not a live reading]",2022-12-23,scoring
2022-12-24,5.443,0.438,0,up,"DMI +80N 2022-12-24: -22.82°C, +5.44°C vs 1958-2002 normal (context line, never counted) [archive import: scored retroactively, not a live reading]",2022-12-24,scoring
2022-12-25,4.955,0.163,0,up,"DMI +80N 2022-12-25: -23.79°C, +4.96°C vs 1958-2002 normal (context line, never counted) [archive import: scored retroactively, not a live reading]",2022-12-25,scoring
2022-12-26,3.563,-0.601,0,down,"DMI +80N 2022-12-26: -25.72°C, +3.56°C vs 1958-2002 normal (context line, never counted) [archive import: scored retroactively, not a live reading]",2022-12-26,scoring
2022-12-27,2.647,-1.115,0,down,"DMI +80N 2022-12-27: -26.76°C, +2.65°C vs 1958-2002 normal (context line, never counted) [archive import: scored retroactively, not a live reading]",2022-12-27,scoring
2022-12-28,2.672,-1.104,0,down,"DMI +80N 2022-12-28: -26.70°C, +2.67°C vs 1958-2002 normal (context line, never counted) [archive import: scored retroactively, not a live reading]",2022-12-28,scoring
2022-12-29,4.944,0.151,0,up,"DMI +80N 2022-12-29: -24.20°C, +4.94°C vs 1958-2002 normal (context line, never counted) [archive import: scored retroactively, not a live reading]",2022-12-29,scoring
2022-12-30,7.654,1.633,0,up,"DMI +80N 2022-12-30: -21.60°C, +7.65°C vs 1958-2002 normal (context line, never counted) [archive import: scored retroactively, not a live reading]",2022-12-30,scoring
2022-12-31,7.698,1.606,0,up,"DMI +80N 2022-12-31: -21.65°C, +7.70°C vs 1958-2002 normal (context line, never counted) [archive import: scored retroactively, not a live reading]",2022-12-31,scoring
2023-01-01,6.68,1.034,0,up,"DMI +80N 2023-01-01: -22.58°C, +6.68°C vs 1958-2002 normal (context line, never counted) [archive import: scored retroactively, not a live reading]",2023-01-01,scoring
2023-01-02,6.33,0.833,0,up,"DMI +80N 2023-01-02: -22.80°C, +6.33°C vs 1958-2002 normal (context line, never counted) [archive import: scored retroactively, not a live reading]",2023-01-02,scoring
2023-01-03,7.074,1.189,0,up,"DMI +80N 2023-01-03: -22.41°C, +7.07°C vs 1958-2002 normal (context line, never counted) [archive import: scored retroactively, not a live reading]",2023-01-03,scoring
2023-01-04,9.27,2.210,0,up,"DMI +80N 2023-01-04: -20.68°C, +9.27°C vs 1958-2002 normal (context line, never counted) [archive import: scored retroactively, not a live reading]",2023-01-04,scoring
2023-01-05,11.325,3.092,1,up,"DMI +80N 2023-01-05: -18.53°C, +11.32°C vs 1958-2002 normal (context line, never counted) [archive import: scored retroactively, not a live reading]",2023-01-05,scoring
2023-01-06,11.231,2.947,0,up,"DMI +80N 2023-01-06: -18.70°C, +11.23°C vs 1958-2002 normal (context line, never counted) [archive import: scored retroactively, not a live reading]",2023-01-06,scoring
2023-01-07,8.783,1.788,0,up,"DMI +80N 2023-01-07: -20.84°C, +8.78°C vs 1958-2002 normal (context line, never counted) [archive import: scored retroactively, not a live reading]",2023-01-07,scoring
2023-01-08,5.989,0.511,0,up,"DMI +80N 2023-01-08: -23.77°C, +5.99°C vs 1958-2002 normal (context line, never counted) [archive import: scored retroactively, not a live reading]",2023-01-08,scoring
2023-01-09,5.306,0.155,0,up,"DMI +80N 2023-01-09: -24.51°C, +5.31°C vs 1958-2002 normal (context line, never counted) [archive import: scored retroactively, not a live reading]",2023-01-09,scoring
2023-01-10,5.155,0.087,0,up,"DMI +80N 2023-01-10: -24.56°C, +5.16°C vs 1958-2002 normal (context line, never counted) [archive import: scored retroactively, not a live reading]",2023-01-10,scoring
2023-01-11,6.101,0.494,0,up,"DMI +80N 2023-01-11: -23.78°C, +6.10°C vs 1958-2002 normal (context line, never counted) [archive import: scored retroactively, not a live reading]",2023-01-11,scoring
2023-01-12,5.508,0.229,0,up,"DMI +80N 2023-01-12: -24.45°C, +5.51°C vs 1958-2002 normal (context line, never counted) [archive import: scored retroactively, not a live reading]",2023-01-12,scoring
2023-01-13,4.739,-0.116,0,down,"DMI +80N 2023-01-13: -25.33°C, +4.74°C vs 1958-2002 normal (context line, never counted) [archive import: scored retroactively, not a live reading]",2023-01-13,scoring
2023-01-14,4.702,-0.124,0,down,"DMI +80N 2023-01-14: -25.05°C, +4.70°C vs 1958-2002 normal (context line, never counted) [archive import: scored retroactively, not a live reading]",2023-01-14,scoring
2023-01-15,4.266,-0.311,0,down,"DMI +80N 2023-01-15: -25.47°C, +4.27°C vs 1958-2002 normal (context line, never counted) [archive import: scored retroactively, not a live reading]",2023-01-15,scoring
2023-01-16,3.865,-0.484,0,down,"DMI +80N 2023-01-16: -25.88°C, +3.87°C vs 1958-2002 normal (context line, never counted) [archive import: scored retroactively, not a live reading]",2023-01-16,scoring
2023-01-17,2.8,-0.945,0,down,"DMI +80N 2023-01-17: -26.81°C, +2.80°C vs 1958-2002 normal (context line, never counted) [archive import: scored retroactively, not a live reading]",2023-01-17,scoring
2023-01-18,2.275,-1.110,0,down,"DMI +80N 2023-01-18: -27.17°C, +2.27°C vs 1958-2002 normal (context line, never counted) [archive import: scored retroactively, not a live reading]",2023-01-18,scoring
2023-01-19,2.688,-0.914,0,down,"DMI +80N 2023-01-19: -26.76°C, +2.69°C vs 1958-2002 normal (context line, never counted) [archive import: scored retroactively, not a live reading]",2023-01-19,scoring
2023-01-20,3.476,-0.522,0,down,"DMI +80N 2023-01-20: -26.02°C, +3.48°C vs 1958-2002 normal (context line, never counted) [archive import: scored retroactively, not a live reading]",2023-01-20,scoring
2023-01-21,4.975,0.120,0,up,"DMI +80N 2023-01-21: -24.22°C, +4.97°C vs 1958-2002 normal (context line, never counted) [archive import: scored retroactively, not a live reading]",2023-01-21,scoring
2023-01-22,7.377,1.153,0,up,"DMI +80N 2023-01-22: -21.61°C, +7.38°C vs 1958-2002 normal (context line, never counted) [archive import: scored retroactively, not a live reading]",2023-01-22,scoring
2023-01-23,9.146,1.894,0,up,"DMI +80N 2023-01-23: -20.02°C, +9.15°C vs 1958-2002 normal (context line, never counted) [archive import: scored retroactively, not a live reading]",2023-01-23,scoring
2023-01-24,8.607,1.650,0,up,"DMI +80N 2023-01-24: -20.56°C, +8.61°C vs 1958-2002 normal (context line, never counted) [archive import: scored retroactively, not a live reading]",2023-01-24,scoring
2023-01-25,6.94,0.924,0,up,"DMI +80N 2023-01-25: -21.91°C, +6.94°C vs 1958-2002 normal (context line, never counted) [archive import: scored retroactively, not a live reading]",2023-01-25,scoring
2023-01-26,5.596,0.366,0,up,"DMI +80N 2023-01-26: -23.47°C, +5.60°C vs 1958-2002 normal (context line, never counted) [archive import: scored retroactively, not a live reading]",2023-01-26,scoring
2023-01-27,4.263,-0.170,0,down,"DMI +80N 2023-01-27: -24.91°C, +4.26°C vs 1958-2002 normal (context line, never counted) [archive import: scored retroactively, not a live reading]",2023-01-27,scoring
2023-01-28,2.792,-0.747,0,down,"DMI +80N 2023-01-28: -26.07°C, +2.79°C vs 1958-2002 normal (context line, never counted) [archive import: scored retroactively, not a live reading]",2023-01-28,scoring
2023-01-29,2.754,-0.738,0,down,"DMI +80N 2023-01-29: -26.33°C, +2.75°C vs 1958-2002 normal (context line, never counted) [archive import: scored retroactively, not a live reading]",2023-01-29,scoring
2023-01-30,3.199,-0.537,0,down,"DMI +80N 2023-01-30: -26.29°C, +3.20°C vs 1958-2002 normal (context line, never counted) [archive import: scored retroactively, not a live reading]",2023-01-30,scoring
2023-01-31,3.525,-0.364,0,down,"DMI +80N 2023-01-31: -26.40°C, +3.52°C vs 1958-2002 normal (context line, never counted) [archive import: scored retroactively, not a live reading]",2023-01-31,scoring
2023-02-01,3.578,-0.343,0,down,"DMI +80N 2023-02-01: -26.69°C, +3.58°C vs 1958-2002 normal (context line, never counted) [archive import: scored retroactively, not a live reading]",2023-02-01,scoring
2023-02-02,3.38,-0.402,0,down,"DMI +80N 2023-02-02: -26.47°C, +3.38°C vs 1958-2002 normal (context line, never counted) [archive import: scored retroactively, not a live reading]",2023-02-02,scoring
2023-02-03,4.3,0.014,0,up,"DMI +80N 2023-02-03: -25.51°C, +4.30°C vs 1958-2002 normal (context line, never counted) [archive import: scored retroactively, not a live reading]",2023-02-03,scoring
2023-02-04,5.024,0.308,0,up,"DMI +80N 2023-02-04: -24.88°C, +5.02°C vs 1958-2002 normal (context line, never counted) [archive import: scored retroactively, not a live reading]",2023-02-04,scoring
2023-02-05,7.002,1.091,0,up,"DMI +80N 2023-02-05: -23.19°C, +7.00°C vs 1958-2002 normal (context line, never counted) [archive import: scored retroactively, not a live reading]",2023-02-05,scoring
2023-02-06,8.496,1.661,0,up,"DMI +80N 2023-02-06: -22.09°C, +8.50°C vs 1958-2002 normal (context line, never counted) [archive import: scored retroactively, not a live reading]",2023-02-06,scoring
2023-02-07,9.264,1.923,0,up,"DMI +80N 2023-02-07: -21.38°C, +9.26°C vs 1958-2002 normal (context line, never counted) [archive import: scored retroactively, not a live reading]",2023-02-07,scoring
2023-02-08,10.618,2.330,0,up,"DMI +80N 2023-02-08: -19.96°C, +10.62°C vs 1958-2002 normal (context line, never counted) [archive import: scored retroactively, not a live reading]",2023-02-08,scoring
2023-02-09,8.305,1.333,0,up,"DMI +80N 2023-02-09: -21.99°C, +8.30°C vs 1958-2002 normal (context line, never counted) [archive import: scored retroactively, not a live reading]",2023-02-09,scoring
2023-02-10,6.211,0.540,0,up,"DMI +80N 2023-02-10: -24.03°C, +6.21°C vs 1958-2002 normal (context line, never counted) [archive import: scored retroactively, not a live reading]",2023-02-10,scoring
2023-02-11,5.844,0.395,0,up,"DMI +80N 2023-02-11: -24.51°C, +5.84°C vs 1958-2002 normal (context line, never counted) [archive import: scored retroactively, not a live reading]",2023-02-11,scoring
2023-02-12,5.79,0.329,0,up,"DMI +80N 2023-02-12: -24.44°C, +5.79°C vs 1958-2002 normal (context line, never counted) [archive import: scored retroactively, not a live reading]",2023-02-12,scoring
2023-02-13,3.975,-0.336,0,down,"DMI +80N 2023-02-13: -25.88°C, +3.98°C vs 1958-2002 normal (context line, never counted) [archive import: scored retroactively, not a live reading]",2023-02-13,scoring
2023-02-14,2.271,-0.934,0,down,"DMI +80N 2023-02-14: -27.45°C, +2.27°C vs 1958-2002 normal (context line, never counted) [archive import: scored retroactively, not a live reading]",2023-02-14,scoring
2023-02-15,2.446,-0.876,0,down,"DMI +80N 2023-02-15: -27.15°C, +2.45°C vs 1958-2002 normal (context line, never counted) [archive import: scored retroactively, not a live reading]",2023-02-15,scoring
2023-02-16,1.992,-1.029,0,down,"DMI +80N 2023-02-16: -27.63°C, +1.99°C vs 1958-2002 normal (context line, never counted) [archive import: scored retroactively, not a live reading]",2023-02-16,scoring
2023-02-17,1.935,-1.068,0,down,"DMI +80N 2023-02-17: -27.64°C, +1.94°C vs 1958-2002 normal (context line, never counted) [archive import: scored retroactively, not a live reading]",2023-02-17,scoring
2023-02-18,2.726,-0.794,0,down,"DMI +80N 2023-02-18: -26.80°C, +2.73°C vs 1958-2002 normal (context line, never counted) [archive import: scored retroactively, not a live reading]",2023-02-18,scoring
2023-02-19,2.221,-0.985,0,down,"DMI +80N 2023-02-19: -27.28°C, +2.22°C vs 1958-2002 normal (context line, never counted) [archive import: scored retroactively, not a live reading]",2023-02-19,scoring
2023-02-20,1.569,-1.241,0,down,"DMI +80N 2023-02-20: -27.96°C, +1.57°C vs 1958-2002 normal (context line, never counted) [archive import: scored retroactively, not a live reading]",2023-02-20,scoring
2023-02-21,2.382,-0.960,0,down,"DMI +80N 2023-02-21: -27.38°C, +2.38°C vs 1958-2002 normal (context line, never counted) [archive import: scored retroactively, not a live reading]",2023-02-21,scoring
2023-02-22,3.031,-0.736,0,down,"DMI +80N 2023-02-22: -27.06°C, +3.03°C vs 1958-2002 normal (context line, never counted) [archive import: scored retroactively, not a live reading]",2023-02-22,scoring
2023-02-23,2.382,-1.009,0,down,"DMI +80N 2023-02-23: -28.07°C, +2.38°C vs 1958-2002 normal (context line, never counted) [archive import: scored retroactively, not a live reading]",2023-02-23,scoring
2023-02-24,2.522,-0.968,0,down,"DMI +80N 2023-02-24: -27.96°C, +2.52°C vs 1958-2002 normal (context line, never counted) [archive import: scored retroactively, not a live reading]",2023-02-24,scoring
2023-02-25,4.777,-0.071,0,down,"DMI +80N 2023-02-25: -26.19°C, +4.78°C vs 1958-2002 normal (context line, never counted) [archive import: scored retroactively, not a live reading]",2023-02-25,scoring
2023-02-26,9.503,1.923,0,up,"DMI +80N 2023-02-26: -21.31°C, +9.50°C vs 1958-2002 normal (context line, never counted) [archive import: scored retroactively, not a live reading]",2023-02-26,scoring
2023-02-27,10.171,2.210,0,up,"DMI +80N 2023-02-27: -20.21°C, +10.17°C vs 1958-2002 normal (context line, never counted) [archive import: scored retroactively, not a live reading]",2023-02-27,scoring
2023-02-28,7.11,0.883,0,up,"DMI +80N 2023-02-28: -22.91°C, +7.11°C vs 1958-2002 normal (context line, never counted) [archive import: scored retroactively, not a live reading]",2023-02-28,scoring
2023-03-01,5.847,0.365,0,up,"DMI +80N 2023-03-01: -24.20°C, +5.85°C vs 1958-2002 normal (context line, never counted) [archive import: scored retroactively, not a live reading]",2023-03-01,scoring
2023-03-02,4.406,-0.233,0,down,"DMI +80N 2023-03-02: -25.53°C, +4.41°C vs 1958-2002 normal (context line, never counted) [archive import: scored retroactively, not a live reading]",2023-03-02,scoring
2023-03-03,2.844,-0.885,0,down,"DMI +80N 2023-03-03: -26.83°C, +2.84°C vs 1958-2002 normal (context line, never counted) [archive import: scored retroactively, not a live reading]",2023-03-03,scoring
2023-03-04,2.333,-1.113,0,down,"DMI +80N 2023-03-04: -26.93°C, +2.33°C vs 1958-2002 normal (context line, never counted) [archive import: scored retroactively, not a live reading]",2023-03-04,scoring
2023-03-05,1.507,-1.462,0,down,"DMI +80N 2023-03-05: -27.60°C, +1.51°C vs 1958-2002 normal (context line, never counted) [archive import: scored retroactively, not a live reading]",2023-03-05,scoring
2023-03-06,1.91,-1.258,0,down,"DMI +80N 2023-03-06: -27.46°C, +1.91°C vs 1958-2002 normal (context line, never counted) [archive import: scored retroactively, not a live reading]",2023-03-06,scoring
2023-03-07,6.42,0.601,0,up,"DMI +80N 2023-03-07: -23.02°C, +6.42°C vs 1958-2002 normal (context line, never counted) [archive import: scored retroactively, not a live reading]",2023-03-07,scoring
2023-03-08,5.33,0.154,0,up,"DMI +80N 2023-03-08: -24.26°C, +5.33°C vs 1958-2002 normal (context line, never counted) [archive import: scored retroactively, not a live reading]",2023-03-08,scoring
2023-03-09,3.149,-0.744,0,down,"DMI +80N 2023-03-09: -26.51°C, +3.15°C vs 1958-2002 normal (context line, never counted) [archive import: scored retroactively, not a live reading]",2023-03-09,scoring
2023-03-10,3.005,-0.817,0,down,"DMI +80N 2023-03-10: -26.63°C, +3.00°C vs 1958-2002 normal (context line, never counted) [archive import: scored retroactively, not a live reading]",2023-03-10,scoring
2023-03-11,3.189,-0.719,0,down,"DMI +80N 2023-03-11: -26.38°C, +3.19°C vs 1958-2002 normal (context line, never counted) [archive import: scored retroactively, not a live reading]",2023-03-11,scoring
2023-03-12,2.327,-1.051,0,down,"DMI +80N 2023-03-12: -26.81°C, +2.33°C vs 1958-2002 normal (context line, never counted) [archive import: scored retroactively, not a live reading]",2023-03-12,scoring
2023-03-13,1.335,-1.474,0,down,"DMI +80N 2023-03-13: -27.64°C, +1.33°C vs 1958-2002 normal (context line, never counted) [archive import: scored retroactively, not a live reading]",2023-03-13,scoring
2023-03-14,0.855,-1.663,0,down,"DMI +80N 2023-03-14: -28.02°C, +0.85°C vs 1958-2002 normal (context line, never counted) [archive import: scored retroactively, not a live reading]",2023-03-14,scoring
2023-03-15,0.257,-1.814,0,down,"DMI +80N 2023-03-15: -28.14°C, +0.26°C vs 1958-2002 normal (context line, never counted) [archive import: scored retroactively, not a live reading]",2023-03-15,scoring
2023-03-16,0.038,-1.853,0,down,"DMI +80N 2023-03-16: -28.22°C, +0.04°C vs 1958-2002 normal (context line, never counted) [archive import: scored retroactively, not a live reading]",2023-03-16,scoring
2023-03-17,-0.329,-1.936,0,down,"DMI +80N 2023-03-17: -28.05°C, -0.33°C vs 1958-2002 normal (context line, never counted) [archive import: scored retroactively, not a live reading]",2023-03-17,scoring
2023-03-18,1.147,-1.311,0,down,"DMI +80N 2023-03-18: -26.44°C, +1.15°C vs 1958-2002 normal (context line, never counted) [archive import: scored retroactively, not a live reading]",2023-03-18,scoring
2023-03-19,3.001,-0.587,0,down,"DMI +80N 2023-03-19: -24.48°C, +3.00°C vs 1958-2002 normal (context line, never counted) [archive import: scored retroactively, not a live reading]",2023-03-19,scoring
2023-03-20,3.039,-0.572,0,down,"DMI +80N 2023-03-20: -24.15°C, +3.04°C vs 1958-2002 normal (context line, never counted) [archive import: scored retroactively, not a live reading]",2023-03-20,scoring
2023-03-21,5.648,0.493,0,up,"DMI +80N 2023-03-21: -21.87°C, +5.65°C vs 1958-2002 normal (context line, never counted) [archive import: scored retroactively, not a live reading]",2023-03-21,scoring
2023-03-22,7.535,1.219,0,up,"DMI +80N 2023-03-22: -20.36°C, +7.54°C vs 1958-2002 normal (context line, never counted) [archive import: scored retroactively, not a live reading]",2023-03-22,scoring
2023-03-23,6.077,0.664,0,up,"DMI +80N 2023-03-23: -21.42°C, +6.08°C vs 1958-2002 normal (context line, never counted) [archive import: scored retroactively, not a live reading]",2023-03-23,scoring
2023-03-24,7.179,1.104,0,up,"DMI +80N 2023-03-24: -20.37°C, +7.18°C vs 1958-2002 normal (context line, never counted) [archive import: scored retroactively, not a live reading]",2023-03-24,scoring
2023-03-25,6.872,0.973,0,up,"DMI +80N 2023-03-25: -20.71°C, +6.87°C vs 1958-2002 normal (context line, never counted) [archive import: scored retroactively, not a live reading]",2023-03-25,scoring
2023-03-26,7.208,1.095,0,up,"DMI +80N 2023-03-26: -20.10°C, +7.21°C vs 1958-2002 normal (context line, never counted) [archive import: scored retroactively, not a live reading]",2023-03-26,scoring
2023-03-27,6.942,0.907,0,up,"DMI +80N 2023-03-27: -20.08°C, +6.94°C vs 1958-2002 normal (context line, never counted) [archive import: scored retroactively, not a live reading]",2023-03-27,scoring
2023-03-28,7.959,1.215,0,up,"DMI +80N 2023-03-28: -18.92°C, +7.96°C vs 1958-2002 normal (context line, never counted) [archive import: scored retroactively, not a live reading]",2023-03-28,scoring
2023-03-29,6.722,0.728,0,up,"DMI +80N 2023-03-29: -20.07°C, +6.72°C vs 1958-2002 normal (context line, never counted) [archive import: scored retroactively, not a live reading]",2023-03-29,scoring
2023-03-30,5.539,0.290,0,up,"DMI +80N 2023-03-30: -21.00°C, +5.54°C vs 1958-2002 normal (context line, never counted) [archive import: scored retroactively, not a live reading]",2023-03-30,scoring
2023-03-31,4.463,-0.110,0,down,"DMI +80N 2023-03-31: -21.78°C, +4.46°C vs 1958-2002 normal (context line, never counted) [archive import: scored retroactively, not a live reading]",2023-03-31,scoring
2023-04-01,2.714,-0.752,0,down,"DMI +80N 2023-04-01: -23.40°C, +2.71°C vs 1958-2002 normal (context line, never counted) [archive import: scored retroactively, not a live reading]",2023-04-01,scoring
2023-04-02,1.851,-1.029,0,down,"DMI +80N 2023-04-02: -23.95°C, +1.85°C vs 1958-2002 normal (context line, never counted) [archive import: scored retroactively, not a live reading]",2023-04-02,scoring
2023-04-03,1.091,-1.263,0,down,"DMI +80N 2023-04-03: -24.51°C, +1.09°C vs 1958-2002 normal (context line, never counted) [archive import: scored retroactively, not a live reading]",2023-04-03,scoring
2023-04-04,0.908,-1.296,0,down,"DMI +80N 2023-04-04: -24.46°C, +0.91°C vs 1958-2002 normal (context line, never counted) [archive import: scored retroactively, not a live reading]",2023-04-04,scoring
2023-04-05,0.354,-1.484,0,down,"DMI +80N 2023-04-05: -24.93°C, +0.35°C vs 1958-2002 normal (context line, never counted) [archive import: scored retroactively, not a live reading]",2023-04-05,scoring
2023-04-06,0.667,-1.366,0,down,"DMI +80N 2023-04-06: -24.47°C, +0.67°C vs 1958-2002 normal (context line, never counted) [archive import: scored retroactively, not a live reading]",2023-04-06,scoring
2023-04-07,1.54,-0.989,0,down,"DMI +80N 2023-04-07: -23.22°C, +1.54°C vs 1958-2002 normal (context line, never counted) [archive import: scored retroactively, not a live reading]",2023-04-07,scoring
2023-04-08,1.572,-0.919,0,down,"DMI +80N 2023-04-08: -22.63°C, +1.57°C vs 1958-2002 normal (context line, never counted) [archive import: scored retroactively, not a live reading]",2023-04-08,scoring
2023-04-09,0.628,-1.213,0,down,"DMI +80N 2023-04-09: -22.94°C, +0.63°C vs 1958-2002 normal (context line, never counted) [archive import: scored retroactively, not a live reading]",2023-04-09,scoring
2023-04-10,0.385,-1.231,0,down,"DMI +80N 2023-04-10: -22.63°C, +0.39°C vs 1958-2002 normal (context line, never counted) [archive import: scored retroactively, not a live reading]",2023-04-10,scoring
2023-04-11,1.467,-0.785,0,down,"DMI +80N 2023-04-11: -21.17°C, +1.47°C vs 1958-2002 normal (context line, never counted) [archive import: scored retroactively, not a live reading]",2023-04-11,scoring
2023-04-12,2.605,-0.319,0,down,"DMI +80N 2023-04-12: -19.61°C, +2.60°C vs 1958-2002 normal (context line, never counted) [archive import: scored retroactively, not a live reading]",2023-04-12,scoring
2023-04-13,0.857,-0.961,0,down,"DMI +80N 2023-04-13: -21.03°C, +0.86°C vs 1958-2002 normal (context line, never counted) [archive import: scored retroactively, not a live reading]",2023-04-13,scoring
2023-04-14,0.647,-1.007,0,down,"DMI +80N 2023-04-14: -21.10°C, +0.65°C vs 1958-2002 normal (context line, never counted) [archive import: scored retroactively, not a live reading]",2023-04-14,scoring
2023-04-15,0.804,-0.935,0,down,"DMI +80N 2023-04-15: -20.39°C, +0.80°C vs 1958-2002 normal (context line, never counted) [archive import: scored retroactively, not a live reading]",2023-04-15,scoring
2023-04-16,0.067,-1.198,0,down,"DMI +80N 2023-04-16: -20.83°C, +0.07°C vs 1958-2002 normal (context line, never counted) [archive import: scored retroactively, not a live reading]",2023-04-16,scoring
2023-04-17,-1.218,-1.674,0,down,"DMI +80N 2023-04-17: -21.70°C, -1.22°C vs 1958-2002 normal (context line, never counted) [archive import: scored retroactively, not a live reading]",2023-04-17,scoring
2023-04-18,-2.442,-2.080,0,down,"DMI +80N 2023-04-18: -22.40°C, -2.44°C vs 1958-2002 normal (context line, never counted) [archive import: scored retroactively, not a live reading]",2023-04-18,scoring
2023-04-19,-2.835,-2.171,0,down,"DMI +80N 2023-04-19: -22.24°C, -2.83°C vs 1958-2002 normal (context line, never counted) [archive import: scored retroactively, not a live reading]",2023-04-19,scoring
2023-04-20,-2.393,-1.951,0,down,"DMI +80N 2023-04-20: -21.30°C, -2.39°C vs 1958-2002 normal (context line, never counted) [archive import: scored retroactively, not a live reading]",2023-04-20,scoring
2023-04-21,-1.353,-1.513,0,down,"DMI +80N 2023-04-21: -19.73°C, -1.35°C vs 1958-2002 normal (context line, never counted) [archive import: scored retroactively, not a live reading]",2023-04-21,scoring
2023-04-23,1.946,-0.361,0,down,"DMI +80N 2023-04-23: -15.46°C, +1.95°C vs 1958-2002 normal (context line, never counted) [archive import: scored retroactively, not a live reading]",2023-04-23,scoring
2023-04-24,2.224,-0.246,0,down,"DMI +80N 2023-04-24: -14.77°C, +2.22°C vs 1958-2002 normal (context line, never counted) [archive import: scored retroactively, not a live reading]",2023-04-24,scoring
2023-04-25,2.07,-0.271,0,down,"DMI +80N 2023-04-25: -14.75°C, +2.07°C vs 1958-2002 normal (context line, never counted) [archive import: scored retroactively, not a live reading]",2023-04-25,scoring
2023-04-26,1.037,-0.647,0,down,"DMI +80N 2023-04-26: -15.39°C, +1.04°C vs 1958-2002 normal (context line, never counted) [archive import: scored retroactively, not a live reading]",2023-04-26,scoring
2023-04-27,0.53,-0.834,0,down,"DMI +80N 2023-04-27: -15.52°C, +0.53°C vs 1958-2002 normal (context line, never counted) [archive import: scored retroactively, not a live reading]",2023-04-27,scoring
2023-04-28,-1.172,-1.477,0,down,"DMI +80N 2023-04-28: -16.54°C, -1.17°C vs 1958-2002 normal (context line, never counted) [archive import: scored retroactively, not a live reading]",2023-04-28,scoring
2023-04-29,-2.325,-1.878,0,down,"DMI +80N 2023-04-29: -17.22°C, -2.33°C vs 1958-2002 normal (context line, never counted) [archive import: scored retroactively, not a live reading]",2023-04-29,scoring
2023-04-30,-2.759,-1.960,0,down,"DMI +80N 2023-04-30: -17.29°C, -2.76°C vs 1958-2002 normal (context line, never counted) [archive import: scored retroactively, not a live reading]",2023-04-30,scoring
2023-05-01,-1.98,-1.596,0,down,"DMI +80N 2023-05-01: -16.12°C, -1.98°C vs 1958-2002 normal (context line, never counted) [archive import: scored retroactively, not a live reading]",2023-05-01,scoring
2023-05-02,-1.553,-1.374,0,down,"DMI +80N 2023-05-02: -15.40°C, -1.55°C vs 1958-2002 normal (context line, never counted) [archive import: scored retroactively, not a live reading]",2023-05-02,scoring
2023-05-03,-1.615,-1.364,0,down,"DMI +80N 2023-05-03: -14.91°C, -1.61°C vs 1958-2002 normal (context line, never counted) [archive import: scored retroactively, not a live reading]",2023-05-03,scoring
2023-05-04,-0.704,-1.029,0,down,"DMI +80N 2023-05-04: -13.67°C, -0.70°C vs 1958-2002 normal (context line, never counted) [archive import: scored retroactively, not a live reading]",2023-05-04,scoring
2023-05-05,-0.216,-0.845,0,down,"DMI +80N 2023-05-05: -12.85°C, -0.22°C vs 1958-2002 normal (context line, never counted) [archive import: scored retroactively, not a live reading]",2023-05-05,scoring
2023-05-06,-0.254,-0.856,0,down,"DMI +80N 2023-05-06: -12.35°C, -0.25°C vs 1958-2002 normal (context line, never counted) [archive import: scored retroactively, not a live reading]",2023-05-06,scoring
2023-05-07,-0.817,-1.042,0,down,"DMI +80N 2023-05-07: -12.39°C, -0.82°C vs 1958-2002 normal (context line, never counted) [archive import: scored retroactively, not a live reading]",2023-05-07,scoring
2023-05-08,-1.164,-1.152,0,down,"DMI +80N 2023-05-08: -12.35°C, -1.16°C vs 1958-2002 normal (context line, never counted) [archive import: scored retroactively, not a live reading]",2023-05-08,scoring
2023-05-09,-1.76,-1.341,0,down,"DMI +80N 2023-05-09: -12.48°C, -1.76°C vs 1958-2002 normal (context line, never counted) [archive import: scored retroactively, not a live reading]",2023-05-09,scoring
2023-05-10,-2.261,-1.479,0,down,"DMI +80N 2023-05-10: -12.56°C, -2.26°C vs 1958-2002 normal (context line, never counted) [archive import: scored retroactively, not a live reading]",2023-05-10,scoring
2023-05-11,-2.521,-1.575,0,down,"DMI +80N 2023-05-11: -12.40°C, -2.52°C vs 1958-2002 normal (context line, never counted) [archive import: scored retroactively, not a live reading]",2023-05-11,scoring
2023-05-12,-3.048,-1.766,0,down,"DMI +80N 2023-05-12: -12.69°C, -3.05°C vs 1958-2002 normal (context line, never counted) [archive import: scored retroactively, not a live reading]",2023-05-12,scoring
2023-05-13,-3.334,-1.844,0,down,"DMI +80N 2023-05-13: -12.77°C, -3.33°C vs 1958-2002 normal (context line, never counted) [archive import: scored retroactively, not a live reading]",2023-05-13,scoring
2023-05-14,-3.601,-1.912,0,down,"DMI +80N 2023-05-14: -12.69°C, -3.60°C vs 1958-2002 normal (context line, never counted) [archive import: scored retroactively, not a live reading]",2023-05-14,scoring
2023-05-15,-3.506,-1.814,0,down,"DMI +80N 2023-05-15: -12.26°C, -3.51°C vs 1958-2002 normal (context line, never counted) [archive import: scored retroactively, not a live reading]",2023-05-15,scoring
2023-05-16,-3.294,-1.685,0,down,"DMI +80N 2023-05-16: -11.77°C, -3.29°C vs 1958-2002 normal (context line, never counted) [archive import: scored retroactively, not a live reading]",2023-05-16,scoring
2023-05-17,-3.761,-1.792,0,down,"DMI +80N 2023-05-17: -11.85°C, -3.76°C vs 1958-2002 normal (context line, never counted) [archive import: scored retroactively, not a live reading]",2023-05-17,scoring
2023-05-18,-4.365,-1.933,0,down,"DMI +80N 2023-05-18: -11.87°C, -4.37°C vs 1958-2002 normal (context line, never counted) [archive import: scored retroactively, not a live reading]",2023-05-18,scoring
2023-05-19,-4.26,-1.830,0,down,"DMI +80N 2023-05-19: -11.16°C, -4.26°C vs 1958-2002 normal (context line, never counted) [archive import: scored retroactively, not a live reading]",2023-05-19,scoring
2023-05-20,-3.979,-1.655,0,down,"DMI +80N 2023-05-20: -10.42°C, -3.98°C vs 1958-2002 normal (context line, never counted) [archive import: scored retroactively, not a live reading]",2023-05-20,scoring
2023-05-21,-3.854,-1.554,0,down,"DMI +80N 2023-05-21: -9.80°C, -3.85°C vs 1958-2002 normal (context line, never counted) [archive import: scored retroactively, not a live reading]",2023-05-21,scoring
2023-05-22,-3.559,-1.405,0,down,"DMI +80N 2023-05-22: -9.07°C, -3.56°C vs 1958-2002 normal (context line, never counted) [archive import: scored retroactively, not a live reading]",2023-05-22,scoring
2023-05-23,-3.99,-1.487,0,down,"DMI +80N 2023-05-23: -9.11°C, -3.99°C vs 1958-2002 normal (context line, never counted) [archive import: scored retroactively, not a live reading]",2023-05-23,scoring
2023-05-24,-2.754,-1.079,0,down,"DMI +80N 2023-05-24: -7.39°C, -2.75°C vs 1958-2002 normal (context line, never counted) [archive import: scored retroactively, not a live reading]",2023-05-24,scoring
2023-05-25,-1.889,-0.805,0,down,"DMI +80N 2023-05-25: -6.18°C, -1.89°C vs 1958-2002 normal (context line, never counted) [archive import: scored retroactively, not a live reading]",2023-05-25,scoring
2023-05-26,-1.61,-0.714,0,down,"DMI +80N 2023-05-26: -5.49°C, -1.61°C vs 1958-2002 normal (context line, never counted) [archive import: scored retroactively, not a live reading]",2023-05-26,scoring
2023-05-27,-1.574,-0.695,0,down,"DMI +80N 2023-05-27: -5.04°C, -1.57°C vs 1958-2002 normal (context line, never counted) [archive import: scored retroactively, not a live reading]",2023-05-27,scoring
2023-05-28,-1.764,-0.735,0,down,"DMI +80N 2023-05-28: -4.84°C, -1.76°C vs 1958-2002 normal (context line, never counted) [archive import: scored retroactively, not a live reading]",2023-05-28,scoring
2023-05-29,-1.947,-0.783,0,down,"DMI +80N 2023-05-29: -4.71°C, -1.95°C vs 1958-2002 normal (context line, never counted) [archive import: scored retroactively, not a live reading]",2023-05-29,scoring
2023-05-30,-1.771,-0.738,0,down,"DMI +80N 2023-05-30: -4.21°C, -1.77°C vs 1958-2002 normal (context line, never counted) [archive import: scored retroactively, not a live reading]",2023-05-30,scoring
2023-05-31,-1.257,-0.572,0,down,"DMI +80N 2023-05-31: -3.53°C, -1.26°C vs 1958-2002 normal (context line, never counted) [archive import: scored retroactively, not a live reading]",2023-05-31,scoring
2023-06-01,-0.248,-0.224,0,down,"DMI +80N 2023-06-01: -2.22°C, -0.25°C vs 1958-2002 normal (context line, never counted) [archive import: scored retroactively, not a live reading]",2023-06-01,scoring
2023-06-02,0.265,-0.034,0,down,"DMI +80N 2023-06-02: -1.42°C, +0.27°C vs 1958-2002 normal (context line, never counted) [archive import: scored retroactively, not a live reading]",2023-06-02,scoring
2023-06-03,0.321,0.004,0,up,"DMI +80N 2023-06-03: -1.12°C, +0.32°C vs 1958-2002 normal (context line, never counted) [archive import: scored retroactively, not a live reading]",2023-06-03,scoring
2023-06-04,0.396,0.034,0,up,"DMI +80N 2023-06-04: -0.82°C, +0.40°C vs 1958-2002 normal (context line, never counted) [archive import: scored retroactively, not a live reading]",2023-06-04,scoring
2023-06-05,0.385,0.030,0,up,"DMI +80N 2023-06-05: -0.71°C, +0.39°C vs 1958-2002 normal (context line, never counted) [archive import: scored retroactively, not a live reading]",2023-06-05,scoring
2023-06-06,-0.374,-0.220,0,down,"DMI +80N 2023-06-06: -1.26°C, -0.37°C vs 1958-2002 normal (context line, never counted) [archive import: scored retroactively, not a live reading]",2023-06-06,scoring
2023-06-07,-0.731,-0.340,0,down,"DMI +80N 2023-06-07: -1.42°C, -0.73°C vs 1958-2002 normal (context line, never counted) [archive import: scored retroactively, not a live reading]",2023-06-07,scoring
2023-06-08,-0.94,-0.392,0,down,"DMI +80N 2023-06-08: -1.51°C, -0.94°C vs 1958-2002 normal (context line, never counted) [archive import: scored retroactively, not a live reading]",2023-06-08,scoring
2023-06-09,-0.909,-0.350,0,down,"DMI +80N 2023-06-09: -1.36°C, -0.91°C vs 1958-2002 normal (context line, never counted) [archive import: scored retroactively, not a live reading]",2023-06-09,scoring
2023-06-10,-1.406,-0.488,0,down,"DMI +80N 2023-06-10: -1.68°C, -1.41°C vs 1958-2002 normal (context line, never counted) [archive import: scored retroactively, not a live reading]",2023-06-10,scoring
2023-06-11,-1.216,-0.374,0,down,"DMI +80N 2023-06-11: -1.32°C, -1.22°C vs 1958-2002 normal (context line, never counted) [archive import: scored retroactively, not a live reading]",2023-06-11,scoring
2023-06-12,-1.128,-0.337,0,down,"DMI +80N 2023-06-12: -1.11°C, -1.13°C vs 1958-2002 normal (context line, never counted) [archive import: scored retroactively, not a live reading]",2023-06-12,scoring
2023-06-13,-0.692,-0.155,0,down,"DMI +80N 2023-06-13: -0.58°C, -0.69°C vs 1958-2002 normal (context line, never counted) [archive import: scored retroactively, not a live reading]",2023-06-13,scoring
2023-06-14,-0.211,0.055,0,up,"DMI +80N 2023-06-14: -0.00°C, -0.21°C vs 1958-2002 normal (context line, never counted) [archive import: scored retroactively, not a live reading]",2023-06-14,scoring
2023-06-15,-0.15,0.079,0,up,"DMI +80N 2023-06-15: 0.19°C, -0.15°C vs 1958-2002 normal (context line, never counted) [archive import: scored retroactively, not a live reading]",2023-06-15,scoring
2023-06-16,-0.145,0.081,0,up,"DMI +80N 2023-06-16: 0.25°C, -0.14°C vs 1958-2002 normal (context line, never counted) [archive import: scored retroactively, not a live reading]",2023-06-16,scoring
2023-06-17,-0.2,0.045,0,up,"DMI +80N 2023-06-17: 0.26°C, -0.20°C vs 1958-2002 normal (context line, never counted) [archive import: scored retroactively, not a live reading]",2023-06-17,scoring
2023-06-18,-0.282,0.013,0,up,"DMI +80N 2023-06-18: 0.29°C, -0.28°C vs 1958-2002 normal (context line, never counted) [archive import: scored retroactively, not a live reading]",2023-06-18,scoring
2023-06-19,-0.377,-0.020,0,down,"DMI +80N 2023-06-19: 0.30°C, -0.38°C vs 1958-2002 normal (context line, never counted) [archive import: scored retroactively, not a live reading]",2023-06-19,scoring
2023-06-20,-0.506,-0.055,0,down,"DMI +80N 2023-06-20: 0.24°C, -0.51°C vs 1958-2002 normal (context line, never counted) [archive import: scored retroactively, not a live reading]",2023-06-20,scoring
2023-06-21,-0.396,0.020,0,up,"DMI +80N 2023-06-21: 0.45°C, -0.40°C vs 1958-2002 normal (context line, never counted) [archive import: scored retroactively, not a live reading]",2023-06-21,scoring
2023-06-22,-0.488,-0.016,0,down,"DMI +80N 2023-06-22: 0.40°C, -0.49°C vs 1958-2002 normal (context line, never counted) [archive import: scored retroactively, not a live reading]",2023-06-22,scoring
2023-06-23,-0.564,-0.030,0,down,"DMI +80N 2023-06-23: 0.32°C, -0.56°C vs 1958-2002 normal (context line, never counted) [archive import: scored retroactively, not a live reading]",2023-06-23,scoring
2023-06-24,-0.556,-0.010,0,down,"DMI +80N 2023-06-24: 0.40°C, -0.56°C vs 1958-2002 normal (context line, never counted) [archive import: scored retroactively, not a live reading]",2023-06-24,scoring
2023-06-25,-0.543,0.008,0,up,"DMI +80N 2023-06-25: 0.50°C, -0.54°C vs 1958-2002 normal (context line, never counted) [archive import: scored retroactively, not a live reading]",2023-06-25,scoring
2023-06-26,-0.402,0.079,0,up,"DMI +80N 2023-06-26: 0.65°C, -0.40°C vs 1958-2002 normal (context line, never counted) [archive import: scored retroactively, not a live reading]",2023-06-26,scoring
2023-06-27,-0.157,0.208,0,up,"DMI +80N 2023-06-27: 0.92°C, -0.16°C vs 1958-2002 normal (context line, never counted) [archive import: scored retroactively, not a live reading]",2023-06-27,scoring
2023-06-28,-0.053,0.271,0,up,"DMI +80N 2023-06-28: 1.08°C, -0.05°C vs 1958-2002 normal (context line, never counted) [archive import: scored retroactively, not a live reading]",2023-06-28,scoring
2023-06-29,-0.168,0.217,0,up,"DMI +80N 2023-06-29: 0.99°C, -0.17°C vs 1958-2002 normal (context line, never counted) [archive import: scored retroactively, not a live reading]",2023-06-29,scoring
2023-06-30,-0.215,0.198,0,up,"DMI +80N 2023-06-30: 0.99°C, -0.21°C vs 1958-2002 normal (context line, never counted) [archive import: scored retroactively, not a live reading]",2023-06-30,scoring
2023-07-01,0.026,0.348,0,up,"DMI +80N 2023-07-01: 1.24°C, +0.03°C vs 1958-2002 normal (context line, never counted) [archive import: scored retroactively, not a live reading]",2023-07-01,scoring
2023-07-02,0.064,0.381,0,up,"DMI +80N 2023-07-02: 1.28°C, +0.06°C vs 1958-2002 normal (context line, never counted) [archive import: scored retroactively, not a live reading]",2023-07-02,scoring
2023-07-03,-0.005,0.346,0,up,"DMI +80N 2023-07-03: 1.22°C, -0.01°C vs 1958-2002 normal (context line, never counted) [archive import: scored retroactively, not a live reading]",2023-07-03,scoring
2023-07-04,-0.119,0.284,0,up,"DMI +80N 2023-07-04: 1.13°C, -0.12°C vs 1958-2002 normal (context line, never counted) [archive import: scored retroactively, not a live reading]",2023-07-04,scoring
2023-07-05,-0.115,0.292,0,up,"DMI +80N 2023-07-05: 1.10°C, -0.12°C vs 1958-2002 normal (context line, never counted) [archive import: scored retroactively, not a live reading]",2023-07-05,scoring
2023-07-06,-0.138,0.280,0,up,"DMI +80N 2023-07-06: 1.08°C, -0.14°C vs 1958-2002 normal (context line, never counted) [archive import: scored retroactively, not a live reading]",2023-07-06,scoring
2023-07-07,-0.166,0.269,0,up,"DMI +80N 2023-07-07: 1.04°C, -0.17°C vs 1958-2002 normal (context line, never counted) [archive import: scored retroactively, not a live reading]",2023-07-07,scoring
2023-07-08,-0.246,0.222,0,up,"DMI +80N 2023-07-08: 1.02°C, -0.25°C vs 1958-2002 normal (context line, never counted) [archive import: scored retroactively, not a live reading]",2023-07-08,scoring
2023-07-09,-0.405,0.113,0,up,"DMI +80N 2023-07-09: 0.85°C, -0.41°C vs 1958-2002 normal (context line, never counted) [archive import: scored retroactively, not a live reading]",2023-07-09,scoring
2023-07-10,-0.122,0.328,0,up,"DMI +80N 2023-07-10: 1.16°C, -0.12°C vs 1958-2002 normal (context line, never counted) [archive import: scored retroactively, not a live reading]",2023-07-10,scoring
2023-07-11,-0.034,0.403,0,up,"DMI +80N 2023-07-11: 1.22°C, -0.03°C vs 1958-2002 normal (context line, never counted) [archive import: scored retroactively, not a live reading]",2023-07-11,scoring
2023-07-12,-0.157,0.323,0,up,"DMI +80N 2023-07-12: 1.09°C, -0.16°C vs 1958-2002 normal (context line, never counted) [archive import: scored retroactively, not a live reading]",2023-07-12,scoring
2023-07-13,-0.259,0.251,0,up,"DMI +80N 2023-07-13: 1.02°C, -0.26°C vs 1958-2002 normal (context line, never counted) [archive import: scored retroactively, not a live reading]",2023-07-13,scoring
2023-07-14,-0.088,0.408,0,up,"DMI +80N 2023-07-14: 1.24°C, -0.09°C vs 1958-2002 normal (context line, never counted) [archive import: scored retroactively, not a live reading]",2023-07-14,scoring
2023-07-15,0.012,0.510,0,up,"DMI +80N 2023-07-15: 1.29°C, +0.01°C vs 1958-2002 normal (context line, never counted) [archive import: scored retroactively, not a live reading]",2023-07-15,scoring
2023-07-16,-0.231,0.304,0,up,"DMI +80N 2023-07-16: 1.05°C, -0.23°C vs 1958-2002 normal (context line, never counted) [archive import: scored retroactively, not a live reading]",2023-07-16,scoring
2023-07-17,-0.367,0.180,0,up,"DMI +80N 2023-07-17: 0.91°C, -0.37°C vs 1958-2002 normal (context line, never counted) [archive import: scored retroactively, not a live reading]",2023-07-17,scoring
2023-07-18,-0.374,0.170,0,up,"DMI +80N 2023-07-18: 0.92°C, -0.37°C vs 1958-2002 normal (context line, never counted) [archive import: scored retroactively, not a live reading]",2023-07-18,scoring
2023-07-19,-0.378,0.148,0,up,"DMI +80N 2023-07-19: 0.96°C, -0.38°C vs 1958-2002 normal (context line, never counted) [archive import: scored retroactively, not a live reading]",2023-07-19,scoring
2023-07-20,-0.305,0.205,0,up,"DMI +80N 2023-07-20: 0.99°C, -0.30°C vs 1958-2002 normal (context line, never counted) [archive import: scored retroactively, not a live reading]",2023-07-20,scoring
2023-07-21,-0.345,0.113,0,up,"DMI +80N 2023-07-21: 0.92°C, -0.34°C vs 1958-2002 normal (context line, never counted) [archive import: scored retroactively, not a live reading]",2023-07-21,scoring
2023-07-22,-0.278,0.146,0,up,"DMI +80N 2023-07-22: 0.93°C, -0.28°C vs 1958-2002 normal (context line, never counted) [archive import: scored retroactively, not a live reading]",2023-07-22,scoring
2023-07-23,-0.135,0.328,0,up,"DMI +80N 2023-07-23: 1.04°C, -0.14°C vs 1958-2002 normal (context line, never counted) [archive import: scored retroactively, not a live reading]",2023-07-23,scoring
2023-07-24,-0.356,0.062,0,up,"DMI +80N 2023-07-24: 0.81°C, -0.36°C vs 1958-2002 normal (context line, never counted) [archive import: scored retroactively, not a live reading]",2023-07-24,scoring
2023-07-25,-0.538,-0.184,0,down,"DMI +80N 2023-07-25: 0.61°C, -0.54°C vs 1958-2002 normal (context line, never counted) [archive import: scored retroactively, not a live reading]",2023-07-25,scoring
2023-07-26,-0.436,0.015,0,up,"DMI +80N 2023-07-26: 0.71°C, -0.44°C vs 1958-2002 normal (context line, never counted) [archive import: scored retroactively, not a live reading]",2023-07-26,scoring
2023-07-27,-0.52,-0.087,0,down,"DMI +80N 2023-07-27: 0.57°C, -0.52°C vs 1958-2002 normal (context line, never counted) [archive import: scored retroactively, not a live reading]",2023-07-27,scoring
2023-07-28,-0.478,-0.025,0,down,"DMI +80N 2023-07-28: 0.60°C, -0.48°C vs 1958-2002 normal (context line, never counted) [archive import: scored retroactively, not a live reading]",2023-07-28,scoring
2023-07-29,-0.545,-0.144,0,down,"DMI +80N 2023-07-29: 0.53°C, -0.55°C vs 1958-2002 normal (context line, never counted) [archive import: scored retroactively, not a live reading]",2023-07-29,scoring
2023-07-30,-0.748,-0.489,0,down,"DMI +80N 2023-07-30: 0.24°C, -0.75°C vs 1958-2002 normal (context line, never counted) [archive import: scored retroactively, not a live reading]",2023-07-30,scoring
2023-07-31,-0.993,-0.914,0,down,"DMI +80N 2023-07-31: -0.03°C, -0.99°C vs 1958-2002 normal (context line, never counted) [archive import: scored retroactively, not a live reading]",2023-07-31,scoring
2023-08-01,-0.819,-0.620,0,down,"DMI +80N 2023-08-01: 0.14°C, -0.82°C vs 1958-2002 normal (context line, never counted) [archive import: scored retroactively, not a live reading]",2023-08-01,scoring
2023-08-02,-0.71,-0.433,0,down,"DMI +80N 2023-08-02: 0.22°C, -0.71°C vs 1958-2002 normal (context line, never counted) [archive import: scored retroactively, not a live reading]",2023-08-02,scoring
2023-08-03,-0.668,-0.361,0,down,"DMI +80N 2023-08-03: 0.16°C, -0.67°C vs 1958-2002 normal (context line, never counted) [archive import: scored retroactively, not a live reading]",2023-08-03,scoring
2023-08-04,-0.515,-0.054,0,down,"DMI +80N 2023-08-04: 0.25°C, -0.52°C vs 1958-2002 normal (context line, never counted) [archive import: scored retroactively, not a live reading]",2023-08-04,scoring
2023-08-05,-0.179,0.525,0,up,"DMI +80N 2023-08-05: 0.51°C, -0.18°C vs 1958-2002 normal (context line, never counted) [archive import: scored retroactively, not a live reading]",2023-08-05,scoring
2023-08-06,-0.066,0.714,0,up,"DMI +80N 2023-08-06: 0.59°C, -0.07°C vs 1958-2002 normal (context line, never counted) [archive import: scored retroactively, not a live reading]",2023-08-06,scoring
2023-08-07,-0.004,0.796,0,up,"DMI +80N 2023-08-07: 0.56°C, -0.00°C vs 1958-2002 normal (context line, never counted) [archive import: scored retroactively, not a live reading]",2023-08-07,scoring
2023-08-08,-0.522,-0.182,0,down,"DMI +80N 2023-08-08: 0.03°C, -0.52°C vs 1958-2002 normal (context line, never counted) [archive import: scored retroactively, not a live reading]",2023-08-08,scoring
2023-08-09,-0.73,-0.569,0,down,"DMI +80N 2023-08-09: -0.24°C, -0.73°C vs 1958-2002 normal (context line, never counted) [archive import: scored retroactively, not a live reading]",2023-08-09,scoring
2023-08-10,-0.078,0.648,0,up,"DMI +80N 2023-08-10: 0.34°C, -0.08°C vs 1958-2002 normal (context line, never counted) [archive import: scored retroactively, not a live reading]",2023-08-10,scoring
2023-08-11,0.232,1.242,0,up,"DMI +80N 2023-08-11: 0.57°C, +0.23°C vs 1958-2002 normal (context line, never counted) [archive import: scored retroactively, not a live reading]",2023-08-11,scoring
2023-08-12,-0.086,0.614,0,up,"DMI +80N 2023-08-12: 0.21°C, -0.09°C vs 1958-2002 normal (context line, never counted) [archive import: scored retroactively, not a live reading]",2023-08-12,scoring
2023-08-13,0.054,0.899,0,up,"DMI +80N 2023-08-13: 0.29°C, +0.05°C vs 1958-2002 normal (context line, never counted) [archive import: scored retroactively, not a live reading]",2023-08-13,scoring
2023-08-14,0.219,1.244,0,up,"DMI +80N 2023-08-14: 0.42°C, +0.22°C vs 1958-2002 normal (context line, never counted) [archive import: scored retroactively, not a live reading]",2023-08-14,scoring
2023-08-15,0.393,1.616,0,up,"DMI +80N 2023-08-15: 0.55°C, +0.39°C vs 1958-2002 normal (context line, never counted) [archive import: scored retroactively, not a live reading]",2023-08-15,scoring
2023-08-16,0.495,1.836,0,up,"DMI +80N 2023-08-16: 0.57°C, +0.49°C vs 1958-2002 normal (context line, never counted) [archive import: scored retroactively, not a live reading]",2023-08-16,scoring
2023-08-17,0.689,2.249,0,up,"DMI +80N 2023-08-17: 0.65°C, +0.69°C vs 1958-2002 normal (context line, never counted) [archive import: scored retroactively, not a live reading]",2023-08-17,scoring
2023-08-18,0.981,2.849,0,up,"DMI +80N 2023-08-18: 0.81°C, +0.98°C vs 1958-2002 normal (context line, never counted) [archive import: scored retroactively, not a live reading]",2023-08-18,scoring
2023-08-19,1.22,3.318,1,up,"DMI +80N 2023-08-19: 0.87°C, +1.22°C vs 1958-2002 normal (context line, never counted) [archive import: scored retroactively, not a live reading]",2023-08-19,scoring
2023-08-20,1.025,2.852,0,up,"DMI +80N 2023-08-20: 0.52°C, +1.02°C vs 1958-2002 normal (context line, never counted) [archive import: scored retroactively, not a live reading]",2023-08-20,scoring
2023-08-21,1.251,3.278,1,up,"DMI +80N 2023-08-21: 0.54°C, +1.25°C vs 1958-2002 normal (context line, never counted) [archive import: scored retroactively, not a live reading]",2023-08-21,scoring
2023-08-22,1.412,3.591,1,up,"DMI +80N 2023-08-22: 0.50°C, +1.41°C vs 1958-2002 normal (context line, never counted) [archive import: scored retroactively, not a live reading]",2023-08-22,scoring
2023-08-23,1.532,3.822,1,up,"DMI +80N 2023-08-23: 0.44°C, +1.53°C vs 1958-2002 normal (context line, never counted) [archive import: scored retroactively, not a live reading]",2023-08-23,scoring
2023-08-24,1.482,3.684,1,up,"DMI +80N 2023-08-24: 0.25°C, +1.48°C vs 1958-2002 normal (context line, never counted) [archive import: scored retroactively, not a live reading]",2023-08-24,scoring
2023-08-25,1.134,2.918,0,up,"DMI +80N 2023-08-25: -0.16°C, +1.13°C vs 1958-2002 normal (context line, never counted) [archive import: scored retroactively, not a live reading]",2023-08-25,scoring
2023-08-26,1.134,2.913,0,up,"DMI +80N 2023-08-26: -0.35°C, +1.13°C vs 1958-2002 normal (context line, never counted) [archive import: scored retroactively, not a live reading]",2023-08-26,scoring
2023-08-27,1.391,3.426,1,up,"DMI +80N 2023-08-27: -0.43°C, +1.39°C vs 1958-2002 normal (context line, never counted) [archive import: scored retroactively, not a live reading]",2023-08-27,scoring
2023-08-28,1.449,3.544,1,up,"DMI +80N 2023-08-28: -0.69°C, +1.45°C vs 1958-2002 normal (context line, never counted) [archive import: scored retroactively, not a live reading]",2023-08-28,scoring
2023-08-29,1.424,3.490,1,up,"DMI +80N 2023-08-29: -0.98°C, +1.42°C vs 1958-2002 normal (context line, never counted) [archive import: scored retroactively, not a live reading]",2023-08-29,scoring
2023-08-30,1.679,4.039,1,up,"DMI +80N 2023-08-30: -1.05°C, +1.68°C vs 1958-2002 normal (context line, never counted) [archive import: scored retroactively, not a live reading]",2023-08-30,scoring
2023-08-31,2.126,4.773,1,up,"DMI +80N 2023-08-31: -0.89°C, +2.13°C vs 1958-2002 normal (context line, never counted) [archive import: scored retroactively, not a live reading]",2023-08-31,scoring
2023-09-01,2.143,4.766,1,up,"DMI +80N 2023-09-01: -1.10°C, +2.14°C vs 1958-2002 normal (context line, never counted) [archive import: scored retroactively, not a live reading]",2023-09-01,scoring
2023-09-02,2.339,5.146,1,up,"DMI +80N 2023-09-02: -1.18°C, +2.34°C vs 1958-2002 normal (context line, never counted) [archive import: scored retroactively, not a live reading]",2023-09-02,scoring
2023-09-03,2.474,5.423,1,up,"DMI +80N 2023-09-03: -1.23°C, +2.47°C vs 1958-2002 normal (context line, never counted) [archive import: scored retroactively, not a live reading]",2023-09-03,scoring
2023-09-04,2.558,5.571,1,up,"DMI +80N 2023-09-04: -1.45°C, +2.56°C vs 1958-2002 normal (context line, never counted) [archive import: scored retroactively, not a live reading]",2023-09-04,scoring
2023-09-05,2.742,5.709,1,up,"DMI +80N 2023-09-05: -1.55°C, +2.74°C vs 1958-2002 normal (context line, never counted) [archive import: scored retroactively, not a live reading]",2023-09-05,scoring
2023-09-06,3.81,7.666,1,up,"DMI +80N 2023-09-06: -0.81°C, +3.81°C vs 1958-2002 normal (context line, never counted) [archive import: scored retroactively, not a live reading]",2023-09-06,scoring
2023-09-07,3.881,7.700,1,up,"DMI +80N 2023-09-07: -1.12°C, +3.88°C vs 1958-2002 normal (context line, never counted) [archive import: scored retroactively, not a live reading]",2023-09-07,scoring
2023-09-08,2.585,5.118,1,up,"DMI +80N 2023-09-08: -2.79°C, +2.58°C vs 1958-2002 normal (context line, never counted) [archive import: scored retroactively, not a live reading]",2023-09-08,scoring
2023-09-09,2.318,4.663,1,up,"DMI +80N 2023-09-09: -3.10°C, +2.32°C vs 1958-2002 normal (context line, never counted) [archive import: scored retroactively, not a live reading]",2023-09-09,scoring
2023-09-10,2.989,5.945,1,up,"DMI +80N 2023-09-10: -2.68°C, +2.99°C vs 1958-2002 normal (context line, never counted) [archive import: scored retroactively, not a live reading]",2023-09-10,scoring
2023-09-11,3.483,6.874,1,up,"DMI +80N 2023-09-11: -2.43°C, +3.48°C vs 1958-2002 normal (context line, never counted) [archive import: scored retroactively, not a live reading]",2023-09-11,scoring
2023-09-12,4.324,8.190,1,up,"DMI +80N 2023-09-12: -1.88°C, +4.32°C vs 1958-2002 normal (context line, never counted) [archive import: scored retroactively, not a live reading]",2023-09-12,scoring
2023-09-13,4.838,8.810,1,up,"DMI +80N 2023-09-13: -1.69°C, +4.84°C vs 1958-2002 normal (context line, never counted) [archive import: scored retroactively, not a live reading]",2023-09-13,scoring
2023-09-14,4.979,8.598,1,up,"DMI +80N 2023-09-14: -1.92°C, +4.98°C vs 1958-2002 normal (context line, never counted) [archive import: scored retroactively, not a live reading]",2023-09-14,scoring
2023-09-15,4.746,7.841,1,up,"DMI +80N 2023-09-15: -2.49°C, +4.75°C vs 1958-2002 normal (context line, never counted) [archive import: scored retroactively, not a live reading]",2023-09-15,scoring
2023-09-16,4.74,7.473,1,up,"DMI +80N 2023-09-16: -2.82°C, +4.74°C vs 1958-2002 normal (context line, never counted) [archive import: scored retroactively, not a live reading]",2023-09-16,scoring
2023-09-17,4.925,7.362,1,up,"DMI +80N 2023-09-17: -3.05°C, +4.92°C vs 1958-2002 normal (context line, never counted) [archive import: scored retroactively, not a live reading]",2023-09-17,scoring
2023-09-18,5.048,7.148,1,up,"DMI +80N 2023-09-18: -3.24°C, +5.05°C vs 1958-2002 normal (context line, never counted) [archive import: scored retroactively, not a live reading]",2023-09-18,scoring
2023-09-19,5.649,7.694,1,up,"DMI +80N 2023-09-19: -3.15°C, +5.65°C vs 1958-2002 normal (context line, never counted) [archive import: scored retroactively, not a live reading]",2023-09-19,scoring
2023-09-20,6.183,7.980,1,up,"DMI +80N 2023-09-20: -2.88°C, +6.18°C vs 1958-2002 normal (context line, never counted) [archive import: scored retroactively, not a live reading]",2023-09-20,scoring
2023-09-21,6.136,7.539,1,up,"DMI +80N 2023-09-21: -3.20°C, +6.14°C vs 1958-2002 normal (context line, never counted) [archive import: scored retroactively, not a live reading]",2023-09-21,scoring
2023-09-22,5.887,6.961,1,up,"DMI +80N 2023-09-22: -3.83°C, +5.89°C vs 1958-2002 normal (context line, never counted) [archive import: scored retroactively, not a live reading]",2023-09-22,scoring
2023-09-23,5.743,6.663,1,up,"DMI +80N 2023-09-23: -4.18°C, +5.74°C vs 1958-2002 normal (context line, never counted) [archive import: scored retroactively, not a live reading]",2023-09-23,scoring
2023-09-24,5.855,6.456,1,up,"DMI +80N 2023-09-24: -4.48°C, +5.86°C vs 1958-2002 normal (context line, never counted) [archive import: scored retroactively, not a live reading]",2023-09-24,scoring
2023-09-25,5.95,6.244,1,up,"DMI +80N 2023-09-25: -4.76°C, +5.95°C vs 1958-2002 normal (context line, never counted) [archive import: scored retroactively, not a live reading]",2023-09-25,scoring
2023-09-26,5.361,5.348,1,up,"DMI +80N 2023-09-26: -5.58°C, +5.36°C vs 1958-2002 normal (context line, never counted) [archive import: scored retroactively, not a live reading]",2023-09-26,scoring
2023-09-27,3.487,3.196,1,up,"DMI +80N 2023-09-27: -7.60°C, +3.49°C vs 1958-2002 normal (context line, never counted) [archive import: scored retroactively, not a live reading]",2023-09-27,scoring
2023-09-28,3.378,2.811,0,up,"DMI +80N 2023-09-28: -7.99°C, +3.38°C vs 1958-2002 normal (context line, never counted) [archive import: scored retroactively, not a live reading]",2023-09-28,scoring
2023-09-29,3.967,3.067,1,up,"DMI +80N 2023-09-29: -7.79°C, +3.97°C vs 1958-2002 normal (context line, never counted) [archive import: scored retroactively, not a live reading]",2023-09-29,scoring
2023-09-30,4.439,3.182,1,up,"DMI +80N 2023-09-30: -7.79°C, +4.44°C vs 1958-2002 normal (context line, never counted) [archive import: scored retroactively, not a live reading]",2023-09-30,scoring
2023-10-01,4.496,2.978,0,up,"DMI +80N 2023-10-01: -8.08°C, +4.50°C vs 1958-2002 normal (context line, never counted) [archive import: scored retroactively, not a live reading]",2023-10-01,scoring
2023-10-02,5.563,3.454,1,up,"DMI +80N 2023-10-02: -7.33°C, +5.56°C vs 1958-2002 normal (context line, never counted) [archive import: scored retroactively, not a live reading]",2023-10-02,scoring
2023-10-03,6.143,3.546,1,up,"DMI +80N 2023-10-03: -7.15°C, +6.14°C vs 1958-2002 normal (context line, never counted) [archive import: scored retroactively, not a live reading]",2023-10-03,scoring
2023-10-04,5.889,3.086,1,up,"DMI +80N 2023-10-04: -7.74°C, +5.89°C vs 1958-2002 normal (context line, never counted) [archive import: scored retroactively, not a live reading]",2023-10-04,scoring
2023-10-05,5.415,2.642,0,up,"DMI +80N 2023-10-05: -8.27°C, +5.42°C vs 1958-2002 normal (context line, never counted) [archive import: scored retroactively, not a live reading]",2023-10-05,scoring
2023-10-06,4.19,1.798,0,up,"DMI +80N 2023-10-06: -9.64°C, +4.19°C vs 1958-2002 normal (context line, never counted) [archive import: scored retroactively, not a live reading]",2023-10-06,scoring
2023-10-07,3.835,1.459,0,up,"DMI +80N 2023-10-07: -10.23°C, +3.83°C vs 1958-2002 normal (context line, never counted) [archive import: scored retroactively, not a live reading]",2023-10-07,scoring
2023-10-08,4.536,1.727,0,up,"DMI +80N 2023-10-08: -9.56°C, +4.54°C vs 1958-2002 normal (context line, never counted) [archive import: scored retroactively, not a live reading]",2023-10-08,scoring
2023-10-09,4.425,1.565,0,up,"DMI +80N 2023-10-09: -9.92°C, +4.42°C vs 1958-2002 normal (context line, never counted) [archive import: scored retroactively, not a live reading]",2023-10-09,scoring
2023-10-10,3.762,1.186,0,up,"DMI +80N 2023-10-10: -11.09°C, +3.76°C vs 1958-2002 normal (context line, never counted) [archive import: scored retroactively, not a live reading]",2023-10-10,scoring
2023-10-11,2.355,0.453,0,up,"DMI +80N 2023-10-11: -12.88°C, +2.35°C vs 1958-2002 normal (context line, never counted) [archive import: scored retroactively, not a live reading]",2023-10-11,scoring
2023-10-12,1.747,0.134,0,up,"DMI +80N 2023-10-12: -14.07°C, +1.75°C vs 1958-2002 normal (context line, never counted) [archive import: scored retroactively, not a live reading]",2023-10-12,scoring
2023-10-13,1.465,-0.020,0,down,"DMI +80N 2023-10-13: -14.78°C, +1.47°C vs 1958-2002 normal (context line, never counted) [archive import: scored retroactively, not a live reading]",2023-10-13,scoring
2023-10-14,1.108,-0.184,0,down,"DMI +80N 2023-10-14: -15.43°C, +1.11°C vs 1958-2002 normal (context line, never counted) [archive import: scored retroactively, not a live reading]",2023-10-14,scoring
2023-10-15,0.537,-0.443,0,down,"DMI +80N 2023-10-15: -16.58°C, +0.54°C vs 1958-2002 normal (context line, never counted) [archive import: scored retroactively, not a live reading]",2023-10-15,scoring
2023-10-16,-0.01,-0.694,0,down,"DMI +80N 2023-10-16: -17.65°C, -0.01°C vs 1958-2002 normal (context line, never counted) [archive import: scored retroactively, not a live reading]",2023-10-16,scoring
2023-10-17,-0.353,-0.855,0,down,"DMI +80N 2023-10-17: -18.30°C, -0.35°C vs 1958-2002 normal (context line, never counted) [archive import: scored retroactively, not a live reading]",2023-10-17,scoring
2023-10-18,-0.78,-1.052,0,down,"DMI +80N 2023-10-18: -18.80°C, -0.78°C vs 1958-2002 normal (context line, never counted) [archive import: scored retroactively, not a live reading]",2023-10-18,scoring
2023-10-19,0.199,-0.598,0,down,"DMI +80N 2023-10-19: -17.96°C, +0.20°C vs 1958-2002 normal (context line, never counted) [archive import: scored retroactively, not a live reading]",2023-10-19,scoring
2023-10-20,1.433,-0.034,0,down,"DMI +80N 2023-10-20: -16.75°C, +1.43°C vs 1958-2002 normal (context line, never counted) [archive import: scored retroactively, not a live reading]",2023-10-20,scoring
2023-10-21,3.061,0.710,0,up,"DMI +80N 2023-10-21: -15.56°C, +3.06°C vs 1958-2002 normal (context line, never counted) [archive import: scored retroactively, not a live reading]",2023-10-21,scoring
2023-10-22,6.139,2.045,0,up,"DMI +80N 2023-10-22: -12.94°C, +6.14°C vs 1958-2002 normal (context line, never counted) [archive import: scored retroactively, not a live reading]",2023-10-22,scoring
2023-10-23,7.62,2.631,0,up,"DMI +80N 2023-10-23: -11.77°C, +7.62°C vs 1958-2002 normal (context line, never counted) [archive import: scored retroactively, not a live reading]",2023-10-23,scoring
2023-10-24,7.698,2.482,0,up,"DMI +80N 2023-10-24: -12.24°C, +7.70°C vs 1958-2002 normal (context line, never counted) [archive import: scored retroactively, not a live reading]",2023-10-24,scoring
2023-10-25,7.99,2.457,0,up,"DMI +80N 2023-10-25: -12.36°C, +7.99°C vs 1958-2002 normal (context line, never counted) [archive import: scored retroactively, not a live reading]",2023-10-25,scoring
2023-10-26,8.342,2.506,0,up,"DMI +80N 2023-10-26: -12.42°C, +8.34°C vs 1958-2002 normal (context line, never counted) [archive import: scored retroactively, not a live reading]",2023-10-26,scoring
2023-10-27,8.018,2.289,0,up,"DMI +80N 2023-10-27: -12.92°C, +8.02°C vs 1958-2002 normal (context line, never counted) [archive import: scored retroactively, not a live reading]",2023-10-27,scoring
2023-10-28,7.469,2.014,0,up,"DMI +80N 2023-10-28: -13.65°C, +7.47°C vs 1958-2002 normal (context line, never counted) [archive import: scored retroactively, not a live reading]",2023-10-28,scoring
2023-10-29,6.657,1.651,0,up,"DMI +80N 2023-10-29: -14.74°C, +6.66°C vs 1958-2002 normal (context line, never counted) [archive import: scored retroactively, not a live reading]",2023-10-29,scoring
2023-10-30,6.949,1.726,0,up,"DMI +80N 2023-10-30: -14.52°C, +6.95°C vs 1958-2002 normal (context line, never counted) [archive import: scored retroactively, not a live reading]",2023-10-30,scoring
2023-10-31,7.138,1.770,0,up,"DMI +80N 2023-10-31: -14.92°C, +7.14°C vs 1958-2002 normal (context line, never counted) [archive import: scored retroactively, not a live reading]",2023-10-31,scoring
2023-11-01,6.529,1.497,0,up,"DMI +80N 2023-11-01: -15.85°C, +6.53°C vs 1958-2002 normal (context line, never counted) [archive import: scored retroactively, not a live reading]",2023-11-01,scoring
2023-11-02,5.344,0.961,0,up,"DMI +80N 2023-11-02: -17.47°C, +5.34°C vs 1958-2002 normal (context line, never counted) [archive import: scored retroactively, not a live reading]",2023-11-02,scoring
2023-11-03,5.938,1.134,0,up,"DMI +80N 2023-11-03: -17.42°C, +5.94°C vs 1958-2002 normal (context line, never counted) [archive import: scored retroactively, not a live reading]",2023-11-03,scoring
2023-11-04,6.469,1.266,0,up,"DMI +80N 2023-11-04: -17.03°C, +6.47°C vs 1958-2002 normal (context line, never counted) [archive import: scored retroactively, not a live reading]",2023-11-04,scoring
2023-11-05,5.828,0.934,0,up,"DMI +80N 2023-11-05: -17.36°C, +5.83°C vs 1958-2002 normal (context line, never counted) [archive import: scored retroactively, not a live reading]",2023-11-05,scoring
2023-11-06,6.095,1.023,0,up,"DMI +80N 2023-11-06: -16.69°C, +6.09°C vs 1958-2002 normal (context line, never counted) [archive import: scored retroactively, not a live reading]",2023-11-06,scoring
2023-11-07,6.042,0.958,0,up,"DMI +80N 2023-11-07: -16.77°C, +6.04°C vs 1958-2002 normal (context line, never counted) [archive import: scored retroactively, not a live reading]",2023-11-07,scoring
2023-11-08,5.409,0.653,0,up,"DMI +80N 2023-11-08: -17.37°C, +5.41°C vs 1958-2002 normal (context line, never counted) [archive import: scored retroactively, not a live reading]",2023-11-08,scoring
2023-11-09,6.095,0.930,0,up,"DMI +80N 2023-11-09: -16.80°C, +6.09°C vs 1958-2002 normal (context line, never counted) [archive import: scored retroactively, not a live reading]",2023-11-09,scoring
2023-11-10,4.718,0.354,0,up,"DMI +80N 2023-11-10: -18.20°C, +4.72°C vs 1958-2002 normal (context line, never counted) [archive import: scored retroactively, not a live reading]",2023-11-10,scoring
2023-11-11,3.138,-0.328,0,down,"DMI +80N 2023-11-11: -20.00°C, +3.14°C vs 1958-2002 normal (context line, never counted) [archive import: scored retroactively, not a live reading]",2023-11-11,scoring
2023-11-12,2.326,-0.670,0,down,"DMI +80N 2023-11-12: -21.41°C, +2.33°C vs 1958-2002 normal (context line, never counted) [archive import: scored retroactively, not a live reading]",2023-11-12,scoring
2023-11-13,2.9,-0.433,0,down,"DMI +80N 2023-11-13: -21.36°C, +2.90°C vs 1958-2002 normal (context line, never counted) [archive import: scored retroactively, not a live reading]",2023-11-13,scoring
2023-11-14,3.908,-0.007,0,down,"DMI +80N 2023-11-14: -20.36°C, +3.91°C vs 1958-2002 normal (context line, never counted) [archive import: scored retroactively, not a live reading]",2023-11-14,scoring
2023-11-15,4.147,0.089,0,up,"DMI +80N 2023-11-15: -20.34°C, +4.15°C vs 1958-2002 normal (context line, never counted) [archive import: scored retroactively, not a live reading]",2023-11-15,scoring
2023-11-16,3.304,-0.321,0,down,"DMI +80N 2023-11-16: -21.36°C, +3.30°C vs 1958-2002 normal (context line, never counted) [archive import: scored retroactively, not a live reading]",2023-11-16,scoring
2023-11-17,2.739,-0.565,0,down,"DMI +80N 2023-11-17: -21.82°C, +2.74°C vs 1958-2002 normal (context line, never counted) [archive import: scored retroactively, not a live reading]",2023-11-17,scoring
2023-11-18,4.372,0.135,0,up,"DMI +80N 2023-11-18: -20.42°C, +4.37°C vs 1958-2002 normal (context line, never counted) [archive import: scored retroactively, not a live reading]",2023-11-18,scoring
2023-11-19,4.683,0.223,0,up,"DMI +80N 2023-11-19: -20.16°C, +4.68°C vs 1958-2002 normal (context line, never counted) [archive import: scored retroactively, not a live reading]",2023-11-19,scoring
2023-11-20,2.986,-0.559,0,down,"DMI +80N 2023-11-20: -21.76°C, +2.99°C vs 1958-2002 normal (context line, never counted) [archive import: scored retroactively, not a live reading]",2023-11-20,scoring
2023-11-21,0.398,-1.706,0,down,"DMI +80N 2023-11-21: -24.27°C, +0.40°C vs 1958-2002 normal (context line, never counted) [archive import: scored retroactively, not a live reading]",2023-11-21,scoring
2023-11-22,0.486,-1.652,0,down,"DMI +80N 2023-11-22: -24.53°C, +0.49°C vs 1958-2002 normal (context line, never counted) [archive import: scored retroactively, not a live reading]",2023-11-22,scoring
2023-11-23,1.186,-1.330,0,down,"DMI +80N 2023-11-23: -24.38°C, +1.19°C vs 1958-2002 normal (context line, never counted) [archive import: scored retroactively, not a live reading]",2023-11-23,scoring
2023-11-24,2.035,-0.962,0,down,"DMI +80N 2023-11-24: -23.61°C, +2.04°C vs 1958-2002 normal (context line, never counted) [archive import: scored retroactively, not a live reading]",2023-11-24,scoring
2023-11-25,1.641,-1.150,0,down,"DMI +80N 2023-11-25: -23.89°C, +1.64°C vs 1958-2002 normal (context line, never counted) [archive import: scored retroactively, not a live reading]",2023-11-25,scoring
2023-11-26,0.882,-1.484,0,down,"DMI +80N 2023-11-26: -25.04°C, +0.88°C vs 1958-2002 normal (context line, never counted) [archive import: scored retroactively, not a live reading]",2023-11-26,scoring
2023-11-27,2.95,-0.570,0,down,"DMI +80N 2023-11-27: -23.05°C, +2.95°C vs 1958-2002 normal (context line, never counted) [archive import: scored retroactively, not a live reading]",2023-11-27,scoring
2023-11-28,3.88,-0.166,0,down,"DMI +80N 2023-11-28: -22.12°C, +3.88°C vs 1958-2002 normal (context line, never counted) [archive import: scored retroactively, not a live reading]",2023-11-28,scoring
2023-11-29,3.022,-0.551,0,down,"DMI +80N 2023-11-29: -23.43°C, +3.02°C vs 1958-2002 normal (context line, never counted) [archive import: scored retroactively, not a live reading]",2023-11-29,scoring
2023-11-30,5.388,0.507,0,up,"DMI +80N 2023-11-30: -21.48°C, +5.39°C vs 1958-2002 normal (context line, never counted) [archive import: scored retroactively, not a live reading]",2023-11-30,scoring
2023-12-01,5.425,0.486,0,up,"DMI +80N 2023-12-01: -21.58°C, +5.42°C vs 1958-2002 normal (context line, never counted) [archive import: scored retroactively, not a live reading]",2023-12-01,scoring
2023-12-02,6.209,0.833,0,up,"DMI +80N 2023-12-02: -20.61°C, +6.21°C vs 1958-2002 normal (context line, never counted) [archive import: scored retroactively, not a live reading]",2023-12-02,scoring
2023-12-03,6.214,0.823,0,up,"DMI +80N 2023-12-03: -20.34°C, +6.21°C vs 1958-2002 normal (context line, never counted) [archive import: scored retroactively, not a live reading]",2023-12-03,scoring
2023-12-04,7.42,1.374,0,up,"DMI +80N 2023-12-04: -19.49°C, +7.42°C vs 1958-2002 normal (context line, never counted) [archive import: scored retroactively, not a live reading]",2023-12-04,scoring
2023-12-05,9.727,2.413,0,up,"DMI +80N 2023-12-05: -17.77°C, +9.73°C vs 1958-2002 normal (context line, never counted) [archive import: scored retroactively, not a live reading]",2023-12-05,scoring
2023-12-06,10.595,2.671,0,up,"DMI +80N 2023-12-06: -17.24°C, +10.60°C vs 1958-2002 normal (context line, never counted) [archive import: scored retroactively, not a live reading]",2023-12-06,scoring
2023-12-07,11.194,2.792,0,up,"DMI +80N 2023-12-07: -16.36°C, +11.19°C vs 1958-2002 normal (context line, never counted) [archive import: scored retroactively, not a live reading]",2023-12-07,scoring
2023-12-08,11.27,2.764,0,up,"DMI +80N 2023-12-08: -16.06°C, +11.27°C vs 1958-2002 normal (context line, never counted) [archive import: scored retroactively, not a live reading]",2023-12-08,scoring
2023-12-09,10.955,2.590,0,up,"DMI +80N 2023-12-09: -16.34°C, +10.96°C vs 1958-2002 normal (context line, never counted) [archive import: scored retroactively, not a live reading]",2023-12-09,scoring
2023-12-10,10.099,2.170,0,up,"DMI +80N 2023-12-10: -17.10°C, +10.10°C vs 1958-2002 normal (context line, never counted) [archive import: scored retroactively, not a live reading]",2023-12-10,scoring
2023-12-11,9.711,1.938,0,up,"DMI +80N 2023-12-11: -17.24°C, +9.71°C vs 1958-2002 normal (context line, never counted) [archive import: scored retroactively, not a live reading]",2023-12-11,scoring
2023-12-12,9.901,1.928,0,up,"DMI +80N 2023-12-12: -17.55°C, +9.90°C vs 1958-2002 normal (context line, never counted) [archive import: scored retroactively, not a live reading]",2023-12-12,scoring
2023-12-13,8.727,1.414,0,up,"DMI +80N 2023-12-13: -19.26°C, +8.73°C vs 1958-2002 normal (context line, never counted) [archive import: scored retroactively, not a live reading]",2023-12-13,scoring
2023-12-14,9.995,1.774,0,up,"DMI +80N 2023-12-14: -18.38°C, +9.99°C vs 1958-2002 normal (context line, never counted) [archive import: scored retroactively, not a live reading]",2023-12-14,scoring
2023-12-15,11.52,2.213,0,up,"DMI +80N 2023-12-15: -16.68°C, +11.52°C vs 1958-2002 normal (context line, never counted) [archive import: scored retroactively, not a live reading]",2023-12-15,scoring
2023-12-16,12.225,2.347,0,up,"DMI +80N 2023-12-16: -15.86°C, +12.22°C vs 1958-2002 normal (context line, never counted) [archive import: scored retroactively, not a live reading]",2023-12-16,scoring
2023-12-17,11.382,1.985,0,up,"DMI +80N 2023-12-17: -16.69°C, +11.38°C vs 1958-2002 normal (context line, never counted) [archive import: scored retroactively, not a live reading]",2023-12-17,scoring
2023-12-18,11.711,2.033,0,up,"DMI +80N 2023-12-18: -16.64°C, +11.71°C vs 1958-2002 normal (context line, never counted) [archive import: scored retroactively, not a live reading]",2023-12-18,scoring
2023-12-19,11.397,1.896,0,up,"DMI +80N 2023-12-19: -16.90°C, +11.40°C vs 1958-2002 normal (context line, never counted) [archive import: scored retroactively, not a live reading]",2023-12-19,scoring
2023-12-20,9.22,1.184,0,up,"DMI +80N 2023-12-20: -18.83°C, +9.22°C vs 1958-2002 normal (context line, never counted) [archive import: scored retroactively, not a live reading]",2023-12-20,scoring
2023-12-21,7.616,0.677,0,up,"DMI +80N 2023-12-21: -20.46°C, +7.62°C vs 1958-2002 normal (context line, never counted) [archive import: scored retroactively, not a live reading]",2023-12-21,scoring
2023-12-22,7.014,0.486,0,up,"DMI +80N 2023-12-22: -21.29°C, +7.01°C vs 1958-2002 normal (context line, never counted) [archive import: scored retroactively, not a live reading]",2023-12-22,scoring
2023-12-23,5.774,0.110,0,up,"DMI +80N 2023-12-23: -22.33°C, +5.77°C vs 1958-2002 normal (context line, never counted) [archive import: scored retroactively, not a live reading]",2023-12-23,scoring
2023-12-24,4.151,-0.382,0,down,"DMI +80N 2023-12-24: -24.11°C, +4.15°C vs 1958-2002 normal (context line, never counted) [archive import: scored retroactively, not a live reading]",2023-12-24,scoring
2023-12-25,3.484,-0.578,0,down,"DMI +80N 2023-12-25: -25.26°C, +3.48°C vs 1958-2002 normal (context line, never counted) [archive import: scored retroactively, not a live reading]",2023-12-25,scoring
2023-12-26,2.947,-0.739,0,down,"DMI +80N 2023-12-26: -26.33°C, +2.95°C vs 1958-2002 normal (context line, never counted) [archive import: scored retroactively, not a live reading]",2023-12-26,scoring
2023-12-27,2.849,-0.769,0,down,"DMI +80N 2023-12-27: -26.56°C, +2.85°C vs 1958-2002 normal (context line, never counted) [archive import: scored retroactively, not a live reading]",2023-12-27,scoring
2023-12-28,2.895,-0.754,0,down,"DMI +80N 2023-12-28: -26.48°C, +2.90°C vs 1958-2002 normal (context line, never counted) [archive import: scored retroactively, not a live reading]",2023-12-28,scoring
2023-12-29,3.203,-0.661,0,down,"DMI +80N 2023-12-29: -25.94°C, +3.20°C vs 1958-2002 normal (context line, never counted) [archive import: scored retroactively, not a live reading]",2023-12-29,scoring
2023-12-30,4.086,-0.394,0,down,"DMI +80N 2023-12-30: -25.16°C, +4.09°C vs 1958-2002 normal (context line, never counted) [archive import: scored retroactively, not a live reading]",2023-12-30,scoring
2023-12-31,4.741,-0.197,0,down,"DMI +80N 2023-12-31: -24.60°C, +4.74°C vs 1958-2002 normal (context line, never counted) [archive import: scored retroactively, not a live reading]",2023-12-31,scoring
2024-01-01,4.332,-0.311,0,down,"DMI +80N 2024-01-01: -24.92°C, +4.33°C vs 1958-2002 normal (context line, never counted) [archive import: scored retroactively, not a live reading]",2024-01-01,scoring
2024-01-02,1.752,-0.991,0,down,"DMI +80N 2024-01-02: -27.37°C, +1.75°C vs 1958-2002 normal (context line, never counted) [archive import: scored retroactively, not a live reading]",2024-01-02,scoring
2024-01-03,1.751,-0.896,0,down,"DMI +80N 2024-01-03: -27.73°C, +1.75°C vs 1958-2002 normal (context line, never counted) [archive import: scored retroactively, not a live reading]",2024-01-03,scoring
2024-01-04,3.056,-0.495,0,down,"DMI +80N 2024-01-04: -26.89°C, +3.06°C vs 1958-2002 normal (context line, never counted) [archive import: scored retroactively, not a live reading]",2024-01-04,scoring
2024-01-05,2.098,-0.783,0,down,"DMI +80N 2024-01-05: -27.76°C, +2.10°C vs 1958-2002 normal (context line, never counted) [archive import: scored retroactively, not a live reading]",2024-01-05,scoring
2024-01-06,0.853,-1.147,0,down,"DMI +80N 2024-01-06: -29.07°C, +0.85°C vs 1958-2002 normal (context line, never counted) [archive import: scored retroactively, not a live reading]",2024-01-06,scoring
2024-01-07,-0.165,-1.433,0,down,"DMI +80N 2024-01-07: -29.79°C, -0.17°C vs 1958-2002 normal (context line, never counted) [archive import: scored retroactively, not a live reading]",2024-01-07,scoring
2024-01-08,0.569,-1.191,0,down,"DMI +80N 2024-01-08: -29.19°C, +0.57°C vs 1958-2002 normal (context line, never counted) [archive import: scored retroactively, not a live reading]",2024-01-08,scoring
2024-01-09,1.563,-0.897,0,down,"DMI +80N 2024-01-09: -28.25°C, +1.56°C vs 1958-2002 normal (context line, never counted) [archive import: scored retroactively, not a live reading]",2024-01-09,scoring
2024-01-10,2.752,-0.558,0,down,"DMI +80N 2024-01-10: -26.96°C, +2.75°C vs 1958-2002 normal (context line, never counted) [archive import: scored retroactively, not a live reading]",2024-01-10,scoring
2024-01-11,5.359,0.189,0,up,"DMI +80N 2024-01-11: -24.52°C, +5.36°C vs 1958-2002 normal (context line, never counted) [archive import: scored retroactively, not a live reading]",2024-01-11,scoring
2024-01-12,5.265,0.153,0,up,"DMI +80N 2024-01-12: -24.69°C, +5.26°C vs 1958-2002 normal (context line, never counted) [archive import: scored retroactively, not a live reading]",2024-01-12,scoring
2024-01-13,5.019,0.005,0,up,"DMI +80N 2024-01-13: -25.05°C, +5.02°C vs 1958-2002 normal (context line, never counted) [archive import: scored retroactively, not a live reading]",2024-01-13,scoring
2024-01-14,8.452,0.963,0,up,"DMI +80N 2024-01-14: -21.30°C, +8.45°C vs 1958-2002 normal (context line, never counted) [archive import: scored retroactively, not a live reading]",2024-01-14,scoring
2024-01-15,6.812,0.441,0,up,"DMI +80N 2024-01-15: -22.92°C, +6.81°C vs 1958-2002 normal (context line, never counted) [archive import: scored retroactively, not a live reading]",2024-01-15,scoring
2024-01-16,4.487,-0.260,0,down,"DMI +80N 2024-01-16: -25.26°C, +4.49°C vs 1958-2002 normal (context line, never counted) [archive import: scored retroactively, not a live reading]",2024-01-16,scoring
2024-01-17,4.077,-0.391,0,down,"DMI +80N 2024-01-17: -25.53°C, +4.08°C vs 1958-2002 normal (context line, never counted) [archive import: scored retroactively, not a live reading]",2024-01-17,scoring
2024-01-18,3.444,-0.598,0,down,"DMI +80N 2024-01-18: -26.00°C, +3.44°C vs 1958-2002 normal (context line, never counted) [archive import: scored retroactively, not a live reading]",2024-01-18,scoring
2024-01-19,3.319,-0.644,0,down,"DMI +80N 2024-01-19: -26.13°C, +3.32°C vs 1958-2002 normal (context line, never counted) [archive import: scored retroactively, not a live reading]",2024-01-19,scoring
2024-01-20,2.868,-0.787,0,down,"DMI +80N 2024-01-20: -26.63°C, +2.87°C vs 1958-2002 normal (context line, never counted) [archive import: scored retroactively, not a live reading]",2024-01-20,scoring
2024-01-21,2.628,-0.848,0,down,"DMI +80N 2024-01-21: -26.56°C, +2.63°C vs 1958-2002 normal (context line, never counted) [archive import: scored retroactively, not a live reading]",2024-01-21,scoring
2024-01-22,2.17,-0.952,0,down,"DMI +80N 2024-01-22: -26.82°C, +2.17°C vs 1958-2002 normal (context line, never counted) [archive import: scored retroactively, not a live reading]",2024-01-22,scoring
2024-01-23,2.449,-0.787,0,down,"DMI +80N 2024-01-23: -26.71°C, +2.45°C vs 1958-2002 normal (context line, never counted) [archive import: scored retroactively, not a live reading]",2024-01-23,scoring
2024-01-24,7.545,0.927,0,up,"DMI +80N 2024-01-24: -21.62°C, +7.54°C vs 1958-2002 normal (context line, never counted) [archive import: scored retroactively, not a live reading]",2024-01-24,scoring
2024-01-25,9.241,1.488,0,up,"DMI +80N 2024-01-25: -19.61°C, +9.24°C vs 1958-2002 normal (context line, never counted) [archive import: scored retroactively, not a live reading]",2024-01-25,scoring
2024-01-26,9.392,1.536,0,up,"DMI +80N 2024-01-26: -19.68°C, +9.39°C vs 1958-2002 normal (context line, never counted) [archive import: scored retroactively, not a live reading]",2024-01-26,scoring
2024-01-27,8.509,1.234,0,up,"DMI +80N 2024-01-27: -20.66°C, +8.51°C vs 1958-2002 normal (context line, never counted) [archive import: scored retroactively, not a live reading]",2024-01-27,scoring
2024-01-28,9.07,1.404,0,up,"DMI +80N 2024-01-28: -19.79°C, +9.07°C vs 1958-2002 normal (context line, never counted) [archive import: scored retroactively, not a live reading]",2024-01-28,scoring
2024-01-29,8.211,1.124,0,up,"DMI +80N 2024-01-29: -20.87°C, +8.21°C vs 1958-2002 normal (context line, never counted) [archive import: scored retroactively, not a live reading]",2024-01-29,scoring
2024-01-30,11.35,2.128,0,up,"DMI +80N 2024-01-30: -18.14°C, +11.35°C vs 1958-2002 normal (context line, never counted) [archive import: scored retroactively, not a live reading]",2024-01-30,scoring
2024-01-31,14.268,3.040,1,up,"DMI +80N 2024-01-31: -15.66°C, +14.27°C vs 1958-2002 normal (context line, never counted) [archive import: scored retroactively, not a live reading]",2024-01-31,scoring
2024-02-01,16.603,3.667,1,up,"DMI +80N 2024-02-01: -13.66°C, +16.60°C vs 1958-2002 normal (context line, never counted) [archive import: scored retroactively, not a live reading]",2024-02-01,scoring
2024-02-02,16.037,3.424,1,up,"DMI +80N 2024-02-02: -13.82°C, +16.04°C vs 1958-2002 normal (context line, never counted) [archive import: scored retroactively, not a live reading]",2024-02-02,scoring
2024-02-03,16.224,3.412,1,up,"DMI +80N 2024-02-03: -13.59°C, +16.22°C vs 1958-2002 normal (context line, never counted) [archive import: scored retroactively, not a live reading]",2024-02-03,scoring
2024-02-04,18.343,3.942,1,up,"DMI +80N 2024-02-04: -11.56°C, +18.34°C vs 1958-2002 normal (context line, never counted) [archive import: scored retroactively, not a live reading]",2024-02-04,scoring
2024-02-05,18.415,3.879,1,up,"DMI +80N 2024-02-05: -11.78°C, +18.41°C vs 1958-2002 normal (context line, never counted) [archive import: scored retroactively, not a live reading]",2024-02-05,scoring
2024-02-06,16.137,3.155,1,up,"DMI +80N 2024-02-06: -14.45°C, +16.14°C vs 1958-2002 normal (context line, never counted) [archive import: scored retroactively, not a live reading]",2024-02-06,scoring
2024-02-07,13.256,2.315,0,up,"DMI +80N 2024-02-07: -17.39°C, +13.26°C vs 1958-2002 normal (context line, never counted) [archive import: scored retroactively, not a live reading]",2024-02-07,scoring
2024-02-08,12.363,2.047,0,up,"DMI +80N 2024-02-08: -18.22°C, +12.36°C vs 1958-2002 normal (context line, never counted) [archive import: scored retroactively, not a live reading]",2024-02-08,scoring
2024-02-09,10.829,1.561,0,up,"DMI +80N 2024-02-09: -19.46°C, +10.83°C vs 1958-2002 normal (context line, never counted) [archive import: scored retroactively, not a live reading]",2024-02-09,scoring
2024-02-10,10.722,1.437,0,up,"DMI +80N 2024-02-10: -19.52°C, +10.72°C vs 1958-2002 normal (context line, never counted) [archive import: scored retroactively, not a live reading]",2024-02-10,scoring
2024-02-11,11.606,1.588,0,up,"DMI +80N 2024-02-11: -18.75°C, +11.61°C vs 1958-2002 normal (context line, never counted) [archive import: scored retroactively, not a live reading]",2024-02-11,scoring
2024-02-12,10.936,1.383,0,up,"DMI +80N 2024-02-12: -19.30°C, +10.94°C vs 1958-2002 normal (context line, never counted) [archive import: scored retroactively, not a live reading]",2024-02-12,scoring
2024-02-13,7.239,0.449,0,up,"DMI +80N 2024-02-13: -22.62°C, +7.24°C vs 1958-2002 normal (context line, never counted) [archive import: scored retroactively, not a live reading]",2024-02-13,scoring
2024-02-14,7.604,0.477,0,up,"DMI +80N 2024-02-14: -22.12°C, +7.60°C vs 1958-2002 normal (context line, never counted) [archive import: scored retroactively, not a live reading]",2024-02-14,scoring
2024-02-15,9.295,0.776,0,up,"DMI +80N 2024-02-15: -20.31°C, +9.29°C vs 1958-2002 normal (context line, never counted) [archive import: scored retroactively, not a live reading]",2024-02-15,scoring
2024-02-16,9.495,0.759,0,up,"DMI +80N 2024-02-16: -20.13°C, +9.49°C vs 1958-2002 normal (context line, never counted) [archive import: scored retroactively, not a live reading]",2024-02-16,scoring
2024-02-17,8.151,0.377,0,up,"DMI +80N 2024-02-17: -21.42°C, +8.15°C vs 1958-2002 normal (context line, never counted) [archive import: scored retroactively, not a live reading]",2024-02-17,scoring
2024-02-18,7.951,0.238,0,up,"DMI +80N 2024-02-18: -21.58°C, +7.95°C vs 1958-2002 normal (context line, never counted) [archive import: scored retroactively, not a live reading]",2024-02-18,scoring
2024-02-19,9.058,0.441,0,up,"DMI +80N 2024-02-19: -20.45°C, +9.06°C vs 1958-2002 normal (context line, never counted) [archive import: scored retroactively, not a live reading]",2024-02-19,scoring
2024-02-20,9.168,0.426,0,up,"DMI +80N 2024-02-20: -20.36°C, +9.17°C vs 1958-2002 normal (context line, never counted) [archive import: scored retroactively, not a live reading]",2024-02-20,scoring
2024-02-21,6.607,-0.206,0,down,"DMI +80N 2024-02-21: -23.16°C, +6.61°C vs 1958-2002 normal (context line, never counted) [archive import: scored retroactively, not a live reading]",2024-02-21,scoring
2024-02-22,5.581,-0.448,0,down,"DMI +80N 2024-02-22: -24.51°C, +5.58°C vs 1958-2002 normal (context line, never counted) [archive import: scored retroactively, not a live reading]",2024-02-22,scoring
2024-02-23,6.088,-0.328,0,down,"DMI +80N 2024-02-23: -24.36°C, +6.09°C vs 1958-2002 normal (context line, never counted) [archive import: scored retroactively, not a live reading]",2024-02-23,scoring
2024-02-24,5.709,-0.417,0,down,"DMI +80N 2024-02-24: -24.77°C, +5.71°C vs 1958-2002 normal (context line, never counted) [archive import: scored retroactively, not a live reading]",2024-02-24,scoring
2024-02-25,5.668,-0.431,0,down,"DMI +80N 2024-02-25: -25.30°C, +5.67°C vs 1958-2002 normal (context line, never counted) [archive import: scored retroactively, not a live reading]",2024-02-25,scoring
2024-02-26,6.791,-0.164,0,down,"DMI +80N 2024-02-26: -24.02°C, +6.79°C vs 1958-2002 normal (context line, never counted) [archive import: scored retroactively, not a live reading]",2024-02-26,scoring
2024-02-27,5.213,-0.537,0,down,"DMI +80N 2024-02-27: -25.17°C, +5.21°C vs 1958-2002 normal (context line, never counted) [archive import: scored retroactively, not a live reading]",2024-02-27,scoring
2024-02-28,3.533,-0.936,0,down,"DMI +80N 2024-02-28: -26.49°C, +3.53°C vs 1958-2002 normal (context line, never counted) [archive import: scored retroactively, not a live reading]",2024-02-28,scoring
2024-02-29,3.613,-0.919,0,down,"DMI +80N 2024-02-29: -26.43°C, +3.61°C vs 1958-2002 normal (context line, never counted) [archive import: scored retroactively, not a live reading]",2024-02-29,scoring
2024-03-01,3.236,-1.014,0,down,"DMI +80N 2024-03-01: -26.70°C, +3.24°C vs 1958-2002 normal (context line, never counted) [archive import: scored retroactively, not a live reading]",2024-03-01,scoring
2024-03-02,2.472,-1.200,0,down,"DMI +80N 2024-03-02: -27.20°C, +2.47°C vs 1958-2002 normal (context line, never counted) [archive import: scored retroactively, not a live reading]",2024-03-02,scoring
2024-03-03,3.725,-0.904,0,down,"DMI +80N 2024-03-03: -25.54°C, +3.73°C vs 1958-2002 normal (context line, never counted) [archive import: scored retroactively, not a live reading]",2024-03-03,scoring
2024-03-04,3.734,-0.883,0,down,"DMI +80N 2024-03-04: -25.37°C, +3.73°C vs 1958-2002 normal (context line, never counted) [archive import: scored retroactively, not a live reading]",2024-03-04,scoring
2024-03-05,3.785,-0.809,0,down,"DMI +80N 2024-03-05: -25.58°C, +3.79°C vs 1958-2002 normal (context line, never counted) [archive import: scored retroactively, not a live reading]",2024-03-05,scoring
2024-03-06,4.088,-0.690,0,down,"DMI +80N 2024-03-06: -25.35°C, +4.09°C vs 1958-2002 normal (context line, never counted) [archive import: scored retroactively, not a live reading]",2024-03-06,scoring
2024-03-07,5.633,-0.289,0,down,"DMI +80N 2024-03-07: -23.96°C, +5.63°C vs 1958-2002 normal (context line, never counted) [archive import: scored retroactively, not a live reading]",2024-03-07,scoring
2024-03-08,6.292,-0.101,0,down,"DMI +80N 2024-03-08: -23.37°C, +6.29°C vs 1958-2002 normal (context line, never counted) [archive import: scored retroactively, not a live reading]",2024-03-08,scoring
2024-03-09,6.008,-0.109,0,down,"DMI +80N 2024-03-09: -23.62°C, +6.01°C vs 1958-2002 normal (context line, never counted) [archive import: scored retroactively, not a live reading]",2024-03-09,scoring
2024-03-10,3.531,-0.658,0,down,"DMI +80N 2024-03-10: -26.04°C, +3.53°C vs 1958-2002 normal (context line, never counted) [archive import: scored retroactively, not a live reading]",2024-03-10,scoring
2024-03-11,0.793,-1.313,0,down,"DMI +80N 2024-03-11: -28.34°C, +0.79°C vs 1958-2002 normal (context line, never counted) [archive import: scored retroactively, not a live reading]",2024-03-11,scoring
2024-03-12,0.65,-1.295,0,down,"DMI +80N 2024-03-12: -28.33°C, +0.65°C vs 1958-2002 normal (context line, never counted) [archive import: scored retroactively, not a live reading]",2024-03-12,scoring
2024-03-13,-0.707,-1.586,0,down,"DMI +80N 2024-03-13: -29.58°C, -0.71°C vs 1958-2002 normal (context line, never counted) [archive import: scored retroactively, not a live reading]",2024-03-13,scoring
2024-03-14,-0.782,-1.568,0,down,"DMI +80N 2024-03-14: -29.18°C, -0.78°C vs 1958-2002 normal (context line, never counted) [archive import: scored retroactively, not a live reading]",2024-03-14,scoring
2024-03-15,-0.092,-1.383,0,down,"DMI +80N 2024-03-15: -28.35°C, -0.09°C vs 1958-2002 normal (context line, never counted) [archive import: scored retroactively, not a live reading]",2024-03-15,scoring
2024-03-16,0.089,-1.329,0,down,"DMI +80N 2024-03-16: -27.63°C, +0.09°C vs 1958-2002 normal (context line, never counted) [archive import: scored retroactively, not a live reading]",2024-03-16,scoring
2024-03-17,0.796,-1.127,0,down,"DMI +80N 2024-03-17: -26.79°C, +0.80°C vs 1958-2002 normal (context line, never counted) [archive import: scored retroactively, not a live reading]",2024-03-17,scoring
2024-03-18,1.055,-1.039,0,down,"DMI +80N 2024-03-18: -26.42°C, +1.05°C vs 1958-2002 normal (context line, never counted) [archive import: scored retroactively, not a live reading]",2024-03-18,scoring
2024-03-19,2.168,-0.757,0,down,"DMI +80N 2024-03-19: -25.02°C, +2.17°C vs 1958-2002 normal (context line, never counted) [archive import: scored retroactively, not a live reading]",2024-03-19,scoring
2024-03-20,2.082,-0.757,0,down,"DMI +80N 2024-03-20: -25.44°C, +2.08°C vs 1958-2002 normal (context line, never counted) [archive import: scored retroactively, not a live reading]",2024-03-20,scoring
2024-03-21,1.525,-0.845,0,down,"DMI +80N 2024-03-21: -26.37°C, +1.52°C vs 1958-2002 normal (context line, never counted) [archive import: scored retroactively, not a live reading]",2024-03-21,scoring
2024-03-22,3.019,-0.403,0,down,"DMI +80N 2024-03-22: -24.48°C, +3.02°C vs 1958-2002 normal (context line, never counted) [archive import: scored retroactively, not a live reading]",2024-03-22,scoring
2024-03-23,5.481,0.274,0,up,"DMI +80N 2024-03-23: -22.07°C, +5.48°C vs 1958-2002 normal (context line, never counted) [archive import: scored retroactively, not a live reading]",2024-03-23,scoring
2024-03-24,5.777,0.294,0,up,"DMI +80N 2024-03-24: -21.80°C, +5.78°C vs 1958-2002 normal (context line, never counted) [archive import: scored retroactively, not a live reading]",2024-03-24,scoring
2024-03-25,4.059,-0.206,0,down,"DMI +80N 2024-03-25: -23.25°C, +4.06°C vs 1958-2002 normal (context line, never counted) [archive import: scored retroactively, not a live reading]",2024-03-25,scoring
2024-03-26,1.888,-0.751,0,down,"DMI +80N 2024-03-26: -25.13°C, +1.89°C vs 1958-2002 normal (context line, never counted) [archive import: scored retroactively, not a live reading]",2024-03-26,scoring
2024-03-27,1.029,-0.966,0,down,"DMI +80N 2024-03-27: -25.85°C, +1.03°C vs 1958-2002 normal (context line, never counted) [archive import: scored retroactively, not a live reading]",2024-03-27,scoring
2024-03-28,1.171,-0.921,0,down,"DMI +80N 2024-03-28: -25.62°C, +1.17°C vs 1958-2002 normal (context line, never counted) [archive import: scored retroactively, not a live reading]",2024-03-28,scoring
2024-03-29,2.518,-0.583,0,down,"DMI +80N 2024-03-29: -24.02°C, +2.52°C vs 1958-2002 normal (context line, never counted) [archive import: scored retroactively, not a live reading]",2024-03-29,scoring
2024-03-30,1.441,-0.853,0,down,"DMI +80N 2024-03-30: -24.80°C, +1.44°C vs 1958-2002 normal (context line, never counted) [archive import: scored retroactively, not a live reading]",2024-03-30,scoring
2024-03-31,2.125,-0.651,0,down,"DMI +80N 2024-03-31: -23.99°C, +2.12°C vs 1958-2002 normal (context line, never counted) [archive import: scored retroactively, not a live reading]",2024-03-31,scoring
2024-04-01,2.653,-0.521,0,down,"DMI +80N 2024-04-01: -23.15°C, +2.65°C vs 1958-2002 normal (context line, never counted) [archive import: scored retroactively, not a live reading]",2024-04-01,scoring
2024-04-02,3.289,-0.365,0,down,"DMI +80N 2024-04-02: -22.31°C, +3.29°C vs 1958-2002 normal (context line, never counted) [archive import: scored retroactively, not a live reading]",2024-04-02,scoring
2024-04-03,3.588,-0.289,0,down,"DMI +80N 2024-04-03: -21.78°C, +3.59°C vs 1958-2002 normal (context line, never counted) [archive import: scored retroactively, not a live reading]",2024-04-03,scoring
2024-04-04,2.296,-0.610,0,down,"DMI +80N 2024-04-04: -22.99°C, +2.30°C vs 1958-2002 normal (context line, never counted) [archive import: scored retroactively, not a live reading]",2024-04-04,scoring
2024-04-05,1.213,-0.883,0,down,"DMI +80N 2024-04-05: -23.93°C, +1.21°C vs 1958-2002 normal (context line, never counted) [archive import: scored retroactively, not a live reading]",2024-04-05,scoring
2024-04-06,0.819,-0.982,0,down,"DMI +80N 2024-04-06: -23.94°C, +0.82°C vs 1958-2002 normal (context line, never counted) [archive import: scored retroactively, not a live reading]",2024-04-06,scoring
2024-04-07,-0.014,-1.203,0,down,"DMI +80N 2024-04-07: -24.21°C, -0.01°C vs 1958-2002 normal (context line, never counted) [archive import: scored retroactively, not a live reading]",2024-04-07,scoring
2024-04-08,-0.932,-1.427,0,down,"DMI +80N 2024-04-08: -24.50°C, -0.93°C vs 1958-2002 normal (context line, never counted) [archive import: scored retroactively, not a live reading]",2024-04-08,scoring
2024-04-09,-0.744,-1.351,0,down,"DMI +80N 2024-04-09: -23.76°C, -0.74°C vs 1958-2002 normal (context line, never counted) [archive import: scored retroactively, not a live reading]",2024-04-09,scoring
2024-04-10,-0.231,-1.199,0,down,"DMI +80N 2024-04-10: -22.87°C, -0.23°C vs 1958-2002 normal (context line, never counted) [archive import: scored retroactively, not a live reading]",2024-04-10,scoring
2024-04-11,-0.476,-1.135,0,down,"DMI +80N 2024-04-11: -22.69°C, -0.48°C vs 1958-2002 normal (context line, never counted) [archive import: scored retroactively, not a live reading]",2024-04-11,scoring
2024-04-12,-0.519,-1.085,0,down,"DMI +80N 2024-04-12: -22.41°C, -0.52°C vs 1958-2002 normal (context line, never counted) [archive import: scored retroactively, not a live reading]",2024-04-12,scoring
2024-04-13,-0.555,-1.083,0,down,"DMI +80N 2024-04-13: -22.30°C, -0.56°C vs 1958-2002 normal (context line, never counted) [archive import: scored retroactively, not a live reading]",2024-04-13,scoring
2024-04-14,-0.445,-1.023,0,down,"DMI +80N 2024-04-14: -21.64°C, -0.45°C vs 1958-2002 normal (context line, never counted) [archive import: scored retroactively, not a live reading]",2024-04-14,scoring
2024-04-15,-0.284,-0.948,0,down,"DMI +80N 2024-04-15: -21.18°C, -0.28°C vs 1958-2002 normal (context line, never counted) [archive import: scored retroactively, not a live reading]",2024-04-15,scoring
2024-04-16,-1.02,-1.109,0,down,"DMI +80N 2024-04-16: -21.50°C, -1.02°C vs 1958-2002 normal (context line, never counted) [archive import: scored retroactively, not a live reading]",2024-04-16,scoring
2024-04-17,-1.667,-1.218,0,down,"DMI +80N 2024-04-17: -21.62°C, -1.67°C vs 1958-2002 normal (context line, never counted) [archive import: scored retroactively, not a live reading]",2024-04-17,scoring
2024-04-18,-1.564,-1.176,0,down,"DMI +80N 2024-04-18: -20.97°C, -1.56°C vs 1958-2002 normal (context line, never counted) [archive import: scored retroactively, not a live reading]",2024-04-18,scoring
2024-04-19,-1.475,-1.139,0,down,"DMI +80N 2024-04-19: -20.38°C, -1.48°C vs 1958-2002 normal (context line, never counted) [archive import: scored retroactively, not a live reading]",2024-04-19,scoring
2024-04-20,-0.303,-0.858,0,down,"DMI +80N 2024-04-20: -18.68°C, -0.30°C vs 1958-2002 normal (context line, never counted) [archive import: scored retroactively, not a live reading]",2024-04-20,scoring
2024-04-21,2.897,-0.166,0,down,"DMI +80N 2024-04-21: -15.00°C, +2.90°C vs 1958-2002 normal (context line, never counted) [archive import: scored retroactively, not a live reading]",2024-04-21,scoring
2024-04-22,4.439,0.166,0,up,"DMI +80N 2024-04-22: -12.97°C, +4.44°C vs 1958-2002 normal (context line, never counted) [archive import: scored retroactively, not a live reading]",2024-04-22,scoring
2024-04-23,2.932,-0.171,0,down,"DMI +80N 2024-04-23: -14.06°C, +2.93°C vs 1958-2002 normal (context line, never counted) [archive import: scored retroactively, not a live reading]",2024-04-23,scoring
2024-04-24,1.789,-0.405,0,down,"DMI +80N 2024-04-24: -15.04°C, +1.79°C vs 1958-2002 normal (context line, never counted) [archive import: scored retroactively, not a live reading]",2024-04-24,scoring
2024-04-25,1.586,-0.445,0,down,"DMI +80N 2024-04-25: -14.84°C, +1.59°C vs 1958-2002 normal (context line, never counted) [archive import: scored retroactively, not a live reading]",2024-04-25,scoring
2024-04-26,1.84,-0.388,0,down,"DMI +80N 2024-04-26: -14.22°C, +1.84°C vs 1958-2002 normal (context line, never counted) [archive import: scored retroactively, not a live reading]",2024-04-26,scoring
2024-04-27,2.306,-0.284,0,down,"DMI +80N 2024-04-27: -13.06°C, +2.31°C vs 1958-2002 normal (context line, never counted) [archive import: scored retroactively, not a live reading]",2024-04-27,scoring
2024-04-28,2.985,-0.101,0,down,"DMI +80N 2024-04-28: -11.91°C, +2.98°C vs 1958-2002 normal (context line, never counted) [archive import: scored retroactively, not a live reading]",2024-04-28,scoring
2024-04-29,2.178,-0.263,0,down,"DMI +80N 2024-04-29: -12.35°C, +2.18°C vs 1958-2002 normal (context line, never counted) [archive import: scored retroactively, not a live reading]",2024-04-29,scoring
2024-04-30,2.433,-0.173,0,down,"DMI +80N 2024-04-30: -11.71°C, +2.43°C vs 1958-2002 normal (context line, never counted) [archive import: scored retroactively, not a live reading]",2024-04-30,scoring
2024-05-01,2.167,-0.216,0,down,"DMI +80N 2024-05-01: -11.68°C, +2.17°C vs 1958-2002 normal (context line, never counted) [archive import: scored retroactively, not a live reading]",2024-05-01,scoring
2024-05-02,2.089,-0.233,0,down,"DMI +80N 2024-05-02: -11.21°C, +2.09°C vs 1958-2002 normal (context line, never counted) [archive import: scored retroactively, not a live reading]",2024-05-02,scoring
2024-05-03,1.715,-0.337,0,down,"DMI +80N 2024-05-03: -11.25°C, +1.72°C vs 1958-2002 normal (context line, never counted) [archive import: scored retroactively, not a live reading]",2024-05-03,scoring
2024-05-04,1.475,-0.375,0,down,"DMI +80N 2024-05-04: -11.16°C, +1.48°C vs 1958-2002 normal (context line, never counted) [archive import: scored retroactively, not a live reading]",2024-05-04,scoring
2024-05-05,0.52,-0.618,0,down,"DMI +80N 2024-05-05: -11.57°C, +0.52°C vs 1958-2002 normal (context line, never counted) [archive import: scored retroactively, not a live reading]",2024-05-05,scoring
2024-05-06,-0.44,-0.901,0,down,"DMI +80N 2024-05-06: -12.01°C, -0.44°C vs 1958-2002 normal (context line, never counted) [archive import: scored retroactively, not a live reading]",2024-05-06,scoring
2024-05-07,0.11,-0.735,0,down,"DMI +80N 2024-05-07: -11.08°C, +0.11°C vs 1958-2002 normal (context line, never counted) [archive import: scored retroactively, not a live reading]",2024-05-07,scoring
2024-05-08,1.505,-0.279,0,down,"DMI +80N 2024-05-08: -9.22°C, +1.50°C vs 1958-2002 normal (context line, never counted) [archive import: scored retroactively, not a live reading]",2024-05-08,scoring
2024-05-09,1.52,-0.258,0,down,"DMI +80N 2024-05-09: -8.78°C, +1.52°C vs 1958-2002 normal (context line, never counted) [archive import: scored retroactively, not a live reading]",2024-05-09,scoring
2024-05-10,0.738,-0.510,0,down,"DMI +80N 2024-05-10: -9.15°C, +0.74°C vs 1958-2002 normal (context line, never counted) [archive import: scored retroactively, not a live reading]",2024-05-10,scoring
2024-05-11,1.639,-0.186,0,down,"DMI +80N 2024-05-11: -8.00°C, +1.64°C vs 1958-2002 normal (context line, never counted) [archive import: scored retroactively, not a live reading]",2024-05-11,scoring
2024-05-12,1.859,-0.112,0,down,"DMI +80N 2024-05-12: -7.58°C, +1.86°C vs 1958-2002 normal (context line, never counted) [archive import: scored retroactively, not a live reading]",2024-05-12,scoring
2024-05-13,1.967,-0.068,0,down,"DMI +80N 2024-05-13: -7.12°C, +1.97°C vs 1958-2002 normal (context line, never counted) [archive import: scored retroactively, not a live reading]",2024-05-13,scoring
2024-05-14,1.62,-0.191,0,down,"DMI +80N 2024-05-14: -7.14°C, +1.62°C vs 1958-2002 normal (context line, never counted) [archive import: scored retroactively, not a live reading]",2024-05-14,scoring
2024-05-15,0.799,-0.526,0,down,"DMI +80N 2024-05-15: -7.67°C, +0.80°C vs 1958-2002 normal (context line, never counted) [archive import: scored retroactively, not a live reading]",2024-05-15,scoring
2024-05-16,0.32,-0.713,0,down,"DMI +80N 2024-05-16: -7.77°C, +0.32°C vs 1958-2002 normal (context line, never counted) [archive import: scored retroactively, not a live reading]",2024-05-16,scoring
2024-05-17,-0.072,-0.853,0,down,"DMI +80N 2024-05-17: -7.57°C, -0.07°C vs 1958-2002 normal (context line, never counted) [archive import: scored retroactively, not a live reading]",2024-05-17,scoring
2024-05-18,-0.243,-0.922,0,down,"DMI +80N 2024-05-18: -7.15°C, -0.24°C vs 1958-2002 normal (context line, never counted) [archive import: scored retroactively, not a live reading]",2024-05-18,scoring
2024-05-19,-0.589,-1.086,0,down,"DMI +80N 2024-05-19: -7.03°C, -0.59°C vs 1958-2002 normal (context line, never counted) [archive import: scored retroactively, not a live reading]",2024-05-19,scoring
2024-05-20,-0.767,-1.170,0,down,"DMI +80N 2024-05-20: -6.72°C, -0.77°C vs 1958-2002 normal (context line, never counted) [archive import: scored retroactively, not a live reading]",2024-05-20,scoring
2024-05-21,-0.558,-1.077,0,down,"DMI +80N 2024-05-21: -6.07°C, -0.56°C vs 1958-2002 normal (context line, never counted) [archive import: scored retroactively, not a live reading]",2024-05-21,scoring
2024-05-22,-0.896,-1.220,0,down,"DMI +80N 2024-05-22: -6.01°C, -0.90°C vs 1958-2002 normal (context line, never counted) [archive import: scored retroactively, not a live reading]",2024-05-22,scoring
2024-05-23,-1.259,-1.411,0,down,"DMI +80N 2024-05-23: -5.89°C, -1.26°C vs 1958-2002 normal (context line, never counted) [archive import: scored retroactively, not a live reading]",2024-05-23,scoring
2024-05-24,-0.793,-1.178,0,down,"DMI +80N 2024-05-24: -5.09°C, -0.79°C vs 1958-2002 normal (context line, never counted) [archive import: scored retroactively, not a live reading]",2024-05-24,scoring
2024-05-25,-1.221,-1.411,0,down,"DMI +80N 2024-05-25: -5.10°C, -1.22°C vs 1958-2002 normal (context line, never counted) [archive import: scored retroactively, not a live reading]",2024-05-25,scoring
2024-05-26,-1.142,-1.372,0,down,"DMI +80N 2024-05-26: -4.61°C, -1.14°C vs 1958-2002 normal (context line, never counted) [archive import: scored retroactively, not a live reading]",2024-05-26,scoring
2024-05-27,-1.147,-1.405,0,down,"DMI +80N 2024-05-27: -4.22°C, -1.15°C vs 1958-2002 normal (context line, never counted) [archive import: scored retroactively, not a live reading]",2024-05-27,scoring
2024-05-28,-0.805,-1.236,0,down,"DMI +80N 2024-05-28: -3.56°C, -0.81°C vs 1958-2002 normal (context line, never counted) [archive import: scored retroactively, not a live reading]",2024-05-28,scoring
2024-05-29,-1.309,-1.516,0,down,"DMI +80N 2024-05-29: -3.75°C, -1.31°C vs 1958-2002 normal (context line, never counted) [archive import: scored retroactively, not a live reading]",2024-05-29,scoring
2024-05-30,-1.33,-1.463,0,down,"DMI +80N 2024-05-30: -3.60°C, -1.33°C vs 1958-2002 normal (context line, never counted) [archive import: scored retroactively, not a live reading]",2024-05-30,scoring
2024-05-31,-0.907,-1.161,0,down,"DMI +80N 2024-05-31: -2.87°C, -0.91°C vs 1958-2002 normal (context line, never counted) [archive import: scored retroactively, not a live reading]",2024-05-31,scoring
2024-06-01,-0.861,-1.102,0,down,"DMI +80N 2024-06-01: -2.55°C, -0.86°C vs 1958-2002 normal (context line, never counted) [archive import: scored retroactively, not a live reading]",2024-06-01,scoring
2024-06-02,-0.63,-0.956,0,down,"DMI +80N 2024-06-02: -2.07°C, -0.63°C vs 1958-2002 normal (context line, never counted) [archive import: scored retroactively, not a live reading]",2024-06-02,scoring
2024-06-03,-0.077,-0.584,0,down,"DMI +80N 2024-06-03: -1.29°C, -0.08°C vs 1958-2002 normal (context line, never counted) [archive import: scored retroactively, not a live reading]",2024-06-03,scoring
2024-06-04,0.123,-0.409,0,down,"DMI +80N 2024-06-04: -0.97°C, +0.12°C vs 1958-2002 normal (context line, never counted) [archive import: scored retroactively, not a live reading]",2024-06-04,scoring
2024-06-05,0.28,-0.316,0,down,"DMI +80N 2024-06-05: -0.61°C, +0.28°C vs 1958-2002 normal (context line, never counted) [archive import: scored retroactively, not a live reading]",2024-06-05,scoring
2024-06-06,0.327,-0.291,0,down,"DMI +80N 2024-06-06: -0.36°C, +0.33°C vs 1958-2002 normal (context line, never counted) [archive import: scored retroactively, not a live reading]",2024-06-06,scoring
2024-06-07,0.42,-0.222,0,down,"DMI +80N 2024-06-07: -0.15°C, +0.42°C vs 1958-2002 normal (context line, never counted) [archive import: scored retroactively, not a live reading]",2024-06-07,scoring
2024-06-08,0.769,0.049,0,up,"DMI +80N 2024-06-08: 0.32°C, +0.77°C vs 1958-2002 normal (context line, never counted) [archive import: scored retroactively, not a live reading]",2024-06-08,scoring
2024-06-09,0.813,0.079,0,up,"DMI +80N 2024-06-09: 0.54°C, +0.81°C vs 1958-2002 normal (context line, never counted) [archive import: scored retroactively, not a live reading]",2024-06-09,scoring
2024-06-10,0.921,0.150,0,up,"DMI +80N 2024-06-10: 0.82°C, +0.92°C vs 1958-2002 normal (context line, never counted) [archive import: scored retroactively, not a live reading]",2024-06-10,scoring
2024-06-11,0.455,-0.198,0,down,"DMI +80N 2024-06-11: 0.48°C, +0.46°C vs 1958-2002 normal (context line, never counted) [archive import: scored retroactively, not a live reading]",2024-06-11,scoring
2024-06-12,0.222,-0.350,0,down,"DMI +80N 2024-06-12: 0.34°C, +0.22°C vs 1958-2002 normal (context line, never counted) [archive import: scored retroactively, not a live reading]",2024-06-12,scoring
2024-06-13,0.094,-0.431,0,down,"DMI +80N 2024-06-13: 0.30°C, +0.09°C vs 1958-2002 normal (context line, never counted) [archive import: scored retroactively, not a live reading]",2024-06-13,scoring
2024-06-14,-0.025,-0.509,0,down,"DMI +80N 2024-06-14: 0.32°C, -0.03°C vs 1958-2002 normal (context line, never counted) [archive import: scored retroactively, not a live reading]",2024-06-14,scoring
2024-06-15,-0.04,-0.518,0,down,"DMI +80N 2024-06-15: 0.35°C, -0.04°C vs 1958-2002 normal (context line, never counted) [archive import: scored retroactively, not a live reading]",2024-06-15,scoring
2024-06-16,0.091,-0.352,0,down,"DMI +80N 2024-06-16: 0.55°C, +0.09°C vs 1958-2002 normal (context line, never counted) [archive import: scored retroactively, not a live reading]",2024-06-16,scoring
2024-06-17,0.086,-0.266,0,down,"DMI +80N 2024-06-17: 0.65°C, +0.09°C vs 1958-2002 normal (context line, never counted) [archive import: scored retroactively, not a live reading]",2024-06-17,scoring
2024-06-18,0.09,-0.231,0,down,"DMI +80N 2024-06-18: 0.77°C, +0.09°C vs 1958-2002 normal (context line, never counted) [archive import: scored retroactively, not a live reading]",2024-06-18,scoring
2024-06-19,0.063,-0.207,0,down,"DMI +80N 2024-06-19: 0.81°C, +0.06°C vs 1958-2002 normal (context line, never counted) [archive import: scored retroactively, not a live reading]",2024-06-19,scoring
2024-06-20,-0.025,-0.234,0,down,"DMI +80N 2024-06-20: 0.82°C, -0.03°C vs 1958-2002 normal (context line, never counted) [archive import: scored retroactively, not a live reading]",2024-06-20,scoring
2024-06-21,-0.039,-0.232,0,down,"DMI +80N 2024-06-21: 0.85°C, -0.04°C vs 1958-2002 normal (context line, never counted) [archive import: scored retroactively, not a live reading]",2024-06-21,scoring
2024-06-22,0.008,-0.171,0,down,"DMI +80N 2024-06-22: 0.89°C, +0.01°C vs 1958-2002 normal (context line, never counted) [archive import: scored retroactively, not a live reading]",2024-06-22,scoring
2024-06-23,-0.127,-0.217,0,down,"DMI +80N 2024-06-23: 0.83°C, -0.13°C vs 1958-2002 normal (context line, never counted) [archive import: scored retroactively, not a live reading]",2024-06-23,scoring
2024-06-24,-0.209,-0.245,0,down,"DMI +80N 2024-06-24: 0.83°C, -0.21°C vs 1958-2002 normal (context line, never counted) [archive import: scored retroactively, not a live reading]",2024-06-24,scoring
2024-06-25,-0.172,-0.211,0,down,"DMI +80N 2024-06-25: 0.88°C, -0.17°C vs 1958-2002 normal (context line, never counted) [archive import: scored retroactively, not a live reading]",2024-06-25,scoring
2024-06-26,-0.239,-0.262,0,down,"DMI +80N 2024-06-26: 0.83°C, -0.24°C vs 1958-2002 normal (context line, never counted) [archive import: scored retroactively, not a live reading]",2024-06-26,scoring
2024-06-27,-0.371,-0.372,0,down,"DMI +80N 2024-06-27: 0.76°C, -0.37°C vs 1958-2002 normal (context line, never counted) [archive import: scored retroactively, not a live reading]",2024-06-27,scoring
2024-06-28,-0.474,-0.467,0,down,"DMI +80N 2024-06-28: 0.69°C, -0.47°C vs 1958-2002 normal (context line, never counted) [archive import: scored retroactively, not a live reading]",2024-06-28,scoring
2024-06-29,-0.418,-0.418,0,down,"DMI +80N 2024-06-29: 0.79°C, -0.42°C vs 1958-2002 normal (context line, never counted) [archive import: scored retroactively, not a live reading]",2024-06-29,scoring
2024-06-30,-0.328,-0.318,0,down,"DMI +80N 2024-06-30: 0.88°C, -0.33°C vs 1958-2002 normal (context line, never counted) [archive import: scored retroactively, not a live reading]",2024-06-30,scoring
2024-07-01,-0.216,-0.192,0,down,"DMI +80N 2024-07-01: 1.00°C, -0.22°C vs 1958-2002 normal (context line, never counted) [archive import: scored retroactively, not a live reading]",2024-07-01,scoring
2024-07-02,-0.113,-0.087,0,down,"DMI +80N 2024-07-02: 1.11°C, -0.11°C vs 1958-2002 normal (context line, never counted) [archive import: scored retroactively, not a live reading]",2024-07-02,scoring
2024-07-03,-0.035,-0.010,0,down,"DMI +80N 2024-07-03: 1.21°C, -0.04°C vs 1958-2002 normal (context line, never counted) [archive import: scored retroactively, not a live reading]",2024-07-03,scoring
2024-07-04,0.04,0.071,0,up,"DMI +80N 2024-07-04: 1.25°C, +0.04°C vs 1958-2002 normal (context line, never counted) [archive import: scored retroactively, not a live reading]",2024-07-04,scoring
2024-07-05,0.143,0.180,0,up,"DMI +80N 2024-07-05: 1.37°C, +0.14°C vs 1958-2002 normal (context line, never counted) [archive import: scored retroactively, not a live reading]",2024-07-05,scoring
2024-07-06,0.12,0.160,0,up,"DMI +80N 2024-07-06: 1.33°C, +0.12°C vs 1958-2002 normal (context line, never counted) [archive import: scored retroactively, not a live reading]",2024-07-06,scoring
2024-07-07,-0.176,-0.155,0,down,"DMI +80N 2024-07-07: 1.09°C, -0.18°C vs 1958-2002 normal (context line, never counted) [archive import: scored retroactively, not a live reading]",2024-07-07,scoring
2024-07-08,0.071,0.110,0,up,"DMI +80N 2024-07-08: 1.32°C, +0.07°C vs 1958-2002 normal (context line, never counted) [archive import: scored retroactively, not a live reading]",2024-07-08,scoring
2024-07-09,0.069,0.104,0,up,"DMI +80N 2024-07-09: 1.35°C, +0.07°C vs 1958-2002 normal (context line, never counted) [archive import: scored retroactively, not a live reading]",2024-07-09,scoring
2024-07-10,-0.207,-0.219,0,down,"DMI +80N 2024-07-10: 1.05°C, -0.21°C vs 1958-2002 normal (context line, never counted) [archive import: scored retroactively, not a live reading]",2024-07-10,scoring
2024-07-11,-0.339,-0.371,0,down,"DMI +80N 2024-07-11: 0.91°C, -0.34°C vs 1958-2002 normal (context line, never counted) [archive import: scored retroactively, not a live reading]",2024-07-11,scoring
2024-07-12,-0.338,-0.372,0,down,"DMI +80N 2024-07-12: 0.94°C, -0.34°C vs 1958-2002 normal (context line, never counted) [archive import: scored retroactively, not a live reading]",2024-07-12,scoring
2024-07-13,-0.414,-0.462,0,down,"DMI +80N 2024-07-13: 0.91°C, -0.41°C vs 1958-2002 normal (context line, never counted) [archive import: scored retroactively, not a live reading]",2024-07-13,scoring
2024-07-14,-0.516,-0.579,0,down,"DMI +80N 2024-07-14: 0.76°C, -0.52°C vs 1958-2002 normal (context line, never counted) [archive import: scored retroactively, not a live reading]",2024-07-14,scoring
2024-07-15,-0.666,-0.740,0,down,"DMI +80N 2024-07-15: 0.61°C, -0.67°C vs 1958-2002 normal (context line, never counted) [archive import: scored retroactively, not a live reading]",2024-07-15,scoring
2024-07-16,-0.527,-0.587,0,down,"DMI +80N 2024-07-16: 0.75°C, -0.53°C vs 1958-2002 normal (context line, never counted) [archive import: scored retroactively, not a live reading]",2024-07-16,scoring
2024-07-17,-0.354,-0.405,0,down,"DMI +80N 2024-07-17: 0.94°C, -0.35°C vs 1958-2002 normal (context line, never counted) [archive import: scored retroactively, not a live reading]",2024-07-17,scoring
2024-07-18,-0.405,-0.478,0,down,"DMI +80N 2024-07-18: 0.93°C, -0.41°C vs 1958-2002 normal (context line, never counted) [archive import: scored retroactively, not a live reading]",2024-07-18,scoring
2024-07-19,-0.536,-0.653,0,down,"DMI +80N 2024-07-19: 0.76°C, -0.54°C vs 1958-2002 normal (context line, never counted) [archive import: scored retroactively, not a live reading]",2024-07-19,scoring
2024-07-20,-0.396,-0.478,0,down,"DMI +80N 2024-07-20: 0.87°C, -0.40°C vs 1958-2002 normal (context line, never counted) [archive import: scored retroactively, not a live reading]",2024-07-20,scoring
2024-07-21,-0.276,-0.322,0,down,"DMI +80N 2024-07-21: 0.93°C, -0.28°C vs 1958-2002 normal (context line, never counted) [archive import: scored retroactively, not a live reading]",2024-07-21,scoring
2024-07-22,-0.663,-0.844,0,down,"DMI +80N 2024-07-22: 0.51°C, -0.66°C vs 1958-2002 normal (context line, never counted) [archive import: scored retroactively, not a live reading]",2024-07-22,scoring
2024-07-23,-0.663,-0.849,0,down,"DMI +80N 2024-07-23: 0.51°C, -0.66°C vs 1958-2002 normal (context line, never counted) [archive import: scored retroactively, not a live reading]",2024-07-23,scoring
2024-07-24,-0.62,-0.796,0,down,"DMI +80N 2024-07-24: 0.53°C, -0.62°C vs 1958-2002 normal (context line, never counted) [archive import: scored retroactively, not a live reading]",2024-07-24,scoring
2024-07-25,-0.521,-0.651,0,down,"DMI +80N 2024-07-25: 0.63°C, -0.52°C vs 1958-2002 normal (context line, never counted) [archive import: scored retroactively, not a live reading]",2024-07-25,scoring
2024-07-26,-0.276,-0.287,0,down,"DMI +80N 2024-07-26: 0.82°C, -0.28°C vs 1958-2002 normal (context line, never counted) [archive import: scored retroactively, not a live reading]",2024-07-26,scoring
2024-07-27,-0.166,-0.105,0,down,"DMI +80N 2024-07-27: 0.91°C, -0.17°C vs 1958-2002 normal (context line, never counted) [archive import: scored retroactively, not a live reading]",2024-07-27,scoring
2024-07-28,-0.162,-0.064,0,down,"DMI +80N 2024-07-28: 0.92°C, -0.16°C vs 1958-2002 normal (context line, never counted) [archive import: scored retroactively, not a live reading]",2024-07-28,scoring
2024-07-29,0.084,0.363,0,up,"DMI +80N 2024-07-29: 1.07°C, +0.08°C vs 1958-2002 normal (context line, never counted) [archive import: scored retroactively, not a live reading]",2024-07-29,scoring
2024-07-30,0.199,0.565,0,up,"DMI +80N 2024-07-30: 1.16°C, +0.20°C vs 1958-2002 normal (context line, never counted) [archive import: scored retroactively, not a live reading]",2024-07-30,scoring
2024-07-31,0.257,0.677,0,up,"DMI +80N 2024-07-31: 1.22°C, +0.26°C vs 1958-2002 normal (context line, never counted) [archive import: scored retroactively, not a live reading]",2024-07-31,scoring
2024-08-01,-0.048,0.167,0,up,"DMI +80N 2024-08-01: 0.88°C, -0.05°C vs 1958-2002 normal (context line, never counted) [archive import: scored retroactively, not a live reading]",2024-08-01,scoring
2024-08-02,-0.146,-0.003,0,down,"DMI +80N 2024-08-02: 0.69°C, -0.15°C vs 1958-2002 normal (context line, never counted) [archive import: scored retroactively, not a live reading]",2024-08-02,scoring
2024-08-03,-0.195,-0.076,0,down,"DMI +80N 2024-08-03: 0.58°C, -0.20°C vs 1958-2002 normal (context line, never counted) [archive import: scored retroactively, not a live reading]",2024-08-03,scoring
2024-08-04,-0.212,-0.091,0,down,"DMI +80N 2024-08-04: 0.47°C, -0.21°C vs 1958-2002 normal (context line, never counted) [archive import: scored retroactively, not a live reading]",2024-08-04,scoring
2024-08-05,-0.314,-0.285,0,down,"DMI +80N 2024-08-05: 0.34°C, -0.31°C vs 1958-2002 normal (context line, never counted) [archive import: scored retroactively, not a live reading]",2024-08-05,scoring
2024-08-06,-0.407,-0.454,0,down,"DMI +80N 2024-08-06: 0.16°C, -0.41°C vs 1958-2002 normal (context line, never counted) [archive import: scored retroactively, not a live reading]",2024-08-06,scoring
2024-08-07,-0.604,-0.840,0,down,"DMI +80N 2024-08-07: -0.05°C, -0.60°C vs 1958-2002 normal (context line, never counted) [archive import: scored retroactively, not a live reading]",2024-08-07,scoring
2024-08-08,-0.761,-1.144,0,down,"DMI +80N 2024-08-08: -0.27°C, -0.76°C vs 1958-2002 normal (context line, never counted) [archive import: scored retroactively, not a live reading]",2024-08-08,scoring
2024-08-09,-0.76,-1.121,0,down,"DMI +80N 2024-08-09: -0.34°C, -0.76°C vs 1958-2002 normal (context line, never counted) [archive import: scored retroactively, not a live reading]",2024-08-09,scoring
2024-08-10,-0.665,-0.928,0,down,"DMI +80N 2024-08-10: -0.33°C, -0.67°C vs 1958-2002 normal (context line, never counted) [archive import: scored retroactively, not a live reading]",2024-08-10,scoring
2024-08-11,-0.752,-1.129,0,down,"DMI +80N 2024-08-11: -0.46°C, -0.75°C vs 1958-2002 normal (context line, never counted) [archive import: scored retroactively, not a live reading]",2024-08-11,scoring
2024-08-12,-0.201,0.028,0,up,"DMI +80N 2024-08-12: 0.03°C, -0.20°C vs 1958-2002 normal (context line, never counted) [archive import: scored retroactively, not a live reading]",2024-08-12,scoring
2024-08-13,0.415,1.398,0,up,"DMI +80N 2024-08-13: 0.61°C, +0.41°C vs 1958-2002 normal (context line, never counted) [archive import: scored retroactively, not a live reading]",2024-08-13,scoring
2024-08-14,0.389,1.353,0,up,"DMI +80N 2024-08-14: 0.55°C, +0.39°C vs 1958-2002 normal (context line, never counted) [archive import: scored retroactively, not a live reading]",2024-08-14,scoring
2024-08-15,0.284,1.112,0,up,"DMI +80N 2024-08-15: 0.36°C, +0.28°C vs 1958-2002 normal (context line, never counted) [archive import: scored retroactively, not a live reading]",2024-08-15,scoring
2024-08-16,0.13,0.751,0,up,"DMI +80N 2024-08-16: 0.09°C, +0.13°C vs 1958-2002 normal (context line, never counted) [archive import: scored retroactively, not a live reading]",2024-08-16,scoring
2024-08-17,0.118,0.713,0,up,"DMI +80N 2024-08-17: -0.05°C, +0.12°C vs 1958-2002 normal (context line, never counted) [archive import: scored retroactively, not a live reading]",2024-08-17,scoring
2024-08-18,0.165,0.814,0,up,"DMI +80N 2024-08-18: -0.19°C, +0.17°C vs 1958-2002 normal (context line, never counted) [archive import: scored retroactively, not a live reading]",2024-08-18,scoring
2024-08-19,-0.017,0.412,0,up,"DMI +80N 2024-08-19: -0.52°C, -0.02°C vs 1958-2002 normal (context line, never counted) [archive import: scored retroactively, not a live reading]",2024-08-19,scoring
2024-08-20,0.271,1.053,0,up,"DMI +80N 2024-08-20: -0.44°C, +0.27°C vs 1958-2002 normal (context line, never counted) [archive import: scored retroactively, not a live reading]",2024-08-20,scoring
2024-08-21,0.556,1.697,0,up,"DMI +80N 2024-08-21: -0.36°C, +0.56°C vs 1958-2002 normal (context line, never counted) [archive import: scored retroactively, not a live reading]",2024-08-21,scoring
2024-08-22,1.02,2.719,0,up,"DMI +80N 2024-08-22: -0.07°C, +1.02°C vs 1958-2002 normal (context line, never counted) [archive import: scored retroactively, not a live reading]",2024-08-22,scoring
2024-08-23,0.482,1.468,0,up,"DMI +80N 2024-08-23: -0.75°C, +0.48°C vs 1958-2002 normal (context line, never counted) [archive import: scored retroactively, not a live reading]",2024-08-23,scoring
2024-08-24,0.365,1.199,0,up,"DMI +80N 2024-08-24: -0.93°C, +0.36°C vs 1958-2002 normal (context line, never counted) [archive import: scored retroactively, not a live reading]",2024-08-24,scoring
2024-08-25,0.535,1.577,0,up,"DMI +80N 2024-08-25: -0.95°C, +0.54°C vs 1958-2002 normal (context line, never counted) [archive import: scored retroactively, not a live reading]",2024-08-25,scoring
2024-08-26,0.761,2.064,0,up,"DMI +80N 2024-08-26: -1.06°C, +0.76°C vs 1958-2002 normal (context line, never counted) [archive import: scored retroactively, not a live reading]",2024-08-26,scoring
2024-08-27,0.951,2.439,0,up,"DMI +80N 2024-08-27: -1.19°C, +0.95°C vs 1958-2002 normal (context line, never counted) [archive import: scored retroactively, not a live reading]",2024-08-27,scoring
2024-08-28,1.449,3.533,1,up,"DMI +80N 2024-08-28: -0.96°C, +1.45°C vs 1958-2002 normal (context line, never counted) [archive import: scored retroactively, not a live reading]",2024-08-28,scoring
2024-08-29,1.682,3.992,1,up,"DMI +80N 2024-08-29: -1.04°C, +1.68°C vs 1958-2002 normal (context line, never counted) [archive import: scored retroactively, not a live reading]",2024-08-29,scoring
2024-08-30,1.808,4.217,1,up,"DMI +80N 2024-08-30: -1.21°C, +1.81°C vs 1958-2002 normal (context line, never counted) [archive import: scored retroactively, not a live reading]",2024-08-30,scoring
2024-08-31,1.817,4.207,1,up,"DMI +80N 2024-08-31: -1.43°C, +1.82°C vs 1958-2002 normal (context line, never counted) [archive import: scored retroactively, not a live reading]",2024-08-31,scoring
2024-09-01,2.016,4.608,1,up,"DMI +80N 2024-09-01: -1.51°C, +2.02°C vs 1958-2002 normal (context line, never counted) [archive import: scored retroactively, not a live reading]",2024-09-01,scoring
2024-09-02,2.071,4.542,1,up,"DMI +80N 2024-09-02: -1.63°C, +2.07°C vs 1958-2002 normal (context line, never counted) [archive import: scored retroactively, not a live reading]",2024-09-02,scoring
2024-09-03,1.921,4.032,1,up,"DMI +80N 2024-09-03: -2.09°C, +1.92°C vs 1958-2002 normal (context line, never counted) [archive import: scored retroactively, not a live reading]",2024-09-03,scoring
2024-09-04,1.742,3.567,1,up,"DMI +80N 2024-09-04: -2.55°C, +1.74°C vs 1958-2002 normal (context line, never counted) [archive import: scored retroactively, not a live reading]",2024-09-04,scoring
2024-09-05,1.826,3.673,1,up,"DMI +80N 2024-09-05: -2.79°C, +1.83°C vs 1958-2002 normal (context line, never counted) [archive import: scored retroactively, not a live reading]",2024-09-05,scoring
2024-09-06,1.587,3.174,1,up,"DMI +80N 2024-09-06: -3.42°C, +1.59°C vs 1958-2002 normal (context line, never counted) [archive import: scored retroactively, not a live reading]",2024-09-06,scoring
2024-09-07,1.831,3.652,1,up,"DMI +80N 2024-09-07: -3.54°C, +1.83°C vs 1958-2002 normal (context line, never counted) [archive import: scored retroactively, not a live reading]",2024-09-07,scoring
2024-09-08,2.161,4.318,1,up,"DMI +80N 2024-09-08: -3.26°C, +2.16°C vs 1958-2002 normal (context line, never counted) [archive import: scored retroactively, not a live reading]",2024-09-08,scoring
2024-09-09,2.671,5.323,1,up,"DMI +80N 2024-09-09: -3.00°C, +2.67°C vs 1958-2002 normal (context line, never counted) [archive import: scored retroactively, not a live reading]",2024-09-09,scoring
2024-09-10,2.31,4.573,1,up,"DMI +80N 2024-09-10: -3.60°C, +2.31°C vs 1958-2002 normal (context line, never counted) [archive import: scored retroactively, not a live reading]",2024-09-10,scoring
2024-09-11,2.505,4.853,1,up,"DMI +80N 2024-09-11: -3.70°C, +2.50°C vs 1958-2002 normal (context line, never counted) [archive import: scored retroactively, not a live reading]",2024-09-11,scoring
2024-09-12,2.662,5.051,1,up,"DMI +80N 2024-09-12: -3.87°C, +2.66°C vs 1958-2002 normal (context line, never counted) [archive import: scored retroactively, not a live reading]",2024-09-12,scoring
2024-09-13,2.613,4.805,1,up,"DMI +80N 2024-09-13: -4.29°C, +2.61°C vs 1958-2002 normal (context line, never counted) [archive import: scored retroactively, not a live reading]",2024-09-13,scoring
2024-09-14,3.025,5.351,1,up,"DMI +80N 2024-09-14: -4.21°C, +3.02°C vs 1958-2002 normal (context line, never counted) [archive import: scored retroactively, not a live reading]",2024-09-14,scoring
2024-09-15,4.048,6.866,1,up,"DMI +80N 2024-09-15: -3.51°C, +4.05°C vs 1958-2002 normal (context line, never counted) [archive import: scored retroactively, not a live reading]",2024-09-15,scoring
2024-09-16,4.107,6.794,1,up,"DMI +80N 2024-09-16: -3.87°C, +4.11°C vs 1958-2002 normal (context line, never counted) [archive import: scored retroactively, not a live reading]",2024-09-16,scoring
2024-09-17,4.163,6.698,1,up,"DMI +80N 2024-09-17: -4.13°C, +4.16°C vs 1958-2002 normal (context line, never counted) [archive import: scored retroactively, not a live reading]",2024-09-17,scoring
2024-09-18,4.428,6.887,1,up,"DMI +80N 2024-09-18: -4.37°C, +4.43°C vs 1958-2002 normal (context line, never counted) [archive import: scored retroactively, not a live reading]",2024-09-18,scoring
2024-09-19,4.335,6.462,1,up,"DMI +80N 2024-09-19: -4.73°C, +4.33°C vs 1958-2002 normal (context line, never counted) [archive import: scored retroactively, not a live reading]",2024-09-19,scoring
2024-09-20,4.054,5.816,1,up,"DMI +80N 2024-09-20: -5.28°C, +4.05°C vs 1958-2002 normal (context line, never counted) [archive import: scored retroactively, not a live reading]",2024-09-20,scoring
2024-09-21,3.954,5.476,1,up,"DMI +80N 2024-09-21: -5.76°C, +3.95°C vs 1958-2002 normal (context line, never counted) [archive import: scored retroactively, not a live reading]",2024-09-21,scoring
2024-09-22,2.763,3.651,1,up,"DMI +80N 2024-09-22: -7.16°C, +2.76°C vs 1958-2002 normal (context line, never counted) [archive import: scored retroactively, not a live reading]",2024-09-22,scoring
2024-09-23,3.415,4.385,1,up,"DMI +80N 2024-09-23: -6.92°C, +3.42°C vs 1958-2002 normal (context line, never counted) [archive import: scored retroactively, not a live reading]",2024-09-23,scoring
2024-09-24,3.968,4.837,1,up,"DMI +80N 2024-09-24: -6.74°C, +3.97°C vs 1958-2002 normal (context line, never counted) [archive import: scored retroactively, not a live reading]",2024-09-24,scoring
2024-09-25,3.942,4.598,1,up,"DMI +80N 2024-09-25: -7.00°C, +3.94°C vs 1958-2002 normal (context line, never counted) [archive import: scored retroactively, not a live reading]",2024-09-25,scoring
2024-09-26,3.858,4.313,1,up,"DMI +80N 2024-09-26: -7.23°C, +3.86°C vs 1958-2002 normal (context line, never counted) [archive import: scored retroactively, not a live reading]",2024-09-26,scoring
2024-09-27,3.444,3.703,1,up,"DMI +80N 2024-09-27: -7.93°C, +3.44°C vs 1958-2002 normal (context line, never counted) [archive import: scored retroactively, not a live reading]",2024-09-27,scoring
2024-09-28,3.084,3.138,1,up,"DMI +80N 2024-09-28: -8.67°C, +3.08°C vs 1958-2002 normal (context line, never counted) [archive import: scored retroactively, not a live reading]",2024-09-28,scoring
2024-09-29,3.122,3.024,1,up,"DMI +80N 2024-09-29: -9.10°C, +3.12°C vs 1958-2002 normal (context line, never counted) [archive import: scored retroactively, not a live reading]",2024-09-29,scoring
2024-09-30,2.837,2.593,0,up,"DMI +80N 2024-09-30: -9.74°C, +2.84°C vs 1958-2002 normal (context line, never counted) [archive import: scored retroactively, not a live reading]",2024-09-30,scoring
2024-10-01,3.836,3.462,1,up,"DMI +80N 2024-10-01: -9.05°C, +3.84°C vs 1958-2002 normal (context line, never counted) [archive import: scored retroactively, not a live reading]",2024-10-01,scoring
2024-10-02,5.584,5.008,1,up,"DMI +80N 2024-10-02: -7.71°C, +5.58°C vs 1958-2002 normal (context line, never counted) [archive import: scored retroactively, not a live reading]",2024-10-02,scoring
2024-10-03,6.85,5.830,1,up,"DMI +80N 2024-10-03: -6.78°C, +6.85°C vs 1958-2002 normal (context line, never counted) [archive import: scored retroactively, not a live reading]",2024-10-03,scoring
2024-10-04,7.023,5.637,1,up,"DMI +80N 2024-10-04: -6.66°C, +7.02°C vs 1958-2002 normal (context line, never counted) [archive import: scored retroactively, not a live reading]",2024-10-04,scoring
2024-10-05,7.323,5.607,1,up,"DMI +80N 2024-10-05: -6.51°C, +7.32°C vs 1958-2002 normal (context line, never counted) [archive import: scored retroactively, not a live reading]",2024-10-05,scoring
2024-10-06,6.933,5.028,1,up,"DMI +80N 2024-10-06: -7.13°C, +6.93°C vs 1958-2002 normal (context line, never counted) [archive import: scored retroactively, not a live reading]",2024-10-06,scoring
2024-10-07,5.872,3.943,1,up,"DMI +80N 2024-10-07: -8.22°C, +5.87°C vs 1958-2002 normal (context line, never counted) [archive import: scored retroactively, not a live reading]",2024-10-07,scoring
2024-10-08,6.267,3.964,1,up,"DMI +80N 2024-10-08: -8.08°C, +6.27°C vs 1958-2002 normal (context line, never counted) [archive import: scored retroactively, not a live reading]",2024-10-08,scoring
2024-10-09,7.345,4.399,1,up,"DMI +80N 2024-10-09: -7.51°C, +7.34°C vs 1958-2002 normal (context line, never counted) [archive import: scored retroactively, not a live reading]",2024-10-09,scoring
2024-10-10,7.739,4.311,1,up,"DMI +80N 2024-10-10: -7.49°C, +7.74°C vs 1958-2002 normal (context line, never counted) [archive import: scored retroactively, not a live reading]",2024-10-10,scoring
2024-10-11,8.047,4.220,1,up,"DMI +80N 2024-10-11: -7.77°C, +8.05°C vs 1958-2002 normal (context line, never counted) [archive import: scored retroactively, not a live reading]",2024-10-11,scoring
2024-10-12,7.627,3.661,1,up,"DMI +80N 2024-10-12: -8.62°C, +7.63°C vs 1958-2002 normal (context line, never counted) [archive import: scored retroactively, not a live reading]",2024-10-12,scoring
2024-10-13,6.873,2.973,0,up,"DMI +80N 2024-10-13: -9.67°C, +6.87°C vs 1958-2002 normal (context line, never counted) [archive import: scored retroactively, not a live reading]",2024-10-13,scoring
2024-10-14,6.346,2.526,0,up,"DMI +80N 2024-10-14: -10.77°C, +6.35°C vs 1958-2002 normal (context line, never counted) [archive import: scored retroactively, not a live reading]",2024-10-14,scoring
2024-10-15,7.016,2.734,0,up,"DMI +80N 2024-10-15: -10.62°C, +7.02°C vs 1958-2002 normal (context line, never counted) [archive import: scored retroactively, not a live reading]",2024-10-15,scoring
2024-10-16,9.416,3.837,1,up,"DMI +80N 2024-10-16: -8.53°C, +9.42°C vs 1958-2002 normal (context line, never counted) [archive import: scored retroactively, not a live reading]",2024-10-16,scoring
2024-10-17,10.427,4.102,1,up,"DMI +80N 2024-10-17: -7.59°C, +10.43°C vs 1958-2002 normal (context line, never counted) [archive import: scored retroactively, not a live reading]",2024-10-17,scoring
2024-10-18,10.585,3.991,1,up,"DMI +80N 2024-10-18: -7.57°C, +10.59°C vs 1958-2002 normal (context line, never counted) [archive import: scored retroactively, not a live reading]",2024-10-18,scoring
2024-10-19,9.991,3.562,1,up,"DMI +80N 2024-10-19: -8.19°C, +9.99°C vs 1958-2002 normal (context line, never counted) [archive import: scored retroactively, not a live reading]",2024-10-19,scoring
2024-10-20,9.848,3.286,1,up,"DMI +80N 2024-10-20: -8.77°C, +9.85°C vs 1958-2002 normal (context line, never counted) [archive import: scored retroactively, not a live reading]",2024-10-20,scoring
2024-10-21,11.451,3.805,1,up,"DMI +80N 2024-10-21: -7.63°C, +11.45°C vs 1958-2002 normal (context line, never counted) [archive import: scored retroactively, not a live reading]",2024-10-21,scoring
2024-10-22,11.957,3.840,1,up,"DMI +80N 2024-10-22: -7.43°C, +11.96°C vs 1958-2002 normal (context line, never counted) [archive import: scored retroactively, not a live reading]",2024-10-22,scoring
2024-10-23,11.55,3.493,1,up,"DMI +80N 2024-10-23: -8.39°C, +11.55°C vs 1958-2002 normal (context line, never counted) [archive import: scored retroactively, not a live reading]",2024-10-23,scoring
2024-10-24,10.274,2.909,0,up,"DMI +80N 2024-10-24: -10.07°C, +10.27°C vs 1958-2002 normal (context line, never counted) [archive import: scored retroactively, not a live reading]",2024-10-24,scoring
2024-10-25,10.298,2.774,0,up,"DMI +80N 2024-10-25: -10.47°C, +10.30°C vs 1958-2002 normal (context line, never counted) [archive import: scored retroactively, not a live reading]",2024-10-25,scoring
2024-10-26,12.633,3.432,1,up,"DMI +80N 2024-10-26: -8.31°C, +12.63°C vs 1958-2002 normal (context line, never counted) [archive import: scored retroactively, not a live reading]",2024-10-26,scoring
2024-10-27,13.665,3.622,1,up,"DMI +80N 2024-10-27: -7.46°C, +13.66°C vs 1958-2002 normal (context line, never counted) [archive import: scored retroactively, not a live reading]",2024-10-27,scoring
2024-10-28,12.978,3.286,1,up,"DMI +80N 2024-10-28: -8.42°C, +12.98°C vs 1958-2002 normal (context line, never counted) [archive import: scored retroactively, not a live reading]",2024-10-28,scoring
2024-10-29,12.985,3.142,1,up,"DMI +80N 2024-10-29: -8.48°C, +12.98°C vs 1958-2002 normal (context line, never counted) [archive import: scored retroactively, not a live reading]",2024-10-29,scoring
2024-10-30,14.873,3.591,1,up,"DMI +80N 2024-10-30: -7.19°C, +14.87°C vs 1958-2002 normal (context line, never counted) [archive import: scored retroactively, not a live reading]",2024-10-30,scoring
2024-10-31,14.879,3.428,1,up,"DMI +80N 2024-10-31: -7.50°C, +14.88°C vs 1958-2002 normal (context line, never counted) [archive import: scored retroactively, not a live reading]",2024-10-31,scoring
2024-11-01,14.897,3.320,1,up,"DMI +80N 2024-11-01: -7.92°C, +14.90°C vs 1958-2002 normal (context line, never counted) [archive import: scored retroactively, not a live reading]",2024-11-01,scoring
2024-11-02,15.4,3.377,1,up,"DMI +80N 2024-11-02: -7.96°C, +15.40°C vs 1958-2002 normal (context line, never counted) [archive import: scored retroactively, not a live reading]",2024-11-02,scoring
2024-11-03,15.693,3.321,1,up,"DMI +80N 2024-11-03: -7.81°C, +15.69°C vs 1958-2002 normal (context line, never counted) [archive import: scored retroactively, not a live reading]",2024-11-03,scoring
2024-11-04,14.787,2.980,0,up,"DMI +80N 2024-11-04: -8.40°C, +14.79°C vs 1958-2002 normal (context line, never counted) [archive import: scored retroactively, not a live reading]",2024-11-04,scoring
2024-11-05,11.501,2.028,0,up,"DMI +80N 2024-11-05: -11.28°C, +11.50°C vs 1958-2002 normal (context line, never counted) [archive import: scored retroactively, not a live reading]",2024-11-05,scoring
2024-11-06,9.151,1.353,0,up,"DMI +80N 2024-11-06: -13.66°C, +9.15°C vs 1958-2002 normal (context line, never counted) [archive import: scored retroactively, not a live reading]",2024-11-06,scoring
2024-11-07,8.976,1.282,0,up,"DMI +80N 2024-11-07: -13.80°C, +8.98°C vs 1958-2002 normal (context line, never counted) [archive import: scored retroactively, not a live reading]",2024-11-07,scoring
2024-11-08,9.942,1.493,0,up,"DMI +80N 2024-11-08: -12.96°C, +9.94°C vs 1958-2002 normal (context line, never counted) [archive import: scored retroactively, not a live reading]",2024-11-08,scoring
2024-11-09,9.449,1.362,0,up,"DMI +80N 2024-11-09: -13.47°C, +9.45°C vs 1958-2002 normal (context line, never counted) [archive import: scored retroactively, not a live reading]",2024-11-09,scoring
2024-11-10,7.946,0.975,0,up,"DMI +80N 2024-11-10: -15.19°C, +7.95°C vs 1958-2002 normal (context line, never counted) [archive import: scored retroactively, not a live reading]",2024-11-10,scoring
2024-11-11,7.309,0.806,0,up,"DMI +80N 2024-11-11: -16.43°C, +7.31°C vs 1958-2002 normal (context line, never counted) [archive import: scored retroactively, not a live reading]",2024-11-11,scoring
2024-11-12,7.765,0.902,0,up,"DMI +80N 2024-11-12: -16.49°C, +7.76°C vs 1958-2002 normal (context line, never counted) [archive import: scored retroactively, not a live reading]",2024-11-12,scoring
2024-11-13,9.758,1.367,0,up,"DMI +80N 2024-11-13: -14.51°C, +9.76°C vs 1958-2002 normal (context line, never counted) [archive import: scored retroactively, not a live reading]",2024-11-13,scoring
2024-11-14,8.844,1.108,0,up,"DMI +80N 2024-11-14: -15.65°C, +8.84°C vs 1958-2002 normal (context line, never counted) [archive import: scored retroactively, not a live reading]",2024-11-14,scoring
2024-11-15,5.903,0.367,0,up,"DMI +80N 2024-11-15: -18.76°C, +5.90°C vs 1958-2002 normal (context line, never counted) [archive import: scored retroactively, not a live reading]",2024-11-15,scoring
2024-11-16,4.229,-0.188,0,down,"DMI +80N 2024-11-16: -20.33°C, +4.23°C vs 1958-2002 normal (context line, never counted) [archive import: scored retroactively, not a live reading]",2024-11-16,scoring
2024-11-17,3.387,-0.394,0,down,"DMI +80N 2024-11-17: -21.40°C, +3.39°C vs 1958-2002 normal (context line, never counted) [archive import: scored retroactively, not a live reading]",2024-11-17,scoring
2024-11-18,3.405,-0.397,0,down,"DMI +80N 2024-11-18: -21.44°C, +3.40°C vs 1958-2002 normal (context line, never counted) [archive import: scored retroactively, not a live reading]",2024-11-18,scoring
2024-11-19,5.84,0.214,0,up,"DMI +80N 2024-11-19: -18.91°C, +5.84°C vs 1958-2002 normal (context line, never counted) [archive import: scored retroactively, not a live reading]",2024-11-19,scoring
2024-11-20,7.682,0.506,0,up,"DMI +80N 2024-11-20: -16.98°C, +7.68°C vs 1958-2002 normal (context line, never counted) [archive import: scored retroactively, not a live reading]",2024-11-20,scoring
2024-11-21,6.917,0.272,0,up,"DMI +80N 2024-11-21: -18.10°C, +6.92°C vs 1958-2002 normal (context line, never counted) [archive import: scored retroactively, not a live reading]",2024-11-21,scoring
2024-11-22,9.225,0.856,0,up,"DMI +80N 2024-11-22: -16.34°C, +9.22°C vs 1958-2002 normal (context line, never counted) [archive import: scored retroactively, not a live reading]",2024-11-22,scoring
2024-11-23,7.265,0.304,0,up,"DMI +80N 2024-11-23: -18.38°C, +7.26°C vs 1958-2002 normal (context line, never counted) [archive import: scored retroactively, not a live reading]",2024-11-23,scoring
2024-11-24,4.26,-0.531,0,down,"DMI +80N 2024-11-24: -21.27°C, +4.26°C vs 1958-2002 normal (context line, never counted) [archive import: scored retroactively, not a live reading]",2024-11-24,scoring
2024-11-25,3.117,-0.840,0,down,"DMI +80N 2024-11-25: -22.80°C, +3.12°C vs 1958-2002 normal (context line, never counted) [archive import: scored retroactively, not a live reading]",2024-11-25,scoring
2024-11-26,2.927,-0.915,0,down,"DMI +80N 2024-11-26: -23.08°C, +2.93°C vs 1958-2002 normal (context line, never counted) [archive import: scored retroactively, not a live reading]",2024-11-26,scoring
2024-11-27,3.609,-0.747,0,down,"DMI +80N 2024-11-27: -22.39°C, +3.61°C vs 1958-2002 normal (context line, never counted) [archive import: scored retroactively, not a live reading]",2024-11-27,scoring
2024-11-28,4.031,-0.638,0,down,"DMI +80N 2024-11-28: -22.42°C, +4.03°C vs 1958-2002 normal (context line, never counted) [archive import: scored retroactively, not a live reading]",2024-11-28,scoring
2024-11-29,4.067,-0.633,0,down,"DMI +80N 2024-11-29: -22.80°C, +4.07°C vs 1958-2002 normal (context line, never counted) [archive import: scored retroactively, not a live reading]",2024-11-29,scoring
2024-11-30,5.391,-0.261,0,down,"DMI +80N 2024-11-30: -21.62°C, +5.39°C vs 1958-2002 normal (context line, never counted) [archive import: scored retroactively, not a live reading]",2024-11-30,scoring
2024-12-01,5.578,-0.208,0,down,"DMI +80N 2024-12-01: -21.24°C, +5.58°C vs 1958-2002 normal (context line, never counted) [archive import: scored retroactively, not a live reading]",2024-12-01,scoring
2024-12-02,5.964,-0.098,0,down,"DMI +80N 2024-12-02: -20.59°C, +5.96°C vs 1958-2002 normal (context line, never counted) [archive import: scored retroactively, not a live reading]",2024-12-02,scoring
2024-12-03,8.214,0.547,0,up,"DMI +80N 2024-12-03: -18.70°C, +8.21°C vs 1958-2002 normal (context line, never counted) [archive import: scored retroactively, not a live reading]",2024-12-03,scoring
2024-12-04,8.434,0.530,0,up,"DMI +80N 2024-12-04: -19.06°C, +8.43°C vs 1958-2002 normal (context line, never counted) [archive import: scored retroactively, not a live reading]",2024-12-04,scoring
2024-12-05,8.086,0.357,0,up,"DMI +80N 2024-12-05: -19.75°C, +8.09°C vs 1958-2002 normal (context line, never counted) [archive import: scored retroactively, not a live reading]",2024-12-05,scoring
2024-12-06,6.544,-0.104,0,down,"DMI +80N 2024-12-06: -21.01°C, +6.54°C vs 1958-2002 normal (context line, never counted) [archive import: scored retroactively, not a live reading]",2024-12-06,scoring
2024-12-07,4.872,-0.609,0,down,"DMI +80N 2024-12-07: -22.46°C, +4.87°C vs 1958-2002 normal (context line, never counted) [archive import: scored retroactively, not a live reading]",2024-12-07,scoring
2024-12-08,4.504,-0.730,0,down,"DMI +80N 2024-12-08: -22.79°C, +4.50°C vs 1958-2002 normal (context line, never counted) [archive import: scored retroactively, not a live reading]",2024-12-08,scoring
2024-12-09,4.131,-0.846,0,down,"DMI +80N 2024-12-09: -23.07°C, +4.13°C vs 1958-2002 normal (context line, never counted) [archive import: scored retroactively, not a live reading]",2024-12-09,scoring
2024-12-10,3.434,-1.079,0,down,"DMI +80N 2024-12-10: -23.51°C, +3.43°C vs 1958-2002 normal (context line, never counted) [archive import: scored retroactively, not a live reading]",2024-12-10,scoring
2024-12-11,5.223,-0.528,0,down,"DMI +80N 2024-12-11: -22.22°C, +5.22°C vs 1958-2002 normal (context line, never counted) [archive import: scored retroactively, not a live reading]",2024-12-11,scoring
2024-12-12,5.521,-0.436,0,down,"DMI +80N 2024-12-12: -22.46°C, +5.52°C vs 1958-2002 normal (context line, never counted) [archive import: scored retroactively, not a live reading]",2024-12-12,scoring
2024-12-13,7.243,0.111,0,up,"DMI +80N 2024-12-13: -21.13°C, +7.24°C vs 1958-2002 normal (context line, never counted) [archive import: scored retroactively, not a live reading]",2024-12-13,scoring
2024-12-14,5.779,-0.364,0,down,"DMI +80N 2024-12-14: -22.42°C, +5.78°C vs 1958-2002 normal (context line, never counted) [archive import: scored retroactively, not a live reading]",2024-12-14,scoring
2024-12-15,5.235,-0.532,0,down,"DMI +80N 2024-12-15: -22.85°C, +5.24°C vs 1958-2002 normal (context line, never counted) [archive import: scored retroactively, not a live reading]",2024-12-15,scoring
2024-12-16,4.661,-0.709,0,down,"DMI +80N 2024-12-16: -23.41°C, +4.66°C vs 1958-2002 normal (context line, never counted) [archive import: scored retroactively, not a live reading]",2024-12-16,scoring
2024-12-17,4.628,-0.719,0,down,"DMI +80N 2024-12-17: -23.73°C, +4.63°C vs 1958-2002 normal (context line, never counted) [archive import: scored retroactively, not a live reading]",2024-12-17,scoring
2024-12-18,4.684,-0.700,0,down,"DMI +80N 2024-12-18: -23.61°C, +4.68°C vs 1958-2002 normal (context line, never counted) [archive import: scored retroactively, not a live reading]",2024-12-18,scoring
2024-12-19,4.229,-0.841,0,down,"DMI +80N 2024-12-19: -23.82°C, +4.23°C vs 1958-2002 normal (context line, never counted) [archive import: scored retroactively, not a live reading]",2024-12-19,scoring
2024-12-20,3.953,-0.929,0,down,"DMI +80N 2024-12-20: -24.13°C, +3.95°C vs 1958-2002 normal (context line, never counted) [archive import: scored retroactively, not a live reading]",2024-12-20,scoring
2024-12-21,3.987,-0.918,0,down,"DMI +80N 2024-12-21: -24.32°C, +3.99°C vs 1958-2002 normal (context line, never counted) [archive import: scored retroactively, not a live reading]",2024-12-21,scoring
2024-12-22,3.744,-1.005,0,down,"DMI +80N 2024-12-22: -24.37°C, +3.74°C vs 1958-2002 normal (context line, never counted) [archive import: scored retroactively, not a live reading]",2024-12-22,scoring
2024-12-23,2.391,-1.434,0,down,"DMI +80N 2024-12-23: -25.87°C, +2.39°C vs 1958-2002 normal (context line, never counted) [archive import: scored retroactively, not a live reading]",2024-12-23,scoring
2024-12-24,3.993,-0.911,0,down,"DMI +80N 2024-12-24: -24.75°C, +3.99°C vs 1958-2002 normal (context line, never counted) [archive import: scored retroactively, not a live reading]",2024-12-24,scoring
2024-12-25,4.996,-0.600,0,down,"DMI +80N 2024-12-25: -24.28°C, +5.00°C vs 1958-2002 normal (context line, never counted) [archive import: scored retroactively, not a live reading]",2024-12-25,scoring
2024-12-26,7.01,0.026,0,up,"DMI +80N 2024-12-26: -22.40°C, +7.01°C vs 1958-2002 normal (context line, never counted) [archive import: scored retroactively, not a live reading]",2024-12-26,scoring
2024-12-27,6.932,-0.012,0,down,"DMI +80N 2024-12-27: -22.44°C, +6.93°C vs 1958-2002 normal (context line, never counted) [archive import: scored retroactively, not a live reading]",2024-12-27,scoring
2024-12-28,5.064,-0.603,0,down,"DMI +80N 2024-12-28: -24.08°C, +5.06°C vs 1958-2002 normal (context line, never counted) [archive import: scored retroactively, not a live reading]",2024-12-28,scoring
2024-12-29,5.857,-0.356,0,down,"DMI +80N 2024-12-29: -23.39°C, +5.86°C vs 1958-2002 normal (context line, never counted) [archive import: scored retroactively, not a live reading]",2024-12-29,scoring
2024-12-30,5.78,-0.386,0,down,"DMI +80N 2024-12-30: -23.57°C, +5.78°C vs 1958-2002 normal (context line, never counted) [archive import: scored retroactively, not a live reading]",2024-12-30,scoring
2024-12-31,4.085,-0.942,0,down,"DMI +80N 2024-12-31: -25.26°C, +4.08°C vs 1958-2002 normal (context line, never counted) [archive import: scored retroactively, not a live reading]",2024-12-31,scoring
2025-01-01,3.266,-1.198,0,down,"DMI +80N 2025-01-01: -25.99°C, +3.27°C vs 1958-2002 normal (context line, never counted) [archive import: scored retroactively, not a live reading]",2025-01-01,scoring
2025-01-02,6.697,-0.088,0,down,"DMI +80N 2025-01-02: -22.43°C, +6.70°C vs 1958-2002 normal (context line, never counted) [archive import: scored retroactively, not a live reading]",2025-01-02,scoring
2025-01-03,8.618,0.540,0,up,"DMI +80N 2025-01-03: -20.87°C, +8.62°C vs 1958-2002 normal (context line, never counted) [archive import: scored retroactively, not a live reading]",2025-01-03,scoring
2025-01-04,8.462,0.488,0,up,"DMI +80N 2025-01-04: -21.49°C, +8.46°C vs 1958-2002 normal (context line, never counted) [archive import: scored retroactively, not a live reading]",2025-01-04,scoring
2025-01-05,6.207,-0.243,0,down,"DMI +80N 2025-01-05: -23.65°C, +6.21°C vs 1958-2002 normal (context line, never counted) [archive import: scored retroactively, not a live reading]",2025-01-05,scoring
2025-01-06,4.724,-0.712,0,down,"DMI +80N 2025-01-06: -25.20°C, +4.72°C vs 1958-2002 normal (context line, never counted) [archive import: scored retroactively, not a live reading]",2025-01-06,scoring
2025-01-07,3.657,-1.055,0,down,"DMI +80N 2025-01-07: -25.97°C, +3.66°C vs 1958-2002 normal (context line, never counted) [archive import: scored retroactively, not a live reading]",2025-01-07,scoring
2025-01-08,2.666,-1.359,0,down,"DMI +80N 2025-01-08: -27.09°C, +2.67°C vs 1958-2002 normal (context line, never counted) [archive import: scored retroactively, not a live reading]",2025-01-08,scoring
2025-01-09,2.42,-1.418,0,down,"DMI +80N 2025-01-09: -27.39°C, +2.42°C vs 1958-2002 normal (context line, never counted) [archive import: scored retroactively, not a live reading]",2025-01-09,scoring
2025-01-10,2.628,-1.297,0,down,"DMI +80N 2025-01-10: -27.09°C, +2.63°C vs 1958-2002 normal (context line, never counted) [archive import: scored retroactively, not a live reading]",2025-01-10,scoring
2025-01-11,3.12,-1.087,0,down,"DMI +80N 2025-01-11: -26.76°C, +3.12°C vs 1958-2002 normal (context line, never counted) [archive import: scored retroactively, not a live reading]",2025-01-11,scoring
2025-01-12,3.318,-0.971,0,down,"DMI +80N 2025-01-12: -26.64°C, +3.32°C vs 1958-2002 normal (context line, never counted) [archive import: scored retroactively, not a live reading]",2025-01-12,scoring
2025-01-13,3.631,-0.854,0,down,"DMI +80N 2025-01-13: -26.43°C, +3.63°C vs 1958-2002 normal (context line, never counted) [archive import: scored retroactively, not a live reading]",2025-01-13,scoring
2025-01-14,3.274,-0.888,0,down,"DMI +80N 2025-01-14: -26.47°C, +3.27°C vs 1958-2002 normal (context line, never counted) [archive import: scored retroactively, not a live reading]",2025-01-14,scoring
2025-01-15,2.39,-1.133,0,down,"DMI +80N 2025-01-15: -27.34°C, +2.39°C vs 1958-2002 normal (context line, never counted) [archive import: scored retroactively, not a live reading]",2025-01-15,scoring
2025-01-16,1.697,-1.341,0,down,"DMI +80N 2025-01-16: -28.05°C, +1.70°C vs 1958-2002 normal (context line, never counted) [archive import: scored retroactively, not a live reading]",2025-01-16,scoring
2025-01-17,0.845,-1.598,0,down,"DMI +80N 2025-01-17: -28.77°C, +0.84°C vs 1958-2002 normal (context line, never counted) [archive import: scored retroactively, not a live reading]",2025-01-17,scoring
2025-01-18,0.991,-1.521,0,down,"DMI +80N 2025-01-18: -28.45°C, +0.99°C vs 1958-2002 normal (context line, never counted) [archive import: scored retroactively, not a live reading]",2025-01-18,scoring
2025-01-19,1.117,-1.455,0,down,"DMI +80N 2025-01-19: -28.33°C, +1.12°C vs 1958-2002 normal (context line, never counted) [archive import: scored retroactively, not a live reading]",2025-01-19,scoring
2025-01-20,2.575,-0.969,0,down,"DMI +80N 2025-01-20: -26.93°C, +2.58°C vs 1958-2002 normal (context line, never counted) [archive import: scored retroactively, not a live reading]",2025-01-20,scoring
2025-01-21,3.169,-0.760,0,down,"DMI +80N 2025-01-21: -26.02°C, +3.17°C vs 1958-2002 normal (context line, never counted) [archive import: scored retroactively, not a live reading]",2025-01-21,scoring
2025-01-22,5.087,-0.121,0,down,"DMI +80N 2025-01-22: -23.90°C, +5.09°C vs 1958-2002 normal (context line, never counted) [archive import: scored retroactively, not a live reading]",2025-01-22,scoring
2025-01-23,4.088,-0.411,0,down,"DMI +80N 2025-01-23: -25.07°C, +4.09°C vs 1958-2002 normal (context line, never counted) [archive import: scored retroactively, not a live reading]",2025-01-23,scoring
2025-01-24,4.132,-0.380,0,down,"DMI +80N 2025-01-24: -25.04°C, +4.13°C vs 1958-2002 normal (context line, never counted) [archive import: scored retroactively, not a live reading]",2025-01-24,scoring
2025-01-25,2.247,-1.047,0,down,"DMI +80N 2025-01-25: -26.60°C, +2.25°C vs 1958-2002 normal (context line, never counted) [archive import: scored retroactively, not a live reading]",2025-01-25,scoring
2025-01-26,2.291,-1.019,0,down,"DMI +80N 2025-01-26: -26.78°C, +2.29°C vs 1958-2002 normal (context line, never counted) [archive import: scored retroactively, not a live reading]",2025-01-26,scoring
2025-01-27,3.224,-0.674,0,down,"DMI +80N 2025-01-27: -25.95°C, +3.22°C vs 1958-2002 normal (context line, never counted) [archive import: scored retroactively, not a live reading]",2025-01-27,scoring
2025-01-28,4.768,-0.064,0,down,"DMI +80N 2025-01-28: -24.09°C, +4.77°C vs 1958-2002 normal (context line, never counted) [archive import: scored retroactively, not a live reading]",2025-01-28,scoring
2025-01-29,6.741,0.778,0,up,"DMI +80N 2025-01-29: -22.34°C, +6.74°C vs 1958-2002 normal (context line, never counted) [archive import: scored retroactively, not a live reading]",2025-01-29,scoring
2025-01-30,6.823,0.822,0,up,"DMI +80N 2025-01-30: -22.66°C, +6.82°C vs 1958-2002 normal (context line, never counted) [archive import: scored retroactively, not a live reading]",2025-01-30,scoring
2025-01-31,9.437,1.911,0,up,"DMI +80N 2025-01-31: -20.49°C, +9.44°C vs 1958-2002 normal (context line, never counted) [archive import: scored retroactively, not a live reading]",2025-01-31,scoring
2025-02-01,13.283,3.548,1,up,"DMI +80N 2025-02-01: -16.98°C, +13.28°C vs 1958-2002 normal (context line, never counted) [archive import: scored retroactively, not a live reading]",2025-02-01,scoring
2025-02-02,17.116,5.154,1,up,"DMI +80N 2025-02-02: -12.74°C, +17.12°C vs 1958-2002 normal (context line, never counted) [archive import: scored retroactively, not a live reading]",2025-02-02,scoring
2025-02-03,17.155,5.171,1,up,"DMI +80N 2025-02-03: -12.66°C, +17.16°C vs 1958-2002 normal (context line, never counted) [archive import: scored retroactively, not a live reading]",2025-02-03,scoring
2025-02-04,16.523,4.906,1,up,"DMI +80N 2025-02-04: -13.38°C, +16.52°C vs 1958-2002 normal (context line, never counted) [archive import: scored retroactively, not a live reading]",2025-02-04,scoring
2025-02-05,19.053,5.882,1,up,"DMI +80N 2025-02-05: -11.14°C, +19.05°C vs 1958-2002 normal (context line, never counted) [archive import: scored retroactively, not a live reading]",2025-02-05,scoring
2025-02-06,21.226,6.733,1,up,"DMI +80N 2025-02-06: -9.36°C, +21.23°C vs 1958-2002 normal (context line, never counted) [archive import: scored retroactively, not a live reading]",2025-02-06,scoring
2025-02-07,20.856,6.535,1,up,"DMI +80N 2025-02-07: -9.79°C, +20.86°C vs 1958-2002 normal (context line, never counted) [archive import: scored retroactively, not a live reading]",2025-02-07,scoring
2025-02-08,17.178,5.028,1,up,"DMI +80N 2025-02-08: -13.40°C, +17.18°C vs 1958-2002 normal (context line, never counted) [archive import: scored retroactively, not a live reading]",2025-02-08,scoring
2025-02-09,13.097,3.324,1,up,"DMI +80N 2025-02-09: -17.20°C, +13.10°C vs 1958-2002 normal (context line, never counted) [archive import: scored retroactively, not a live reading]",2025-02-09,scoring
2025-02-10,10.303,2.154,0,up,"DMI +80N 2025-02-10: -19.94°C, +10.30°C vs 1958-2002 normal (context line, never counted) [archive import: scored retroactively, not a live reading]",2025-02-10,scoring
2025-02-11,7.614,1.076,0,up,"DMI +80N 2025-02-11: -22.74°C, +7.61°C vs 1958-2002 normal (context line, never counted) [archive import: scored retroactively, not a live reading]",2025-02-11,scoring
2025-02-12,6.722,0.746,0,up,"DMI +80N 2025-02-12: -23.51°C, +6.72°C vs 1958-2002 normal (context line, never counted) [archive import: scored retroactively, not a live reading]",2025-02-12,scoring
2025-02-13,7.5,1.071,0,up,"DMI +80N 2025-02-13: -22.36°C, +7.50°C vs 1958-2002 normal (context line, never counted) [archive import: scored retroactively, not a live reading]",2025-02-13,scoring
2025-02-14,10.681,2.306,0,up,"DMI +80N 2025-02-14: -19.04°C, +10.68°C vs 1958-2002 normal (context line, never counted) [archive import: scored retroactively, not a live reading]",2025-02-14,scoring
2025-02-15,13.584,3.259,1,up,"DMI +80N 2025-02-15: -16.02°C, +13.58°C vs 1958-2002 normal (context line, never counted) [archive import: scored retroactively, not a live reading]",2025-02-15,scoring
2025-02-16,13.408,3.016,1,up,"DMI +80N 2025-02-16: -16.22°C, +13.41°C vs 1958-2002 normal (context line, never counted) [archive import: scored retroactively, not a live reading]",2025-02-16,scoring
2025-02-17,11.768,2.320,0,up,"DMI +80N 2025-02-17: -17.81°C, +11.77°C vs 1958-2002 normal (context line, never counted) [archive import: scored retroactively, not a live reading]",2025-02-17,scoring
2025-02-18,9.809,1.596,0,up,"DMI +80N 2025-02-18: -19.72°C, +9.81°C vs 1958-2002 normal (context line, never counted) [archive import: scored retroactively, not a live reading]",2025-02-18,scoring
2025-02-19,8.629,1.187,0,up,"DMI +80N 2025-02-19: -20.87°C, +8.63°C vs 1958-2002 normal (context line, never counted) [archive import: scored retroactively, not a live reading]",2025-02-19,scoring
2025-02-20,7.527,0.814,0,up,"DMI +80N 2025-02-20: -22.00°C, +7.53°C vs 1958-2002 normal (context line, never counted) [archive import: scored retroactively, not a live reading]",2025-02-20,scoring
2025-02-21,6.37,0.432,0,up,"DMI +80N 2025-02-21: -23.39°C, +6.37°C vs 1958-2002 normal (context line, never counted) [archive import: scored retroactively, not a live reading]",2025-02-21,scoring
2025-02-22,6.829,0.588,0,up,"DMI +80N 2025-02-22: -23.26°C, +6.83°C vs 1958-2002 normal (context line, never counted) [archive import: scored retroactively, not a live reading]",2025-02-22,scoring
2025-02-23,8.274,1.030,0,up,"DMI +80N 2025-02-23: -22.18°C, +8.27°C vs 1958-2002 normal (context line, never counted) [archive import: scored retroactively, not a live reading]",2025-02-23,scoring
2025-02-24,8.966,1.212,0,up,"DMI +80N 2025-02-24: -21.51°C, +8.97°C vs 1958-2002 normal (context line, never counted) [archive import: scored retroactively, not a live reading]",2025-02-24,scoring
2025-02-25,9.089,1.213,0,up,"DMI +80N 2025-02-25: -21.88°C, +9.09°C vs 1958-2002 normal (context line, never counted) [archive import: scored retroactively, not a live reading]",2025-02-25,scoring
2025-02-26,9.886,1.387,0,up,"DMI +80N 2025-02-26: -20.93°C, +9.89°C vs 1958-2002 normal (context line, never counted) [archive import: scored retroactively, not a live reading]",2025-02-26,scoring
2025-02-27,12.678,2.170,0,up,"DMI +80N 2025-02-27: -17.71°C, +12.68°C vs 1958-2002 normal (context line, never counted) [archive import: scored retroactively, not a live reading]",2025-02-27,scoring
2025-02-28,13.42,2.301,0,up,"DMI +80N 2025-02-28: -16.60°C, +13.42°C vs 1958-2002 normal (context line, never counted) [archive import: scored retroactively, not a live reading]",2025-02-28,scoring
2025-03-01,15.585,2.837,0,up,"DMI +80N 2025-03-01: -14.46°C, +15.59°C vs 1958-2002 normal (context line, never counted) [archive import: scored retroactively, not a live reading]",2025-03-01,scoring
2025-03-02,16.415,2.969,0,up,"DMI +80N 2025-03-02: -13.52°C, +16.41°C vs 1958-2002 normal (context line, never counted) [archive import: scored retroactively, not a live reading]",2025-03-02,scoring
2025-03-03,14.162,2.290,0,up,"DMI +80N 2025-03-03: -15.51°C, +14.16°C vs 1958-2002 normal (context line, never counted) [archive import: scored retroactively, not a live reading]",2025-03-03,scoring
2025-03-04,10.473,1.262,0,up,"DMI +80N 2025-03-04: -18.79°C, +10.47°C vs 1958-2002 normal (context line, never counted) [archive import: scored retroactively, not a live reading]",2025-03-04,scoring
2025-03-05,8.099,0.614,0,up,"DMI +80N 2025-03-05: -21.00°C, +8.10°C vs 1958-2002 normal (context line, never counted) [archive import: scored retroactively, not a live reading]",2025-03-05,scoring
2025-03-06,5.414,-0.109,0,down,"DMI +80N 2025-03-06: -23.95°C, +5.41°C vs 1958-2002 normal (context line, never counted) [archive import: scored retroactively, not a live reading]",2025-03-06,scoring
2025-03-07,5.136,-0.174,0,down,"DMI +80N 2025-03-07: -24.30°C, +5.14°C vs 1958-2002 normal (context line, never counted) [archive import: scored retroactively, not a live reading]",2025-03-07,scoring
2025-03-08,6.438,0.178,0,up,"DMI +80N 2025-03-08: -23.16°C, +6.44°C vs 1958-2002 normal (context line, never counted) [archive import: scored retroactively, not a live reading]",2025-03-08,scoring
2025-03-09,5.591,-0.061,0,down,"DMI +80N 2025-03-09: -24.07°C, +5.59°C vs 1958-2002 normal (context line, never counted) [archive import: scored retroactively, not a live reading]",2025-03-09,scoring
2025-03-10,3.51,-0.620,0,down,"DMI +80N 2025-03-10: -26.12°C, +3.51°C vs 1958-2002 normal (context line, never counted) [archive import: scored retroactively, not a live reading]",2025-03-10,scoring
2025-03-11,1.924,-1.046,0,down,"DMI +80N 2025-03-11: -27.65°C, +1.92°C vs 1958-2002 normal (context line, never counted) [archive import: scored retroactively, not a live reading]",2025-03-11,scoring
2025-03-12,0.595,-1.379,0,down,"DMI +80N 2025-03-12: -28.54°C, +0.59°C vs 1958-2002 normal (context line, never counted) [archive import: scored retroactively, not a live reading]",2025-03-12,scoring
2025-03-13,1.896,-1.010,0,down,"DMI +80N 2025-03-13: -27.08°C, +1.90°C vs 1958-2002 normal (context line, never counted) [archive import: scored retroactively, not a live reading]",2025-03-13,scoring
2025-03-14,3.651,-0.548,0,down,"DMI +80N 2025-03-14: -25.22°C, +3.65°C vs 1958-2002 normal (context line, never counted) [archive import: scored retroactively, not a live reading]",2025-03-14,scoring
2025-03-15,3.152,-0.657,0,down,"DMI +80N 2025-03-15: -25.25°C, +3.15°C vs 1958-2002 normal (context line, never counted) [archive import: scored retroactively, not a live reading]",2025-03-15,scoring
2025-03-16,2.499,-0.824,0,down,"DMI +80N 2025-03-16: -25.76°C, +2.50°C vs 1958-2002 normal (context line, never counted) [archive import: scored retroactively, not a live reading]",2025-03-16,scoring
2025-03-17,2.88,-0.726,0,down,"DMI +80N 2025-03-17: -24.84°C, +2.88°C vs 1958-2002 normal (context line, never counted) [archive import: scored retroactively, not a live reading]",2025-03-17,scoring
2025-03-18,4.55,-0.294,0,down,"DMI +80N 2025-03-18: -23.04°C, +4.55°C vs 1958-2002 normal (context line, never counted) [archive import: scored retroactively, not a live reading]",2025-03-18,scoring
2025-03-19,5.066,-0.160,0,down,"DMI +80N 2025-03-19: -22.41°C, +5.07°C vs 1958-2002 normal (context line, never counted) [archive import: scored retroactively, not a live reading]",2025-03-19,scoring
2025-03-20,5.676,-0.002,0,down,"DMI +80N 2025-03-20: -21.52°C, +5.68°C vs 1958-2002 normal (context line, never counted) [archive import: scored retroactively, not a live reading]",2025-03-20,scoring
2025-03-21,5.834,0.027,0,up,"DMI +80N 2025-03-21: -21.69°C, +5.83°C vs 1958-2002 normal (context line, never counted) [archive import: scored retroactively, not a live reading]",2025-03-21,scoring
2025-03-22,5.608,-0.051,0,down,"DMI +80N 2025-03-22: -22.29°C, +5.61°C vs 1958-2002 normal (context line, never counted) [archive import: scored retroactively, not a live reading]",2025-03-22,scoring
2025-03-23,5.139,-0.168,0,down,"DMI +80N 2025-03-23: -22.36°C, +5.14°C vs 1958-2002 normal (context line, never counted) [archive import: scored retroactively, not a live reading]",2025-03-23,scoring
2025-03-24,4.403,-0.354,0,down,"DMI +80N 2025-03-24: -23.15°C, +4.40°C vs 1958-2002 normal (context line, never counted) [archive import: scored retroactively, not a live reading]",2025-03-24,scoring
2025-03-25,4,-0.454,0,down,"DMI +80N 2025-03-25: -23.58°C, +4.00°C vs 1958-2002 normal (context line, never counted) [archive import: scored retroactively, not a live reading]",2025-03-25,scoring
2025-03-26,5.01,-0.201,0,down,"DMI +80N 2025-03-26: -22.30°C, +5.01°C vs 1958-2002 normal (context line, never counted) [archive import: scored retroactively, not a live reading]",2025-03-26,scoring
2025-03-27,4.726,-0.255,0,down,"DMI +80N 2025-03-27: -22.29°C, +4.73°C vs 1958-2002 normal (context line, never counted) [archive import: scored retroactively, not a live reading]",2025-03-27,scoring
2025-03-28,3.581,-0.531,0,down,"DMI +80N 2025-03-28: -23.30°C, +3.58°C vs 1958-2002 normal (context line, never counted) [archive import: scored retroactively, not a live reading]",2025-03-28,scoring
2025-03-29,2.882,-0.711,0,down,"DMI +80N 2025-03-29: -23.91°C, +2.88°C vs 1958-2002 normal (context line, never counted) [archive import: scored retroactively, not a live reading]",2025-03-29,scoring
2025-03-30,2.661,-0.757,0,down,"DMI +80N 2025-03-30: -23.88°C, +2.66°C vs 1958-2002 normal (context line, never counted) [archive import: scored retroactively, not a live reading]",2025-03-30,scoring
2025-03-31,1.743,-0.971,0,down,"DMI +80N 2025-03-31: -24.50°C, +1.74°C vs 1958-2002 normal (context line, never counted) [archive import: scored retroactively, not a live reading]",2025-03-31,scoring
2025-04-01,1.155,-1.110,0,down,"DMI +80N 2025-04-01: -24.96°C, +1.16°C vs 1958-2002 normal (context line, never counted) [archive import: scored retroactively, not a live reading]",2025-04-01,scoring
2025-04-02,1.381,-1.030,0,down,"DMI +80N 2025-04-02: -24.42°C, +1.38°C vs 1958-2002 normal (context line, never counted) [archive import: scored retroactively, not a live reading]",2025-04-02,scoring
2025-04-03,2.801,-0.619,0,down,"DMI +80N 2025-04-03: -22.80°C, +2.80°C vs 1958-2002 normal (context line, never counted) [archive import: scored retroactively, not a live reading]",2025-04-03,scoring
2025-04-04,2.661,-0.633,0,down,"DMI +80N 2025-04-04: -22.71°C, +2.66°C vs 1958-2002 normal (context line, never counted) [archive import: scored retroactively, not a live reading]",2025-04-04,scoring
2025-04-05,1.382,-0.972,0,down,"DMI +80N 2025-04-05: -23.90°C, +1.38°C vs 1958-2002 normal (context line, never counted) [archive import: scored retroactively, not a live reading]",2025-04-05,scoring
2025-04-06,0.635,-1.163,0,down,"DMI +80N 2025-04-06: -24.50°C, +0.64°C vs 1958-2002 normal (context line, never counted) [archive import: scored retroactively, not a live reading]",2025-04-06,scoring
2025-04-07,0.271,-1.239,0,down,"DMI +80N 2025-04-07: -24.49°C, +0.27°C vs 1958-2002 normal (context line, never counted) [archive import: scored retroactively, not a live reading]",2025-04-07,scoring
2025-04-08,0.035,-1.261,0,down,"DMI +80N 2025-04-08: -24.17°C, +0.04°C vs 1958-2002 normal (context line, never counted) [archive import: scored retroactively, not a live reading]",2025-04-08,scoring
2025-04-09,0.046,-1.237,0,down,"DMI +80N 2025-04-09: -23.52°C, +0.05°C vs 1958-2002 normal (context line, never counted) [archive import: scored retroactively, not a live reading]",2025-04-09,scoring
2025-04-10,0.655,-1.061,0,down,"DMI +80N 2025-04-10: -22.36°C, +0.66°C vs 1958-2002 normal (context line, never counted) [archive import: scored retroactively, not a live reading]",2025-04-10,scoring
2025-04-11,2.937,-0.508,0,down,"DMI +80N 2025-04-11: -19.70°C, +2.94°C vs 1958-2002 normal (context line, never counted) [archive import: scored retroactively, not a live reading]",2025-04-11,scoring
2025-04-12,2.35,-0.646,0,down,"DMI +80N 2025-04-12: -19.86°C, +2.35°C vs 1958-2002 normal (context line, never counted) [archive import: scored retroactively, not a live reading]",2025-04-12,scoring
2025-04-13,1.742,-0.787,0,down,"DMI +80N 2025-04-13: -20.15°C, +1.74°C vs 1958-2002 normal (context line, never counted) [archive import: scored retroactively, not a live reading]",2025-04-13,scoring
2025-04-14,1.504,-0.839,0,down,"DMI +80N 2025-04-14: -20.24°C, +1.50°C vs 1958-2002 normal (context line, never counted) [archive import: scored retroactively, not a live reading]",2025-04-14,scoring
2025-04-15,1.104,-0.929,0,down,"DMI +80N 2025-04-15: -20.09°C, +1.10°C vs 1958-2002 normal (context line, never counted) [archive import: scored retroactively, not a live reading]",2025-04-15,scoring
2025-04-16,0.837,-0.982,0,down,"DMI +80N 2025-04-16: -20.06°C, +0.84°C vs 1958-2002 normal (context line, never counted) [archive import: scored retroactively, not a live reading]",2025-04-16,scoring
2025-04-17,0.409,-1.072,0,down,"DMI +80N 2025-04-17: -20.07°C, +0.41°C vs 1958-2002 normal (context line, never counted) [archive import: scored retroactively, not a live reading]",2025-04-17,scoring
2025-04-18,0.3,-1.090,0,down,"DMI +80N 2025-04-18: -19.66°C, +0.30°C vs 1958-2002 normal (context line, never counted) [archive import: scored retroactively, not a live reading]",2025-04-18,scoring
2025-04-19,0.392,-1.060,0,down,"DMI +80N 2025-04-19: -19.01°C, +0.39°C vs 1958-2002 normal (context line, never counted) [archive import: scored retroactively, not a live reading]",2025-04-19,scoring
2025-04-20,0.528,-1.016,0,down,"DMI +80N 2025-04-20: -18.38°C, +0.53°C vs 1958-2002 normal (context line, never counted) [archive import: scored retroactively, not a live reading]",2025-04-20,scoring
2025-04-21,0.926,-0.914,0,down,"DMI +80N 2025-04-21: -17.45°C, +0.93°C vs 1958-2002 normal (context line, never counted) [archive import: scored retroactively, not a live reading]",2025-04-21,scoring
2025-04-22,1.739,-0.731,0,down,"DMI +80N 2025-04-22: -16.15°C, +1.74°C vs 1958-2002 normal (context line, never counted) [archive import: scored retroactively, not a live reading]",2025-04-22,scoring
2025-04-23,1.513,-0.780,0,down,"DMI +80N 2025-04-23: -15.90°C, +1.51°C vs 1958-2002 normal (context line, never counted) [archive import: scored retroactively, not a live reading]",2025-04-23,scoring
2025-04-24,1.602,-0.766,0,down,"DMI +80N 2025-04-24: -15.39°C, +1.60°C vs 1958-2002 normal (context line, never counted) [archive import: scored retroactively, not a live reading]",2025-04-24,scoring
2025-04-25,2.908,-0.481,0,down,"DMI +80N 2025-04-25: -13.92°C, +2.91°C vs 1958-2002 normal (context line, never counted) [archive import: scored retroactively, not a live reading]",2025-04-25,scoring
2025-04-26,2.911,-0.476,0,down,"DMI +80N 2025-04-26: -13.52°C, +2.91°C vs 1958-2002 normal (context line, never counted) [archive import: scored retroactively, not a live reading]",2025-04-26,scoring
2025-04-27,3.34,-0.379,0,down,"DMI +80N 2025-04-27: -12.71°C, +3.34°C vs 1958-2002 normal (context line, never counted) [archive import: scored retroactively, not a live reading]",2025-04-27,scoring
2025-04-28,3.192,-0.412,0,down,"DMI +80N 2025-04-28: -12.17°C, +3.19°C vs 1958-2002 normal (context line, never counted) [archive import: scored retroactively, not a live reading]",2025-04-28,scoring
2025-04-29,3.121,-0.430,0,down,"DMI +80N 2025-04-29: -11.77°C, +3.12°C vs 1958-2002 normal (context line, never counted) [archive import: scored retroactively, not a live reading]",2025-04-29,scoring
2025-04-30,2.583,-0.519,0,down,"DMI +80N 2025-04-30: -11.95°C, +2.58°C vs 1958-2002 normal (context line, never counted) [archive import: scored retroactively, not a live reading]",2025-04-30,scoring
2025-05-01,4.25,-0.090,0,down,"DMI +80N 2025-05-01: -9.89°C, +4.25°C vs 1958-2002 normal (context line, never counted) [archive import: scored retroactively, not a live reading]",2025-05-01,scoring
2025-05-02,4.962,0.115,0,up,"DMI +80N 2025-05-02: -8.88°C, +4.96°C vs 1958-2002 normal (context line, never counted) [archive import: scored retroactively, not a live reading]",2025-05-02,scoring
2025-05-03,4.019,-0.111,0,down,"DMI +80N 2025-05-03: -9.28°C, +4.02°C vs 1958-2002 normal (context line, never counted) [archive import: scored retroactively, not a live reading]",2025-05-03,scoring
2025-05-04,4.017,-0.077,0,down,"DMI +80N 2025-05-04: -8.95°C, +4.02°C vs 1958-2002 normal (context line, never counted) [archive import: scored retroactively, not a live reading]",2025-05-04,scoring
2025-05-05,4.462,0.084,0,up,"DMI +80N 2025-05-05: -8.17°C, +4.46°C vs 1958-2002 normal (context line, never counted) [archive import: scored retroactively, not a live reading]",2025-05-05,scoring
2025-05-06,3.013,-0.298,0,down,"DMI +80N 2025-05-06: -9.08°C, +3.01°C vs 1958-2002 normal (context line, never counted) [archive import: scored retroactively, not a live reading]",2025-05-06,scoring
2025-05-07,3.044,-0.270,0,down,"DMI +80N 2025-05-07: -8.53°C, +3.04°C vs 1958-2002 normal (context line, never counted) [archive import: scored retroactively, not a live reading]",2025-05-07,scoring
2025-05-08,4.464,0.131,0,up,"DMI +80N 2025-05-08: -6.73°C, +4.46°C vs 1958-2002 normal (context line, never counted) [archive import: scored retroactively, not a live reading]",2025-05-08,scoring
2025-05-09,5.253,0.369,0,up,"DMI +80N 2025-05-09: -5.47°C, +5.25°C vs 1958-2002 normal (context line, never counted) [archive import: scored retroactively, not a live reading]",2025-05-09,scoring
2025-05-10,4.626,0.187,0,up,"DMI +80N 2025-05-10: -5.68°C, +4.63°C vs 1958-2002 normal (context line, never counted) [archive import: scored retroactively, not a live reading]",2025-05-10,scoring
2025-05-11,4.468,0.142,0,up,"DMI +80N 2025-05-11: -5.42°C, +4.47°C vs 1958-2002 normal (context line, never counted) [archive import: scored retroactively, not a live reading]",2025-05-11,scoring
2025-05-12,4.294,0.091,0,up,"DMI +80N 2025-05-12: -5.35°C, +4.29°C vs 1958-2002 normal (context line, never counted) [archive import: scored retroactively, not a live reading]",2025-05-12,scoring
2025-05-13,3.884,-0.040,0,down,"DMI +80N 2025-05-13: -5.55°C, +3.88°C vs 1958-2002 normal (context line, never counted) [archive import: scored retroactively, not a live reading]",2025-05-13,scoring
2025-05-14,3.218,-0.240,0,down,"DMI +80N 2025-05-14: -5.87°C, +3.22°C vs 1958-2002 normal (context line, never counted) [archive import: scored retroactively, not a live reading]",2025-05-14,scoring
2025-05-15,2.563,-0.410,0,down,"DMI +80N 2025-05-15: -6.19°C, +2.56°C vs 1958-2002 normal (context line, never counted) [archive import: scored retroactively, not a live reading]",2025-05-15,scoring
2025-05-16,2.596,-0.355,0,down,"DMI +80N 2025-05-16: -5.88°C, +2.60°C vs 1958-2002 normal (context line, never counted) [archive import: scored retroactively, not a live reading]",2025-05-16,scoring
2025-05-17,1.98,-0.563,0,down,"DMI +80N 2025-05-17: -6.11°C, +1.98°C vs 1958-2002 normal (context line, never counted) [archive import: scored retroactively, not a live reading]",2025-05-17,scoring
2025-05-18,1.557,-0.689,0,down,"DMI +80N 2025-05-18: -5.95°C, +1.56°C vs 1958-2002 normal (context line, never counted) [archive import: scored retroactively, not a live reading]",2025-05-18,scoring
2025-05-19,0.945,-0.888,0,down,"DMI +80N 2025-05-19: -5.96°C, +0.94°C vs 1958-2002 normal (context line, never counted) [archive import: scored retroactively, not a live reading]",2025-05-19,scoring
2025-05-20,0.559,-1.026,0,down,"DMI +80N 2025-05-20: -5.88°C, +0.56°C vs 1958-2002 normal (context line, never counted) [archive import: scored retroactively, not a live reading]",2025-05-20,scoring
2025-05-21,0.444,-1.080,0,down,"DMI +80N 2025-05-21: -5.50°C, +0.44°C vs 1958-2002 normal (context line, never counted) [archive import: scored retroactively, not a live reading]",2025-05-21,scoring
2025-05-22,-0.167,-1.336,0,down,"DMI +80N 2025-05-22: -5.68°C, -0.17°C vs 1958-2002 normal (context line, never counted) [archive import: scored retroactively, not a live reading]",2025-05-22,scoring
2025-05-23,-0.923,-1.637,0,down,"DMI +80N 2025-05-23: -6.04°C, -0.92°C vs 1958-2002 normal (context line, never counted) [archive import: scored retroactively, not a live reading]",2025-05-23,scoring
2025-05-24,-1.188,-1.723,0,down,"DMI +80N 2025-05-24: -5.82°C, -1.19°C vs 1958-2002 normal (context line, never counted) [archive import: scored retroactively, not a live reading]",2025-05-24,scoring
2025-05-25,-1.694,-1.908,0,down,"DMI +80N 2025-05-25: -5.99°C, -1.69°C vs 1958-2002 normal (context line, never counted) [archive import: scored retroactively, not a live reading]",2025-05-25,scoring
2025-05-26,-2.396,-2.174,0,down,"DMI +80N 2025-05-26: -6.27°C, -2.40°C vs 1958-2002 normal (context line, never counted) [archive import: scored retroactively, not a live reading]",2025-05-26,scoring
2025-05-27,-1.981,-1.991,0,down,"DMI +80N 2025-05-27: -5.45°C, -1.98°C vs 1958-2002 normal (context line, never counted) [archive import: scored retroactively, not a live reading]",2025-05-27,scoring
2025-05-28,-1.657,-1.860,0,down,"DMI +80N 2025-05-28: -4.73°C, -1.66°C vs 1958-2002 normal (context line, never counted) [archive import: scored retroactively, not a live reading]",2025-05-28,scoring
2025-05-29,-1.655,-1.857,0,down,"DMI +80N 2025-05-29: -4.41°C, -1.66°C vs 1958-2002 normal (context line, never counted) [archive import: scored retroactively, not a live reading]",2025-05-29,scoring
2025-05-30,-1.782,-1.897,0,down,"DMI +80N 2025-05-30: -4.23°C, -1.78°C vs 1958-2002 normal (context line, never counted) [archive import: scored retroactively, not a live reading]",2025-05-30,scoring
2025-05-31,-1.694,-1.822,0,down,"DMI +80N 2025-05-31: -3.97°C, -1.69°C vs 1958-2002 normal (context line, never counted) [archive import: scored retroactively, not a live reading]",2025-05-31,scoring
2025-06-01,-1.573,-1.750,0,down,"DMI +80N 2025-06-01: -3.54°C, -1.57°C vs 1958-2002 normal (context line, never counted) [archive import: scored retroactively, not a live reading]",2025-06-01,scoring
2025-06-02,-0.76,-1.417,0,down,"DMI +80N 2025-06-02: -2.45°C, -0.76°C vs 1958-2002 normal (context line, never counted) [archive import: scored retroactively, not a live reading]",2025-06-02,scoring
2025-06-03,-0.638,-1.355,0,down,"DMI +80N 2025-06-03: -2.08°C, -0.64°C vs 1958-2002 normal (context line, never counted) [archive import: scored retroactively, not a live reading]",2025-06-03,scoring
2025-06-04,-1.032,-1.532,0,down,"DMI +80N 2025-06-04: -2.25°C, -1.03°C vs 1958-2002 normal (context line, never counted) [archive import: scored retroactively, not a live reading]",2025-06-04,scoring
2025-06-05,-1.031,-1.508,0,down,"DMI +80N 2025-06-05: -2.12°C, -1.03°C vs 1958-2002 normal (context line, never counted) [archive import: scored retroactively, not a live reading]",2025-06-05,scoring
2025-06-06,-0.668,-1.308,0,down,"DMI +80N 2025-06-06: -1.55°C, -0.67°C vs 1958-2002 normal (context line, never counted) [archive import: scored retroactively, not a live reading]",2025-06-06,scoring
2025-06-07,-0.727,-1.242,0,down,"DMI +80N 2025-06-07: -1.41°C, -0.73°C vs 1958-2002 normal (context line, never counted) [archive import: scored retroactively, not a live reading]",2025-06-07,scoring
2025-06-08,-0.739,-1.161,0,down,"DMI +80N 2025-06-08: -1.31°C, -0.74°C vs 1958-2002 normal (context line, never counted) [archive import: scored retroactively, not a live reading]",2025-06-08,scoring
2025-06-09,-0.475,-1.013,0,down,"DMI +80N 2025-06-09: -0.93°C, -0.47°C vs 1958-2002 normal (context line, never counted) [archive import: scored retroactively, not a live reading]",2025-06-09,scoring
2025-06-10,-0.476,-0.971,0,down,"DMI +80N 2025-06-10: -0.75°C, -0.48°C vs 1958-2002 normal (context line, never counted) [archive import: scored retroactively, not a live reading]",2025-06-10,scoring
2025-06-11,-0.444,-0.956,0,down,"DMI +80N 2025-06-11: -0.55°C, -0.44°C vs 1958-2002 normal (context line, never counted) [archive import: scored retroactively, not a live reading]",2025-06-11,scoring
2025-06-12,-0.372,-0.892,0,down,"DMI +80N 2025-06-12: -0.35°C, -0.37°C vs 1958-2002 normal (context line, never counted) [archive import: scored retroactively, not a live reading]",2025-06-12,scoring
2025-06-13,-0.421,-0.905,0,down,"DMI +80N 2025-06-13: -0.30°C, -0.42°C vs 1958-2002 normal (context line, never counted) [archive import: scored retroactively, not a live reading]",2025-06-13,scoring
2025-06-14,-0.311,-0.830,0,down,"DMI +80N 2025-06-14: -0.10°C, -0.31°C vs 1958-2002 normal (context line, never counted) [archive import: scored retroactively, not a live reading]",2025-06-14,scoring
2025-06-15,-0.227,-0.755,0,down,"DMI +80N 2025-06-15: 0.12°C, -0.23°C vs 1958-2002 normal (context line, never counted) [archive import: scored retroactively, not a live reading]",2025-06-15,scoring
2025-06-16,-0.288,-0.768,0,down,"DMI +80N 2025-06-16: 0.10°C, -0.29°C vs 1958-2002 normal (context line, never counted) [archive import: scored retroactively, not a live reading]",2025-06-16,scoring
2025-06-17,-0.421,-0.816,0,down,"DMI +80N 2025-06-17: 0.04°C, -0.42°C vs 1958-2002 normal (context line, never counted) [archive import: scored retroactively, not a live reading]",2025-06-17,scoring
2025-06-18,-0.206,-0.702,0,down,"DMI +80N 2025-06-18: 0.36°C, -0.21°C vs 1958-2002 normal (context line, never counted) [archive import: scored retroactively, not a live reading]",2025-06-18,scoring
2025-06-19,-0.254,-0.712,0,down,"DMI +80N 2025-06-19: 0.43°C, -0.25°C vs 1958-2002 normal (context line, never counted) [archive import: scored retroactively, not a live reading]",2025-06-19,scoring
2025-06-20,-0.361,-0.722,0,down,"DMI +80N 2025-06-20: 0.38°C, -0.36°C vs 1958-2002 normal (context line, never counted) [archive import: scored retroactively, not a live reading]",2025-06-20,scoring
2025-06-21,-0.328,-0.666,0,down,"DMI +80N 2025-06-21: 0.52°C, -0.33°C vs 1958-2002 normal (context line, never counted) [archive import: scored retroactively, not a live reading]",2025-06-21,scoring
2025-06-22,-0.328,-0.636,0,down,"DMI +80N 2025-06-22: 0.56°C, -0.33°C vs 1958-2002 normal (context line, never counted) [archive import: scored retroactively, not a live reading]",2025-06-22,scoring
2025-06-23,-0.291,-0.589,0,down,"DMI +80N 2025-06-23: 0.59°C, -0.29°C vs 1958-2002 normal (context line, never counted) [archive import: scored retroactively, not a live reading]",2025-06-23,scoring
2025-06-24,-0.453,-0.651,0,down,"DMI +80N 2025-06-24: 0.50°C, -0.45°C vs 1958-2002 normal (context line, never counted) [archive import: scored retroactively, not a live reading]",2025-06-24,scoring
2025-06-25,-0.177,-0.462,0,down,"DMI +80N 2025-06-25: 0.86°C, -0.18°C vs 1958-2002 normal (context line, never counted) [archive import: scored retroactively, not a live reading]",2025-06-25,scoring
2025-06-26,-0.086,-0.374,0,down,"DMI +80N 2025-06-26: 0.96°C, -0.09°C vs 1958-2002 normal (context line, never counted) [archive import: scored retroactively, not a live reading]",2025-06-26,scoring
2025-06-27,-0.256,-0.446,0,down,"DMI +80N 2025-06-27: 0.82°C, -0.26°C vs 1958-2002 normal (context line, never counted) [archive import: scored retroactively, not a live reading]",2025-06-27,scoring
2025-06-28,-0.428,-0.524,0,down,"DMI +80N 2025-06-28: 0.70°C, -0.43°C vs 1958-2002 normal (context line, never counted) [archive import: scored retroactively, not a live reading]",2025-06-28,scoring
2025-06-29,-0.482,-0.531,0,down,"DMI +80N 2025-06-29: 0.68°C, -0.48°C vs 1958-2002 normal (context line, never counted) [archive import: scored retroactively, not a live reading]",2025-06-29,scoring
2025-06-30,-0.468,-0.500,0,down,"DMI +80N 2025-06-30: 0.74°C, -0.47°C vs 1958-2002 normal (context line, never counted) [archive import: scored retroactively, not a live reading]",2025-06-30,scoring
2025-07-01,-0.231,-0.359,0,down,"DMI +80N 2025-07-01: 0.98°C, -0.23°C vs 1958-2002 normal (context line, never counted) [archive import: scored retroactively, not a live reading]",2025-07-01,scoring
2025-07-02,-0.077,-0.247,0,down,"DMI +80N 2025-07-02: 1.14°C, -0.08°C vs 1958-2002 normal (context line, never counted) [archive import: scored retroactively, not a live reading]",2025-07-02,scoring
2025-07-03,-0.013,-0.180,0,down,"DMI +80N 2025-07-03: 1.21°C, -0.01°C vs 1958-2002 normal (context line, never counted) [archive import: scored retroactively, not a live reading]",2025-07-03,scoring
2025-07-04,-0.183,-0.213,0,down,"DMI +80N 2025-07-04: 1.06°C, -0.18°C vs 1958-2002 normal (context line, never counted) [archive import: scored retroactively, not a live reading]",2025-07-04,scoring
2025-07-05,-0.339,-0.243,0,down,"DMI +80N 2025-07-05: 0.87°C, -0.34°C vs 1958-2002 normal (context line, never counted) [archive import: scored retroactively, not a live reading]",2025-07-05,scoring
2025-07-06,-0.482,-0.325,0,down,"DMI +80N 2025-07-06: 0.74°C, -0.48°C vs 1958-2002 normal (context line, never counted) [archive import: scored retroactively, not a live reading]",2025-07-06,scoring
2025-07-07,-0.441,-0.263,0,down,"DMI +80N 2025-07-07: 0.76°C, -0.44°C vs 1958-2002 normal (context line, never counted) [archive import: scored retroactively, not a live reading]",2025-07-07,scoring
2025-07-08,-0.34,-0.172,0,down,"DMI +80N 2025-07-08: 0.92°C, -0.34°C vs 1958-2002 normal (context line, never counted) [archive import: scored retroactively, not a live reading]",2025-07-08,scoring
2025-07-09,-0.123,0.002,0,up,"DMI +80N 2025-07-09: 1.13°C, -0.12°C vs 1958-2002 normal (context line, never counted) [archive import: scored retroactively, not a live reading]",2025-07-09,scoring
2025-07-10,-0.286,-0.098,0,down,"DMI +80N 2025-07-10: 0.99°C, -0.29°C vs 1958-2002 normal (context line, never counted) [archive import: scored retroactively, not a live reading]",2025-07-10,scoring
2025-07-11,-0.434,-0.189,0,down,"DMI +80N 2025-07-11: 0.82°C, -0.43°C vs 1958-2002 normal (context line, never counted) [archive import: scored retroactively, not a live reading]",2025-07-11,scoring
2025-07-12,-0.377,-0.148,0,down,"DMI +80N 2025-07-12: 0.88°C, -0.38°C vs 1958-2002 normal (context line, never counted) [archive import: scored retroactively, not a live reading]",2025-07-12,scoring
2025-07-13,-0.012,0.145,0,up,"DMI +80N 2025-07-13: 1.27°C, -0.01°C vs 1958-2002 normal (context line, never counted) [archive import: scored retroactively, not a live reading]",2025-07-13,scoring
2025-07-14,-0.123,0.060,0,up,"DMI +80N 2025-07-14: 1.20°C, -0.12°C vs 1958-2002 normal (context line, never counted) [archive import: scored retroactively, not a live reading]",2025-07-14,scoring
2025-07-15,-0.332,-0.121,0,down,"DMI +80N 2025-07-15: 0.94°C, -0.33°C vs 1958-2002 normal (context line, never counted) [archive import: scored retroactively, not a live reading]",2025-07-15,scoring
2025-07-16,-0.516,-0.284,0,down,"DMI +80N 2025-07-16: 0.76°C, -0.52°C vs 1958-2002 normal (context line, never counted) [archive import: scored retroactively, not a live reading]",2025-07-16,scoring
2025-07-17,-0.607,-0.385,0,down,"DMI +80N 2025-07-17: 0.67°C, -0.61°C vs 1958-2002 normal (context line, never counted) [archive import: scored retroactively, not a live reading]",2025-07-17,scoring
2025-07-18,-0.689,-0.477,0,down,"DMI +80N 2025-07-18: 0.61°C, -0.69°C vs 1958-2002 normal (context line, never counted) [archive import: scored retroactively, not a live reading]",2025-07-18,scoring
2025-07-19,-0.52,-0.299,0,down,"DMI +80N 2025-07-19: 0.82°C, -0.52°C vs 1958-2002 normal (context line, never counted) [archive import: scored retroactively, not a live reading]",2025-07-19,scoring
2025-07-20,-0.711,-0.525,0,down,"DMI +80N 2025-07-20: 0.58°C, -0.71°C vs 1958-2002 normal (context line, never counted) [archive import: scored retroactively, not a live reading]",2025-07-20,scoring
2025-07-21,-0.694,-0.520,0,down,"DMI +80N 2025-07-21: 0.57°C, -0.69°C vs 1958-2002 normal (context line, never counted) [archive import: scored retroactively, not a live reading]",2025-07-21,scoring
2025-07-22,-0.479,-0.252,0,down,"DMI +80N 2025-07-22: 0.73°C, -0.48°C vs 1958-2002 normal (context line, never counted) [archive import: scored retroactively, not a live reading]",2025-07-22,scoring
2025-07-23,-0.117,0.258,0,up,"DMI +80N 2025-07-23: 1.06°C, -0.12°C vs 1958-2002 normal (context line, never counted) [archive import: scored retroactively, not a live reading]",2025-07-23,scoring
2025-07-24,0.022,0.475,0,up,"DMI +80N 2025-07-24: 1.19°C, +0.02°C vs 1958-2002 normal (context line, never counted) [archive import: scored retroactively, not a live reading]",2025-07-24,scoring
2025-07-25,-0.207,0.140,0,up,"DMI +80N 2025-07-25: 0.95°C, -0.21°C vs 1958-2002 normal (context line, never counted) [archive import: scored retroactively, not a live reading]",2025-07-25,scoring
2025-07-26,-0.377,-0.117,0,down,"DMI +80N 2025-07-26: 0.77°C, -0.38°C vs 1958-2002 normal (context line, never counted) [archive import: scored retroactively, not a live reading]",2025-07-26,scoring
2025-07-27,-0.485,-0.269,0,down,"DMI +80N 2025-07-27: 0.61°C, -0.48°C vs 1958-2002 normal (context line, never counted) [archive import: scored retroactively, not a live reading]",2025-07-27,scoring
2025-07-28,-0.612,-0.484,0,down,"DMI +80N 2025-07-28: 0.47°C, -0.61°C vs 1958-2002 normal (context line, never counted) [archive import: scored retroactively, not a live reading]",2025-07-28,scoring
2025-07-29,-0.729,-0.704,0,down,"DMI +80N 2025-07-29: 0.35°C, -0.73°C vs 1958-2002 normal (context line, never counted) [archive import: scored retroactively, not a live reading]",2025-07-29,scoring
2025-07-30,-0.678,-0.616,0,down,"DMI +80N 2025-07-30: 0.31°C, -0.68°C vs 1958-2002 normal (context line, never counted) [archive import: scored retroactively, not a live reading]",2025-07-30,scoring
2025-07-31,-0.405,-0.121,0,down,"DMI +80N 2025-07-31: 0.55°C, -0.41°C vs 1958-2002 normal (context line, never counted) [archive import: scored retroactively, not a live reading]",2025-07-31,scoring
2025-08-01,-0.476,-0.239,0,down,"DMI +80N 2025-08-01: 0.49°C, -0.48°C vs 1958-2002 normal (context line, never counted) [archive import: scored retroactively, not a live reading]",2025-08-01,scoring
2025-08-02,-0.602,-0.470,0,down,"DMI +80N 2025-08-02: 0.33°C, -0.60°C vs 1958-2002 normal (context line, never counted) [archive import: scored retroactively, not a live reading]",2025-08-02,scoring
2025-08-03,-0.355,0.040,0,up,"DMI +80N 2025-08-03: 0.48°C, -0.35°C vs 1958-2002 normal (context line, never counted) [archive import: scored retroactively, not a live reading]",2025-08-03,scoring
2025-08-04,-0.103,0.587,0,up,"DMI +80N 2025-08-04: 0.67°C, -0.10°C vs 1958-2002 normal (context line, never counted) [archive import: scored retroactively, not a live reading]",2025-08-04,scoring
2025-08-05,0.13,1.111,0,up,"DMI +80N 2025-08-05: 0.82°C, +0.13°C vs 1958-2002 normal (context line, never counted) [archive import: scored retroactively, not a live reading]",2025-08-05,scoring
2025-08-06,0.162,1.181,0,up,"DMI +80N 2025-08-06: 0.82°C, +0.16°C vs 1958-2002 normal (context line, never counted) [archive import: scored retroactively, not a live reading]",2025-08-06,scoring
2025-08-07,0.186,1.240,0,up,"DMI +80N 2025-08-07: 0.76°C, +0.19°C vs 1958-2002 normal (context line, never counted) [archive import: scored retroactively, not a live reading]",2025-08-07,scoring
2025-08-08,0.067,0.981,0,up,"DMI +80N 2025-08-08: 0.62°C, +0.07°C vs 1958-2002 normal (context line, never counted) [archive import: scored retroactively, not a live reading]",2025-08-08,scoring
2025-08-09,0.426,1.797,0,up,"DMI +80N 2025-08-09: 0.92°C, +0.43°C vs 1958-2002 normal (context line, never counted) [archive import: scored retroactively, not a live reading]",2025-08-09,scoring
2025-08-10,0.593,2.171,0,up,"DMI +80N 2025-08-10: 1.01°C, +0.59°C vs 1958-2002 normal (context line, never counted) [archive import: scored retroactively, not a live reading]",2025-08-10,scoring
2025-08-11,0.656,2.313,0,up,"DMI +80N 2025-08-11: 0.99°C, +0.66°C vs 1958-2002 normal (context line, never counted) [archive import: scored retroactively, not a live reading]",2025-08-11,scoring
2025-08-12,0.629,2.274,0,up,"DMI +80N 2025-08-12: 0.92°C, +0.63°C vs 1958-2002 normal (context line, never counted) [archive import: scored retroactively, not a live reading]",2025-08-12,scoring
2025-08-13,0.387,1.726,0,up,"DMI +80N 2025-08-13: 0.62°C, +0.39°C vs 1958-2002 normal (context line, never counted) [archive import: scored retroactively, not a live reading]",2025-08-13,scoring
2025-08-14,0.269,1.472,0,up,"DMI +80N 2025-08-14: 0.47°C, +0.27°C vs 1958-2002 normal (context line, never counted) [archive import: scored retroactively, not a live reading]",2025-08-14,scoring
2025-08-15,0.051,0.978,0,up,"DMI +80N 2025-08-15: 0.21°C, +0.05°C vs 1958-2002 normal (context line, never counted) [archive import: scored retroactively, not a live reading]",2025-08-15,scoring
2025-08-16,0.103,1.120,0,up,"DMI +80N 2025-08-16: 0.18°C, +0.10°C vs 1958-2002 normal (context line, never counted) [archive import: scored retroactively, not a live reading]",2025-08-16,scoring
2025-08-17,0.037,0.980,0,up,"DMI +80N 2025-08-17: -0.00°C, +0.04°C vs 1958-2002 normal (context line, never counted) [archive import: scored retroactively, not a live reading]",2025-08-17,scoring
2025-08-18,0.071,1.077,0,up,"DMI +80N 2025-08-18: -0.10°C, +0.07°C vs 1958-2002 normal (context line, never counted) [archive import: scored retroactively, not a live reading]",2025-08-18,scoring
2025-08-19,0.345,1.740,0,up,"DMI +80N 2025-08-19: -0.01°C, +0.34°C vs 1958-2002 normal (context line, never counted) [archive import: scored retroactively, not a live reading]",2025-08-19,scoring
2025-08-20,0.839,2.934,0,up,"DMI +80N 2025-08-20: 0.33°C, +0.84°C vs 1958-2002 normal (context line, never counted) [archive import: scored retroactively, not a live reading]",2025-08-20,scoring
2025-08-21,1.087,3.462,1,up,"DMI +80N 2025-08-21: 0.37°C, +1.09°C vs 1958-2002 normal (context line, never counted) [archive import: scored retroactively, not a live reading]",2025-08-21,scoring
2025-08-22,0.783,2.710,0,up,"DMI +80N 2025-08-22: -0.13°C, +0.78°C vs 1958-2002 normal (context line, never counted) [archive import: scored retroactively, not a live reading]",2025-08-22,scoring
2025-08-23,0.435,1.869,0,up,"DMI +80N 2025-08-23: -0.66°C, +0.43°C vs 1958-2002 normal (context line, never counted) [archive import: scored retroactively, not a live reading]",2025-08-23,scoring
2025-08-24,0.257,1.425,0,up,"DMI +80N 2025-08-24: -0.98°C, +0.26°C vs 1958-2002 normal (context line, never counted) [archive import: scored retroactively, not a live reading]",2025-08-24,scoring
2025-08-25,0.378,1.717,0,up,"DMI +80N 2025-08-25: -0.91°C, +0.38°C vs 1958-2002 normal (context line, never counted) [archive import: scored retroactively, not a live reading]",2025-08-25,scoring
2025-08-26,0.775,2.685,0,up,"DMI +80N 2025-08-26: -0.71°C, +0.78°C vs 1958-2002 normal (context line, never counted) [archive import: scored retroactively, not a live reading]",2025-08-26,scoring
2025-08-27,1.006,3.230,1,up,"DMI +80N 2025-08-27: -0.82°C, +1.01°C vs 1958-2002 normal (context line, never counted) [archive import: scored retroactively, not a live reading]",2025-08-27,scoring
2025-08-28,0.923,3.025,1,up,"DMI +80N 2025-08-28: -1.22°C, +0.92°C vs 1958-2002 normal (context line, never counted) [archive import: scored retroactively, not a live reading]",2025-08-28,scoring
2025-08-29,1.731,4.958,1,up,"DMI +80N 2025-08-29: -0.67°C, +1.73°C vs 1958-2002 normal (context line, never counted) [archive import: scored retroactively, not a live reading]",2025-08-29,scoring
2025-08-30,1.874,5.259,1,up,"DMI +80N 2025-08-30: -0.85°C, +1.87°C vs 1958-2002 normal (context line, never counted) [archive import: scored retroactively, not a live reading]",2025-08-30,scoring
2025-08-31,1.293,3.826,1,up,"DMI +80N 2025-08-31: -1.72°C, +1.29°C vs 1958-2002 normal (context line, never counted) [archive import: scored retroactively, not a live reading]",2025-08-31,scoring
2025-09-01,1.369,3.963,1,up,"DMI +80N 2025-09-01: -1.88°C, +1.37°C vs 1958-2002 normal (context line, never counted) [archive import: scored retroactively, not a live reading]",2025-09-01,scoring
2025-09-02,1.321,3.697,1,up,"DMI +80N 2025-09-02: -2.20°C, +1.32°C vs 1958-2002 normal (context line, never counted) [archive import: scored retroactively, not a live reading]",2025-09-02,scoring
2025-09-03,1.254,3.504,1,up,"DMI +80N 2025-09-03: -2.45°C, +1.25°C vs 1958-2002 normal (context line, never counted) [archive import: scored retroactively, not a live reading]",2025-09-03,scoring
2025-09-04,1.587,4.291,1,up,"DMI +80N 2025-09-04: -2.42°C, +1.59°C vs 1958-2002 normal (context line, never counted) [archive import: scored retroactively, not a live reading]",2025-09-04,scoring
2025-09-05,1.619,4.208,1,up,"DMI +80N 2025-09-05: -2.67°C, +1.62°C vs 1958-2002 normal (context line, never counted) [archive import: scored retroactively, not a live reading]",2025-09-05,scoring
2025-09-06,1.747,4.450,1,up,"DMI +80N 2025-09-06: -2.87°C, +1.75°C vs 1958-2002 normal (context line, never counted) [archive import: scored retroactively, not a live reading]",2025-09-06,scoring
2025-09-09,1.75,4.391,1,up,"DMI +80N 2025-09-09: -3.67°C, +1.75°C vs 1958-2002 normal (context line, never counted) [archive import: scored retroactively, not a live reading]",2025-09-09,scoring
2025-09-10,1.844,4.447,1,up,"DMI +80N 2025-09-10: -3.83°C, +1.84°C vs 1958-2002 normal (context line, never counted) [archive import: scored retroactively, not a live reading]",2025-09-10,scoring
2025-09-11,1.686,3.890,1,up,"DMI +80N 2025-09-11: -4.23°C, +1.69°C vs 1958-2002 normal (context line, never counted) [archive import: scored retroactively, not a live reading]",2025-09-11,scoring
2025-09-12,2.359,5.139,1,up,"DMI +80N 2025-09-12: -3.85°C, +2.36°C vs 1958-2002 normal (context line, never counted) [archive import: scored retroactively, not a live reading]",2025-09-12,scoring
2025-09-13,2.267,4.652,1,up,"DMI +80N 2025-09-13: -4.26°C, +2.27°C vs 1958-2002 normal (context line, never counted) [archive import: scored retroactively, not a live reading]",2025-09-13,scoring
2025-09-14,2.394,4.755,1,up,"DMI +80N 2025-09-14: -4.51°C, +2.39°C vs 1958-2002 normal (context line, never counted) [archive import: scored retroactively, not a live reading]",2025-09-14,scoring
2025-09-15,2.755,5.229,1,up,"DMI +80N 2025-09-15: -4.48°C, +2.75°C vs 1958-2002 normal (context line, never counted) [archive import: scored retroactively, not a live reading]",2025-09-15,scoring
2025-09-16,2.852,5.138,1,up,"DMI +80N 2025-09-16: -4.71°C, +2.85°C vs 1958-2002 normal (context line, never counted) [archive import: scored retroactively, not a live reading]",2025-09-16,scoring
2025-09-17,2.68,4.659,1,up,"DMI +80N 2025-09-17: -5.30°C, +2.68°C vs 1958-2002 normal (context line, never counted) [archive import: scored retroactively, not a live reading]",2025-09-17,scoring
2025-09-18,3.706,6.088,1,up,"DMI +80N 2025-09-18: -4.58°C, +3.71°C vs 1958-2002 normal (context line, never counted) [archive import: scored retroactively, not a live reading]",2025-09-18,scoring
2025-09-19,4.423,6.755,1,up,"DMI +80N 2025-09-19: -4.38°C, +4.42°C vs 1958-2002 normal (context line, never counted) [archive import: scored retroactively, not a live reading]",2025-09-19,scoring
2025-09-20,4.055,5.918,1,up,"DMI +80N 2025-09-20: -5.01°C, +4.05°C vs 1958-2002 normal (context line, never counted) [archive import: scored retroactively, not a live reading]",2025-09-20,scoring
2025-09-21,3.802,5.251,1,up,"DMI +80N 2025-09-21: -5.53°C, +3.80°C vs 1958-2002 normal (context line, never counted) [archive import: scored retroactively, not a live reading]",2025-09-21,scoring
2025-09-22,3.324,4.371,1,up,"DMI +80N 2025-09-22: -6.39°C, +3.32°C vs 1958-2002 normal (context line, never counted) [archive import: scored retroactively, not a live reading]",2025-09-22,scoring
2025-09-23,3.442,4.384,1,up,"DMI +80N 2025-09-23: -6.48°C, +3.44°C vs 1958-2002 normal (context line, never counted) [archive import: scored retroactively, not a live reading]",2025-09-23,scoring
2025-09-24,4.546,5.570,1,up,"DMI +80N 2025-09-24: -5.79°C, +4.55°C vs 1958-2002 normal (context line, never counted) [archive import: scored retroactively, not a live reading]",2025-09-24,scoring
2025-09-25,5.223,6.130,1,up,"DMI +80N 2025-09-25: -5.49°C, +5.22°C vs 1958-2002 normal (context line, never counted) [archive import: scored retroactively, not a live reading]",2025-09-25,scoring
2025-09-26,5.072,5.697,1,up,"DMI +80N 2025-09-26: -5.87°C, +5.07°C vs 1958-2002 normal (context line, never counted) [archive import: scored retroactively, not a live reading]",2025-09-26,scoring
2025-09-27,5.308,5.618,1,up,"DMI +80N 2025-09-27: -5.78°C, +5.31°C vs 1958-2002 normal (context line, never counted) [archive import: scored retroactively, not a live reading]",2025-09-27,scoring
2025-09-28,5.499,5.454,1,up,"DMI +80N 2025-09-28: -5.87°C, +5.50°C vs 1958-2002 normal (context line, never counted) [archive import: scored retroactively, not a live reading]",2025-09-28,scoring
2025-09-29,5.346,5.050,1,up,"DMI +80N 2025-09-29: -6.41°C, +5.35°C vs 1958-2002 normal (context line, never counted) [archive import: scored retroactively, not a live reading]",2025-09-29,scoring
2025-09-30,5.045,4.550,1,up,"DMI +80N 2025-09-30: -7.18°C, +5.04°C vs 1958-2002 normal (context line, never counted) [archive import: scored retroactively, not a live reading]",2025-09-30,scoring
2025-10-01,4.552,3.951,1,up,"DMI +80N 2025-10-01: -8.02°C, +4.55°C vs 1958-2002 normal (context line, never counted) [archive import: scored retroactively, not a live reading]",2025-10-01,scoring
2025-10-02,4.175,3.401,1,up,"DMI +80N 2025-10-02: -8.71°C, +4.17°C vs 1958-2002 normal (context line, never counted) [archive import: scored retroactively, not a live reading]",2025-10-02,scoring
2025-10-03,6.128,4.909,1,up,"DMI +80N 2025-10-03: -7.16°C, +6.13°C vs 1958-2002 normal (context line, never counted) [archive import: scored retroactively, not a live reading]",2025-10-03,scoring
2025-10-04,8.87,6.953,1,up,"DMI +80N 2025-10-04: -4.76°C, +8.87°C vs 1958-2002 normal (context line, never counted) [archive import: scored retroactively, not a live reading]",2025-10-04,scoring
2025-10-05,7.32,5.395,1,up,"DMI +80N 2025-10-05: -6.36°C, +7.32°C vs 1958-2002 normal (context line, never counted) [archive import: scored retroactively, not a live reading]",2025-10-05,scoring
2025-10-06,6.612,4.547,1,up,"DMI +80N 2025-10-06: -7.22°C, +6.61°C vs 1958-2002 normal (context line, never counted) [archive import: scored retroactively, not a live reading]",2025-10-06,scoring
2025-10-07,7.757,5.071,1,up,"DMI +80N 2025-10-07: -6.31°C, +7.76°C vs 1958-2002 normal (context line, never counted) [archive import: scored retroactively, not a live reading]",2025-10-07,scoring
2025-10-08,9.578,6.146,1,up,"DMI +80N 2025-10-08: -4.52°C, +9.58°C vs 1958-2002 normal (context line, never counted) [archive import: scored retroactively, not a live reading]",2025-10-08,scoring
2025-10-09,11.28,6.911,1,up,"DMI +80N 2025-10-09: -3.07°C, +11.28°C vs 1958-2002 normal (context line, never counted) [archive import: scored retroactively, not a live reading]",2025-10-09,scoring
2025-10-10,11.5,6.723,1,up,"DMI +80N 2025-10-10: -3.35°C, +11.50°C vs 1958-2002 normal (context line, never counted) [archive import: scored retroactively, not a live reading]",2025-10-10,scoring
2025-10-11,9.198,5.070,1,up,"DMI +80N 2025-10-11: -6.04°C, +9.20°C vs 1958-2002 normal (context line, never counted) [archive import: scored retroactively, not a live reading]",2025-10-11,scoring
2025-10-12,7.475,3.852,1,up,"DMI +80N 2025-10-12: -8.34°C, +7.47°C vs 1958-2002 normal (context line, never counted) [archive import: scored retroactively, not a live reading]",2025-10-12,scoring
2025-10-13,7.084,3.401,1,up,"DMI +80N 2025-10-13: -9.16°C, +7.08°C vs 1958-2002 normal (context line, never counted) [archive import: scored retroactively, not a live reading]",2025-10-13,scoring
2025-10-14,8.58,4.016,1,up,"DMI +80N 2025-10-14: -7.96°C, +8.58°C vs 1958-2002 normal (context line, never counted) [archive import: scored retroactively, not a live reading]",2025-10-14,scoring
2025-10-15,10.258,4.659,1,up,"DMI +80N 2025-10-15: -6.86°C, +10.26°C vs 1958-2002 normal (context line, never counted) [archive import: scored retroactively, not a live reading]",2025-10-15,scoring
2025-10-16,11.543,5.055,1,up,"DMI +80N 2025-10-16: -6.10°C, +11.54°C vs 1958-2002 normal (context line, never counted) [archive import: scored retroactively, not a live reading]",2025-10-16,scoring
2025-10-17,12.415,5.290,1,up,"DMI +80N 2025-10-17: -5.53°C, +12.41°C vs 1958-2002 normal (context line, never counted) [archive import: scored retroactively, not a live reading]",2025-10-17,scoring
2025-10-18,12.941,5.312,1,up,"DMI +80N 2025-10-18: -5.08°C, +12.94°C vs 1958-2002 normal (context line, never counted) [archive import: scored retroactively, not a live reading]",2025-10-18,scoring
2025-10-19,11.831,4.599,1,up,"DMI +80N 2025-10-19: -6.32°C, +11.83°C vs 1958-2002 normal (context line, never counted) [archive import: scored retroactively, not a live reading]",2025-10-19,scoring
2025-10-20,10.729,3.931,1,up,"DMI +80N 2025-10-20: -7.45°C, +10.73°C vs 1958-2002 normal (context line, never counted) [archive import: scored retroactively, not a live reading]",2025-10-20,scoring
2025-10-21,11.567,4.193,1,up,"DMI +80N 2025-10-21: -7.05°C, +11.57°C vs 1958-2002 normal (context line, never counted) [archive import: scored retroactively, not a live reading]",2025-10-21,scoring
2025-10-22,11.999,4.253,1,up,"DMI +80N 2025-10-22: -7.08°C, +12.00°C vs 1958-2002 normal (context line, never counted) [archive import: scored retroactively, not a live reading]",2025-10-22,scoring
2025-10-23,11.722,3.985,1,up,"DMI +80N 2025-10-23: -7.67°C, +11.72°C vs 1958-2002 normal (context line, never counted) [archive import: scored retroactively, not a live reading]",2025-10-23,scoring
2025-10-24,10.999,3.562,1,up,"DMI +80N 2025-10-24: -8.94°C, +11.00°C vs 1958-2002 normal (context line, never counted) [archive import: scored retroactively, not a live reading]",2025-10-24,scoring
2025-10-25,10.486,3.237,1,up,"DMI +80N 2025-10-25: -9.86°C, +10.49°C vs 1958-2002 normal (context line, never counted) [archive import: scored retroactively, not a live reading]",2025-10-25,scoring
2025-10-26,9.794,2.865,0,up,"DMI +80N 2025-10-26: -10.97°C, +9.79°C vs 1958-2002 normal (context line, never counted) [archive import: scored retroactively, not a live reading]",2025-10-26,scoring
2025-10-27,9.286,2.549,0,up,"DMI +80N 2025-10-27: -11.65°C, +9.29°C vs 1958-2002 normal (context line, never counted) [archive import: scored retroactively, not a live reading]",2025-10-27,scoring
2025-10-28,9.94,2.613,0,up,"DMI +80N 2025-10-28: -11.18°C, +9.94°C vs 1958-2002 normal (context line, never counted) [archive import: scored retroactively, not a live reading]",2025-10-28,scoring
2025-10-29,8.84,2.172,0,up,"DMI +80N 2025-10-29: -12.55°C, +8.84°C vs 1958-2002 normal (context line, never counted) [archive import: scored retroactively, not a live reading]",2025-10-29,scoring
2025-10-30,7.84,1.751,0,up,"DMI +80N 2025-10-30: -13.63°C, +7.84°C vs 1958-2002 normal (context line, never counted) [archive import: scored retroactively, not a live reading]",2025-10-30,scoring
2025-10-31,7.807,1.656,0,up,"DMI +80N 2025-10-31: -14.25°C, +7.81°C vs 1958-2002 normal (context line, never counted) [archive import: scored retroactively, not a live reading]",2025-10-31,scoring
2025-11-01,7.56,1.510,0,up,"DMI +80N 2025-11-01: -14.82°C, +7.56°C vs 1958-2002 normal (context line, never counted) [archive import: scored retroactively, not a live reading]",2025-11-01,scoring
2025-11-02,6.372,1.030,0,up,"DMI +80N 2025-11-02: -16.44°C, +6.37°C vs 1958-2002 normal (context line, never counted) [archive import: scored retroactively, not a live reading]",2025-11-02,scoring
2025-11-03,5.542,0.668,0,up,"DMI +80N 2025-11-03: -17.82°C, +5.54°C vs 1958-2002 normal (context line, never counted) [archive import: scored retroactively, not a live reading]",2025-11-03,scoring
2025-11-04,6.825,0.993,0,up,"DMI +80N 2025-11-04: -16.67°C, +6.83°C vs 1958-2002 normal (context line, never counted) [archive import: scored retroactively, not a live reading]",2025-11-04,scoring
2025-11-05,6.991,0.971,0,up,"DMI +80N 2025-11-05: -16.19°C, +6.99°C vs 1958-2002 normal (context line, never counted) [archive import: scored retroactively, not a live reading]",2025-11-05,scoring
2025-11-06,7.098,0.938,0,up,"DMI +80N 2025-11-06: -15.68°C, +7.10°C vs 1958-2002 normal (context line, never counted) [archive import: scored retroactively, not a live reading]",2025-11-06,scoring
2025-11-07,5.316,0.348,0,up,"DMI +80N 2025-11-07: -17.50°C, +5.32°C vs 1958-2002 normal (context line, never counted) [archive import: scored retroactively, not a live reading]",2025-11-07,scoring
2025-11-08,3.864,-0.124,0,down,"DMI +80N 2025-11-08: -18.91°C, +3.86°C vs 1958-2002 normal (context line, never counted) [archive import: scored retroactively, not a live reading]",2025-11-08,scoring
2025-11-09,3.949,-0.099,0,down,"DMI +80N 2025-11-09: -18.95°C, +3.95°C vs 1958-2002 normal (context line, never counted) [archive import: scored retroactively, not a live reading]",2025-11-09,scoring
2025-11-10,4.443,0.040,0,up,"DMI +80N 2025-11-10: -18.47°C, +4.44°C vs 1958-2002 normal (context line, never counted) [archive import: scored retroactively, not a live reading]",2025-11-10,scoring
2025-11-11,3.488,-0.262,0,down,"DMI +80N 2025-11-11: -19.65°C, +3.49°C vs 1958-2002 normal (context line, never counted) [archive import: scored retroactively, not a live reading]",2025-11-11,scoring
2025-11-12,3.323,-0.306,0,down,"DMI +80N 2025-11-12: -20.41°C, +3.32°C vs 1958-2002 normal (context line, never counted) [archive import: scored retroactively, not a live reading]",2025-11-12,scoring
2025-11-13,4.267,-0.046,0,down,"DMI +80N 2025-11-13: -19.99°C, +4.27°C vs 1958-2002 normal (context line, never counted) [archive import: scored retroactively, not a live reading]",2025-11-13,scoring
2025-11-14,5.638,0.330,0,up,"DMI +80N 2025-11-14: -18.63°C, +5.64°C vs 1958-2002 normal (context line, never counted) [archive import: scored retroactively, not a live reading]",2025-11-14,scoring
2025-11-15,7.2,0.741,0,up,"DMI +80N 2025-11-15: -17.29°C, +7.20°C vs 1958-2002 normal (context line, never counted) [archive import: scored retroactively, not a live reading]",2025-11-15,scoring
2025-11-16,4.651,0.028,0,up,"DMI +80N 2025-11-16: -20.01°C, +4.65°C vs 1958-2002 normal (context line, never counted) [archive import: scored retroactively, not a live reading]",2025-11-16,scoring
2025-11-17,3.997,-0.166,0,down,"DMI +80N 2025-11-17: -20.56°C, +4.00°C vs 1958-2002 normal (context line, never counted) [archive import: scored retroactively, not a live reading]",2025-11-17,scoring
2025-11-18,4.689,0.024,0,up,"DMI +80N 2025-11-18: -20.10°C, +4.69°C vs 1958-2002 normal (context line, never counted) [archive import: scored retroactively, not a live reading]",2025-11-18,scoring
2025-11-19,5.648,0.272,0,up,"DMI +80N 2025-11-19: -19.19°C, +5.65°C vs 1958-2002 normal (context line, never counted) [archive import: scored retroactively, not a live reading]",2025-11-19,scoring
2025-11-20,6.953,0.583,0,up,"DMI +80N 2025-11-20: -17.80°C, +6.95°C vs 1958-2002 normal (context line, never counted) [archive import: scored retroactively, not a live reading]",2025-11-20,scoring
2025-11-21,6.682,0.454,0,up,"DMI +80N 2025-11-21: -17.99°C, +6.68°C vs 1958-2002 normal (context line, never counted) [archive import: scored retroactively, not a live reading]",2025-11-21,scoring
2025-11-22,6.681,0.429,0,up,"DMI +80N 2025-11-22: -18.33°C, +6.68°C vs 1958-2002 normal (context line, never counted) [archive import: scored retroactively, not a live reading]",2025-11-22,scoring
2025-11-23,7.62,0.661,0,up,"DMI +80N 2025-11-23: -17.95°C, +7.62°C vs 1958-2002 normal (context line, never counted) [archive import: scored retroactively, not a live reading]",2025-11-23,scoring
2025-11-24,7.484,0.614,0,up,"DMI +80N 2025-11-24: -18.16°C, +7.48°C vs 1958-2002 normal (context line, never counted) [archive import: scored retroactively, not a live reading]",2025-11-24,scoring
2025-11-25,6.23,0.257,0,up,"DMI +80N 2025-11-25: -19.30°C, +6.23°C vs 1958-2002 normal (context line, never counted) [archive import: scored retroactively, not a live reading]",2025-11-25,scoring
2025-11-26,5.507,0.024,0,up,"DMI +80N 2025-11-26: -20.41°C, +5.51°C vs 1958-2002 normal (context line, never counted) [archive import: scored retroactively, not a live reading]",2025-11-26,scoring
2025-11-27,4.234,-0.373,0,down,"DMI +80N 2025-11-27: -21.77°C, +4.23°C vs 1958-2002 normal (context line, never counted) [archive import: scored retroactively, not a live reading]",2025-11-27,scoring
2025-11-28,3.646,-0.552,0,down,"DMI +80N 2025-11-28: -22.35°C, +3.65°C vs 1958-2002 normal (context line, never counted) [archive import: scored retroactively, not a live reading]",2025-11-28,scoring
2025-11-29,3.71,-0.539,0,down,"DMI +80N 2025-11-29: -22.74°C, +3.71°C vs 1958-2002 normal (context line, never counted) [archive import: scored retroactively, not a live reading]",2025-11-29,scoring
2025-11-30,4.972,-0.162,0,down,"DMI +80N 2025-11-30: -21.89°C, +4.97°C vs 1958-2002 normal (context line, never counted) [archive import: scored retroactively, not a live reading]",2025-11-30,scoring
2025-12-01,6.597,0.339,0,up,"DMI +80N 2025-12-01: -20.41°C, +6.60°C vs 1958-2002 normal (context line, never counted) [archive import: scored retroactively, not a live reading]",2025-12-01,scoring
2025-12-02,7.189,0.526,0,up,"DMI +80N 2025-12-02: -19.63°C, +7.19°C vs 1958-2002 normal (context line, never counted) [archive import: scored retroactively, not a live reading]",2025-12-02,scoring
2025-12-03,7.627,0.649,0,up,"DMI +80N 2025-12-03: -18.93°C, +7.63°C vs 1958-2002 normal (context line, never counted) [archive import: scored retroactively, not a live reading]",2025-12-03,scoring
2025-12-04,7.626,0.642,0,up,"DMI +80N 2025-12-04: -19.28°C, +7.63°C vs 1958-2002 normal (context line, never counted) [archive import: scored retroactively, not a live reading]",2025-12-04,scoring
2025-12-05,6.905,0.333,0,up,"DMI +80N 2025-12-05: -20.59°C, +6.91°C vs 1958-2002 normal (context line, never counted) [archive import: scored retroactively, not a live reading]",2025-12-05,scoring
2025-12-06,5.971,-0.070,0,down,"DMI +80N 2025-12-06: -21.87°C, +5.97°C vs 1958-2002 normal (context line, never counted) [archive import: scored retroactively, not a live reading]",2025-12-06,scoring
2025-12-07,4.153,-0.695,0,down,"DMI +80N 2025-12-07: -23.40°C, +4.15°C vs 1958-2002 normal (context line, never counted) [archive import: scored retroactively, not a live reading]",2025-12-07,scoring
2025-12-08,3.476,-0.941,0,down,"DMI +80N 2025-12-08: -23.86°C, +3.48°C vs 1958-2002 normal (context line, never counted) [archive import: scored retroactively, not a live reading]",2025-12-08,scoring
2025-12-09,3.881,-0.818,0,down,"DMI +80N 2025-12-09: -23.42°C, +3.88°C vs 1958-2002 normal (context line, never counted) [archive import: scored retroactively, not a live reading]",2025-12-09,scoring
2025-12-10,4.225,-0.716,0,down,"DMI +80N 2025-12-10: -22.97°C, +4.22°C vs 1958-2002 normal (context line, never counted) [archive import: scored retroactively, not a live reading]",2025-12-10,scoring
2025-12-11,5.695,-0.182,0,down,"DMI +80N 2025-12-11: -21.25°C, +5.70°C vs 1958-2002 normal (context line, never counted) [archive import: scored retroactively, not a live reading]",2025-12-11,scoring
2025-12-12,7.213,0.396,0,up,"DMI +80N 2025-12-12: -20.24°C, +7.21°C vs 1958-2002 normal (context line, never counted) [archive import: scored retroactively, not a live reading]",2025-12-12,scoring
2025-12-13,5.697,-0.235,0,down,"DMI +80N 2025-12-13: -22.29°C, +5.70°C vs 1958-2002 normal (context line, never counted) [archive import: scored retroactively, not a live reading]",2025-12-13,scoring
2025-12-14,10.572,1.702,0,up,"DMI +80N 2025-12-14: -17.80°C, +10.57°C vs 1958-2002 normal (context line, never counted) [archive import: scored retroactively, not a live reading]",2025-12-14,scoring
2025-12-15,14.602,3.224,1,up,"DMI +80N 2025-12-15: -13.60°C, +14.60°C vs 1958-2002 normal (context line, never counted) [archive import: scored retroactively, not a live reading]",2025-12-15,scoring
2025-12-16,13.087,2.532,0,up,"DMI +80N 2025-12-16: -15.00°C, +13.09°C vs 1958-2002 normal (context line, never counted) [archive import: scored retroactively, not a live reading]",2025-12-16,scoring
2025-12-17,14.355,2.981,0,up,"DMI +80N 2025-12-17: -13.72°C, +14.36°C vs 1958-2002 normal (context line, never counted) [archive import: scored retroactively, not a live reading]",2025-12-17,scoring
2025-12-18,15.557,3.349,1,up,"DMI +80N 2025-12-18: -12.80°C, +15.56°C vs 1958-2002 normal (context line, never counted) [archive import: scored retroactively, not a live reading]",2025-12-18,scoring
2025-12-19,14.923,2.991,0,up,"DMI +80N 2025-12-19: -13.37°C, +14.92°C vs 1958-2002 normal (context line, never counted) [archive import: scored retroactively, not a live reading]",2025-12-19,scoring
2025-12-20,13.653,2.401,0,up,"DMI +80N 2025-12-20: -14.40°C, +13.65°C vs 1958-2002 normal (context line, never counted) [archive import: scored retroactively, not a live reading]",2025-12-20,scoring
2025-12-21,14.305,2.555,0,up,"DMI +80N 2025-12-21: -13.77°C, +14.30°C vs 1958-2002 normal (context line, never counted) [archive import: scored retroactively, not a live reading]",2025-12-21,scoring
2025-12-22,15.863,3.053,1,up,"DMI +80N 2025-12-22: -12.44°C, +15.86°C vs 1958-2002 normal (context line, never counted) [archive import: scored retroactively, not a live reading]",2025-12-22,scoring
2025-12-23,15.701,2.928,0,up,"DMI +80N 2025-12-23: -12.41°C, +15.70°C vs 1958-2002 normal (context line, never counted) [archive import: scored retroactively, not a live reading]",2025-12-23,scoring
2025-12-24,12.596,1.817,0,up,"DMI +80N 2025-12-24: -15.67°C, +12.60°C vs 1958-2002 normal (context line, never counted) [archive import: scored retroactively, not a live reading]",2025-12-24,scoring
2025-12-25,8.646,0.485,0,up,"DMI +80N 2025-12-25: -20.10°C, +8.65°C vs 1958-2002 normal (context line, never counted) [archive import: scored retroactively, not a live reading]",2025-12-25,scoring
2025-12-26,6.495,-0.223,0,down,"DMI +80N 2025-12-26: -22.78°C, +6.50°C vs 1958-2002 normal (context line, never counted) [archive import: scored retroactively, not a live reading]",2025-12-26,scoring
2025-12-27,4.453,-0.879,0,down,"DMI +80N 2025-12-27: -24.95°C, +4.45°C vs 1958-2002 normal (context line, never counted) [archive import: scored retroactively, not a live reading]",2025-12-27,scoring
2025-12-28,3.343,-1.231,0,down,"DMI +80N 2025-12-28: -26.03°C, +3.34°C vs 1958-2002 normal (context line, never counted) [archive import: scored retroactively, not a live reading]",2025-12-28,scoring
2025-12-29,3.276,-1.232,0,down,"DMI +80N 2025-12-29: -25.87°C, +3.28°C vs 1958-2002 normal (context line, never counted) [archive import: scored retroactively, not a live reading]",2025-12-29,scoring
2025-12-30,4.418,-0.865,0,down,"DMI +80N 2025-12-30: -24.83°C, +4.42°C vs 1958-2002 normal (context line, never counted) [archive import: scored retroactively, not a live reading]",2025-12-30,scoring
2025-12-31,6.122,-0.334,0,down,"DMI +80N 2025-12-31: -23.22°C, +6.12°C vs 1958-2002 normal (context line, never counted) [archive import: scored retroactively, not a live reading]",2025-12-31,scoring
2026-01-01,5.426,-0.555,0,down,"DMI +80N 2026-01-01: -23.83°C, +5.43°C vs 1958-2002 normal (context line, never counted) [archive import: scored retroactively, not a live reading]",2026-01-01,scoring
2026-01-02,4.042,-0.983,0,down,"DMI +80N 2026-01-02: -25.09°C, +4.04°C vs 1958-2002 normal (context line, never counted) [archive import: scored retroactively, not a live reading]",2026-01-02,scoring
2026-01-03,5.254,-0.593,0,down,"DMI +80N 2026-01-03: -24.23°C, +5.25°C vs 1958-2002 normal (context line, never counted) [archive import: scored retroactively, not a live reading]",2026-01-03,scoring
2026-01-04,6.564,-0.166,0,down,"DMI +80N 2026-01-04: -23.38°C, +6.56°C vs 1958-2002 normal (context line, never counted) [archive import: scored retroactively, not a live reading]",2026-01-04,scoring
2026-01-05,7.168,0.024,0,up,"DMI +80N 2026-01-05: -22.69°C, +7.17°C vs 1958-2002 normal (context line, never counted) [archive import: scored retroactively, not a live reading]",2026-01-05,scoring
2026-01-06,9.146,0.650,0,up,"DMI +80N 2026-01-06: -20.78°C, +9.15°C vs 1958-2002 normal (context line, never counted) [archive import: scored retroactively, not a live reading]",2026-01-06,scoring
2026-01-07,10.441,1.060,0,up,"DMI +80N 2026-01-07: -19.19°C, +10.44°C vs 1958-2002 normal (context line, never counted) [archive import: scored retroactively, not a live reading]",2026-01-07,scoring
2026-01-08,11.453,1.383,0,up,"DMI +80N 2026-01-08: -18.30°C, +11.45°C vs 1958-2002 normal (context line, never counted) [archive import: scored retroactively, not a live reading]",2026-01-08,scoring
2026-01-09,11.588,1.423,0,up,"DMI +80N 2026-01-09: -18.23°C, +11.59°C vs 1958-2002 normal (context line, never counted) [archive import: scored retroactively, not a live reading]",2026-01-09,scoring
2026-01-10,10.839,1.189,0,up,"DMI +80N 2026-01-10: -18.88°C, +10.84°C vs 1958-2002 normal (context line, never counted) [archive import: scored retroactively, not a live reading]",2026-01-10,scoring
2026-01-11,8.941,0.579,0,up,"DMI +80N 2026-01-11: -20.94°C, +8.94°C vs 1958-2002 normal (context line, never counted) [archive import: scored retroactively, not a live reading]",2026-01-11,scoring
2026-01-12,7.813,0.210,0,up,"DMI +80N 2026-01-12: -22.15°C, +7.81°C vs 1958-2002 normal (context line, never counted) [archive import: scored retroactively, not a live reading]",2026-01-12,scoring
2026-01-13,8.79,0.515,0,up,"DMI +80N 2026-01-13: -21.28°C, +8.79°C vs 1958-2002 normal (context line, never counted) [archive import: scored retroactively, not a live reading]",2026-01-13,scoring
2026-01-14,7.217,0.026,0,up,"DMI +80N 2026-01-14: -22.53°C, +7.22°C vs 1958-2002 normal (context line, never counted) [archive import: scored retroactively, not a live reading]",2026-01-14,scoring
2026-01-15,5.982,-0.361,0,down,"DMI +80N 2026-01-15: -23.75°C, +5.98°C vs 1958-2002 normal (context line, never counted) [archive import: scored retroactively, not a live reading]",2026-01-15,scoring
2026-01-16,5.883,-0.373,0,down,"DMI +80N 2026-01-16: -23.87°C, +5.88°C vs 1958-2002 normal (context line, never counted) [archive import: scored retroactively, not a live reading]",2026-01-16,scoring
2026-01-17,4.73,-0.737,0,down,"DMI +80N 2026-01-17: -24.88°C, +4.73°C vs 1958-2002 normal (context line, never counted) [archive import: scored retroactively, not a live reading]",2026-01-17,scoring
2026-01-18,4.235,-0.910,0,down,"DMI +80N 2026-01-18: -25.21°C, +4.24°C vs 1958-2002 normal (context line, never counted) [archive import: scored retroactively, not a live reading]",2026-01-18,scoring
2026-01-19,6.207,-0.228,0,down,"DMI +80N 2026-01-19: -23.24°C, +6.21°C vs 1958-2002 normal (context line, never counted) [archive import: scored retroactively, not a live reading]",2026-01-19,scoring
2026-01-20,7.173,0.149,0,up,"DMI +80N 2026-01-20: -22.33°C, +7.17°C vs 1958-2002 normal (context line, never counted) [archive import: scored retroactively, not a live reading]",2026-01-20,scoring
2026-01-21,5.548,-0.441,0,down,"DMI +80N 2026-01-21: -23.64°C, +5.55°C vs 1958-2002 normal (context line, never counted) [archive import: scored retroactively, not a live reading]",2026-01-21,scoring
2026-01-22,5.838,-0.315,0,down,"DMI +80N 2026-01-22: -23.15°C, +5.84°C vs 1958-2002 normal (context line, never counted) [archive import: scored retroactively, not a live reading]",2026-01-22,scoring
2026-01-23,6.389,-0.094,0,down,"DMI +80N 2026-01-23: -22.77°C, +6.39°C vs 1958-2002 normal (context line, never counted) [archive import: scored retroactively, not a live reading]",2026-01-23,scoring
2026-01-24,5.716,-0.337,0,down,"DMI +80N 2026-01-24: -23.45°C, +5.72°C vs 1958-2002 normal (context line, never counted) [archive import: scored retroactively, not a live reading]",2026-01-24,scoring
2026-01-25,5.791,-0.295,0,down,"DMI +80N 2026-01-25: -23.06°C, +5.79°C vs 1958-2002 normal (context line, never counted) [archive import: scored retroactively, not a live reading]",2026-01-25,scoring
2026-01-26,5.988,-0.187,0,down,"DMI +80N 2026-01-26: -23.08°C, +5.99°C vs 1958-2002 normal (context line, never counted) [archive import: scored retroactively, not a live reading]",2026-01-26,scoring
2026-01-27,6.393,0.005,0,up,"DMI +80N 2026-01-27: -22.78°C, +6.39°C vs 1958-2002 normal (context line, never counted) [archive import: scored retroactively, not a live reading]",2026-01-27,scoring
2026-01-28,7.508,0.493,0,up,"DMI +80N 2026-01-28: -21.35°C, +7.51°C vs 1958-2002 normal (context line, never counted) [archive import: scored retroactively, not a live reading]",2026-01-28,scoring
2026-01-29,7.533,0.507,0,up,"DMI +80N 2026-01-29: -21.55°C, +7.53°C vs 1958-2002 normal (context line, never counted) [archive import: scored retroactively, not a live reading]",2026-01-29,scoring
2026-01-30,6.802,0.186,0,up,"DMI +80N 2026-01-30: -22.68°C, +6.80°C vs 1958-2002 normal (context line, never counted) [archive import: scored retroactively, not a live reading]",2026-01-30,scoring
2026-01-31,6.082,-0.133,0,down,"DMI +80N 2026-01-31: -23.85°C, +6.08°C vs 1958-2002 normal (context line, never counted) [archive import: scored retroactively, not a live reading]",2026-01-31,scoring
2026-02-01,5.565,-0.331,0,down,"DMI +80N 2026-02-01: -24.70°C, +5.57°C vs 1958-2002 normal (context line, never counted) [archive import: scored retroactively, not a live reading]",2026-02-01,scoring
2026-02-02,4.548,-0.784,0,down,"DMI +80N 2026-02-02: -25.30°C, +4.55°C vs 1958-2002 normal (context line, never counted) [archive import: scored retroactively, not a live reading]",2026-02-02,scoring
2026-02-03,4.287,-0.849,0,down,"DMI +80N 2026-02-03: -25.52°C, +4.29°C vs 1958-2002 normal (context line, never counted) [archive import: scored retroactively, not a live reading]",2026-02-03,scoring
2026-02-04,5.153,-0.443,0,down,"DMI +80N 2026-02-04: -24.75°C, +5.15°C vs 1958-2002 normal (context line, never counted) [archive import: scored retroactively, not a live reading]",2026-02-04,scoring
2026-02-05,4.638,-0.646,0,down,"DMI +80N 2026-02-05: -25.56°C, +4.64°C vs 1958-2002 normal (context line, never counted) [archive import: scored retroactively, not a live reading]",2026-02-05,scoring
2026-02-06,3.87,-0.985,0,down,"DMI +80N 2026-02-06: -26.71°C, +3.87°C vs 1958-2002 normal (context line, never counted) [archive import: scored retroactively, not a live reading]",2026-02-06,scoring
2026-02-07,3.671,-1.073,0,down,"DMI +80N 2026-02-07: -26.97°C, +3.67°C vs 1958-2002 normal (context line, never counted) [archive import: scored retroactively, not a live reading]",2026-02-07,scoring
2026-02-08,4.412,-0.745,0,down,"DMI +80N 2026-02-08: -26.17°C, +4.41°C vs 1958-2002 normal (context line, never counted) [archive import: scored retroactively, not a live reading]",2026-02-08,scoring
2026-02-09,4.24,-0.820,0,down,"DMI +80N 2026-02-09: -26.05°C, +4.24°C vs 1958-2002 normal (context line, never counted) [archive import: scored retroactively, not a live reading]",2026-02-09,scoring
2026-02-10,3.876,-0.988,0,down,"DMI +80N 2026-02-10: -26.36°C, +3.88°C vs 1958-2002 normal (context line, never counted) [archive import: scored retroactively, not a live reading]",2026-02-10,scoring
2026-02-11,4.514,-0.712,0,down,"DMI +80N 2026-02-11: -25.84°C, +4.51°C vs 1958-2002 normal (context line, never counted) [archive import: scored retroactively, not a live reading]",2026-02-11,scoring
2026-02-12,4.602,-0.674,0,down,"DMI +80N 2026-02-12: -25.63°C, +4.60°C vs 1958-2002 normal (context line, never counted) [archive import: scored retroactively, not a live reading]",2026-02-12,scoring
2026-02-13,3.967,-0.957,0,down,"DMI +80N 2026-02-13: -25.89°C, +3.97°C vs 1958-2002 normal (context line, never counted) [archive import: scored retroactively, not a live reading]",2026-02-13,scoring
2026-02-14,3.869,-0.979,0,down,"DMI +80N 2026-02-14: -25.86°C, +3.87°C vs 1958-2002 normal (context line, never counted) [archive import: scored retroactively, not a live reading]",2026-02-14,scoring
2026-02-15,3.694,-1.045,0,down,"DMI +80N 2026-02-15: -25.91°C, +3.69°C vs 1958-2002 normal (context line, never counted) [archive import: scored retroactively, not a live reading]",2026-02-15,scoring
2026-02-16,3.726,-1.031,0,down,"DMI +80N 2026-02-16: -25.90°C, +3.73°C vs 1958-2002 normal (context line, never counted) [archive import: scored retroactively, not a live reading]",2026-02-16,scoring
2026-02-17,2.666,-1.492,0,down,"DMI +80N 2026-02-17: -26.91°C, +2.67°C vs 1958-2002 normal (context line, never counted) [archive import: scored retroactively, not a live reading]",2026-02-17,scoring
2026-02-18,1.15,-2.096,0,down,"DMI +80N 2026-02-18: -28.38°C, +1.15°C vs 1958-2002 normal (context line, never counted) [archive import: scored retroactively, not a live reading]",2026-02-18,scoring
2026-02-19,0.583,-2.242,0,down,"DMI +80N 2026-02-19: -28.92°C, +0.58°C vs 1958-2002 normal (context line, never counted) [archive import: scored retroactively, not a live reading]",2026-02-19,scoring
2026-02-20,1.394,-1.836,0,down,"DMI +80N 2026-02-20: -28.14°C, +1.39°C vs 1958-2002 normal (context line, never counted) [archive import: scored retroactively, not a live reading]",2026-02-20,scoring
2026-02-21,2.8,-1.204,0,down,"DMI +80N 2026-02-21: -26.96°C, +2.80°C vs 1958-2002 normal (context line, never counted) [archive import: scored retroactively, not a live reading]",2026-02-21,scoring
2026-02-22,3.849,-0.768,0,down,"DMI +80N 2026-02-22: -26.24°C, +3.85°C vs 1958-2002 normal (context line, never counted) [archive import: scored retroactively, not a live reading]",2026-02-22,scoring
2026-02-23,4.585,-0.479,0,down,"DMI +80N 2026-02-23: -25.87°C, +4.58°C vs 1958-2002 normal (context line, never counted) [archive import: scored retroactively, not a live reading]",2026-02-23,scoring
2026-02-24,5.292,-0.180,0,down,"DMI +80N 2026-02-24: -25.19°C, +5.29°C vs 1958-2002 normal (context line, never counted) [archive import: scored retroactively, not a live reading]",2026-02-24,scoring
2026-02-25,8.343,1.020,0,up,"DMI +80N 2026-02-25: -22.62°C, +8.34°C vs 1958-2002 normal (context line, never counted) [archive import: scored retroactively, not a live reading]",2026-02-25,scoring
2026-02-26,15.299,3.659,1,up,"DMI +80N 2026-02-26: -15.51°C, +15.30°C vs 1958-2002 normal (context line, never counted) [archive import: scored retroactively, not a live reading]",2026-02-26,scoring
2026-02-27,15.694,3.711,1,up,"DMI +80N 2026-02-27: -14.69°C, +15.69°C vs 1958-2002 normal (context line, never counted) [archive import: scored retroactively, not a live reading]",2026-02-27,scoring
2026-02-28,13.678,2.858,0,up,"DMI +80N 2026-02-28: -16.34°C, +13.68°C vs 1958-2002 normal (context line, never counted) [archive import: scored retroactively, not a live reading]",2026-02-28,scoring
2026-03-01,13.573,2.704,0,up,"DMI +80N 2026-03-01: -16.47°C, +13.57°C vs 1958-2002 normal (context line, never counted) [archive import: scored retroactively, not a live reading]",2026-03-01,scoring
2026-03-02,14.272,2.878,0,up,"DMI +80N 2026-03-02: -15.66°C, +14.27°C vs 1958-2002 normal (context line, never counted) [archive import: scored retroactively, not a live reading]",2026-03-02,scoring
2026-03-03,13.975,2.721,0,up,"DMI +80N 2026-03-03: -15.70°C, +13.97°C vs 1958-2002 normal (context line, never counted) [archive import: scored retroactively, not a live reading]",2026-03-03,scoring
2026-03-04,13.283,2.473,0,up,"DMI +80N 2026-03-04: -15.98°C, +13.28°C vs 1958-2002 normal (context line, never counted) [archive import: scored retroactively, not a live reading]",2026-03-04,scoring
2026-03-05,10.171,1.409,0,up,"DMI +80N 2026-03-05: -18.93°C, +10.17°C vs 1958-2002 normal (context line, never counted) [archive import: scored retroactively, not a live reading]",2026-03-05,scoring
2026-03-06,12.597,2.182,0,up,"DMI +80N 2026-03-06: -16.77°C, +12.60°C vs 1958-2002 normal (context line, never counted) [archive import: scored retroactively, not a live reading]",2026-03-06,scoring
2026-03-07,14.119,2.628,0,up,"DMI +80N 2026-03-07: -15.32°C, +14.12°C vs 1958-2002 normal (context line, never counted) [archive import: scored retroactively, not a live reading]",2026-03-07,scoring
2026-03-08,14.896,2.814,0,up,"DMI +80N 2026-03-08: -14.70°C, +14.90°C vs 1958-2002 normal (context line, never counted) [archive import: scored retroactively, not a live reading]",2026-03-08,scoring
2026-03-09,13.892,2.436,0,up,"DMI +80N 2026-03-09: -15.77°C, +13.89°C vs 1958-2002 normal (context line, never counted) [archive import: scored retroactively, not a live reading]",2026-03-09,scoring
2026-03-10,11.198,1.551,0,up,"DMI +80N 2026-03-10: -18.43°C, +11.20°C vs 1958-2002 normal (context line, never counted) [archive import: scored retroactively, not a live reading]",2026-03-10,scoring
2026-03-11,7.687,0.416,0,up,"DMI +80N 2026-03-11: -21.89°C, +7.69°C vs 1958-2002 normal (context line, never counted) [archive import: scored retroactively, not a live reading]",2026-03-11,scoring
2026-03-12,6.505,0.033,0,up,"DMI +80N 2026-03-12: -22.63°C, +6.50°C vs 1958-2002 normal (context line, never counted) [archive import: scored retroactively, not a live reading]",2026-03-12,scoring
2026-03-13,7.261,0.258,0,up,"DMI +80N 2026-03-13: -21.71°C, +7.26°C vs 1958-2002 normal (context line, never counted) [archive import: scored retroactively, not a live reading]",2026-03-13,scoring
2026-03-14,6.185,-0.076,0,down,"DMI +80N 2026-03-14: -22.69°C, +6.18°C vs 1958-2002 normal (context line, never counted) [archive import: scored retroactively, not a live reading]",2026-03-14,scoring
2026-03-15,7.223,0.249,0,up,"DMI +80N 2026-03-15: -21.18°C, +7.22°C vs 1958-2002 normal (context line, never counted) [archive import: scored retroactively, not a live reading]",2026-03-15,scoring
2026-03-16,6.18,-0.064,0,down,"DMI +80N 2026-03-16: -22.08°C, +6.18°C vs 1958-2002 normal (context line, never counted) [archive import: scored retroactively, not a live reading]",2026-03-16,scoring
2026-03-17,3.621,-0.823,0,down,"DMI +80N 2026-03-17: -24.10°C, +3.62°C vs 1958-2002 normal (context line, never counted) [archive import: scored retroactively, not a live reading]",2026-03-17,scoring
2026-03-18,4.628,-0.488,0,down,"DMI +80N 2026-03-18: -22.96°C, +4.63°C vs 1958-2002 normal (context line, never counted) [archive import: scored retroactively, not a live reading]",2026-03-18,scoring
2026-03-19,9.334,1.017,0,up,"DMI +80N 2026-03-19: -18.15°C, +9.33°C vs 1958-2002 normal (context line, never counted) [archive import: scored retroactively, not a live reading]",2026-03-19,scoring
2026-03-20,7.369,0.380,0,up,"DMI +80N 2026-03-20: -19.82°C, +7.37°C vs 1958-2002 normal (context line, never counted) [archive import: scored retroactively, not a live reading]",2026-03-20,scoring
2026-03-21,5.827,-0.116,0,down,"DMI +80N 2026-03-21: -21.69°C, +5.83°C vs 1958-2002 normal (context line, never counted) [archive import: scored retroactively, not a live reading]",2026-03-21,scoring
2026-03-22,6.617,0.155,0,up,"DMI +80N 2026-03-22: -21.28°C, +6.62°C vs 1958-2002 normal (context line, never counted) [archive import: scored retroactively, not a live reading]",2026-03-22,scoring
2026-03-23,7.019,0.295,0,up,"DMI +80N 2026-03-23: -20.48°C, +7.02°C vs 1958-2002 normal (context line, never counted) [archive import: scored retroactively, not a live reading]",2026-03-23,scoring
2026-03-24,6.823,0.236,0,up,"DMI +80N 2026-03-24: -20.73°C, +6.82°C vs 1958-2002 normal (context line, never counted) [archive import: scored retroactively, not a live reading]",2026-03-24,scoring
2026-03-25,7.865,0.617,0,up,"DMI +80N 2026-03-25: -19.72°C, +7.87°C vs 1958-2002 normal (context line, never counted) [archive import: scored retroactively, not a live reading]",2026-03-25,scoring
2026-03-26,6.782,0.229,0,up,"DMI +80N 2026-03-26: -20.52°C, +6.78°C vs 1958-2002 normal (context line, never counted) [archive import: scored retroactively, not a live reading]",2026-03-26,scoring
2026-03-27,4.975,-0.426,0,down,"DMI +80N 2026-03-27: -22.04°C, +4.97°C vs 1958-2002 normal (context line, never counted) [archive import: scored retroactively, not a live reading]",2026-03-27,scoring
2026-03-28,4.706,-0.527,0,down,"DMI +80N 2026-03-28: -22.18°C, +4.71°C vs 1958-2002 normal (context line, never counted) [archive import: scored retroactively, not a live reading]",2026-03-28,scoring
2026-03-29,5.431,-0.264,0,down,"DMI +80N 2026-03-29: -21.36°C, +5.43°C vs 1958-2002 normal (context line, never counted) [archive import: scored retroactively, not a live reading]",2026-03-29,scoring
2026-03-30,5.57,-0.218,0,down,"DMI +80N 2026-03-30: -20.97°C, +5.57°C vs 1958-2002 normal (context line, never counted) [archive import: scored retroactively, not a live reading]",2026-03-30,scoring
2026-03-31,5.197,-0.360,0,down,"DMI +80N 2026-03-31: -21.04°C, +5.20°C vs 1958-2002 normal (context line, never counted) [archive import: scored retroactively, not a live reading]",2026-03-31,scoring
2026-04-01,5.448,-0.258,0,down,"DMI +80N 2026-04-01: -20.67°C, +5.45°C vs 1958-2002 normal (context line, never counted) [archive import: scored retroactively, not a live reading]",2026-04-01,scoring
2026-04-02,5.164,-0.366,0,down,"DMI +80N 2026-04-02: -20.64°C, +5.16°C vs 1958-2002 normal (context line, never counted) [archive import: scored retroactively, not a live reading]",2026-04-02,scoring
2026-04-03,4.081,-0.782,0,down,"DMI +80N 2026-04-03: -21.52°C, +4.08°C vs 1958-2002 normal (context line, never counted) [archive import: scored retroactively, not a live reading]",2026-04-03,scoring
2026-04-04,2.997,-1.189,0,down,"DMI +80N 2026-04-04: -22.37°C, +3.00°C vs 1958-2002 normal (context line, never counted) [archive import: scored retroactively, not a live reading]",2026-04-04,scoring
2026-04-05,2.389,-1.345,0,down,"DMI +80N 2026-04-05: -22.90°C, +2.39°C vs 1958-2002 normal (context line, never counted) [archive import: scored retroactively, not a live reading]",2026-04-05,scoring
2026-04-06,1.482,-1.645,0,down,"DMI +80N 2026-04-06: -23.66°C, +1.48°C vs 1958-2002 normal (context line, never counted) [archive import: scored retroactively, not a live reading]",2026-04-06,scoring
2026-04-07,0.851,-1.852,0,down,"DMI +80N 2026-04-07: -23.91°C, +0.85°C vs 1958-2002 normal (context line, never counted) [archive import: scored retroactively, not a live reading]",2026-04-07,scoring
2026-04-08,1.834,-1.464,0,down,"DMI +80N 2026-04-08: -22.37°C, +1.83°C vs 1958-2002 normal (context line, never counted) [archive import: scored retroactively, not a live reading]",2026-04-08,scoring
2026-04-09,2.665,-1.158,0,down,"DMI +80N 2026-04-09: -20.90°C, +2.67°C vs 1958-2002 normal (context line, never counted) [archive import: scored retroactively, not a live reading]",2026-04-09,scoring
2026-04-10,2.888,-1.073,0,down,"DMI +80N 2026-04-10: -20.13°C, +2.89°C vs 1958-2002 normal (context line, never counted) [archive import: scored retroactively, not a live reading]",2026-04-10,scoring
2026-04-11,4.606,-0.430,0,down,"DMI +80N 2026-04-11: -18.03°C, +4.61°C vs 1958-2002 normal (context line, never counted) [archive import: scored retroactively, not a live reading]",2026-04-11,scoring
2026-04-12,5.36,-0.109,0,down,"DMI +80N 2026-04-12: -16.85°C, +5.36°C vs 1958-2002 normal (context line, never counted) [archive import: scored retroactively, not a live reading]",2026-04-12,scoring
2026-04-13,4.911,-0.257,0,down,"DMI +80N 2026-04-13: -16.98°C, +4.91°C vs 1958-2002 normal (context line, never counted) [archive import: scored retroactively, not a live reading]",2026-04-13,scoring
2026-04-14,3.971,-0.645,0,down,"DMI +80N 2026-04-14: -17.77°C, +3.97°C vs 1958-2002 normal (context line, never counted) [archive import: scored retroactively, not a live reading]",2026-04-14,scoring
2026-04-15,3.21,-0.941,0,down,"DMI +80N 2026-04-15: -17.99°C, +3.21°C vs 1958-2002 normal (context line, never counted) [archive import: scored retroactively, not a live reading]",2026-04-15,scoring
2026-04-16,3.475,-0.792,0,down,"DMI +80N 2026-04-16: -17.43°C, +3.48°C vs 1958-2002 normal (context line, never counted) [archive import: scored retroactively, not a live reading]",2026-04-16,scoring
2026-04-17,3.124,-0.916,0,down,"DMI +80N 2026-04-17: -17.36°C, +3.12°C vs 1958-2002 normal (context line, never counted) [archive import: scored retroactively, not a live reading]",2026-04-17,scoring
2026-04-18,3.543,-0.733,0,down,"DMI +80N 2026-04-18: -16.41°C, +3.54°C vs 1958-2002 normal (context line, never counted) [archive import: scored retroactively, not a live reading]",2026-04-18,scoring
2026-04-19,3.767,-0.645,0,down,"DMI +80N 2026-04-19: -15.64°C, +3.77°C vs 1958-2002 normal (context line, never counted) [archive import: scored retroactively, not a live reading]",2026-04-19,scoring
2026-04-20,3.143,-0.865,0,down,"DMI +80N 2026-04-20: -15.77°C, +3.14°C vs 1958-2002 normal (context line, never counted) [archive import: scored retroactively, not a live reading]",2026-04-20,scoring
2026-04-21,3.876,-0.543,0,down,"DMI +80N 2026-04-21: -14.50°C, +3.88°C vs 1958-2002 normal (context line, never counted) [archive import: scored retroactively, not a live reading]",2026-04-21,scoring
2026-04-22,4.711,-0.186,0,down,"DMI +80N 2026-04-22: -13.18°C, +4.71°C vs 1958-2002 normal (context line, never counted) [archive import: scored retroactively, not a live reading]",2026-04-22,scoring
2026-04-23,3.494,-0.671,0,down,"DMI +80N 2026-04-23: -13.92°C, +3.49°C vs 1958-2002 normal (context line, never counted) [archive import: scored retroactively, not a live reading]",2026-04-23,scoring
2026-04-24,2.747,-0.950,0,down,"DMI +80N 2026-04-24: -14.24°C, +2.75°C vs 1958-2002 normal (context line, never counted) [archive import: scored retroactively, not a live reading]",2026-04-24,scoring
2026-04-25,2.477,-0.996,0,down,"DMI +80N 2026-04-25: -14.35°C, +2.48°C vs 1958-2002 normal (context line, never counted) [archive import: scored retroactively, not a live reading]",2026-04-25,scoring
2026-04-26,1.92,-1.158,0,down,"DMI +80N 2026-04-26: -14.51°C, +1.92°C vs 1958-2002 normal (context line, never counted) [archive import: scored retroactively, not a live reading]",2026-04-26,scoring
2026-04-27,1.319,-1.343,0,down,"DMI +80N 2026-04-27: -14.74°C, +1.32°C vs 1958-2002 normal (context line, never counted) [archive import: scored retroactively, not a live reading]",2026-04-27,scoring
2026-04-28,1.07,-1.412,0,down,"DMI +80N 2026-04-28: -14.29°C, +1.07°C vs 1958-2002 normal (context line, never counted) [archive import: scored retroactively, not a live reading]",2026-04-28,scoring
2026-04-29,0.731,-1.520,0,down,"DMI +80N 2026-04-29: -14.16°C, +0.73°C vs 1958-2002 normal (context line, never counted) [archive import: scored retroactively, not a live reading]",2026-04-29,scoring
2026-04-30,1.182,-1.337,0,down,"DMI +80N 2026-04-30: -13.35°C, +1.18°C vs 1958-2002 normal (context line, never counted) [archive import: scored retroactively, not a live reading]",2026-04-30,scoring
2026-05-01,2.434,-0.841,0,down,"DMI +80N 2026-05-01: -11.71°C, +2.43°C vs 1958-2002 normal (context line, never counted) [archive import: scored retroactively, not a live reading]",2026-05-01,scoring
2026-05-02,3.436,-0.449,0,down,"DMI +80N 2026-05-02: -10.41°C, +3.44°C vs 1958-2002 normal (context line, never counted) [archive import: scored retroactively, not a live reading]",2026-05-02,scoring
2026-05-03,2.647,-0.751,0,down,"DMI +80N 2026-05-03: -10.65°C, +2.65°C vs 1958-2002 normal (context line, never counted) [archive import: scored retroactively, not a live reading]",2026-05-03,scoring
2026-05-04,1.39,-1.225,0,down,"DMI +80N 2026-05-04: -11.58°C, +1.39°C vs 1958-2002 normal (context line, never counted) [archive import: scored retroactively, not a live reading]",2026-05-04,scoring
2026-05-05,0.277,-1.621,0,down,"DMI +80N 2026-05-05: -12.36°C, +0.28°C vs 1958-2002 normal (context line, never counted) [archive import: scored retroactively, not a live reading]",2026-05-05,scoring
2026-05-06,-0.926,-2.006,0,down,"DMI +80N 2026-05-06: -13.02°C, -0.93°C vs 1958-2002 normal (context line, never counted) [archive import: scored retroactively, not a live reading]",2026-05-06,scoring
2026-05-07,-1.776,-2.188,0,down,"DMI +80N 2026-05-07: -13.35°C, -1.78°C vs 1958-2002 normal (context line, never counted) [archive import: scored retroactively, not a live reading]",2026-05-07,scoring
2026-05-08,-2.126,-2.214,0,down,"DMI +80N 2026-05-08: -13.32°C, -2.13°C vs 1958-2002 normal (context line, never counted) [archive import: scored retroactively, not a live reading]",2026-05-08,scoring
2026-05-09,-2.128,-2.129,0,down,"DMI +80N 2026-05-09: -12.85°C, -2.13°C vs 1958-2002 normal (context line, never counted) [archive import: scored retroactively, not a live reading]",2026-05-09,scoring
2026-05-10,-1.491,-1.792,0,down,"DMI +80N 2026-05-10: -11.79°C, -1.49°C vs 1958-2002 normal (context line, never counted) [archive import: scored retroactively, not a live reading]",2026-05-10,scoring
2026-05-11,-0.491,-1.398,0,down,"DMI +80N 2026-05-11: -10.37°C, -0.49°C vs 1958-2002 normal (context line, never counted) [archive import: scored retroactively, not a live reading]",2026-05-11,scoring
2026-05-12,0.095,-1.169,0,down,"DMI +80N 2026-05-12: -9.55°C, +0.10°C vs 1958-2002 normal (context line, never counted) [archive import: scored retroactively, not a live reading]",2026-05-12,scoring
2026-05-13,-0.781,-1.393,0,down,"DMI +80N 2026-05-13: -10.22°C, -0.78°C vs 1958-2002 normal (context line, never counted) [archive import: scored retroactively, not a live reading]",2026-05-13,scoring
2026-05-14,-0.661,-1.309,0,down,"DMI +80N 2026-05-14: -9.75°C, -0.66°C vs 1958-2002 normal (context line, never counted) [archive import: scored retroactively, not a live reading]",2026-05-14,scoring
2026-05-15,-1.16,-1.393,0,down,"DMI +80N 2026-05-15: -9.92°C, -1.16°C vs 1958-2002 normal (context line, never counted) [archive import: scored retroactively, not a live reading]",2026-05-15,scoring
2026-05-16,-1.194,-1.364,0,down,"DMI +80N 2026-05-16: -9.67°C, -1.19°C vs 1958-2002 normal (context line, never counted) [archive import: scored retroactively, not a live reading]",2026-05-16,scoring
2026-05-17,-0.764,-1.204,0,down,"DMI +80N 2026-05-17: -8.86°C, -0.76°C vs 1958-2002 normal (context line, never counted) [archive import: scored retroactively, not a live reading]",2026-05-17,scoring
2026-05-18,-1.268,-1.319,0,down,"DMI +80N 2026-05-18: -8.77°C, -1.27°C vs 1958-2002 normal (context line, never counted) [archive import: scored retroactively, not a live reading]",2026-05-18,scoring
2026-05-19,-1.726,-1.412,0,down,"DMI +80N 2026-05-19: -8.63°C, -1.73°C vs 1958-2002 normal (context line, never counted) [archive import: scored retroactively, not a live reading]",2026-05-19,scoring
2026-05-20,-2.244,-1.523,0,down,"DMI +80N 2026-05-20: -8.68°C, -2.24°C vs 1958-2002 normal (context line, never counted) [archive import: scored retroactively, not a live reading]",2026-05-20,scoring
2026-05-21,-2.853,-1.654,0,down,"DMI +80N 2026-05-21: -8.80°C, -2.85°C vs 1958-2002 normal (context line, never counted) [archive import: scored retroactively, not a live reading]",2026-05-21,scoring
2026-05-22,-3.29,-1.739,0,down,"DMI +80N 2026-05-22: -8.80°C, -3.29°C vs 1958-2002 normal (context line, never counted) [archive import: scored retroactively, not a live reading]",2026-05-22,scoring
2026-05-23,-3.874,-1.839,0,down,"DMI +80N 2026-05-23: -8.99°C, -3.87°C vs 1958-2002 normal (context line, never counted) [archive import: scored retroactively, not a live reading]",2026-05-23,scoring
2026-05-24,-3.792,-1.749,0,down,"DMI +80N 2026-05-24: -8.43°C, -3.79°C vs 1958-2002 normal (context line, never counted) [archive import: scored retroactively, not a live reading]",2026-05-24,scoring
2026-05-25,-3.73,-1.670,0,down,"DMI +80N 2026-05-25: -8.02°C, -3.73°C vs 1958-2002 normal (context line, never counted) [archive import: scored retroactively, not a live reading]",2026-05-25,scoring
2026-05-26,-4.088,-1.684,0,down,"DMI +80N 2026-05-26: -7.96°C, -4.09°C vs 1958-2002 normal (context line, never counted) [archive import: scored retroactively, not a live reading]",2026-05-26,scoring
2026-05-27,-4.689,-1.794,0,down,"DMI +80N 2026-05-27: -8.16°C, -4.69°C vs 1958-2002 normal (context line, never counted) [archive import: scored retroactively, not a live reading]",2026-05-27,scoring
2026-05-28,-4.347,-1.708,0,down,"DMI +80N 2026-05-28: -7.42°C, -4.35°C vs 1958-2002 normal (context line, never counted) [archive import: scored retroactively, not a live reading]",2026-05-28,scoring
2026-05-29,-3.38,-1.491,0,down,"DMI +80N 2026-05-29: -6.14°C, -3.38°C vs 1958-2002 normal (context line, never counted) [archive import: scored retroactively, not a live reading]",2026-05-29,scoring
2026-05-30,-3.433,-1.485,0,down,"DMI +80N 2026-05-30: -5.88°C, -3.43°C vs 1958-2002 normal (context line, never counted) [archive import: scored retroactively, not a live reading]",2026-05-30,scoring
2026-05-31,-3.4,-1.461,0,down,"DMI +80N 2026-05-31: -5.67°C, -3.40°C vs 1958-2002 normal (context line, never counted) [archive import: scored retroactively, not a live reading]",2026-05-31,scoring
2026-06-01,-3.335,-1.446,0,down,"DMI +80N 2026-06-01: -5.30°C, -3.33°C vs 1958-2002 normal (context line, never counted) [archive import: scored retroactively, not a live reading]",2026-06-01,scoring
2026-06-02,-3.572,-1.501,0,down,"DMI +80N 2026-06-02: -5.26°C, -3.57°C vs 1958-2002 normal (context line, never counted) [archive import: scored retroactively, not a live reading]",2026-06-02,scoring
2026-06-03,-3.683,-1.514,0,down,"DMI +80N 2026-06-03: -5.12°C, -3.68°C vs 1958-2002 normal (context line, never counted) [archive import: scored retroactively, not a live reading]",2026-06-03,scoring
2026-06-04,-3.68,-1.507,0,down,"DMI +80N 2026-06-04: -4.90°C, -3.68°C vs 1958-2002 normal (context line, never counted) [archive import: scored retroactively, not a live reading]",2026-06-04,scoring
2026-06-05,-2.697,-1.275,0,down,"DMI +80N 2026-06-05: -3.79°C, -2.70°C vs 1958-2002 normal (context line, never counted) [archive import: scored retroactively, not a live reading]",2026-06-05,scoring
2026-06-06,-2.306,-1.194,0,down,"DMI +80N 2026-06-06: -3.19°C, -2.31°C vs 1958-2002 normal (context line, never counted) [archive import: scored retroactively, not a live reading]",2026-06-06,scoring
2026-06-07,-0.775,-0.826,0,down,"DMI +80N 2026-06-07: -1.46°C, -0.78°C vs 1958-2002 normal (context line, never counted) [archive import: scored retroactively, not a live reading]",2026-06-07,scoring
2026-06-08,-1.264,-0.944,0,down,"DMI +80N 2026-06-08: -1.83°C, -1.26°C vs 1958-2002 normal (context line, never counted) [archive import: scored retroactively, not a live reading]",2026-06-08,scoring
2026-06-09,-2.566,-1.285,0,down,"DMI +80N 2026-06-09: -3.02°C, -2.57°C vs 1958-2002 normal (context line, never counted) [archive import: scored retroactively, not a live reading]",2026-06-09,scoring
2026-06-10,-3.372,-1.447,0,down,"DMI +80N 2026-06-10: -3.64°C, -3.37°C vs 1958-2002 normal (context line, never counted) [archive import: scored retroactively, not a live reading]",2026-06-10,scoring
2026-06-11,-3.971,-1.539,0,down,"DMI +80N 2026-06-11: -4.07°C, -3.97°C vs 1958-2002 normal (context line, never counted) [archive import: scored retroactively, not a live reading]",2026-06-11,scoring
2026-06-12,-4.176,-1.561,0,down,"DMI +80N 2026-06-12: -4.15°C, -4.18°C vs 1958-2002 normal (context line, never counted) [archive import: scored retroactively, not a live reading]",2026-06-12,scoring
2026-06-13,-3.748,-1.378,0,down,"DMI +80N 2026-06-13: -3.63°C, -3.75°C vs 1958-2002 normal (context line, never counted) [archive import: scored retroactively, not a live reading]",2026-06-13,scoring
2026-06-14,-2.55,-1.060,0,down,"DMI +80N 2026-06-14: -2.34°C, -2.55°C vs 1958-2002 normal (context line, never counted) [archive import: scored retroactively, not a live reading]",2026-06-14,scoring
2026-06-15,-2.349,-0.993,0,down,"DMI +80N 2026-06-15: -2.01°C, -2.35°C vs 1958-2002 normal (context line, never counted) [archive import: scored retroactively, not a live reading]",2026-06-15,scoring
2026-06-16,-2.365,-0.976,0,down,"DMI +80N 2026-06-16: -1.97°C, -2.37°C vs 1958-2002 normal (context line, never counted) [archive import: scored retroactively, not a live reading]",2026-06-16,scoring
2026-06-17,-2.176,-0.886,0,down,"DMI +80N 2026-06-17: -1.72°C, -2.18°C vs 1958-2002 normal (context line, never counted) [archive import: scored retroactively, not a live reading]",2026-06-17,scoring
2026-06-18,-1.155,-0.564,0,down,"DMI +80N 2026-06-18: -0.59°C, -1.16°C vs 1958-2002 normal (context line, never counted) [archive import: scored retroactively, not a live reading]",2026-06-18,scoring
2026-06-19,-1.195,-0.502,0,down,"DMI +80N 2026-06-19: -0.52°C, -1.20°C vs 1958-2002 normal (context line, never counted) [archive import: scored retroactively, not a live reading]",2026-06-19,scoring
2026-06-20,-1.247,-0.425,0,down,"DMI +80N 2026-06-20: -0.50°C, -1.25°C vs 1958-2002 normal (context line, never counted) [archive import: scored retroactively, not a live reading]",2026-06-20,scoring
2026-06-21,-1.527,-0.400,0,down,"DMI +80N 2026-06-21: -0.68°C, -1.53°C vs 1958-2002 normal (context line, never counted) [archive import: scored retroactively, not a live reading]",2026-06-21,scoring
2026-06-22,-1.886,-0.406,0,down,"DMI +80N 2026-06-22: -1.00°C, -1.89°C vs 1958-2002 normal (context line, never counted) [archive import: scored retroactively, not a live reading]",2026-06-22,scoring
2026-06-23,-2.351,-0.518,0,down,"DMI +80N 2026-06-23: -1.47°C, -2.35°C vs 1958-2002 normal (context line, never counted) [archive import: scored retroactively, not a live reading]",2026-06-23,scoring
2026-06-24,-2.19,-0.467,0,down,"DMI +80N 2026-06-24: -1.23°C, -2.19°C vs 1958-2002 normal (context line, never counted) [archive import: scored retroactively, not a live reading]",2026-06-24,scoring
2026-06-25,-1.767,-0.334,0,down,"DMI +80N 2026-06-25: -0.73°C, -1.77°C vs 1958-2002 normal (context line, never counted) [archive import: scored retroactively, not a live reading]",2026-06-25,scoring
2026-06-26,-1.546,-0.238,0,down,"DMI +80N 2026-06-26: -0.49°C, -1.55°C vs 1958-2002 normal (context line, never counted) [archive import: scored retroactively, not a live reading]",2026-06-26,scoring
2026-06-27,-1.419,-0.132,0,down,"DMI +80N 2026-06-27: -0.35°C, -1.42°C vs 1958-2002 normal (context line, never counted) [archive import: scored retroactively, not a live reading]",2026-06-27,scoring
2026-06-28,-1.6,-0.159,0,down,"DMI +80N 2026-06-28: -0.47°C, -1.60°C vs 1958-2002 normal (context line, never counted) [archive import: scored retroactively, not a live reading]",2026-06-28,scoring
2026-06-29,-1.579,-0.148,0,down,"DMI +80N 2026-06-29: -0.42°C, -1.58°C vs 1958-2002 normal (context line, never counted) [archive import: scored retroactively, not a live reading]",2026-06-29,scoring
2026-06-30,-1.45,-0.098,0,down,"DMI +80N 2026-06-30: -0.25°C, -1.45°C vs 1958-2002 normal (context line, never counted) [archive import: scored retroactively, not a live reading]",2026-06-30,scoring
2026-07-01,-1.396,-0.069,0,down,"DMI +80N 2026-07-01: -0.19°C, -1.40°C vs 1958-2002 normal (context line, never counted) [archive import: scored retroactively, not a live reading]",2026-07-01,scoring
2026-07-02,-1.317,-0.025,0,down,"DMI +80N 2026-07-02: -0.10°C, -1.32°C vs 1958-2002 normal (context line, never counted) [archive import: scored retroactively, not a live reading]",2026-07-02,scoring
2026-07-03,-1.378,-0.047,0,down,"DMI +80N 2026-07-03: -0.15°C, -1.38°C vs 1958-2002 normal (context line, never counted) [archive import: scored retroactively, not a live reading]",2026-07-03,scoring
2026-07-04,-1.23,0.027,0,up,"DMI +80N 2026-07-04: 0.02°C, -1.23°C vs 1958-2002 normal (context line, never counted) [archive import: scored retroactively, not a live reading]",2026-07-04,scoring
2026-07-05,-1.232,0.026,0,up,"DMI +80N 2026-07-05: -0.02°C, -1.23°C vs 1958-2002 normal (context line, never counted) [archive import: scored retroactively, not a live reading]",2026-07-05,scoring
2026-07-06,-1.199,0.042,0,up,"DMI +80N 2026-07-06: 0.02°C, -1.20°C vs 1958-2002 normal (context line, never counted) [archive import: scored retroactively, not a live reading]",2026-07-06,scoring
2026-07-07,-1.186,0.049,0,up,"DMI +80N 2026-07-07: 0.02°C, -1.19°C vs 1958-2002 normal (context line, never counted) [archive import: scored retroactively, not a live reading]",2026-07-07,scoring
2026-07-08,-1.283,0.004,0,up,"DMI +80N 2026-07-08: -0.02°C, -1.28°C vs 1958-2002 normal (context line, never counted) [archive import: scored retroactively, not a live reading]",2026-07-08,scoring
2026-07-09,-1.32,-0.010,0,down,"DMI +80N 2026-07-09: -0.07°C, -1.32°C vs 1958-2002 normal (context line, never counted) [archive import: scored retroactively, not a live reading]",2026-07-09,scoring
2026-07-10,-1.306,0.006,0,up,"DMI +80N 2026-07-10: -0.03°C, -1.31°C vs 1958-2002 normal (context line, never counted) [archive import: scored retroactively, not a live reading]",2026-07-10,scoring
2026-07-11,-1.092,0.114,0,up,"DMI +80N 2026-07-11: 0.17°C, -1.09°C vs 1958-2002 normal (context line, never counted) [archive import: scored retroactively, not a live reading]",2026-07-11,scoring
2026-07-12,-1.055,0.140,0,up,"DMI +80N 2026-07-12: 0.20°C, -1.05°C vs 1958-2002 normal (context line, never counted) [archive import: scored retroactively, not a live reading]",2026-07-12,scoring
2026-07-13,-1.114,0.114,0,up,"DMI +80N 2026-07-13: 0.17°C, -1.11°C vs 1958-2002 normal (context line, never counted) [archive import: scored retroactively, not a live reading]",2026-07-13,scoring
2026-07-14,-1.148,0.098,0,up,"DMI +80N 2026-07-14: 0.18°C, -1.15°C vs 1958-2002 normal (context line, never counted) [archive import: scored retroactively, not a live reading]",2026-07-14,scoring
2026-07-15,-1.108,0.125,0,up,"DMI +80N 2026-07-15: 0.16°C, -1.11°C vs 1958-2002 normal (context line, never counted) [archive import: scored retroactively, not a live reading]",2026-07-15,scoring
2026-07-16,-1.248,0.044,0,up,"DMI +80N 2026-07-16: 0.03°C, -1.25°C vs 1958-2002 normal (context line, never counted) [archive import: scored retroactively, not a live reading]",2026-07-16,scoring
2026-07-17,-1.258,0.039,0,up,"DMI +80N 2026-07-17: 0.02°C, -1.26°C vs 1958-2002 normal (context line, never counted) [archive import: scored retroactively, not a live reading]",2026-07-17,scoring
2026-07-18,-1.261,0.040,0,up,"DMI +80N 2026-07-18: 0.03°C, -1.26°C vs 1958-2002 normal (context line, never counted) [archive import: scored retroactively, not a live reading]",2026-07-18,scoring
2026-07-19,-1.486,-0.122,0,down,"DMI +80N 2026-07-19: -0.15°C, -1.49°C vs 1958-2002 normal (context line, never counted) [archive import: scored retroactively, not a live reading]",2026-07-19,scoring
2026-07-20,-1.445,-0.074,0,down,"DMI +80N 2026-07-20: -0.15°C, -1.45°C vs 1958-2002 normal (context line, never counted) [archive import: scored retroactively, not a live reading]",2026-07-20,scoring
2026-07-21,-1.199,0.152,0,up,"DMI +80N 2026-07-21: 0.06°C, -1.20°C vs 1958-2002 normal (context line, never counted) [archive import: scored retroactively, not a live reading]",2026-07-21,scoring
2026-07-23,-1.036,0.304,0,up,"DMI +80N 2026-07-22: 0.17°C, -1.04°C vs 1958-2002 normal (context line, never counted)",2026-07-22,scoring
2026-07-24,-1.036,,0,,"DMI +80N 2026-07-22: 0.17°C, -1.04°C vs 1958-2002 normal (context line, never counted) [stale: observation already recorded]",2026-07-22,stale
2026-07-25,-1.155,0.211,0,up,"DMI +80N 2026-07-23: 0.02°C, -1.15°C vs 1958-2002 normal (context line, never counted)",2026-07-23,scoring
2026-07-26,-1.212,0.168,0,up,"DMI +80N 2026-07-24: -0.04°C, -1.21°C vs 1958-2002 normal (context line, never counted)",2026-07-24,scoring
2026-07-27,-1.006,0.386,0,up,"DMI +80N 2026-07-25: 0.15°C, -1.01°C vs 1958-2002 normal (context line, never counted)",2026-07-25,scoring
2026-07-28,-1.496,-0.117,0,down,"DMI +80N 2026-07-26: -0.35°C, -1.50°C vs 1958-2002 normal (context line, never counted)",2026-07-26,scoring
2026-07-29,-1.351,0.064,0,up,"DMI +80N 2026-07-27: -0.26°C, -1.35°C vs 1958-2002 normal (context line, never counted)",2026-07-27,scoring
2026-07-30,-1.241,0.200,0,up,"DMI +80N 2026-07-28: -0.16°C, -1.24°C vs 1958-2002 normal (context line, never counted) [sampled 23:02:02Z]",2026-07-28,scoring
2026-07-31,-1.221,0.235,0,up,"DMI +80N 2026-07-29: -0.14°C, -1.22°C vs 1958-2002 normal (context line, never counted) [sampled 23:12:38Z]",2026-07-29,scoring
2026-08-01,-0.893,0.693,0,up,"DMI +80N 2026-07-30: 0.10°C, -0.89°C vs 1958-2002 normal (context line, never counted) [sampled 23:06:52Z]",2026-07-30,scoring
2026-08-02,-1.079,0.455,0,up,"DMI +80N 2026-07-31: -0.12°C, -1.08°C vs 1958-2002 normal (context line, never counted) [sampled 22:58:42Z]",2026-07-31,scoring
2026-08-03,-1.115,0.422,0,up,"DMI +80N 2026-08-01: -0.15°C, -1.12°C vs 1958-2002 normal (context line, never counted) [sampled 22:59:49Z]",2026-08-01,scoring
2026-08-04,-0.878,0.814,0,up,"DMI +80N 2026-08-02: 0.05°C, -0.88°C vs 1958-2002 normal (context line, never counted) [sampled 00:53:41Z]",2026-08-02,scoring
2026-08-05,-0.754,1.022,0,up,"DMI +80N 2026-08-03: 0.08°C, -0.75°C vs 1958-2002 normal (context line, never counted) [sampled 23:07:29Z]",2026-08-03,scoring
2026-08-06,-0.697,1.122,0,up,"DMI +80N 2026-08-04: 0.07°C, -0.70°C vs 1958-2002 normal (context line, never counted) [sampled 23:05:47Z]",2026-08-04,scoring
2026-08-07,-0.901,0.787,0,up,"DMI +80N 2026-08-05: -0.21°C, -0.90°C vs 1958-2002 normal (context line, never counted) [sampled 01:31:39Z]",2026-08-05,scoring
2026-08-08,-1.228,0.250,0,up,"DMI +80N 2026-08-06: -0.57°C, -1.23°C vs 1958-2002 normal (context line, never counted) [sampled 22:42:32Z]",2026-08-06,scoring
2026-08-09,-0.967,0.650,0,up,"DMI +80N 2026-08-07: -0.40°C, -0.97°C vs 1958-2002 normal (context line, never counted) [sampled 22:34:46Z]",2026-08-07,scoring
2026-08-10,-1.078,0.431,0,up,"DMI +80N 2026-08-08: -0.52°C, -1.08°C vs 1958-2002 normal (context line, never counted) [sampled 22:36:19Z]",2026-08-08,scoring
2026-08-11,-1.081,0.402,0,up,"DMI +80N 2026-08-09: -0.59°C, -1.08°C vs 1958-2002 normal (context line, never counted) [sampled 22:43:14Z]",2026-08-09,scoring
2026-08-12,-0.797,0.934,0,up,"DMI +80N 2026-08-10: -0.38°C, -0.80°C vs 1958-2002 normal (context line, never counted) [sampled 22:49:51Z]",2026-08-10,scoring
2026-08-13,-0.474,1.529,0,up,"DMI +80N 2026-08-11: -0.14°C, -0.47°C vs 1958-2002 normal (context line, never counted) [sampled 22:47:39Z]",2026-08-11,scoring
2026-08-14,-0.521,1.428,0,up,"DMI +80N 2026-08-12: -0.23°C, -0.52°C vs 1958-2002 normal (context line, never counted) [sampled 22:49:46Z]",2026-08-12,scoring
2026-08-15,-0.418,1.612,0,up,"DMI +80N 2026-08-13: -0.19°C, -0.42°C vs 1958-2002 normal (context line, never counted) [sampled 22:28:45Z]",2026-08-13,scoring
2026-08-16,-0.284,1.739,0,up,"DMI +80N 2026-08-14: -0.09°C, -0.28°C vs 1958-2002 normal (context line, never counted) [sampled 22:27:04Z]",2026-08-14,scoring
2026-08-17,-0.313,1.626,0,up,"DMI +80N 2026-08-15: -0.15°C, -0.31°C vs 1958-2002 normal (context line, never counted) [sampled 22:26:55Z]",2026-08-15,scoring
2026-08-18,-0.288,1.639,0,up,"DMI +80N 2026-08-16: -0.21°C, -0.29°C vs 1958-2002 normal (context line, never counted) [sampled 22:29:47Z]",2026-08-16,scoring
2026-08-19,-0.385,1.440,0,up,"DMI +80N 2026-08-17: -0.42°C, -0.39°C vs 1958-2002 normal (context line, never counted) [sampled 22:28:54Z]",2026-08-17,scoring
2026-08-20,-0.336,1.495,0,up,"DMI +80N 2026-08-18: -0.50°C, -0.34°C vs 1958-2002 normal (context line, never counted) [sampled 22:29:38Z]",2026-08-18,scoring
2026-08-21,0.137,2.194,0,up,"DMI +80N 2026-08-19: -0.22°C, +0.14°C vs 1958-2002 normal (context line, never counted) [sampled 22:32:44Z]",2026-08-19,scoring
